filepath,label,district,institution,gender,age,date,serial_number,character_class
male/61/0_BAR_11_1_12.jpg,61,BAR,,Male,11,,12,1.0
male/61/0_BAR_11_1_12.jpg,61,BAR,,Male,11,,12,1.0
male/61/0_BAR_11_1_224.jpg,61,BAR,,Male,11,,224,1.0
male/61/0_BAR_11_1_224.jpg,61,BAR,,Male,11,,224,1.0
male/61/0_BAR_12_1_1227.jpg,61,BAR,,Male,12,,1227,1.0
male/61/0_BAR_12_1_1227.jpg,61,BAR,,Male,12,,1227,1.0
male/61/0_BAR_12_1_223.jpg,61,BAR,,Male,12,,223,1.0
male/61/0_BAR_12_1_223.jpg,61,BAR,,Male,12,,223,1.0
male/61/0_BAR_12_1_332.jpg,61,BAR,,Male,12,,332,1.0
male/61/0_BAR_12_1_616.jpg,61,BAR,,Male,12,,616,1.0
male/61/0_BAR_12_1_621.jpg,61,BAR,,Male,12,,621,1.0
male/61/0_BAR_12_1_656.jpg,61,BAR,,Male,12,,656,1.0
male/61/0_BAR_13_1_1143.jpg,61,BAR,,Male,13,,1143,1.0
male/61/0_BAR_13_1_1143.jpg,61,BAR,,Male,13,,1143,1.0
male/61/0_BAR_13_1_1211.jpg,61,BAR,,Male,13,,1211,1.0
male/61/0_BAR_13_1_1211.jpg,61,BAR,,Male,13,,1211,1.0
male/61/0_BAR_13_1_147.jpg,61,BAR,,Male,13,,147,1.0
male/61/0_BAR_13_1_147.jpg,61,BAR,,Male,13,,147,1.0
male/61/0_BAR_13_1_202.jpg,61,BAR,,Male,13,,202,1.0
male/61/0_BAR_13_1_307.jpg,61,BAR,,Male,13,,307,1.0
male/61/0_BAR_13_1_350.jpg,61,BAR,,Male,13,,350,1.0
male/61/0_BAR_13_1_350.jpg,61,BAR,,Male,13,,350,1.0
male/61/0_BAR_13_1_605.jpg,61,BAR,,Male,13,,605,1.0
male/61/0_BAR_13_1_606.jpg,61,BAR,,Male,13,,606,1.0
male/61/0_BAR_13_1_606.jpg,61,BAR,,Male,13,,606,1.0
male/61/0_BAR_13_1_609.jpg,61,BAR,,Male,13,,609,1.0
male/61/0_BAR_13_1_610.jpg,61,BAR,,Male,13,,610,1.0
male/61/0_BAR_13_1_611.jpg,61,BAR,,Male,13,,611,1.0
male/61/0_BAR_13_1_612.jpg,61,BAR,,Male,13,,612,1.0
male/61/0_BAR_13_1_612.jpg,61,BAR,,Male,13,,612,1.0
male/61/0_BAR_13_1_614.jpg,61,BAR,,Male,13,,614,1.0
male/61/0_BAR_13_1_614.jpg,61,BAR,,Male,13,,614,1.0
male/61/0_BAR_13_1_614.jpg,61,BAR,,Male,13,,614,1.0
male/61/0_BAR_13_1_617.jpg,61,BAR,,Male,13,,617,1.0
male/61/0_BAR_13_1_617.jpg,61,BAR,,Male,13,,617,1.0
male/61/0_BAR_13_1_618.jpg,61,BAR,,Male,13,,618,1.0
male/61/0_BAR_13_1_618.jpg,61,BAR,,Male,13,,618,1.0
male/61/0_BAR_13_1_619.jpg,61,BAR,,Male,13,,619,1.0
male/61/0_BAR_13_1_619.jpg,61,BAR,,Male,13,,619,1.0
male/61/0_BAR_13_1_619.jpg,61,BAR,,Male,13,,619,1.0
male/61/0_BAR_13_1_623.jpg,61,BAR,,Male,13,,623,1.0
male/61/0_BAR_13_1_625.jpg,61,BAR,,Male,13,,625,1.0
male/61/0_BAR_13_1_625.jpg,61,BAR,,Male,13,,625,1.0
male/61/0_BAR_13_1_625.jpg,61,BAR,,Male,13,,625,1.0
male/61/0_BAR_13_1_626.jpg,61,BAR,,Male,13,,626,1.0
male/61/0_BAR_13_1_626.jpg,61,BAR,,Male,13,,626,1.0
male/61/0_BAR_13_1_675.jpg,61,BAR,,Male,13,,675,1.0
male/61/0_BAR_14_1_1064.jpg,61,BAR,,Male,14,,1064,1.0
male/61/0_BAR_14_1_1096.jpg,61,BAR,,Male,14,,1096,1.0
male/61/0_BAR_14_1_1127.jpg,61,BAR,,Male,14,,1127,1.0
male/61/0_BAR_14_1_1212.jpg,61,BAR,,Male,14,,1212,1.0
male/61/0_BAR_14_1_1212.jpg,61,BAR,,Male,14,,1212,1.0
male/61/0_BAR_14_1_1212.jpg,61,BAR,,Male,14,,1212,1.0
male/61/0_BAR_14_1_1220.jpg,61,BAR,,Male,14,,1220,1.0
male/61/0_BAR_14_1_1220.jpg,61,BAR,,Male,14,,1220,1.0
male/61/0_BAR_14_1_1225.jpg,61,BAR,,Male,14,,1225,1.0
male/61/0_BAR_14_1_1290.jpg,61,BAR,,Male,14,,1290,1.0
male/61/0_BAR_14_1_1290.jpg,61,BAR,,Male,14,,1290,1.0
male/61/0_BAR_14_1_1290.jpg,61,BAR,,Male,14,,1290,1.0
male/61/0_BAR_14_1_1290.jpg,61,BAR,,Male,14,,1290,1.0
male/61/0_BAR_14_1_1290.jpg,61,BAR,,Male,14,,1290,1.0
male/61/0_BAR_14_1_354.jpg,61,BAR,,Male,14,,354,1.0
male/61/0_BAR_14_1_357.jpg,61,BAR,,Male,14,,357,1.0
male/61/0_BAR_14_1_357.jpg,61,BAR,,Male,14,,357,1.0
male/61/0_BAR_14_1_357.jpg,61,BAR,,Male,14,,357,1.0
male/61/0_BAR_14_1_359.jpg,61,BAR,,Male,14,,359,1.0
male/61/0_BAR_14_1_360.jpg,61,BAR,,Male,14,,360,1.0
male/61/0_BAR_14_1_362.jpg,61,BAR,,Male,14,,362,1.0
male/61/0_BAR_14_1_362.jpg,61,BAR,,Male,14,,362,1.0
male/61/0_BAR_14_1_362.jpg,61,BAR,,Male,14,,362,1.0
male/61/0_BAR_14_1_365.jpg,61,BAR,,Male,14,,365,1.0
male/61/0_BAR_14_1_367.jpg,61,BAR,,Male,14,,367,1.0
male/61/0_BAR_14_1_369.jpg,61,BAR,,Male,14,,369,1.0
male/61/0_BAR_14_1_373.jpg,61,BAR,,Male,14,,373,1.0
male/61/0_BAR_14_1_373.jpg,61,BAR,,Male,14,,373,1.0
male/61/0_BAR_14_1_374.jpg,61,BAR,,Male,14,,374,1.0
male/61/0_BAR_14_1_375.jpg,61,BAR,,Male,14,,375,1.0
male/61/0_BAR_14_1_375.jpg,61,BAR,,Male,14,,375,1.0
male/61/0_BAR_14_1_474.jpg,61,BAR,,Male,14,,474,1.0
male/61/0_BAR_14_1_477.jpg,61,BAR,,Male,14,,477,1.0
male/61/0_BAR_14_1_484.jpg,61,BAR,,Male,14,,484,1.0
male/61/0_BAR_14_1_484.jpg,61,BAR,,Male,14,,484,1.0
male/61/0_BAR_14_1_484.jpg,61,BAR,,Male,14,,484,1.0
male/61/0_BAR_14_1_701.jpg,61,BAR,,Male,14,,701,1.0
male/61/0_BAR_14_1_829.jpg,61,BAR,,Male,14,,829,1.0
male/61/0_BAR_14_1_829.jpg,61,BAR,,Male,14,,829,1.0
male/61/0_BAR_14_1_829.jpg,61,BAR,,Male,14,,829,1.0
male/61/0_BAR_14_1_829.jpg,61,BAR,,Male,14,,829,1.0
male/61/0_BAR_14_1_913.jpg,61,BAR,,Male,14,,913,1.0
male/61/0_BAR_14_1_939.jpg,61,BAR,,Male,14,,939,1.0
male/61/0_BAR_14_1_939.jpg,61,BAR,,Male,14,,939,1.0
male/61/0_BAR_15_1_1104.jpg,61,BAR,,Male,15,,1104,1.0
male/61/0_BAR_15_1_1269.jpg,61,BAR,,Male,15,,1269,1.0
male/61/0_BAR_15_1_1270.jpg,61,BAR,,Male,15,,1270,1.0
male/61/0_BAR_15_1_169.jpg,61,BAR,,Male,15,,169,1.0
male/61/0_BAR_15_1_368.jpg,61,BAR,,Male,15,,368,1.0
male/61/0_BAR_15_1_371.jpg,61,BAR,,Male,15,,371,1.0
male/61/0_BAR_15_1_399.jpg,61,BAR,,Male,15,,399,1.0
male/61/0_BAR_15_1_478.jpg,61,BAR,,Male,15,,478,1.0
male/61/0_BAR_15_1_479.jpg,61,BAR,,Male,15,,479,1.0
male/61/0_BAR_15_1_479.jpg,61,BAR,,Male,15,,479,1.0
male/61/0_BAR_15_1_479.jpg,61,BAR,,Male,15,,479,1.0
male/61/0_BAR_15_1_480.jpg,61,BAR,,Male,15,,480,1.0
male/61/0_BAR_15_1_486.jpg,61,BAR,,Male,15,,486,1.0
male/61/0_BAR_15_1_487.jpg,61,BAR,,Male,15,,487,1.0
male/61/0_BAR_15_1_490.jpg,61,BAR,,Male,15,,490,1.0
male/61/0_BAR_15_1_492.jpg,61,BAR,,Male,15,,492,1.0
male/61/0_BAR_15_1_492.jpg,61,BAR,,Male,15,,492,1.0
male/61/0_BAR_15_1_492.jpg,61,BAR,,Male,15,,492,1.0
male/61/0_BAR_15_1_493.jpg,61,BAR,,Male,15,,493,1.0
male/61/0_BAR_15_1_493.jpg,61,BAR,,Male,15,,493,1.0
male/61/0_BAR_15_1_493.jpg,61,BAR,,Male,15,,493,1.0
male/61/0_BAR_15_1_495.jpg,61,BAR,,Male,15,,495,1.0
male/61/0_BAR_15_1_495.jpg,61,BAR,,Male,15,,495,1.0
male/61/0_BAR_15_1_496.jpg,61,BAR,,Male,15,,496,1.0
male/61/0_BAR_15_1_496.jpg,61,BAR,,Male,15,,496,1.0
male/61/0_BAR_15_1_496.jpg,61,BAR,,Male,15,,496,1.0
male/61/0_BAR_15_1_502.jpg,61,BAR,,Male,15,,502,1.0
male/61/0_BAR_15_1_627.jpg,61,BAR,,Male,15,,627,1.0
male/61/0_BAR_15_1_823.jpg,61,BAR,,Male,15,,823,1.0
male/61/0_BAR_15_1_823.jpg,61,BAR,,Male,15,,823,1.0
male/61/0_BAR_15_1_845.jpg,61,BAR,,Male,15,,845,1.0
male/61/0_BAR_15_1_863.jpg,61,BAR,,Male,15,,863,1.0
male/61/0_BAR_15_1_882.jpg,61,BAR,,Male,15,,882,1.0
male/61/0_BAR_15_1_942.jpg,61,BAR,,Male,15,,942,1.0
male/61/0_BAR_15_1_942.jpg,61,BAR,,Male,15,,942,1.0
male/61/0_BAR_16_1_1117.jpg,61,BAR,,Male,16,,1117,1.0
male/61/0_BAR_16_1_1117.jpg,61,BAR,,Male,16,,1117,1.0
male/61/0_BAR_16_1_1117.jpg,61,BAR,,Male,16,,1117,1.0
male/61/0_BAR_16_1_257.jpg,61,BAR,,Male,16,,257,1.0
male/61/0_BAR_16_1_257.jpg,61,BAR,,Male,16,,257,1.0
male/61/0_BAR_16_1_364.jpg,61,BAR,,Male,16,,364,1.0
male/61/0_BAR_16_1_370.jpg,61,BAR,,Male,16,,370,1.0
male/61/0_BAR_16_1_879.jpg,61,BAR,,Male,16,,879,1.0
male/61/0_BAR_16_1_879.jpg,61,BAR,,Male,16,,879,1.0
male/61/0_BAR_16_2_1184.jpg,61,BAR,,Male,16,,1184,2.0
male/61/0_BAR_16_2_1184.jpg,61,BAR,,Male,16,,1184,2.0
male/61/0_BAR_17_1_1214.jpg,61,BAR,,Male,17,,1214,1.0
male/61/0_BAR_17_2_1050.jpg,61,BAR,,Male,17,,1050,2.0
male/61/0_BAR_17_2_112.jpg,61,BAR,,Male,17,,112,2.0
male/61/0_BAR_17_2_986.jpg,61,BAR,,Male,17,,986,2.0
male/61/0_BAR_17_2_986.jpg,61,BAR,,Male,17,,986,2.0
male/61/0_BAR_18_2_1005.jpg,61,BAR,,Male,18,,1005,2.0
male/61/0_BAR_18_2_1007.jpg,61,BAR,,Male,18,,1007,2.0
male/61/0_BAR_18_2_1007.jpg,61,BAR,,Male,18,,1007,2.0
male/61/0_BAR_18_2_1007.jpg,61,BAR,,Male,18,,1007,2.0
male/61/0_BAR_18_2_1046.jpg,61,BAR,,Male,18,,1046,2.0
male/61/0_BAR_18_2_1046.jpg,61,BAR,,Male,18,,1046,2.0
male/61/0_BAR_18_2_1190.jpg,61,BAR,,Male,18,,1190,2.0
male/61/0_BAR_18_2_1190.jpg,61,BAR,,Male,18,,1190,2.0
male/61/0_BAR_18_2_123.jpg,61,BAR,,Male,18,,123,2.0
male/61/0_BAR_18_2_131.jpg,61,BAR,,Male,18,,131,2.0
male/61/0_BAR_18_2_83.jpg,61,BAR,,Male,18,,83,2.0
male/61/0_BAR_18_2_966.jpg,61,BAR,,Male,18,,966,2.0
male/61/0_BAR_18_2_989.jpg,61,BAR,,Male,18,,989,2.0
male/61/0_BAR_22_3_503.jpg,61,BAR,,Male,22,,503,3.0
male/61/0_BHO_14_1_1068.jpg,61,BHO,,Male,14,,1068,1.0
male/61/0_BHO_15_1_898.jpg,61,BHO,,Male,15,,898,1.0
male/61/0_BHO_17_1_436.jpg,61,BHO,,Male,17,,436,1.0
male/61/0_BHO_17_2_1034.jpg,61,BHO,,Male,17,,1034,2.0
male/61/0_BHO_17_2_1034.jpg,61,BHO,,Male,17,,1034,2.0
male/61/0_BHO_17_2_1034.jpg,61,BHO,,Male,17,,1034,2.0
male/61/0_BHO_17_2_1036.jpg,61,BHO,,Male,17,,1036,2.0
male/61/0_BHO_17_2_1036.jpg,61,BHO,,Male,17,,1036,2.0
male/61/0_BHO_18_2_1029.jpg,61,BHO,,Male,18,,1029,2.0
male/61/0_BOG_16_1_1085.jpg,61,BOG,,Male,16,,1085,1.0
male/61/0_BOG_16_1_1085.jpg,61,BOG,,Male,16,,1085,1.0
male/61/0_BOG_18_2_975.jpg,61,BOG,,Male,18,,975,2.0
male/61/0_BRA_11_1_233.jpg,61,BRA,,Male,11,,233,1.0
male/61/0_BRA_12_1_197.jpg,61,BRA,,Male,12,,197,1.0
male/61/0_BRA_14_1_1125.jpg,61,BRA,,Male,14,,1125,1.0
male/61/0_BRA_14_1_1125.jpg,61,BRA,,Male,14,,1125,1.0
male/61/0_BRA_14_1_801.jpg,61,BRA,,Male,14,,801,1.0
male/61/0_BRA_14_1_818.jpg,61,BRA,,Male,14,,818,1.0
male/61/0_BRA_14_1_895.jpg,61,BRA,,Male,14,,895,1.0
male/61/0_BRA_14_1_895.jpg,61,BRA,,Male,14,,895,1.0
male/61/0_BRA_14_1_895.jpg,61,BRA,,Male,14,,895,1.0
male/61/0_BRA_14_1_933.jpg,61,BRA,,Male,14,,933,1.0
male/61/0_BRA_15_1_1254.jpg,61,BRA,,Male,15,,1254,1.0
male/61/0_BRA_16_1_771.jpg,61,BRA,,Male,16,,771,1.0
male/61/0_BRA_16_2_1296.jpg,61,BRA,,Male,16,,1296,2.0
male/61/0_BRA_17_2_1004.jpg,61,BRA,,Male,17,,1004,2.0
male/61/0_BRA_17_2_1197.jpg,61,BRA,,Male,17,,1197,2.0
male/61/0_BRA_17_2_139.jpg,61,BRA,,Male,17,,139,2.0
male/61/0_BRA_17_2_139.jpg,61,BRA,,Male,17,,139,2.0
male/61/0_CHA_11_1_682.jpg,61,CHA,,Male,11,,682,1.0
male/61/0_CHA_12_1_240.jpg,61,CHA,,Male,12,,240,1.0
male/61/0_CHA_12_1_292.jpg,61,CHA,,Male,12,,292,1.0
male/61/0_CHA_12_1_292.jpg,61,CHA,,Male,12,,292,1.0
male/61/0_CHA_12_1_660.jpg,61,CHA,,Male,12,,660,1.0
male/61/0_CHA_13_1_1057.jpg,61,CHA,,Male,13,,1057,1.0
male/61/0_CHA_13_1_21.jpg,61,CHA,,Male,13,,21,1.0
male/61/0_CHA_13_1_21.jpg,61,CHA,,Male,13,,21,1.0
male/61/0_CHA_13_1_25.jpg,61,CHA,,Male,13,,25,1.0
male/61/0_CHA_13_1_25.jpg,61,CHA,,Male,13,,25,1.0
male/61/0_CHA_13_1_25.jpg,61,CHA,,Male,13,,25,1.0
male/61/0_CHA_14_1_1171.jpg,61,CHA,,Male,14,,1171,1.0
male/61/0_CHA_14_1_1171.jpg,61,CHA,,Male,14,,1171,1.0
male/61/0_CHA_14_1_1171.jpg,61,CHA,,Male,14,,1171,1.0
male/61/0_CHA_15_1_1075.jpg,61,CHA,,Male,15,,1075,1.0
male/61/0_CHA_15_1_1123.jpg,61,CHA,,Male,15,,1123,1.0
male/61/0_CHA_15_1_1252.jpg,61,CHA,,Male,15,,1252,1.0
male/61/0_CHA_15_1_427.jpg,61,CHA,,Male,15,,427,1.0
male/61/0_CHA_15_1_427.jpg,61,CHA,,Male,15,,427,1.0
male/61/0_CHA_15_1_815.jpg,61,CHA,,Male,15,,815,1.0
male/61/0_CHA_15_1_912.jpg,61,CHA,,Male,15,,912,1.0
male/61/0_CHA_15_1_912.jpg,61,CHA,,Male,15,,912,1.0
male/61/0_CHA_15_1_912.jpg,61,CHA,,Male,15,,912,1.0
male/61/0_CHA_15_1_915.jpg,61,CHA,,Male,15,,915,1.0
male/61/0_CHA_15_2_65.jpg,61,CHA,,Male,15,,65,2.0
male/61/0_CHA_16_1_1119.jpg,61,CHA,,Male,16,,1119,1.0
male/61/0_CHA_16_1_1119.jpg,61,CHA,,Male,16,,1119,1.0
male/61/0_CHA_16_1_1145.jpg,61,CHA,,Male,16,,1145,1.0
male/61/0_CHA_16_1_924.jpg,61,CHA,,Male,16,,924,1.0
male/61/0_CHA_16_1_924.jpg,61,CHA,,Male,16,,924,1.0
male/61/0_CHA_16_2_55.jpg,61,CHA,,Male,16,,55,2.0
male/61/0_CHA_16_2_55.jpg,61,CHA,,Male,16,,55,2.0
male/61/0_CHA_17_2_102.jpg,61,CHA,,Male,17,,102,2.0
male/61/0_CHA_17_2_102.jpg,61,CHA,,Male,17,,102,2.0
male/61/0_CHA_17_2_1292.jpg,61,CHA,,Male,17,,1292,2.0
male/61/0_CHA_17_2_1292.jpg,61,CHA,,Male,17,,1292,2.0
male/61/0_CHA_17_2_982.jpg,61,CHA,,Male,17,,982,2.0
male/61/0_CHA_18_2_1026.jpg,61,CHA,,Male,18,,1026,2.0
male/61/0_CHA_18_2_1192.jpg,61,CHA,,Male,18,,1192,2.0
male/61/0_CHA_18_2_1194.jpg,61,CHA,,Male,18,,1194,2.0
male/61/0_CHA_18_2_981.jpg,61,CHA,,Male,18,,981,2.0
male/61/0_CHA_18_2_996.jpg,61,CHA,,Male,18,,996,2.0
male/61/0_CHA_22_3_998.jpg,61,CHA,,Male,22,,998,3.0
male/61/0_CHA_22_3_998.jpg,61,CHA,,Male,22,,998,3.0
male/61/0_CHA_9_0_717.jpg,61,CHA,,Male,9,,717,0.0
male/61/0_CHA_9_0_717.jpg,61,CHA,,Male,9,,717,0.0
male/61/0_CHA_9_0_717.jpg,61,CHA,,Male,9,,717,0.0
male/61/0_CHI_12_1_1206.jpg,61,CHI,,Male,12,,1206,1.0
male/61/0_CHI_12_1_1206.jpg,61,CHI,,Male,12,,1206,1.0
male/61/0_CHI_17_2_1016.jpg,61,CHI,,Male,17,,1016,2.0
male/61/0_COM_11_1_280.jpg,61,COM,,Male,11,,280,1.0
male/61/0_COM_11_1_30.jpg,61,COM,,Male,11,,30,1.0
male/61/0_COM_11_1_329.jpg,61,COM,,Male,11,,329,1.0
male/61/0_COM_11_1_678.jpg,61,COM,,Male,11,,678,1.0
male/61/0_COM_11_1_678.jpg,61,COM,,Male,11,,678,1.0
male/61/0_COM_11_1_679.jpg,61,COM,,Male,11,,679,1.0
male/61/0_COM_12_1_196.jpg,61,COM,,Male,12,,196,1.0
male/61/0_COM_12_1_214.jpg,61,COM,,Male,12,,214,1.0
male/61/0_COM_12_1_214.jpg,61,COM,,Male,12,,214,1.0
male/61/0_COM_12_1_340.jpg,61,COM,,Male,12,,340,1.0
male/61/0_COM_12_1_340.jpg,61,COM,,Male,12,,340,1.0
male/61/0_COM_12_1_38.jpg,61,COM,,Male,12,,38,1.0
male/61/0_COM_12_1_648.jpg,61,COM,,Male,12,,648,1.0
male/61/0_COM_12_1_648.jpg,61,COM,,Male,12,,648,1.0
male/61/0_COM_12_1_676.jpg,61,COM,,Male,12,,676,1.0
male/61/0_COM_13_1_1059.jpg,61,COM,,Male,13,,1059,1.0
male/61/0_COM_13_1_1137.jpg,61,COM,,Male,13,,1137,1.0
male/61/0_COM_13_1_15.jpg,61,COM,,Male,13,,15,1.0
male/61/0_COM_13_1_279.jpg,61,COM,,Male,13,,279,1.0
male/61/0_COM_13_1_309.jpg,61,COM,,Male,13,,309,1.0
male/61/0_COM_13_1_317.jpg,61,COM,,Male,13,,317,1.0
male/61/0_COM_13_1_317.jpg,61,COM,,Male,13,,317,1.0
male/61/0_COM_13_1_6.jpg,61,COM,,Male,13,,6,1.0
male/61/0_COM_13_1_6.jpg,61,COM,,Male,13,,6,1.0
male/61/0_COM_13_1_649.jpg,61,COM,,Male,13,,649,1.0
male/61/0_COM_13_1_649.jpg,61,COM,,Male,13,,649,1.0
male/61/0_COM_14_1_1069.jpg,61,COM,,Male,14,,1069,1.0
male/61/0_COM_14_1_1069.jpg,61,COM,,Male,14,,1069,1.0
male/61/0_COM_14_1_1140.jpg,61,COM,,Male,14,,1140,1.0
male/61/0_COM_14_1_1140.jpg,61,COM,,Male,14,,1140,1.0
male/61/0_COM_14_1_1156.jpg,61,COM,,Male,14,,1156,1.0
male/61/0_COM_14_1_1238.jpg,61,COM,,Male,14,,1238,1.0
male/61/0_COM_14_1_1283.jpg,61,COM,,Male,14,,1283,1.0
male/61/0_COM_14_1_198.jpg,61,COM,,Male,14,,198,1.0
male/61/0_COM_14_1_198.jpg,61,COM,,Male,14,,198,1.0
male/61/0_COM_14_1_733.jpg,61,COM,,Male,14,,733,1.0
male/61/0_COM_14_1_873.jpg,61,COM,,Male,14,,873,1.0
male/61/0_COM_14_1_935.jpg,61,COM,,Male,14,,935,1.0
male/61/0_COM_15_1_1082.jpg,61,COM,,Male,15,,1082,1.0
male/61/0_COM_15_1_1082.jpg,61,COM,,Male,15,,1082,1.0
male/61/0_COM_15_1_1109.jpg,61,COM,,Male,15,,1109,1.0
male/61/0_COM_15_1_1133.jpg,61,COM,,Male,15,,1133,1.0
male/61/0_COM_15_1_1133.jpg,61,COM,,Male,15,,1133,1.0
male/61/0_COM_15_1_1279.jpg,61,COM,,Male,15,,1279,1.0
male/61/0_COM_15_1_434.jpg,61,COM,,Male,15,,434,1.0
male/61/0_COM_15_1_434.jpg,61,COM,,Male,15,,434,1.0
male/61/0_COM_15_1_866.jpg,61,COM,,Male,15,,866,1.0
male/61/0_COM_15_1_874.jpg,61,COM,,Male,15,,874,1.0
male/61/0_COM_15_1_874.jpg,61,COM,,Male,15,,874,1.0
male/61/0_COM_15_1_876.jpg,61,COM,,Male,15,,876,1.0
male/61/0_COM_15_1_930.jpg,61,COM,,Male,15,,930,1.0
male/61/0_COM_15_1_931.jpg,61,COM,,Male,15,,931,1.0
male/61/0_COM_15_1_931.jpg,61,COM,,Male,15,,931,1.0
male/61/0_COM_15_1_931.jpg,61,COM,,Male,15,,931,1.0
male/61/0_COM_16_1_1079.jpg,61,COM,,Male,16,,1079,1.0
male/61/0_COM_16_1_591.jpg,61,COM,,Male,16,,591,1.0
male/61/0_COM_16_1_591.jpg,61,COM,,Male,16,,591,1.0
male/61/0_COM_16_2_381.jpg,61,COM,,Male,16,,381,2.0
male/61/0_COM_17_1_467.jpg,61,COM,,Male,17,,467,1.0
male/61/0_COM_17_1_467.jpg,61,COM,,Male,17,,467,1.0
male/61/0_COM_17_1_467.jpg,61,COM,,Male,17,,467,1.0
male/61/0_COM_17_2_1033.jpg,61,COM,,Male,17,,1033,2.0
male/61/0_COM_17_2_1033.jpg,61,COM,,Male,17,,1033,2.0
male/61/0_COM_17_2_1045.jpg,61,COM,,Male,17,,1045,2.0
male/61/0_COM_17_2_1054.jpg,61,COM,,Male,17,,1054,2.0
male/61/0_COM_17_2_94.jpg,61,COM,,Male,17,,94,2.0
male/61/0_COM_17_2_94.jpg,61,COM,,Male,17,,94,2.0
male/61/0_COM_17_2_946.jpg,61,COM,,Male,17,,946,2.0
male/61/0_COM_17_2_951.jpg,61,COM,,Male,17,,951,2.0
male/61/0_COM_17_2_953.jpg,61,COM,,Male,17,,953,2.0
male/61/0_COM_17_2_995.jpg,61,COM,,Male,17,,995,2.0
male/61/0_COM_17_2_995.jpg,61,COM,,Male,17,,995,2.0
male/61/0_COM_18_2_106.jpg,61,COM,,Male,18,,106,2.0
male/61/0_COM_18_2_111.jpg,61,COM,,Male,18,,111,2.0
male/61/0_COM_18_2_111.jpg,61,COM,,Male,18,,111,2.0
male/61/0_COM_18_2_130.jpg,61,COM,,Male,18,,130,2.0
male/61/0_COM_18_2_57.jpg,61,COM,,Male,18,,57,2.0
male/61/0_COM_18_2_66.jpg,61,COM,,Male,18,,66,2.0
male/61/0_COM_18_2_77.jpg,61,COM,,Male,18,,77,2.0
male/61/0_COM_18_2_945.jpg,61,COM,,Male,18,,945,2.0
male/61/0_COM_18_2_95.jpg,61,COM,,Male,18,,95,2.0
male/61/0_COM_18_2_95.jpg,61,COM,,Male,18,,95,2.0
male/61/0_COM_18_2_974.jpg,61,COM,,Male,18,,974,2.0
male/61/0_COX_14_1_750.jpg,61,COX,,Male,14,,750,1.0
male/61/0_DHA_10_0_664.jpg,61,DHA,,Male,10,,664,0.0
male/61/0_DHA_10_0_693.jpg,61,DHA,,Male,10,,693,0.0
male/61/0_DHA_10_0_695.jpg,61,DHA,,Male,10,,695,0.0
male/61/0_DHA_10_0_695.jpg,61,DHA,,Male,10,,695,0.0
male/61/0_DHA_10_0_695.jpg,61,DHA,,Male,10,,695,0.0
male/61/0_DHA_10_0_698.jpg,61,DHA,,Male,10,,698,0.0
male/61/0_DHA_10_0_698.jpg,61,DHA,,Male,10,,698,0.0
male/61/0_DHA_10_0_703.jpg,61,DHA,,Male,10,,703,0.0
male/61/0_DHA_10_0_704.jpg,61,DHA,,Male,10,,704,0.0
male/61/0_DHA_10_0_704.jpg,61,DHA,,Male,10,,704,0.0
male/61/0_DHA_10_0_711.jpg,61,DHA,,Male,10,,711,0.0
male/61/0_DHA_10_0_716.jpg,61,DHA,,Male,10,,716,0.0
male/61/0_DHA_10_0_716.jpg,61,DHA,,Male,10,,716,0.0
male/61/0_DHA_10_0_716.jpg,61,DHA,,Male,10,,716,0.0
male/61/0_DHA_10_0_721.jpg,61,DHA,,Male,10,,721,0.0
male/61/0_DHA_10_0_722.jpg,61,DHA,,Male,10,,722,0.0
male/61/0_DHA_10_0_724.jpg,61,DHA,,Male,10,,724,0.0
male/61/0_DHA_10_0_724.jpg,61,DHA,,Male,10,,724,0.0
male/61/0_DHA_10_0_741.jpg,61,DHA,,Male,10,,741,0.0
male/61/0_DHA_10_1_203.jpg,61,DHA,,Male,10,,203,1.0
male/61/0_DHA_10_1_220.jpg,61,DHA,,Male,10,,220,1.0
male/61/0_DHA_10_1_250.jpg,61,DHA,,Male,10,,250,1.0
male/61/0_DHA_10_1_7.jpg,61,DHA,,Male,10,,7,1.0
male/61/0_DHA_10_1_7.jpg,61,DHA,,Male,10,,7,1.0
male/61/0_DHA_10_1_9.jpg,61,DHA,,Male,10,,9,1.0
male/61/0_DHA_10_1_9.jpg,61,DHA,,Male,10,,9,1.0
male/61/0_DHA_11_1_20.jpg,61,DHA,,Male,11,,20,1.0
male/61/0_DHA_11_1_204.jpg,61,DHA,,Male,11,,204,1.0
male/61/0_DHA_11_1_210.jpg,61,DHA,,Male,11,,210,1.0
male/61/0_DHA_11_1_212.jpg,61,DHA,,Male,11,,212,1.0
male/61/0_DHA_11_1_212.jpg,61,DHA,,Male,11,,212,1.0
male/61/0_DHA_11_1_217.jpg,61,DHA,,Male,11,,217,1.0
male/61/0_DHA_11_1_232.jpg,61,DHA,,Male,11,,232,1.0
male/61/0_DHA_11_1_238.jpg,61,DHA,,Male,11,,238,1.0
male/61/0_DHA_11_1_238.jpg,61,DHA,,Male,11,,238,1.0
male/61/0_DHA_11_1_37.jpg,61,DHA,,Male,11,,37,1.0
male/61/0_DHA_11_1_37.jpg,61,DHA,,Male,11,,37,1.0
male/61/0_DHA_11_1_48.jpg,61,DHA,,Male,11,,48,1.0
male/61/0_DHA_11_1_48.jpg,61,DHA,,Male,11,,48,1.0
male/61/0_DHA_11_1_51.jpg,61,DHA,,Male,11,,51,1.0
male/61/0_DHA_11_1_513.jpg,61,DHA,,Male,11,,513,1.0
male/61/0_DHA_11_1_541.jpg,61,DHA,,Male,11,,541,1.0
male/61/0_DHA_11_1_552.jpg,61,DHA,,Male,11,,552,1.0
male/61/0_DHA_11_1_554.jpg,61,DHA,,Male,11,,554,1.0
male/61/0_DHA_11_1_554.jpg,61,DHA,,Male,11,,554,1.0
male/61/0_DHA_11_1_630.jpg,61,DHA,,Male,11,,630,1.0
male/61/0_DHA_11_1_631.jpg,61,DHA,,Male,11,,631,1.0
male/61/0_DHA_11_1_635.jpg,61,DHA,,Male,11,,635,1.0
male/61/0_DHA_11_1_635.jpg,61,DHA,,Male,11,,635,1.0
male/61/0_DHA_11_1_635.jpg,61,DHA,,Male,11,,635,1.0
male/61/0_DHA_11_1_635.jpg,61,DHA,,Male,11,,635,1.0
male/61/0_DHA_11_1_637.jpg,61,DHA,,Male,11,,637,1.0
male/61/0_DHA_11_1_637.jpg,61,DHA,,Male,11,,637,1.0
male/61/0_DHA_11_1_650.jpg,61,DHA,,Male,11,,650,1.0
male/61/0_DHA_11_1_650.jpg,61,DHA,,Male,11,,650,1.0
male/61/0_DHA_11_1_650.jpg,61,DHA,,Male,11,,650,1.0
male/61/0_DHA_11_1_919.jpg,61,DHA,,Male,11,,919,1.0
male/61/0_DHA_12_0_718.jpg,61,DHA,,Male,12,,718,0.0
male/61/0_DHA_12_0_718.jpg,61,DHA,,Male,12,,718,0.0
male/61/0_DHA_12_0_718.jpg,61,DHA,,Male,12,,718,0.0
male/61/0_DHA_12_0_718.jpg,61,DHA,,Male,12,,718,0.0
male/61/0_DHA_12_1_10.jpg,61,DHA,,Male,12,,10,1.0
male/61/0_DHA_12_1_10.jpg,61,DHA,,Male,12,,10,1.0
male/61/0_DHA_12_1_1203.jpg,61,DHA,,Male,12,,1203,1.0
male/61/0_DHA_12_1_1207.jpg,61,DHA,,Male,12,,1207,1.0
male/61/0_DHA_12_1_13.jpg,61,DHA,,Male,12,,13,1.0
male/61/0_DHA_12_1_145.jpg,61,DHA,,Male,12,,145,1.0
male/61/0_DHA_12_1_16.jpg,61,DHA,,Male,12,,16,1.0
male/61/0_DHA_12_1_182.jpg,61,DHA,,Male,12,,182,1.0
male/61/0_DHA_12_1_199.jpg,61,DHA,,Male,12,,199,1.0
male/61/0_DHA_12_1_218.jpg,61,DHA,,Male,12,,218,1.0
male/61/0_DHA_12_1_218.jpg,61,DHA,,Male,12,,218,1.0
male/61/0_DHA_12_1_23.jpg,61,DHA,,Male,12,,23,1.0
male/61/0_DHA_12_1_234.jpg,61,DHA,,Male,12,,234,1.0
male/61/0_DHA_12_1_234.jpg,61,DHA,,Male,12,,234,1.0
male/61/0_DHA_12_1_245.jpg,61,DHA,,Male,12,,245,1.0
male/61/0_DHA_12_1_265.jpg,61,DHA,,Male,12,,265,1.0
male/61/0_DHA_12_1_274.jpg,61,DHA,,Male,12,,274,1.0
male/61/0_DHA_12_1_285.jpg,61,DHA,,Male,12,,285,1.0
male/61/0_DHA_12_1_293.jpg,61,DHA,,Male,12,,293,1.0
male/61/0_DHA_12_1_293.jpg,61,DHA,,Male,12,,293,1.0
male/61/0_DHA_12_1_293.jpg,61,DHA,,Male,12,,293,1.0
male/61/0_DHA_12_1_300.jpg,61,DHA,,Male,12,,300,1.0
male/61/0_DHA_12_1_300.jpg,61,DHA,,Male,12,,300,1.0
male/61/0_DHA_12_1_315.jpg,61,DHA,,Male,12,,315,1.0
male/61/0_DHA_12_1_315.jpg,61,DHA,,Male,12,,315,1.0
male/61/0_DHA_12_1_315.jpg,61,DHA,,Male,12,,315,1.0
male/61/0_DHA_12_1_316.jpg,61,DHA,,Male,12,,316,1.0
male/61/0_DHA_12_1_318.jpg,61,DHA,,Male,12,,318,1.0
male/61/0_DHA_12_1_319.jpg,61,DHA,,Male,12,,319,1.0
male/61/0_DHA_12_1_319.jpg,61,DHA,,Male,12,,319,1.0
male/61/0_DHA_12_1_322.jpg,61,DHA,,Male,12,,322,1.0
male/61/0_DHA_12_1_335.jpg,61,DHA,,Male,12,,335,1.0
male/61/0_DHA_12_1_348.jpg,61,DHA,,Male,12,,348,1.0
male/61/0_DHA_12_1_352.jpg,61,DHA,,Male,12,,352,1.0
male/61/0_DHA_12_1_4.jpg,61,DHA,,Male,12,,4,1.0
male/61/0_DHA_12_1_4.jpg,61,DHA,,Male,12,,4,1.0
male/61/0_DHA_12_1_4.jpg,61,DHA,,Male,12,,4,1.0
male/61/0_DHA_12_1_44.jpg,61,DHA,,Male,12,,44,1.0
male/61/0_DHA_12_1_44.jpg,61,DHA,,Male,12,,44,1.0
male/61/0_DHA_12_1_49.jpg,61,DHA,,Male,12,,49,1.0
male/61/0_DHA_12_1_49.jpg,61,DHA,,Male,12,,49,1.0
male/61/0_DHA_12_1_50.jpg,61,DHA,,Male,12,,50,1.0
male/61/0_DHA_12_1_50.jpg,61,DHA,,Male,12,,50,1.0
male/61/0_DHA_12_1_518.jpg,61,DHA,,Male,12,,518,1.0
male/61/0_DHA_12_1_518.jpg,61,DHA,,Male,12,,518,1.0
male/61/0_DHA_12_1_519.jpg,61,DHA,,Male,12,,519,1.0
male/61/0_DHA_12_1_524.jpg,61,DHA,,Male,12,,524,1.0
male/61/0_DHA_12_1_533.jpg,61,DHA,,Male,12,,533,1.0
male/61/0_DHA_12_1_537.jpg,61,DHA,,Male,12,,537,1.0
male/61/0_DHA_12_1_543.jpg,61,DHA,,Male,12,,543,1.0
male/61/0_DHA_12_1_559.jpg,61,DHA,,Male,12,,559,1.0
male/61/0_DHA_12_1_561.jpg,61,DHA,,Male,12,,561,1.0
male/61/0_DHA_12_1_562.jpg,61,DHA,,Male,12,,562,1.0
male/61/0_DHA_12_1_562.jpg,61,DHA,,Male,12,,562,1.0
male/61/0_DHA_12_1_562.jpg,61,DHA,,Male,12,,562,1.0
male/61/0_DHA_12_1_565.jpg,61,DHA,,Male,12,,565,1.0
male/61/0_DHA_12_1_608.jpg,61,DHA,,Male,12,,608,1.0
male/61/0_DHA_12_1_608.jpg,61,DHA,,Male,12,,608,1.0
male/61/0_DHA_12_1_634.jpg,61,DHA,,Male,12,,634,1.0
male/61/0_DHA_12_1_634.jpg,61,DHA,,Male,12,,634,1.0
male/61/0_DHA_12_1_636.jpg,61,DHA,,Male,12,,636,1.0
male/61/0_DHA_12_1_636.jpg,61,DHA,,Male,12,,636,1.0
male/61/0_DHA_12_1_636.jpg,61,DHA,,Male,12,,636,1.0
male/61/0_DHA_12_1_638.jpg,61,DHA,,Male,12,,638,1.0
male/61/0_DHA_12_1_639.jpg,61,DHA,,Male,12,,639,1.0
male/61/0_DHA_12_1_661.jpg,61,DHA,,Male,12,,661,1.0
male/61/0_DHA_12_1_670.jpg,61,DHA,,Male,12,,670,1.0
male/61/0_DHA_12_1_670.jpg,61,DHA,,Male,12,,670,1.0
male/61/0_DHA_12_1_681.jpg,61,DHA,,Male,12,,681,1.0
male/61/0_DHA_12_1_681.jpg,61,DHA,,Male,12,,681,1.0
male/61/0_DHA_12_1_687.jpg,61,DHA,,Male,12,,687,1.0
male/61/0_DHA_12_1_687.jpg,61,DHA,,Male,12,,687,1.0
male/61/0_DHA_12_1_694.jpg,61,DHA,,Male,12,,694,1.0
male/61/0_DHA_12_1_739.jpg,61,DHA,,Male,12,,739,1.0
male/61/0_DHA_12_1_740.jpg,61,DHA,,Male,12,,740,1.0
male/61/0_DHA_12_1_8.jpg,61,DHA,,Male,12,,8,1.0
male/61/0_DHA_13_1_1067.jpg,61,DHA,,Male,13,,1067,1.0
male/61/0_DHA_13_1_1209.jpg,61,DHA,,Male,13,,1209,1.0
male/61/0_DHA_13_1_1209.jpg,61,DHA,,Male,13,,1209,1.0
male/61/0_DHA_13_1_164.jpg,61,DHA,,Male,13,,164,1.0
male/61/0_DHA_13_1_168.jpg,61,DHA,,Male,13,,168,1.0
male/61/0_DHA_13_1_171.jpg,61,DHA,,Male,13,,171,1.0
male/61/0_DHA_13_1_171.jpg,61,DHA,,Male,13,,171,1.0
male/61/0_DHA_13_1_172.jpg,61,DHA,,Male,13,,172,1.0
male/61/0_DHA_13_1_172.jpg,61,DHA,,Male,13,,172,1.0
male/61/0_DHA_13_1_172.jpg,61,DHA,,Male,13,,172,1.0
male/61/0_DHA_13_1_173.jpg,61,DHA,,Male,13,,173,1.0
male/61/0_DHA_13_1_174.jpg,61,DHA,,Male,13,,174,1.0
male/61/0_DHA_13_1_178.jpg,61,DHA,,Male,13,,178,1.0
male/61/0_DHA_13_1_179.jpg,61,DHA,,Male,13,,179,1.0
male/61/0_DHA_13_1_181.jpg,61,DHA,,Male,13,,181,1.0
male/61/0_DHA_13_1_181.jpg,61,DHA,,Male,13,,181,1.0
male/61/0_DHA_13_1_181.jpg,61,DHA,,Male,13,,181,1.0
male/61/0_DHA_13_1_186.jpg,61,DHA,,Male,13,,186,1.0
male/61/0_DHA_13_1_187.jpg,61,DHA,,Male,13,,187,1.0
male/61/0_DHA_13_1_187.jpg,61,DHA,,Male,13,,187,1.0
male/61/0_DHA_13_1_188.jpg,61,DHA,,Male,13,,188,1.0
male/61/0_DHA_13_1_191.jpg,61,DHA,,Male,13,,191,1.0
male/61/0_DHA_13_1_191.jpg,61,DHA,,Male,13,,191,1.0
male/61/0_DHA_13_1_192.jpg,61,DHA,,Male,13,,192,1.0
male/61/0_DHA_13_1_201.jpg,61,DHA,,Male,13,,201,1.0
male/61/0_DHA_13_1_201.jpg,61,DHA,,Male,13,,201,1.0
male/61/0_DHA_13_1_22.jpg,61,DHA,,Male,13,,22,1.0
male/61/0_DHA_13_1_22.jpg,61,DHA,,Male,13,,22,1.0
male/61/0_DHA_13_1_221.jpg,61,DHA,,Male,13,,221,1.0
male/61/0_DHA_13_1_230.jpg,61,DHA,,Male,13,,230,1.0
male/61/0_DHA_13_1_230.jpg,61,DHA,,Male,13,,230,1.0
male/61/0_DHA_13_1_236.jpg,61,DHA,,Male,13,,236,1.0
male/61/0_DHA_13_1_236.jpg,61,DHA,,Male,13,,236,1.0
male/61/0_DHA_13_1_243.jpg,61,DHA,,Male,13,,243,1.0
male/61/0_DHA_13_1_243.jpg,61,DHA,,Male,13,,243,1.0
male/61/0_DHA_13_1_243.jpg,61,DHA,,Male,13,,243,1.0
male/61/0_DHA_13_1_261.jpg,61,DHA,,Male,13,,261,1.0
male/61/0_DHA_13_1_264.jpg,61,DHA,,Male,13,,264,1.0
male/61/0_DHA_13_1_271.jpg,61,DHA,,Male,13,,271,1.0
male/61/0_DHA_13_1_271.jpg,61,DHA,,Male,13,,271,1.0
male/61/0_DHA_13_1_275.jpg,61,DHA,,Male,13,,275,1.0
male/61/0_DHA_13_1_278.jpg,61,DHA,,Male,13,,278,1.0
male/61/0_DHA_13_1_281.jpg,61,DHA,,Male,13,,281,1.0
male/61/0_DHA_13_1_282.jpg,61,DHA,,Male,13,,282,1.0
male/61/0_DHA_13_1_283.jpg,61,DHA,,Male,13,,283,1.0
male/61/0_DHA_13_1_288.jpg,61,DHA,,Male,13,,288,1.0
male/61/0_DHA_13_1_288.jpg,61,DHA,,Male,13,,288,1.0
male/61/0_DHA_13_1_289.jpg,61,DHA,,Male,13,,289,1.0
male/61/0_DHA_13_1_295.jpg,61,DHA,,Male,13,,295,1.0
male/61/0_DHA_13_1_298.jpg,61,DHA,,Male,13,,298,1.0
male/61/0_DHA_13_1_298.jpg,61,DHA,,Male,13,,298,1.0
male/61/0_DHA_13_1_299.jpg,61,DHA,,Male,13,,299,1.0
male/61/0_DHA_13_1_299.jpg,61,DHA,,Male,13,,299,1.0
male/61/0_DHA_13_1_303.jpg,61,DHA,,Male,13,,303,1.0
male/61/0_DHA_13_1_312.jpg,61,DHA,,Male,13,,312,1.0
male/61/0_DHA_13_1_321.jpg,61,DHA,,Male,13,,321,1.0
male/61/0_DHA_13_1_325.jpg,61,DHA,,Male,13,,325,1.0
male/61/0_DHA_13_1_33.jpg,61,DHA,,Male,13,,33,1.0
male/61/0_DHA_13_1_343.jpg,61,DHA,,Male,13,,343,1.0
male/61/0_DHA_13_1_346.jpg,61,DHA,,Male,13,,346,1.0
male/61/0_DHA_13_1_346.jpg,61,DHA,,Male,13,,346,1.0
male/61/0_DHA_13_1_349.jpg,61,DHA,,Male,13,,349,1.0
male/61/0_DHA_13_1_349.jpg,61,DHA,,Male,13,,349,1.0
male/61/0_DHA_13_1_41.jpg,61,DHA,,Male,13,,41,1.0
male/61/0_DHA_13_1_43.jpg,61,DHA,,Male,13,,43,1.0
male/61/0_DHA_13_1_43.jpg,61,DHA,,Male,13,,43,1.0
male/61/0_DHA_13_1_516.jpg,61,DHA,,Male,13,,516,1.0
male/61/0_DHA_13_1_520.jpg,61,DHA,,Male,13,,520,1.0
male/61/0_DHA_13_1_527.jpg,61,DHA,,Male,13,,527,1.0
male/61/0_DHA_13_1_527.jpg,61,DHA,,Male,13,,527,1.0
male/61/0_DHA_13_1_532.jpg,61,DHA,,Male,13,,532,1.0
male/61/0_DHA_13_1_532.jpg,61,DHA,,Male,13,,532,1.0
male/61/0_DHA_13_1_534.jpg,61,DHA,,Male,13,,534,1.0
male/61/0_DHA_13_1_534.jpg,61,DHA,,Male,13,,534,1.0
male/61/0_DHA_13_1_534.jpg,61,DHA,,Male,13,,534,1.0
male/61/0_DHA_13_1_538.jpg,61,DHA,,Male,13,,538,1.0
male/61/0_DHA_13_1_538.jpg,61,DHA,,Male,13,,538,1.0
male/61/0_DHA_13_1_539.jpg,61,DHA,,Male,13,,539,1.0
male/61/0_DHA_13_1_539.jpg,61,DHA,,Male,13,,539,1.0
male/61/0_DHA_13_1_545.jpg,61,DHA,,Male,13,,545,1.0
male/61/0_DHA_13_1_558.jpg,61,DHA,,Male,13,,558,1.0
male/61/0_DHA_13_1_560.jpg,61,DHA,,Male,13,,560,1.0
male/61/0_DHA_13_1_560.jpg,61,DHA,,Male,13,,560,1.0
male/61/0_DHA_13_1_560.jpg,61,DHA,,Male,13,,560,1.0
male/61/0_DHA_13_1_642.jpg,61,DHA,,Male,13,,642,1.0
male/61/0_DHA_13_1_653.jpg,61,DHA,,Male,13,,653,1.0
male/61/0_DHA_13_1_653.jpg,61,DHA,,Male,13,,653,1.0
male/61/0_DHA_13_1_659.jpg,61,DHA,,Male,13,,659,1.0
male/61/0_DHA_13_1_665.jpg,61,DHA,,Male,13,,665,1.0
male/61/0_DHA_13_1_686.jpg,61,DHA,,Male,13,,686,1.0
male/61/0_DHA_13_1_691.jpg,61,DHA,,Male,13,,691,1.0
male/61/0_DHA_13_1_691.jpg,61,DHA,,Male,13,,691,1.0
male/61/0_DHA_14_1_1102.jpg,61,DHA,,Male,14,,1102,1.0
male/61/0_DHA_14_1_1102.jpg,61,DHA,,Male,14,,1102,1.0
male/61/0_DHA_14_1_1103.jpg,61,DHA,,Male,14,,1103,1.0
male/61/0_DHA_14_1_1159.jpg,61,DHA,,Male,14,,1159,1.0
male/61/0_DHA_14_1_1221.jpg,61,DHA,,Male,14,,1221,1.0
male/61/0_DHA_14_1_1222.jpg,61,DHA,,Male,14,,1222,1.0
male/61/0_DHA_14_1_1222.jpg,61,DHA,,Male,14,,1222,1.0
male/61/0_DHA_14_1_1241.jpg,61,DHA,,Male,14,,1241,1.0
male/61/0_DHA_14_1_1241.jpg,61,DHA,,Male,14,,1241,1.0
male/61/0_DHA_14_1_1241.jpg,61,DHA,,Male,14,,1241,1.0
male/61/0_DHA_14_1_1271.jpg,61,DHA,,Male,14,,1271,1.0
male/61/0_DHA_14_1_1272.jpg,61,DHA,,Male,14,,1272,1.0
male/61/0_DHA_14_1_226.jpg,61,DHA,,Male,14,,226,1.0
male/61/0_DHA_14_1_226.jpg,61,DHA,,Male,14,,226,1.0
male/61/0_DHA_14_1_231.jpg,61,DHA,,Male,14,,231,1.0
male/61/0_DHA_14_1_231.jpg,61,DHA,,Male,14,,231,1.0
male/61/0_DHA_14_1_231.jpg,61,DHA,,Male,14,,231,1.0
male/61/0_DHA_14_1_246.jpg,61,DHA,,Male,14,,246,1.0
male/61/0_DHA_14_1_253.jpg,61,DHA,,Male,14,,253,1.0
male/61/0_DHA_14_1_255.jpg,61,DHA,,Male,14,,255,1.0
male/61/0_DHA_14_1_256.jpg,61,DHA,,Male,14,,256,1.0
male/61/0_DHA_14_1_256.jpg,61,DHA,,Male,14,,256,1.0
male/61/0_DHA_14_1_272.jpg,61,DHA,,Male,14,,272,1.0
male/61/0_DHA_14_1_310.jpg,61,DHA,,Male,14,,310,1.0
male/61/0_DHA_14_1_324.jpg,61,DHA,,Male,14,,324,1.0
male/61/0_DHA_14_1_324.jpg,61,DHA,,Male,14,,324,1.0
male/61/0_DHA_14_1_324.jpg,61,DHA,,Male,14,,324,1.0
male/61/0_DHA_14_1_324.jpg,61,DHA,,Male,14,,324,1.0
male/61/0_DHA_14_1_324.jpg,61,DHA,,Male,14,,324,1.0
male/61/0_DHA_14_1_327.jpg,61,DHA,,Male,14,,327,1.0
male/61/0_DHA_14_1_430.jpg,61,DHA,,Male,14,,430,1.0
male/61/0_DHA_14_1_438.jpg,61,DHA,,Male,14,,438,1.0
male/61/0_DHA_14_1_438.jpg,61,DHA,,Male,14,,438,1.0
male/61/0_DHA_14_1_449.jpg,61,DHA,,Male,14,,449,1.0
male/61/0_DHA_14_1_45.jpg,61,DHA,,Male,14,,45,1.0
male/61/0_DHA_14_1_455.jpg,61,DHA,,Male,14,,455,1.0
male/61/0_DHA_14_1_482.jpg,61,DHA,,Male,14,,482,1.0
male/61/0_DHA_14_1_488.jpg,61,DHA,,Male,14,,488,1.0
male/61/0_DHA_14_1_488.jpg,61,DHA,,Male,14,,488,1.0
male/61/0_DHA_14_1_488.jpg,61,DHA,,Male,14,,488,1.0
male/61/0_DHA_14_1_5.jpg,61,DHA,,Male,14,,5,1.0
male/61/0_DHA_14_1_511.jpg,61,DHA,,Male,14,,511,1.0
male/61/0_DHA_14_1_525.jpg,61,DHA,,Male,14,,525,1.0
male/61/0_DHA_14_1_548.jpg,61,DHA,,Male,14,,548,1.0
male/61/0_DHA_14_1_551.jpg,61,DHA,,Male,14,,551,1.0
male/61/0_DHA_14_1_551.jpg,61,DHA,,Male,14,,551,1.0
male/61/0_DHA_14_1_574.jpg,61,DHA,,Male,14,,574,1.0
male/61/0_DHA_14_1_574.jpg,61,DHA,,Male,14,,574,1.0
male/61/0_DHA_14_1_594.jpg,61,DHA,,Male,14,,594,1.0
male/61/0_DHA_14_1_603.jpg,61,DHA,,Male,14,,603,1.0
male/61/0_DHA_14_1_641.jpg,61,DHA,,Male,14,,641,1.0
male/61/0_DHA_14_1_651.jpg,61,DHA,,Male,14,,651,1.0
male/61/0_DHA_14_1_654.jpg,61,DHA,,Male,14,,654,1.0
male/61/0_DHA_14_1_654.jpg,61,DHA,,Male,14,,654,1.0
male/61/0_DHA_14_1_689.jpg,61,DHA,,Male,14,,689,1.0
male/61/0_DHA_14_1_689.jpg,61,DHA,,Male,14,,689,1.0
male/61/0_DHA_14_1_765.jpg,61,DHA,,Male,14,,765,1.0
male/61/0_DHA_14_1_775.jpg,61,DHA,,Male,14,,775,1.0
male/61/0_DHA_14_1_775.jpg,61,DHA,,Male,14,,775,1.0
male/61/0_DHA_14_1_775.jpg,61,DHA,,Male,14,,775,1.0
male/61/0_DHA_14_1_776.jpg,61,DHA,,Male,14,,776,1.0
male/61/0_DHA_14_1_790.jpg,61,DHA,,Male,14,,790,1.0
male/61/0_DHA_14_1_790.jpg,61,DHA,,Male,14,,790,1.0
male/61/0_DHA_14_1_790.jpg,61,DHA,,Male,14,,790,1.0
male/61/0_DHA_14_1_791.jpg,61,DHA,,Male,14,,791,1.0
male/61/0_DHA_14_1_792.jpg,61,DHA,,Male,14,,792,1.0
male/61/0_DHA_14_1_797.jpg,61,DHA,,Male,14,,797,1.0
male/61/0_DHA_14_1_800.jpg,61,DHA,,Male,14,,800,1.0
male/61/0_DHA_14_1_800.jpg,61,DHA,,Male,14,,800,1.0
male/61/0_DHA_14_1_807.jpg,61,DHA,,Male,14,,807,1.0
male/61/0_DHA_14_1_810.jpg,61,DHA,,Male,14,,810,1.0
male/61/0_DHA_14_1_810.jpg,61,DHA,,Male,14,,810,1.0
male/61/0_DHA_14_1_810.jpg,61,DHA,,Male,14,,810,1.0
male/61/0_DHA_14_1_821.jpg,61,DHA,,Male,14,,821,1.0
male/61/0_DHA_14_1_868.jpg,61,DHA,,Male,14,,868,1.0
male/61/0_DHA_14_1_868.jpg,61,DHA,,Male,14,,868,1.0
male/61/0_DHA_14_1_868.jpg,61,DHA,,Male,14,,868,1.0
male/61/0_DHA_14_1_870.jpg,61,DHA,,Male,14,,870,1.0
male/61/0_DHA_14_1_877.jpg,61,DHA,,Male,14,,877,1.0
male/61/0_DHA_14_1_877.jpg,61,DHA,,Male,14,,877,1.0
male/61/0_DHA_14_1_883.jpg,61,DHA,,Male,14,,883,1.0
male/61/0_DHA_14_1_883.jpg,61,DHA,,Male,14,,883,1.0
male/61/0_DHA_14_1_883.jpg,61,DHA,,Male,14,,883,1.0
male/61/0_DHA_14_1_892.jpg,61,DHA,,Male,14,,892,1.0
male/61/0_DHA_14_1_927.jpg,61,DHA,,Male,14,,927,1.0
male/61/0_DHA_14_1_941.jpg,61,DHA,,Male,14,,941,1.0
male/61/0_DHA_15_1_1105.jpg,61,DHA,,Male,15,,1105,1.0
male/61/0_DHA_15_1_1105.jpg,61,DHA,,Male,15,,1105,1.0
male/61/0_DHA_15_1_1115.jpg,61,DHA,,Male,15,,1115,1.0
male/61/0_DHA_15_1_1115.jpg,61,DHA,,Male,15,,1115,1.0
male/61/0_DHA_15_1_1218.jpg,61,DHA,,Male,15,,1218,1.0
male/61/0_DHA_15_1_1231.jpg,61,DHA,,Male,15,,1231,1.0
male/61/0_DHA_15_1_1233.jpg,61,DHA,,Male,15,,1233,1.0
male/61/0_DHA_15_1_1244.jpg,61,DHA,,Male,15,,1244,1.0
male/61/0_DHA_15_1_1268.jpg,61,DHA,,Male,15,,1268,1.0
male/61/0_DHA_15_1_1273.jpg,61,DHA,,Male,15,,1273,1.0
male/61/0_DHA_15_1_1273.jpg,61,DHA,,Male,15,,1273,1.0
male/61/0_DHA_15_1_1273.jpg,61,DHA,,Male,15,,1273,1.0
male/61/0_DHA_15_1_1275.jpg,61,DHA,,Male,15,,1275,1.0
male/61/0_DHA_15_1_1275.jpg,61,DHA,,Male,15,,1275,1.0
male/61/0_DHA_15_1_1275.jpg,61,DHA,,Male,15,,1275,1.0
male/61/0_DHA_15_1_180.jpg,61,DHA,,Male,15,,180,1.0
male/61/0_DHA_15_1_229.jpg,61,DHA,,Male,15,,229,1.0
male/61/0_DHA_15_1_389.jpg,61,DHA,,Male,15,,389,1.0
male/61/0_DHA_15_1_393.jpg,61,DHA,,Male,15,,393,1.0
male/61/0_DHA_15_1_395.jpg,61,DHA,,Male,15,,395,1.0
male/61/0_DHA_15_1_395.jpg,61,DHA,,Male,15,,395,1.0
male/61/0_DHA_15_1_395.jpg,61,DHA,,Male,15,,395,1.0
male/61/0_DHA_15_1_397.jpg,61,DHA,,Male,15,,397,1.0
male/61/0_DHA_15_1_397.jpg,61,DHA,,Male,15,,397,1.0
male/61/0_DHA_15_1_397.jpg,61,DHA,,Male,15,,397,1.0
male/61/0_DHA_15_1_398.jpg,61,DHA,,Male,15,,398,1.0
male/61/0_DHA_15_1_401.jpg,61,DHA,,Male,15,,401,1.0
male/61/0_DHA_15_1_402.jpg,61,DHA,,Male,15,,402,1.0
male/61/0_DHA_15_1_403.jpg,61,DHA,,Male,15,,403,1.0
male/61/0_DHA_15_1_403.jpg,61,DHA,,Male,15,,403,1.0
male/61/0_DHA_15_1_403.jpg,61,DHA,,Male,15,,403,1.0
male/61/0_DHA_15_1_403.jpg,61,DHA,,Male,15,,403,1.0
male/61/0_DHA_15_1_404.jpg,61,DHA,,Male,15,,404,1.0
male/61/0_DHA_15_1_407.jpg,61,DHA,,Male,15,,407,1.0
male/61/0_DHA_15_1_409.jpg,61,DHA,,Male,15,,409,1.0
male/61/0_DHA_15_1_416.jpg,61,DHA,,Male,15,,416,1.0
male/61/0_DHA_15_1_418.jpg,61,DHA,,Male,15,,418,1.0
male/61/0_DHA_15_1_424.jpg,61,DHA,,Male,15,,424,1.0
male/61/0_DHA_15_1_435.jpg,61,DHA,,Male,15,,435,1.0
male/61/0_DHA_15_1_439.jpg,61,DHA,,Male,15,,439,1.0
male/61/0_DHA_15_1_442.jpg,61,DHA,,Male,15,,442,1.0
male/61/0_DHA_15_1_448.jpg,61,DHA,,Male,15,,448,1.0
male/61/0_DHA_15_1_448.jpg,61,DHA,,Male,15,,448,1.0
male/61/0_DHA_15_1_450.jpg,61,DHA,,Male,15,,450,1.0
male/61/0_DHA_15_1_450.jpg,61,DHA,,Male,15,,450,1.0
male/61/0_DHA_15_1_453.jpg,61,DHA,,Male,15,,453,1.0
male/61/0_DHA_15_1_453.jpg,61,DHA,,Male,15,,453,1.0
male/61/0_DHA_15_1_456.jpg,61,DHA,,Male,15,,456,1.0
male/61/0_DHA_15_1_456.jpg,61,DHA,,Male,15,,456,1.0
male/61/0_DHA_15_1_457.jpg,61,DHA,,Male,15,,457,1.0
male/61/0_DHA_15_1_458.jpg,61,DHA,,Male,15,,458,1.0
male/61/0_DHA_15_1_458.jpg,61,DHA,,Male,15,,458,1.0
male/61/0_DHA_15_1_460.jpg,61,DHA,,Male,15,,460,1.0
male/61/0_DHA_15_1_475.jpg,61,DHA,,Male,15,,475,1.0
male/61/0_DHA_15_1_475.jpg,61,DHA,,Male,15,,475,1.0
male/61/0_DHA_15_1_500.jpg,61,DHA,,Male,15,,500,1.0
male/61/0_DHA_15_1_500.jpg,61,DHA,,Male,15,,500,1.0
male/61/0_DHA_15_1_568.jpg,61,DHA,,Male,15,,568,1.0
male/61/0_DHA_15_1_569.jpg,61,DHA,,Male,15,,569,1.0
male/61/0_DHA_15_1_569.jpg,61,DHA,,Male,15,,569,1.0
male/61/0_DHA_15_1_570.jpg,61,DHA,,Male,15,,570,1.0
male/61/0_DHA_15_1_572.jpg,61,DHA,,Male,15,,572,1.0
male/61/0_DHA_15_1_576.jpg,61,DHA,,Male,15,,576,1.0
male/61/0_DHA_15_1_577.jpg,61,DHA,,Male,15,,577,1.0
male/61/0_DHA_15_1_583.jpg,61,DHA,,Male,15,,583,1.0
male/61/0_DHA_15_1_587.jpg,61,DHA,,Male,15,,587,1.0
male/61/0_DHA_15_1_587.jpg,61,DHA,,Male,15,,587,1.0
male/61/0_DHA_15_1_588.jpg,61,DHA,,Male,15,,588,1.0
male/61/0_DHA_15_1_589.jpg,61,DHA,,Male,15,,589,1.0
male/61/0_DHA_15_1_589.jpg,61,DHA,,Male,15,,589,1.0
male/61/0_DHA_15_1_592.jpg,61,DHA,,Male,15,,592,1.0
male/61/0_DHA_15_1_592.jpg,61,DHA,,Male,15,,592,1.0
male/61/0_DHA_15_1_593.jpg,61,DHA,,Male,15,,593,1.0
male/61/0_DHA_15_1_593.jpg,61,DHA,,Male,15,,593,1.0
male/61/0_DHA_15_1_597.jpg,61,DHA,,Male,15,,597,1.0
male/61/0_DHA_15_1_597.jpg,61,DHA,,Male,15,,597,1.0
male/61/0_DHA_15_1_598.jpg,61,DHA,,Male,15,,598,1.0
male/61/0_DHA_15_1_602.jpg,61,DHA,,Male,15,,602,1.0
male/61/0_DHA_15_1_749.jpg,61,DHA,,Male,15,,749,1.0
male/61/0_DHA_15_1_749.jpg,61,DHA,,Male,15,,749,1.0
male/61/0_DHA_15_1_749.jpg,61,DHA,,Male,15,,749,1.0
male/61/0_DHA_15_1_749.jpg,61,DHA,,Male,15,,749,1.0
male/61/0_DHA_15_1_764.jpg,61,DHA,,Male,15,,764,1.0
male/61/0_DHA_15_1_764.jpg,61,DHA,,Male,15,,764,1.0
male/61/0_DHA_15_1_764.jpg,61,DHA,,Male,15,,764,1.0
male/61/0_DHA_15_1_766.jpg,61,DHA,,Male,15,,766,1.0
male/61/0_DHA_15_1_767.jpg,61,DHA,,Male,15,,767,1.0
male/61/0_DHA_15_1_767.jpg,61,DHA,,Male,15,,767,1.0
male/61/0_DHA_15_1_772.jpg,61,DHA,,Male,15,,772,1.0
male/61/0_DHA_15_1_772.jpg,61,DHA,,Male,15,,772,1.0
male/61/0_DHA_15_1_772.jpg,61,DHA,,Male,15,,772,1.0
male/61/0_DHA_15_1_772.jpg,61,DHA,,Male,15,,772,1.0
male/61/0_DHA_15_1_783.jpg,61,DHA,,Male,15,,783,1.0
male/61/0_DHA_15_1_783.jpg,61,DHA,,Male,15,,783,1.0
male/61/0_DHA_15_1_783.jpg,61,DHA,,Male,15,,783,1.0
male/61/0_DHA_15_1_787.jpg,61,DHA,,Male,15,,787,1.0
male/61/0_DHA_15_1_787.jpg,61,DHA,,Male,15,,787,1.0
male/61/0_DHA_15_1_793.jpg,61,DHA,,Male,15,,793,1.0
male/61/0_DHA_15_1_795.jpg,61,DHA,,Male,15,,795,1.0
male/61/0_DHA_15_1_795.jpg,61,DHA,,Male,15,,795,1.0
male/61/0_DHA_15_1_805.jpg,61,DHA,,Male,15,,805,1.0
male/61/0_DHA_15_1_806.jpg,61,DHA,,Male,15,,806,1.0
male/61/0_DHA_15_1_808.jpg,61,DHA,,Male,15,,808,1.0
male/61/0_DHA_15_1_808.jpg,61,DHA,,Male,15,,808,1.0
male/61/0_DHA_15_1_811.jpg,61,DHA,,Male,15,,811,1.0
male/61/0_DHA_15_1_811.jpg,61,DHA,,Male,15,,811,1.0
male/61/0_DHA_15_1_813.jpg,61,DHA,,Male,15,,813,1.0
male/61/0_DHA_15_1_813.jpg,61,DHA,,Male,15,,813,1.0
male/61/0_DHA_15_1_814.jpg,61,DHA,,Male,15,,814,1.0
male/61/0_DHA_15_1_816.jpg,61,DHA,,Male,15,,816,1.0
male/61/0_DHA_15_1_824.jpg,61,DHA,,Male,15,,824,1.0
male/61/0_DHA_15_1_826.jpg,61,DHA,,Male,15,,826,1.0
male/61/0_DHA_15_1_826.jpg,61,DHA,,Male,15,,826,1.0
male/61/0_DHA_15_1_826.jpg,61,DHA,,Male,15,,826,1.0
male/61/0_DHA_15_1_840.jpg,61,DHA,,Male,15,,840,1.0
male/61/0_DHA_15_1_843.jpg,61,DHA,,Male,15,,843,1.0
male/61/0_DHA_15_1_852.jpg,61,DHA,,Male,15,,852,1.0
male/61/0_DHA_15_1_852.jpg,61,DHA,,Male,15,,852,1.0
male/61/0_DHA_15_1_854.jpg,61,DHA,,Male,15,,854,1.0
male/61/0_DHA_15_1_854.jpg,61,DHA,,Male,15,,854,1.0
male/61/0_DHA_15_1_854.jpg,61,DHA,,Male,15,,854,1.0
male/61/0_DHA_15_1_856.jpg,61,DHA,,Male,15,,856,1.0
male/61/0_DHA_15_1_856.jpg,61,DHA,,Male,15,,856,1.0
male/61/0_DHA_15_1_856.jpg,61,DHA,,Male,15,,856,1.0
male/61/0_DHA_15_1_859.jpg,61,DHA,,Male,15,,859,1.0
male/61/0_DHA_15_1_869.jpg,61,DHA,,Male,15,,869,1.0
male/61/0_DHA_15_1_871.jpg,61,DHA,,Male,15,,871,1.0
male/61/0_DHA_15_1_871.jpg,61,DHA,,Male,15,,871,1.0
male/61/0_DHA_15_1_871.jpg,61,DHA,,Male,15,,871,1.0
male/61/0_DHA_15_1_871.jpg,61,DHA,,Male,15,,871,1.0
male/61/0_DHA_15_1_890.jpg,61,DHA,,Male,15,,890,1.0
male/61/0_DHA_15_1_890.jpg,61,DHA,,Male,15,,890,1.0
male/61/0_DHA_15_1_891.jpg,61,DHA,,Male,15,,891,1.0
male/61/0_DHA_15_1_897.jpg,61,DHA,,Male,15,,897,1.0
male/61/0_DHA_15_1_897.jpg,61,DHA,,Male,15,,897,1.0
male/61/0_DHA_15_1_918.jpg,61,DHA,,Male,15,,918,1.0
male/61/0_DHA_15_1_920.jpg,61,DHA,,Male,15,,920,1.0
male/61/0_DHA_15_1_920.jpg,61,DHA,,Male,15,,920,1.0
male/61/0_DHA_15_1_920.jpg,61,DHA,,Male,15,,920,1.0
male/61/0_DHA_15_1_925.jpg,61,DHA,,Male,15,,925,1.0
male/61/0_DHA_15_1_925.jpg,61,DHA,,Male,15,,925,1.0
male/61/0_DHA_15_1_925.jpg,61,DHA,,Male,15,,925,1.0
male/61/0_DHA_15_1_925.jpg,61,DHA,,Male,15,,925,1.0
male/61/0_DHA_15_1_928.jpg,61,DHA,,Male,15,,928,1.0
male/61/0_DHA_16_1_1083.jpg,61,DHA,,Male,16,,1083,1.0
male/61/0_DHA_16_1_1091.jpg,61,DHA,,Male,16,,1091,1.0
male/61/0_DHA_16_1_1091.jpg,61,DHA,,Male,16,,1091,1.0
male/61/0_DHA_16_1_1094.jpg,61,DHA,,Male,16,,1094,1.0
male/61/0_DHA_16_1_1094.jpg,61,DHA,,Male,16,,1094,1.0
male/61/0_DHA_16_1_1094.jpg,61,DHA,,Male,16,,1094,1.0
male/61/0_DHA_16_1_1094.jpg,61,DHA,,Male,16,,1094,1.0
male/61/0_DHA_16_1_1098.jpg,61,DHA,,Male,16,,1098,1.0
male/61/0_DHA_16_1_1098.jpg,61,DHA,,Male,16,,1098,1.0
male/61/0_DHA_16_1_1098.jpg,61,DHA,,Male,16,,1098,1.0
male/61/0_DHA_16_1_1098.jpg,61,DHA,,Male,16,,1098,1.0
male/61/0_DHA_16_1_1110.jpg,61,DHA,,Male,16,,1110,1.0
male/61/0_DHA_16_1_1173.jpg,61,DHA,,Male,16,,1173,1.0
male/61/0_DHA_16_1_1176.jpg,61,DHA,,Male,16,,1176,1.0
male/61/0_DHA_16_1_1176.jpg,61,DHA,,Male,16,,1176,1.0
male/61/0_DHA_16_1_1215.jpg,61,DHA,,Male,16,,1215,1.0
male/61/0_DHA_16_1_1217.jpg,61,DHA,,Male,16,,1217,1.0
male/61/0_DHA_16_1_1217.jpg,61,DHA,,Male,16,,1217,1.0
male/61/0_DHA_16_1_1217.jpg,61,DHA,,Male,16,,1217,1.0
male/61/0_DHA_16_1_1217.jpg,61,DHA,,Male,16,,1217,1.0
male/61/0_DHA_16_1_1245.jpg,61,DHA,,Male,16,,1245,1.0
male/61/0_DHA_16_1_1245.jpg,61,DHA,,Male,16,,1245,1.0
male/61/0_DHA_16_1_1249.jpg,61,DHA,,Male,16,,1249,1.0
male/61/0_DHA_16_1_1274.jpg,61,DHA,,Male,16,,1274,1.0
male/61/0_DHA_16_1_388.jpg,61,DHA,,Male,16,,388,1.0
male/61/0_DHA_16_1_392.jpg,61,DHA,,Male,16,,392,1.0
male/61/0_DHA_16_1_392.jpg,61,DHA,,Male,16,,392,1.0
male/61/0_DHA_16_1_396.jpg,61,DHA,,Male,16,,396,1.0
male/61/0_DHA_16_1_410.jpg,61,DHA,,Male,16,,410,1.0
male/61/0_DHA_16_1_410.jpg,61,DHA,,Male,16,,410,1.0
male/61/0_DHA_16_1_410.jpg,61,DHA,,Male,16,,410,1.0
male/61/0_DHA_16_1_415.jpg,61,DHA,,Male,16,,415,1.0
male/61/0_DHA_16_1_417.jpg,61,DHA,,Male,16,,417,1.0
male/61/0_DHA_16_1_419.jpg,61,DHA,,Male,16,,419,1.0
male/61/0_DHA_16_1_421.jpg,61,DHA,,Male,16,,421,1.0
male/61/0_DHA_16_1_421.jpg,61,DHA,,Male,16,,421,1.0
male/61/0_DHA_16_1_423.jpg,61,DHA,,Male,16,,423,1.0
male/61/0_DHA_16_1_423.jpg,61,DHA,,Male,16,,423,1.0
male/61/0_DHA_16_1_423.jpg,61,DHA,,Male,16,,423,1.0
male/61/0_DHA_16_1_432.jpg,61,DHA,,Male,16,,432,1.0
male/61/0_DHA_16_1_440.jpg,61,DHA,,Male,16,,440,1.0
male/61/0_DHA_16_1_441.jpg,61,DHA,,Male,16,,441,1.0
male/61/0_DHA_16_1_443.jpg,61,DHA,,Male,16,,443,1.0
male/61/0_DHA_16_1_446.jpg,61,DHA,,Male,16,,446,1.0
male/61/0_DHA_16_1_462.jpg,61,DHA,,Male,16,,462,1.0
male/61/0_DHA_16_1_463.jpg,61,DHA,,Male,16,,463,1.0
male/61/0_DHA_16_1_463.jpg,61,DHA,,Male,16,,463,1.0
male/61/0_DHA_16_1_504.jpg,61,DHA,,Male,16,,504,1.0
male/61/0_DHA_16_1_504.jpg,61,DHA,,Male,16,,504,1.0
male/61/0_DHA_16_1_507.jpg,61,DHA,,Male,16,,507,1.0
male/61/0_DHA_16_1_567.jpg,61,DHA,,Male,16,,567,1.0
male/61/0_DHA_16_1_567.jpg,61,DHA,,Male,16,,567,1.0
male/61/0_DHA_16_1_571.jpg,61,DHA,,Male,16,,571,1.0
male/61/0_DHA_16_1_571.jpg,61,DHA,,Male,16,,571,1.0
male/61/0_DHA_16_1_571.jpg,61,DHA,,Male,16,,571,1.0
male/61/0_DHA_16_1_578.jpg,61,DHA,,Male,16,,578,1.0
male/61/0_DHA_16_1_580.jpg,61,DHA,,Male,16,,580,1.0
male/61/0_DHA_16_1_584.jpg,61,DHA,,Male,16,,584,1.0
male/61/0_DHA_16_1_768.jpg,61,DHA,,Male,16,,768,1.0
male/61/0_DHA_16_1_768.jpg,61,DHA,,Male,16,,768,1.0
male/61/0_DHA_16_1_773.jpg,61,DHA,,Male,16,,773,1.0
male/61/0_DHA_16_1_773.jpg,61,DHA,,Male,16,,773,1.0
male/61/0_DHA_16_1_782.jpg,61,DHA,,Male,16,,782,1.0
male/61/0_DHA_16_1_785.jpg,61,DHA,,Male,16,,785,1.0
male/61/0_DHA_16_1_786.jpg,61,DHA,,Male,16,,786,1.0
male/61/0_DHA_16_1_786.jpg,61,DHA,,Male,16,,786,1.0
male/61/0_DHA_16_1_836.jpg,61,DHA,,Male,16,,836,1.0
male/61/0_DHA_16_1_842.jpg,61,DHA,,Male,16,,842,1.0
male/61/0_DHA_16_1_844.jpg,61,DHA,,Male,16,,844,1.0
male/61/0_DHA_16_1_844.jpg,61,DHA,,Male,16,,844,1.0
male/61/0_DHA_16_1_844.jpg,61,DHA,,Male,16,,844,1.0
male/61/0_DHA_16_1_848.jpg,61,DHA,,Male,16,,848,1.0
male/61/0_DHA_16_1_848.jpg,61,DHA,,Male,16,,848,1.0
male/61/0_DHA_16_1_860.jpg,61,DHA,,Male,16,,860,1.0
male/61/0_DHA_16_1_860.jpg,61,DHA,,Male,16,,860,1.0
male/61/0_DHA_16_1_862.jpg,61,DHA,,Male,16,,862,1.0
male/61/0_DHA_16_1_862.jpg,61,DHA,,Male,16,,862,1.0
male/61/0_DHA_16_1_862.jpg,61,DHA,,Male,16,,862,1.0
male/61/0_DHA_16_1_867.jpg,61,DHA,,Male,16,,867,1.0
male/61/0_DHA_16_1_903.jpg,61,DHA,,Male,16,,903,1.0
male/61/0_DHA_16_1_903.jpg,61,DHA,,Male,16,,903,1.0
male/61/0_DHA_16_1_950.jpg,61,DHA,,Male,16,,950,1.0
male/61/0_DHA_16_1_950.jpg,61,DHA,,Male,16,,950,1.0
male/61/0_DHA_16_1_950.jpg,61,DHA,,Male,16,,950,1.0
male/61/0_DHA_16_2_1015.jpg,61,DHA,,Male,16,,1015,2.0
male/61/0_DHA_16_2_1015.jpg,61,DHA,,Male,16,,1015,2.0
male/61/0_DHA_16_2_1032.jpg,61,DHA,,Male,16,,1032,2.0
male/61/0_DHA_16_2_1032.jpg,61,DHA,,Male,16,,1032,2.0
male/61/0_DHA_16_2_110.jpg,61,DHA,,Male,16,,110,2.0
male/61/0_DHA_16_2_1293.jpg,61,DHA,,Male,16,,1293,2.0
male/61/0_DHA_16_2_748.jpg,61,DHA,,Male,16,,748,2.0
male/61/0_DHA_17_1_1088.jpg,61,DHA,,Male,17,,1088,1.0
male/61/0_DHA_17_1_1106.jpg,61,DHA,,Male,17,,1106,1.0
male/61/0_DHA_17_1_1118.jpg,61,DHA,,Male,17,,1118,1.0
male/61/0_DHA_17_1_1146.jpg,61,DHA,,Male,17,,1146,1.0
male/61/0_DHA_17_1_387.jpg,61,DHA,,Male,17,,387,1.0
male/61/0_DHA_17_1_387.jpg,61,DHA,,Male,17,,387,1.0
male/61/0_DHA_17_1_406.jpg,61,DHA,,Male,17,,406,1.0
male/61/0_DHA_17_1_406.jpg,61,DHA,,Male,17,,406,1.0
male/61/0_DHA_17_1_414.jpg,61,DHA,,Male,17,,414,1.0
male/61/0_DHA_17_1_444.jpg,61,DHA,,Male,17,,444,1.0
male/61/0_DHA_17_1_444.jpg,61,DHA,,Male,17,,444,1.0
male/61/0_DHA_17_1_444.jpg,61,DHA,,Male,17,,444,1.0
male/61/0_DHA_17_1_473.jpg,61,DHA,,Male,17,,473,1.0
male/61/0_DHA_17_1_847.jpg,61,DHA,,Male,17,,847,1.0
male/61/0_DHA_17_2_1011.jpg,61,DHA,,Male,17,,1011,2.0
male/61/0_DHA_17_2_1017.jpg,61,DHA,,Male,17,,1017,2.0
male/61/0_DHA_17_2_1038.jpg,61,DHA,,Male,17,,1038,2.0
male/61/0_DHA_17_2_1039.jpg,61,DHA,,Male,17,,1039,2.0
male/61/0_DHA_17_2_1043.jpg,61,DHA,,Male,17,,1043,2.0
male/61/0_DHA_17_2_1051.jpg,61,DHA,,Male,17,,1051,2.0
male/61/0_DHA_17_2_115.jpg,61,DHA,,Male,17,,115,2.0
male/61/0_DHA_17_2_1179.jpg,61,DHA,,Male,17,,1179,2.0
male/61/0_DHA_17_2_118.jpg,61,DHA,,Male,17,,118,2.0
male/61/0_DHA_17_2_1188.jpg,61,DHA,,Male,17,,1188,2.0
male/61/0_DHA_17_2_1201.jpg,61,DHA,,Male,17,,1201,2.0
male/61/0_DHA_17_2_1201.jpg,61,DHA,,Male,17,,1201,2.0
male/61/0_DHA_17_2_121.jpg,61,DHA,,Male,17,,121,2.0
male/61/0_DHA_17_2_121.jpg,61,DHA,,Male,17,,121,2.0
male/61/0_DHA_17_2_128.jpg,61,DHA,,Male,17,,128,2.0
male/61/0_DHA_17_2_129.jpg,61,DHA,,Male,17,,129,2.0
male/61/0_DHA_17_2_142.jpg,61,DHA,,Male,17,,142,2.0
male/61/0_DHA_17_2_165.jpg,61,DHA,,Male,17,,165,2.0
male/61/0_DHA_17_2_165.jpg,61,DHA,,Male,17,,165,2.0
male/61/0_DHA_17_2_52.jpg,61,DHA,,Male,17,,52,2.0
male/61/0_DHA_17_2_56.jpg,61,DHA,,Male,17,,56,2.0
male/61/0_DHA_17_2_56.jpg,61,DHA,,Male,17,,56,2.0
male/61/0_DHA_17_2_56.jpg,61,DHA,,Male,17,,56,2.0
male/61/0_DHA_17_2_58.jpg,61,DHA,,Male,17,,58,2.0
male/61/0_DHA_17_2_74.jpg,61,DHA,,Male,17,,74,2.0
male/61/0_DHA_17_2_74.jpg,61,DHA,,Male,17,,74,2.0
male/61/0_DHA_17_2_74.jpg,61,DHA,,Male,17,,74,2.0
male/61/0_DHA_17_2_743.jpg,61,DHA,,Male,17,,743,2.0
male/61/0_DHA_17_2_744.jpg,61,DHA,,Male,17,,744,2.0
male/61/0_DHA_17_2_744.jpg,61,DHA,,Male,17,,744,2.0
male/61/0_DHA_17_2_80.jpg,61,DHA,,Male,17,,80,2.0
male/61/0_DHA_17_2_952.jpg,61,DHA,,Male,17,,952,2.0
male/61/0_DHA_17_2_952.jpg,61,DHA,,Male,17,,952,2.0
male/61/0_DHA_17_2_958.jpg,61,DHA,,Male,17,,958,2.0
male/61/0_DHA_18_1_1219.jpg,61,DHA,,Male,18,,1219,1.0
male/61/0_DHA_18_1_465.jpg,61,DHA,,Male,18,,465,1.0
male/61/0_DHA_18_2_1002.jpg,61,DHA,,Male,18,,1002,2.0
male/61/0_DHA_18_2_1002.jpg,61,DHA,,Male,18,,1002,2.0
male/61/0_DHA_18_2_1008.jpg,61,DHA,,Male,18,,1008,2.0
male/61/0_DHA_18_2_1008.jpg,61,DHA,,Male,18,,1008,2.0
male/61/0_DHA_18_2_104.jpg,61,DHA,,Male,18,,104,2.0
male/61/0_DHA_18_2_107.jpg,61,DHA,,Male,18,,107,2.0
male/61/0_DHA_18_2_107.jpg,61,DHA,,Male,18,,107,2.0
male/61/0_DHA_18_2_114.jpg,61,DHA,,Male,18,,114,2.0
male/61/0_DHA_18_2_116.jpg,61,DHA,,Male,18,,116,2.0
male/61/0_DHA_18_2_116.jpg,61,DHA,,Male,18,,116,2.0
male/61/0_DHA_18_2_116.jpg,61,DHA,,Male,18,,116,2.0
male/61/0_DHA_18_2_1186.jpg,61,DHA,,Male,18,,1186,2.0
male/61/0_DHA_18_2_1186.jpg,61,DHA,,Male,18,,1186,2.0
male/61/0_DHA_18_2_1191.jpg,61,DHA,,Male,18,,1191,2.0
male/61/0_DHA_18_2_1191.jpg,61,DHA,,Male,18,,1191,2.0
male/61/0_DHA_18_2_1191.jpg,61,DHA,,Male,18,,1191,2.0
male/61/0_DHA_18_2_1193.jpg,61,DHA,,Male,18,,1193,2.0
male/61/0_DHA_18_2_1193.jpg,61,DHA,,Male,18,,1193,2.0
male/61/0_DHA_18_2_1193.jpg,61,DHA,,Male,18,,1193,2.0
male/61/0_DHA_18_2_1193.jpg,61,DHA,,Male,18,,1193,2.0
male/61/0_DHA_18_2_1193.jpg,61,DHA,,Male,18,,1193,2.0
male/61/0_DHA_18_2_1195.jpg,61,DHA,,Male,18,,1195,2.0
male/61/0_DHA_18_2_127.jpg,61,DHA,,Male,18,,127,2.0
male/61/0_DHA_18_2_1300.jpg,61,DHA,,Male,18,,1300,2.0
male/61/0_DHA_18_2_134.jpg,61,DHA,,Male,18,,134,2.0
male/61/0_DHA_18_2_151.jpg,61,DHA,,Male,18,,151,2.0
male/61/0_DHA_18_2_152.jpg,61,DHA,,Male,18,,152,2.0
male/61/0_DHA_18_2_153.jpg,61,DHA,,Male,18,,153,2.0
male/61/0_DHA_18_2_157.jpg,61,DHA,,Male,18,,157,2.0
male/61/0_DHA_18_2_382.jpg,61,DHA,,Male,18,,382,2.0
male/61/0_DHA_18_2_385.jpg,61,DHA,,Male,18,,385,2.0
male/61/0_DHA_18_2_385.jpg,61,DHA,,Male,18,,385,2.0
male/61/0_DHA_18_2_469.jpg,61,DHA,,Male,18,,469,2.0
male/61/0_DHA_18_2_53.jpg,61,DHA,,Male,18,,53,2.0
male/61/0_DHA_18_2_53.jpg,61,DHA,,Male,18,,53,2.0
male/61/0_DHA_18_2_64.jpg,61,DHA,,Male,18,,64,2.0
male/61/0_DHA_18_2_742.jpg,61,DHA,,Male,18,,742,2.0
male/61/0_DHA_18_2_742.jpg,61,DHA,,Male,18,,742,2.0
male/61/0_DHA_18_2_742.jpg,61,DHA,,Male,18,,742,2.0
male/61/0_DHA_18_2_76.jpg,61,DHA,,Male,18,,76,2.0
male/61/0_DHA_18_2_761.jpg,61,DHA,,Male,18,,761,2.0
male/61/0_DHA_18_2_79.jpg,61,DHA,,Male,18,,79,2.0
male/61/0_DHA_18_2_79.jpg,61,DHA,,Male,18,,79,2.0
male/61/0_DHA_18_2_81.jpg,61,DHA,,Male,18,,81,2.0
male/61/0_DHA_18_2_86.jpg,61,DHA,,Male,18,,86,2.0
male/61/0_DHA_18_2_90.jpg,61,DHA,,Male,18,,90,2.0
male/61/0_DHA_18_2_90.jpg,61,DHA,,Male,18,,90,2.0
male/61/0_DHA_18_2_955.jpg,61,DHA,,Male,18,,955,2.0
male/61/0_DHA_18_2_956.jpg,61,DHA,,Male,18,,956,2.0
male/61/0_DHA_18_2_956.jpg,61,DHA,,Male,18,,956,2.0
male/61/0_DHA_18_2_956.jpg,61,DHA,,Male,18,,956,2.0
male/61/0_DHA_18_2_956.jpg,61,DHA,,Male,18,,956,2.0
male/61/0_DHA_18_2_965.jpg,61,DHA,,Male,18,,965,2.0
male/61/0_DHA_18_2_970.jpg,61,DHA,,Male,18,,970,2.0
male/61/0_DHA_18_2_970.jpg,61,DHA,,Male,18,,970,2.0
male/61/0_DHA_18_2_970.jpg,61,DHA,,Male,18,,970,2.0
male/61/0_DHA_18_2_988.jpg,61,DHA,,Male,18,,988,2.0
male/61/0_DHA_19_2_100.jpg,61,DHA,,Male,19,,100,2.0
male/61/0_DHA_19_2_100.jpg,61,DHA,,Male,19,,100,2.0
male/61/0_DHA_19_2_1198.jpg,61,DHA,,Male,19,,1198,2.0
male/61/0_DHA_19_2_1198.jpg,61,DHA,,Male,19,,1198,2.0
male/61/0_DHA_19_2_158.jpg,61,DHA,,Male,19,,158,2.0
male/61/0_DHA_19_2_158.jpg,61,DHA,,Male,19,,158,2.0
male/61/0_DHA_19_2_159.jpg,61,DHA,,Male,19,,159,2.0
male/61/0_DHA_19_2_161.jpg,61,DHA,,Male,19,,161,2.0
male/61/0_DHA_19_2_161.jpg,61,DHA,,Male,19,,161,2.0
male/61/0_DHA_19_2_161.jpg,61,DHA,,Male,19,,161,2.0
male/61/0_DHA_19_2_162.jpg,61,DHA,,Male,19,,162,2.0
male/61/0_DHA_19_2_59.jpg,61,DHA,,Male,19,,59,2.0
male/61/0_DHA_19_2_71.jpg,61,DHA,,Male,19,,71,2.0
male/61/0_DHA_19_2_71.jpg,61,DHA,,Male,19,,71,2.0
male/61/0_DHA_19_2_745.jpg,61,DHA,,Male,19,,745,2.0
male/61/0_DHA_19_2_759.jpg,61,DHA,,Male,19,,759,2.0
male/61/0_DHA_19_2_91.jpg,61,DHA,,Male,19,,91,2.0
male/61/0_DHA_19_2_91.jpg,61,DHA,,Male,19,,91,2.0
male/61/0_DHA_19_2_96.jpg,61,DHA,,Male,19,,96,2.0
male/61/0_DHA_19_2_96.jpg,61,DHA,,Male,19,,96,2.0
male/61/0_DHA_19_2_98.jpg,61,DHA,,Male,19,,98,2.0
male/61/0_DHA_20_3_154.jpg,61,DHA,,Male,20,,154,3.0
male/61/0_DHA_20_3_154.jpg,61,DHA,,Male,20,,154,3.0
male/61/0_DHA_20_3_154.jpg,61,DHA,,Male,20,,154,3.0
male/61/0_DHA_20_3_155.jpg,61,DHA,,Male,20,,155,3.0
male/61/0_DHA_20_3_155.jpg,61,DHA,,Male,20,,155,3.0
male/61/0_DHA_20_3_155.jpg,61,DHA,,Male,20,,155,3.0
male/61/0_DHA_21_3_254.jpg,61,DHA,,Male,21,,254,3.0
male/61/0_DHA_21_3_254.jpg,61,DHA,,Male,21,,254,3.0
male/61/0_DHA_23_1_506.jpg,61,DHA,,Male,23,,506,1.0
male/61/0_DHA_29_3_505.jpg,61,DHA,,Male,29,,505,3.0
male/61/0_DHA_29_3_505.jpg,61,DHA,,Male,29,,505,3.0
male/61/0_DHA_8_0_251.jpg,61,DHA,,Male,8,,251,0.0
male/61/0_DHA_9_0_692.jpg,61,DHA,,Male,9,,692,0.0
male/61/0_DHA_9_0_705.jpg,61,DHA,,Male,9,,705,0.0
male/61/0_DHA_9_0_705.jpg,61,DHA,,Male,9,,705,0.0
male/61/0_DHA_9_0_705.jpg,61,DHA,,Male,9,,705,0.0
male/61/0_DHA_9_0_707.jpg,61,DHA,,Male,9,,707,0.0
male/61/0_DHA_9_0_709.jpg,61,DHA,,Male,9,,709,0.0
male/61/0_DHA_9_0_709.jpg,61,DHA,,Male,9,,709,0.0
male/61/0_DHA_9_0_714.jpg,61,DHA,,Male,9,,714,0.0
male/61/0_DIN_17_2_985.jpg,61,DIN,,Male,17,,985,2.0
male/61/0_FAR_12_1_242.jpg,61,FAR,,Male,12,,242,1.0
male/61/0_FAR_12_1_242.jpg,61,FAR,,Male,12,,242,1.0
male/61/0_FAR_12_1_242.jpg,61,FAR,,Male,12,,242,1.0
male/61/0_FAR_13_1_1124.jpg,61,FAR,,Male,13,,1124,1.0
male/61/0_FAR_13_1_1124.jpg,61,FAR,,Male,13,,1124,1.0
male/61/0_FAR_13_1_328.jpg,61,FAR,,Male,13,,328,1.0
male/61/0_FAR_13_1_328.jpg,61,FAR,,Male,13,,328,1.0
male/61/0_FAR_13_1_328.jpg,61,FAR,,Male,13,,328,1.0
male/61/0_FAR_14_1_1147.jpg,61,FAR,,Male,14,,1147,1.0
male/61/0_FAR_14_1_1147.jpg,61,FAR,,Male,14,,1147,1.0
male/61/0_FAR_14_1_1285.jpg,61,FAR,,Male,14,,1285,1.0
male/61/0_FAR_14_1_893.jpg,61,FAR,,Male,14,,893,1.0
male/61/0_FAR_14_1_926.jpg,61,FAR,,Male,14,,926,1.0
male/61/0_FAR_14_1_926.jpg,61,FAR,,Male,14,,926,1.0
male/61/0_FAR_16_1_1074.jpg,61,FAR,,Male,16,,1074,1.0
male/61/0_FAR_16_1_1108.jpg,61,FAR,,Male,16,,1108,1.0
male/61/0_FAR_16_1_1108.jpg,61,FAR,,Male,16,,1108,1.0
male/61/0_FAR_18_2_119.jpg,61,FAR,,Male,18,,119,2.0
male/61/0_FAR_18_2_119.jpg,61,FAR,,Male,18,,119,2.0
male/61/0_FEN_13_1_1063.jpg,61,FEN,,Male,13,,1063,1.0
male/61/0_FEN_15_1_1139.jpg,61,FEN,,Male,15,,1139,1.0
male/61/0_FEN_15_1_1139.jpg,61,FEN,,Male,15,,1139,1.0
male/61/0_FEN_17_1_944.jpg,61,FEN,,Male,17,,944,1.0
male/61/0_FEN_17_2_979.jpg,61,FEN,,Male,17,,979,2.0
male/61/0_FEN_17_2_979.jpg,61,FEN,,Male,17,,979,2.0
male/61/0_FEN_18_2_983.jpg,61,FEN,,Male,18,,983,2.0
male/61/0_FEN_18_2_983.jpg,61,FEN,,Male,18,,983,2.0
male/61/0_FEN_18_2_983.jpg,61,FEN,,Male,18,,983,2.0
male/61/0_FEN_18_2_983.jpg,61,FEN,,Male,18,,983,2.0
male/61/0_FEN_18_2_983.jpg,61,FEN,,Male,18,,983,2.0
male/61/0_GAI_15_1_413.jpg,61,GAI,,Male,15,,413,1.0
male/61/0_GAZ_12_1_336.jpg,61,GAZ,,Male,12,,336,1.0
male/61/0_GOP_13_1_308.jpg,61,GOP,,Male,13,,308,1.0
male/61/0_GOP_13_1_308.jpg,61,GOP,,Male,13,,308,1.0
male/61/0_GOP_14_1_788.jpg,61,GOP,,Male,14,,788,1.0
male/61/0_GOP_14_1_904.jpg,61,GOP,,Male,14,,904,1.0
male/61/0_GOP_15_2_1049.jpg,61,GOP,,Male,15,,1049,2.0
male/61/0_GOP_15_2_1049.jpg,61,GOP,,Male,15,,1049,2.0
male/61/0_GOP_16_1_1120.jpg,61,GOP,,Male,16,,1120,1.0
male/61/0_GOP_16_1_411.jpg,61,GOP,,Male,16,,411,1.0
male/61/0_GOP_17_2_1001.jpg,61,GOP,,Male,17,,1001,2.0
male/61/0_GOP_17_2_1001.jpg,61,GOP,,Male,17,,1001,2.0
male/61/0_GOP_17_2_760.jpg,61,GOP,,Male,17,,760,2.0
male/61/0_GOP_17_2_760.jpg,61,GOP,,Male,17,,760,2.0
male/61/0_GOP_19_2_149.jpg,61,GOP,,Male,19,,149,2.0
male/61/0_GOP_19_2_149.jpg,61,GOP,,Male,19,,149,2.0
male/61/0_GOP_19_2_149.jpg,61,GOP,,Male,19,,149,2.0
male/61/0_GOP_19_2_149.jpg,61,GOP,,Male,19,,149,2.0
male/61/0_JAM_11_1_206.jpg,61,JAM,,Male,11,,206,1.0
male/61/0_JAM_11_1_206.jpg,61,JAM,,Male,11,,206,1.0
male/61/0_JAM_11_1_206.jpg,61,JAM,,Male,11,,206,1.0
male/61/0_JAM_14_1_428.jpg,61,JAM,,Male,14,,428,1.0
male/61/0_JAM_17_2_1053.jpg,61,JAM,,Male,17,,1053,2.0
male/61/0_JAM_17_2_1053.jpg,61,JAM,,Male,17,,1053,2.0
male/61/0_JAM_17_2_1053.jpg,61,JAM,,Male,17,,1053,2.0
male/61/0_JAM_18_2_105.jpg,61,JAM,,Male,18,,105,2.0
male/61/0_JHE_14_1_1287.jpg,61,JHE,,Male,14,,1287,1.0
male/61/0_JHE_14_1_1287.jpg,61,JHE,,Male,14,,1287,1.0
male/61/0_KHU_10_0_713.jpg,61,KHU,,Male,10,,713,0.0
male/61/0_KHU_16_1_452.jpg,61,KHU,,Male,16,,452,1.0
male/61/0_KHU_16_1_452.jpg,61,KHU,,Male,16,,452,1.0
male/61/0_KHU_16_1_838.jpg,61,KHU,,Male,16,,838,1.0
male/61/0_KIS_13_1_339.jpg,61,KIS,,Male,13,,339,1.0
male/61/0_KIS_13_1_339.jpg,61,KIS,,Male,13,,339,1.0
male/61/0_KIS_13_1_351.jpg,61,KIS,,Male,13,,351,1.0
male/61/0_KIS_15_1_900.jpg,61,KIS,,Male,15,,900,1.0
male/61/0_KIS_16_1_1080.jpg,61,KIS,,Male,16,,1080,1.0
male/61/0_KUS_14_1_1205.jpg,61,KUS,,Male,14,,1205,1.0
male/61/0_LAK_15_1_1158.jpg,61,LAK,,Male,15,,1158,1.0
male/61/0_LAK_15_1_1158.jpg,61,LAK,,Male,15,,1158,1.0
male/61/0_LAK_15_1_1158.jpg,61,LAK,,Male,15,,1158,1.0
male/61/0_LAK_15_1_899.jpg,61,LAK,,Male,15,,899,1.0
male/61/0_LAK_15_1_899.jpg,61,LAK,,Male,15,,899,1.0
male/61/0_LAK_15_1_899.jpg,61,LAK,,Male,15,,899,1.0
male/61/0_LAK_18_2_994.jpg,61,LAK,,Male,18,,994,2.0
male/61/0_MAD_12_1_667.jpg,61,MAD,,Male,12,,667,1.0
male/61/0_MAD_12_1_667.jpg,61,MAD,,Male,12,,667,1.0
male/61/0_MAD_14_1_1061.jpg,61,MAD,,Male,14,,1061,1.0
male/61/0_MAD_14_1_1061.jpg,61,MAD,,Male,14,,1061,1.0
male/61/0_MAD_14_1_1061.jpg,61,MAD,,Male,14,,1061,1.0
male/61/0_MAD_15_1_1122.jpg,61,MAD,,Male,15,,1122,1.0
male/61/0_MAD_15_1_1135.jpg,61,MAD,,Male,15,,1135,1.0
male/61/0_MAD_16_1_429.jpg,61,MAD,,Male,16,,429,1.0
male/61/0_MAD_17_2_1055.jpg,61,MAD,,Male,17,,1055,2.0
male/61/0_MAD_17_2_1183.jpg,61,MAD,,Male,17,,1183,2.0
male/61/0_MAD_17_2_1185.jpg,61,MAD,,Male,17,,1185,2.0
male/61/0_MAD_17_2_125.jpg,61,MAD,,Male,17,,125,2.0
male/61/0_MAD_17_2_125.jpg,61,MAD,,Male,17,,125,2.0
male/61/0_MAD_17_2_125.jpg,61,MAD,,Male,17,,125,2.0
male/61/0_MAD_17_2_125.jpg,61,MAD,,Male,17,,125,2.0
male/61/0_MAD_17_2_125.jpg,61,MAD,,Male,17,,125,2.0
male/61/0_MAD_18_2_472.jpg,61,MAD,,Male,18,,472,2.0
male/61/0_MAD_18_2_472.jpg,61,MAD,,Male,18,,472,2.0
male/61/0_MUN_11_1_677.jpg,61,MUN,,Male,11,,677,1.0
male/61/0_MUN_11_1_677.jpg,61,MUN,,Male,11,,677,1.0
male/61/0_MUN_12_1_1204.jpg,61,MUN,,Male,12,,1204,1.0
male/61/0_MUN_12_1_305.jpg,61,MUN,,Male,12,,305,1.0
male/61/0_MUN_12_1_305.jpg,61,MUN,,Male,12,,305,1.0
male/61/0_MUN_12_1_305.jpg,61,MUN,,Male,12,,305,1.0
male/61/0_MUN_12_1_305.jpg,61,MUN,,Male,12,,305,1.0
male/61/0_MUN_12_1_342.jpg,61,MUN,,Male,12,,342,1.0
male/61/0_MUN_12_1_668.jpg,61,MUN,,Male,12,,668,1.0
male/61/0_MUN_13_1_1121.jpg,61,MUN,,Male,13,,1121,1.0
male/61/0_MUN_13_1_1202.jpg,61,MUN,,Male,13,,1202,1.0
male/61/0_MUN_13_1_1202.jpg,61,MUN,,Male,13,,1202,1.0
male/61/0_MUN_13_1_1202.jpg,61,MUN,,Male,13,,1202,1.0
male/61/0_MUN_13_1_1202.jpg,61,MUN,,Male,13,,1202,1.0
male/61/0_MUN_13_1_673.jpg,61,MUN,,Male,13,,673,1.0
male/61/0_MUN_14_1_1058.jpg,61,MUN,,Male,14,,1058,1.0
male/61/0_MUN_14_1_1066.jpg,61,MUN,,Male,14,,1066,1.0
male/61/0_MUN_14_1_1101.jpg,61,MUN,,Male,14,,1101,1.0
male/61/0_MUN_14_1_1101.jpg,61,MUN,,Male,14,,1101,1.0
male/61/0_MUN_14_1_1101.jpg,61,MUN,,Male,14,,1101,1.0
male/61/0_MUN_14_1_1113.jpg,61,MUN,,Male,14,,1113,1.0
male/61/0_MUN_14_1_1113.jpg,61,MUN,,Male,14,,1113,1.0
male/61/0_MUN_14_1_1129.jpg,61,MUN,,Male,14,,1129,1.0
male/61/0_MUN_14_1_1129.jpg,61,MUN,,Male,14,,1129,1.0
male/61/0_MUN_14_1_1157.jpg,61,MUN,,Male,14,,1157,1.0
male/61/0_MUN_14_1_1261.jpg,61,MUN,,Male,14,,1261,1.0
male/61/0_MUN_14_1_796.jpg,61,MUN,,Male,14,,796,1.0
male/61/0_MUN_14_1_878.jpg,61,MUN,,Male,14,,878,1.0
male/61/0_MUN_15_1_1155.jpg,61,MUN,,Male,15,,1155,1.0
male/61/0_MUN_15_1_1165.jpg,61,MUN,,Male,15,,1165,1.0
male/61/0_MUN_15_1_1243.jpg,61,MUN,,Male,15,,1243,1.0
male/61/0_MUN_15_1_1246.jpg,61,MUN,,Male,15,,1246,1.0
male/61/0_MUN_15_1_1248.jpg,61,MUN,,Male,15,,1248,1.0
male/61/0_MUN_15_1_1248.jpg,61,MUN,,Male,15,,1248,1.0
male/61/0_MUN_15_1_1251.jpg,61,MUN,,Male,15,,1251,1.0
male/61/0_MUN_15_1_1263.jpg,61,MUN,,Male,15,,1263,1.0
male/61/0_MUN_15_1_1263.jpg,61,MUN,,Male,15,,1263,1.0
male/61/0_MUN_15_1_1291.jpg,61,MUN,,Male,15,,1291,1.0
male/61/0_MUN_15_1_839.jpg,61,MUN,,Male,15,,839,1.0
male/61/0_MUN_15_1_880.jpg,61,MUN,,Male,15,,880,1.0
male/61/0_MUN_15_1_880.jpg,61,MUN,,Male,15,,880,1.0
male/61/0_MUN_15_1_880.jpg,61,MUN,,Male,15,,880,1.0
male/61/0_MUN_16_1_1114.jpg,61,MUN,,Male,16,,1114,1.0
male/61/0_MUN_16_2_747.jpg,61,MUN,,Male,16,,747,2.0
male/61/0_MUN_17_2_1295.jpg,61,MUN,,Male,17,,1295,2.0
male/61/0_MUN_17_2_1295.jpg,61,MUN,,Male,17,,1295,2.0
male/61/0_MUN_17_2_1297.jpg,61,MUN,,Male,17,,1297,2.0
male/61/0_MUN_17_2_1297.jpg,61,MUN,,Male,17,,1297,2.0
male/61/0_MUN_17_2_948.jpg,61,MUN,,Male,17,,948,2.0
male/61/0_MUN_17_2_948.jpg,61,MUN,,Male,17,,948,2.0
male/61/0_MUN_17_2_954.jpg,61,MUN,,Male,17,,954,2.0
male/61/0_MUN_17_2_954.jpg,61,MUN,,Male,17,,954,2.0
male/61/0_MUN_18_2_1027.jpg,61,MUN,,Male,18,,1027,2.0
male/61/0_MUN_18_2_1027.jpg,61,MUN,,Male,18,,1027,2.0
male/61/0_MUN_18_2_1181.jpg,61,MUN,,Male,18,,1181,2.0
male/61/0_MUN_18_2_943.jpg,61,MUN,,Male,18,,943,2.0
male/61/0_MUN_18_2_960.jpg,61,MUN,,Male,18,,960,2.0
male/61/0_MYM_12_1_334.jpg,61,MYM,,Male,12,,334,1.0
male/61/0_MYM_12_1_334.jpg,61,MYM,,Male,12,,334,1.0
male/61/0_MYM_12_1_334.jpg,61,MYM,,Male,12,,334,1.0
male/61/0_MYM_15_1_911.jpg,61,MYM,,Male,15,,911,1.0
male/61/0_MYM_16_1_1087.jpg,61,MYM,,Male,16,,1087,1.0
male/61/0_NAR_12_1_344.jpg,61,NAR,,Male,12,,344,1.0
male/61/0_NAR_12_1_344.jpg,61,NAR,,Male,12,,344,1.0
male/61/0_NAR_14_1_1060.jpg,61,NAR,,Male,14,,1060,1.0
male/61/0_NAR_14_1_1060.jpg,61,NAR,,Male,14,,1060,1.0
male/61/0_NAR_14_1_1060.jpg,61,NAR,,Male,14,,1060,1.0
male/61/0_NAR_14_1_872.jpg,61,NAR,,Male,14,,872,1.0
male/61/0_NAR_14_1_872.jpg,61,NAR,,Male,14,,872,1.0
male/61/0_NAR_15_1_1276.jpg,61,NAR,,Male,15,,1276,1.0
male/61/0_NAR_15_1_1276.jpg,61,NAR,,Male,15,,1276,1.0
male/61/0_NAR_16_1_875.jpg,61,NAR,,Male,16,,875,1.0
male/61/0_NAR_16_1_875.jpg,61,NAR,,Male,16,,875,1.0
male/61/0_NAR_16_1_875.jpg,61,NAR,,Male,16,,875,1.0
male/61/0_NAR_18_2_1213.jpg,61,NAR,,Male,18,,1213,2.0
male/61/0_NAR_18_2_97.jpg,61,NAR,,Male,18,,97,2.0
male/61/0_NAR_19_2_1229.jpg,61,NAR,,Male,19,,1229,2.0
male/61/0_NAT_11_1_27.jpg,61,NAT,,Male,11,,27,1.0
male/61/0_NAT_15_1_780.jpg,61,NAT,,Male,15,,780,1.0
male/61/0_NOA_11_1_241.jpg,61,NOA,,Male,11,,241,1.0
male/61/0_NOA_11_1_241.jpg,61,NOA,,Male,11,,241,1.0
male/61/0_NOA_11_1_337.jpg,61,NOA,,Male,11,,337,1.0
male/61/0_NOA_11_1_337.jpg,61,NOA,,Male,11,,337,1.0
male/61/0_NOA_12_1_18.jpg,61,NOA,,Male,12,,18,1.0
male/61/0_NOA_12_1_18.jpg,61,NOA,,Male,12,,18,1.0
male/61/0_NOA_13_1_1163.jpg,61,NOA,,Male,13,,1163,1.0
male/61/0_NOA_13_1_1163.jpg,61,NOA,,Male,13,,1163,1.0
male/61/0_NOA_13_1_1163.jpg,61,NOA,,Male,13,,1163,1.0
male/61/0_NOA_13_1_652.jpg,61,NOA,,Male,13,,652,1.0
male/61/0_NOA_13_1_861.jpg,61,NOA,,Male,13,,861,1.0
male/61/0_NOA_14_1_1150.jpg,61,NOA,,Male,14,,1150,1.0
male/61/0_NOA_15_1_906.jpg,61,NOA,,Male,15,,906,1.0
male/61/0_NOA_16_1_386.jpg,61,NOA,,Male,16,,386,1.0
male/61/0_NOA_16_1_386.jpg,61,NOA,,Male,16,,386,1.0
male/61/0_NOA_16_1_437.jpg,61,NOA,,Male,16,,437,1.0
male/61/0_NOA_17_2_1010.jpg,61,NOA,,Male,17,,1010,2.0
male/61/0_NOA_17_2_1010.jpg,61,NOA,,Male,17,,1010,2.0
male/61/0_NOA_17_2_1010.jpg,61,NOA,,Male,17,,1010,2.0
male/61/0_NOA_17_2_1052.jpg,61,NOA,,Male,17,,1052,2.0
male/61/0_NOA_17_2_758.jpg,61,NOA,,Male,17,,758,2.0
male/61/0_NOA_17_2_758.jpg,61,NOA,,Male,17,,758,2.0
male/61/0_NOA_17_2_758.jpg,61,NOA,,Male,17,,758,2.0
male/61/0_NOA_18_1_383.jpg,61,NOA,,Male,18,,383,1.0
male/61/0_NOA_18_1_383.jpg,61,NOA,,Male,18,,383,1.0
male/61/0_NOA_18_2_976.jpg,61,NOA,,Male,18,,976,2.0
male/61/0_NOA_19_2_101.jpg,61,NOA,,Male,19,,101,2.0
male/61/0_NOA_19_2_101.jpg,61,NOA,,Male,19,,101,2.0
male/61/0_NOA_19_2_101.jpg,61,NOA,,Male,19,,101,2.0
male/61/0_PAB_14_1_1247.jpg,61,PAB,,Male,14,,1247,1.0
male/61/0_PAB_18_2_947.jpg,61,PAB,,Male,18,,947,2.0
male/61/0_PAT_13_1_11.jpg,61,PAT,,Male,13,,11,1.0
male/61/0_PAT_15_1_798.jpg,61,PAT,,Male,15,,798,1.0
male/61/0_PAT_15_1_798.jpg,61,PAT,,Male,15,,798,1.0
male/61/0_PAT_17_2_132.jpg,61,PAT,,Male,17,,132,2.0
male/61/0_RAJ_12_1_239.jpg,61,RAJ,,Male,12,,239,1.0
male/61/0_RAJ_14_1_1172.jpg,61,RAJ,,Male,14,,1172,1.0
male/61/0_RAJ_14_1_1172.jpg,61,RAJ,,Male,14,,1172,1.0
male/61/0_RAJ_16_1_1084.jpg,61,RAJ,,Male,16,,1084,1.0
male/61/0_RAN_15_1_914.jpg,61,RAN,,Male,15,,914,1.0
male/61/0_RAN_15_1_914.jpg,61,RAN,,Male,15,,914,1.0
male/61/0_RAN_18_2_1035.jpg,61,RAN,,Male,18,,1035,2.0
male/61/0_SHA_12_1_338.jpg,61,SHA,,Male,12,,338,1.0
male/61/0_SHA_12_1_338.jpg,61,SHA,,Male,12,,338,1.0
male/61/0_SHA_12_1_338.jpg,61,SHA,,Male,12,,338,1.0
male/61/0_SHA_13_1_215.jpg,61,SHA,,Male,13,,215,1.0
male/61/0_SHA_14_1_1149.jpg,61,SHA,,Male,14,,1149,1.0
male/61/0_SHA_14_1_1149.jpg,61,SHA,,Male,14,,1149,1.0
male/61/0_SHA_14_1_1149.jpg,61,SHA,,Male,14,,1149,1.0
male/61/0_SHA_14_1_1234.jpg,61,SHA,,Male,14,,1234,1.0
male/61/0_SHA_14_1_1234.jpg,61,SHA,,Male,14,,1234,1.0
male/61/0_SHA_14_1_1234.jpg,61,SHA,,Male,14,,1234,1.0
male/61/0_SHA_14_1_1234.jpg,61,SHA,,Male,14,,1234,1.0
male/61/0_SHA_15_1_1240.jpg,61,SHA,,Male,15,,1240,1.0
male/61/0_SHA_15_1_1282.jpg,61,SHA,,Male,15,,1282,1.0
male/61/0_SHA_15_1_1282.jpg,61,SHA,,Male,15,,1282,1.0
male/61/0_SHA_15_1_1282.jpg,61,SHA,,Male,15,,1282,1.0
male/61/0_SHA_15_1_888.jpg,61,SHA,,Male,15,,888,1.0
male/61/0_SHA_15_1_888.jpg,61,SHA,,Male,15,,888,1.0
male/61/0_SHA_15_1_888.jpg,61,SHA,,Male,15,,888,1.0
male/61/0_SHA_15_1_888.jpg,61,SHA,,Male,15,,888,1.0
male/61/0_SHA_15_1_888.jpg,61,SHA,,Male,15,,888,1.0
male/61/0_SHA_15_1_896.jpg,61,SHA,,Male,15,,896,1.0
male/61/0_SHA_15_1_902.jpg,61,SHA,,Male,15,,902,1.0
male/61/0_SHA_15_1_902.jpg,61,SHA,,Male,15,,902,1.0
male/61/0_SHA_15_1_902.jpg,61,SHA,,Male,15,,902,1.0
male/61/0_SHA_17_2_1003.jpg,61,SHA,,Male,17,,1003,2.0
male/61/0_SHA_17_2_1003.jpg,61,SHA,,Male,17,,1003,2.0
male/61/0_SHA_17_2_1003.jpg,61,SHA,,Male,17,,1003,2.0
male/61/0_SHA_17_2_1003.jpg,61,SHA,,Male,17,,1003,2.0
male/61/0_SHA_17_2_967.jpg,61,SHA,,Male,17,,967,2.0
male/61/0_SHA_18_2_68.jpg,61,SHA,,Male,18,,68,2.0
male/61/0_SHA_18_2_88.jpg,61,SHA,,Male,18,,88,2.0
male/61/0_SHA_9_0_39.jpg,61,SHA,,Male,9,,39,0.0
male/61/0_SHA_9_0_39.jpg,61,SHA,,Male,9,,39,0.0
male/61/0_SHE_17_1_1095.jpg,61,SHE,,Male,17,,1095,1.0
male/61/0_SHE_17_1_832.jpg,61,SHE,,Male,17,,832,1.0
male/61/0_SIR_14_1_1056.jpg,61,SIR,,Male,14,,1056,1.0
male/61/0_SIR_14_1_1112.jpg,61,SIR,,Male,14,,1112,1.0
male/61/0_SIR_14_1_1112.jpg,61,SIR,,Male,14,,1112,1.0
male/61/0_TAN_14_1_778.jpg,61,TAN,,Male,14,,778,1.0
male/61/0_TAN_14_1_789.jpg,61,TAN,,Male,14,,789,1.0
male/61/0_TAN_14_1_789.jpg,61,TAN,,Male,14,,789,1.0
male/61/0_TAN_15_1_777.jpg,61,TAN,,Male,15,,777,1.0
male/61/0_TAN_15_1_777.jpg,61,TAN,,Male,15,,777,1.0
male/61/0_TAN_15_1_777.jpg,61,TAN,,Male,15,,777,1.0
male/61/0_TAN_15_1_777.jpg,61,TAN,,Male,15,,777,1.0
male/68/0_BAR_12_1_510.jpg,68,BAR,,Male,12,,510,1.0
male/68/0_BAR_12_1_510.jpg,68,BAR,,Male,12,,510,1.0
male/68/0_BAR_12_1_510.jpg,68,BAR,,Male,12,,510,1.0
male/68/0_BAR_12_1_510.jpg,68,BAR,,Male,12,,510,1.0
male/68/0_BAR_12_1_510.jpg,68,BAR,,Male,12,,510,1.0
male/68/0_BAR_12_1_510.jpg,68,BAR,,Male,12,,510,1.0
male/68/0_BAR_12_1_510.jpg,68,BAR,,Male,12,,510,1.0
male/68/0_BAR_12_1_510.jpg,68,BAR,,Male,12,,510,1.0
male/68/0_BAR_12_1_510.jpg,68,BAR,,Male,12,,510,1.0
male/68/0_BAR_12_1_510.jpg,68,BAR,,Male,12,,510,1.0
male/68/0_BAR_12_1_510.jpg,68,BAR,,Male,12,,510,1.0
male/68/0_BAR_12_1_510.jpg,68,BAR,,Male,12,,510,1.0
male/68/0_BAR_12_1_510.jpg,68,BAR,,Male,12,,510,1.0
male/68/0_BAR_12_1_510.jpg,68,BAR,,Male,12,,510,1.0
male/68/0_BAR_12_1_510.jpg,68,BAR,,Male,12,,510,1.0
male/68/0_BAR_12_1_510.jpg,68,BAR,,Male,12,,510,1.0
male/68/0_BAR_12_1_510.jpg,68,BAR,,Male,12,,510,1.0
male/68/0_BAR_12_1_510.jpg,68,BAR,,Male,12,,510,1.0
male/68/0_BAR_12_1_510.jpg,68,BAR,,Male,12,,510,1.0
male/68/0_BAR_12_1_510.jpg,68,BAR,,Male,12,,510,1.0
male/68/0_BAR_12_1_510.jpg,68,BAR,,Male,12,,510,1.0
male/68/0_BAR_12_1_510.jpg,68,BAR,,Male,12,,510,1.0
male/68/0_BAR_12_1_510.jpg,68,BAR,,Male,12,,510,1.0
male/68/0_BAR_12_1_510.jpg,68,BAR,,Male,12,,510,1.0
male/68/0_BAR_12_1_510.jpg,68,BAR,,Male,12,,510,1.0
male/68/0_BAR_12_1_510.jpg,68,BAR,,Male,12,,510,1.0
male/68/0_BAR_12_1_510.jpg,68,BAR,,Male,12,,510,1.0
male/68/0_BAR_12_1_510.jpg,68,BAR,,Male,12,,510,1.0
male/68/0_BAR_12_1_510.jpg,68,BAR,,Male,12,,510,1.0
male/68/0_BAR_12_1_510.jpg,68,BAR,,Male,12,,510,1.0
male/68/0_BAR_12_1_510.jpg,68,BAR,,Male,12,,510,1.0
male/68/0_BAR_12_1_510.jpg,68,BAR,,Male,12,,510,1.0
male/68/0_BAR_12_1_510.jpg,68,BAR,,Male,12,,510,1.0
male/68/0_BAR_12_1_510.jpg,68,BAR,,Male,12,,510,1.0
male/68/0_BAR_12_1_510.jpg,68,BAR,,Male,12,,510,1.0
male/68/0_BAR_12_1_510.jpg,68,BAR,,Male,12,,510,1.0
male/68/0_BAR_12_1_510.jpg,68,BAR,,Male,12,,510,1.0
male/68/0_BAR_12_1_510.jpg,68,BAR,,Male,12,,510,1.0
male/68/0_BAR_12_1_510.jpg,68,BAR,,Male,12,,510,1.0
male/68/0_BAR_12_1_510.jpg,68,BAR,,Male,12,,510,1.0
male/68/0_BAR_12_1_510.jpg,68,BAR,,Male,12,,510,1.0
male/68/0_BAR_12_1_510.jpg,68,BAR,,Male,12,,510,1.0
male/68/0_BAR_12_1_510.jpg,68,BAR,,Male,12,,510,1.0
male/68/0_BAR_12_1_510.jpg,68,BAR,,Male,12,,510,1.0
male/68/0_BAR_12_1_510.jpg,68,BAR,,Male,12,,510,1.0
male/68/0_BAR_12_1_510.jpg,68,BAR,,Male,12,,510,1.0
male/68/0_BAR_12_1_510.jpg,68,BAR,,Male,12,,510,1.0
male/68/0_BAR_12_1_510.jpg,68,BAR,,Male,12,,510,1.0
male/68/0_BAR_12_1_510.jpg,68,BAR,,Male,12,,510,1.0
male/68/0_BAR_12_1_510.jpg,68,BAR,,Male,12,,510,1.0
male/68/0_BAR_12_1_510.jpg,68,BAR,,Male,12,,510,1.0
male/68/0_BAR_12_1_510.jpg,68,BAR,,Male,12,,510,1.0
male/68/0_BAR_12_1_510.jpg,68,BAR,,Male,12,,510,1.0
male/68/0_BAR_12_1_510.jpg,68,BAR,,Male,12,,510,1.0
male/68/0_BAR_12_1_510.jpg,68,BAR,,Male,12,,510,1.0
male/68/0_BAR_12_1_510.jpg,68,BAR,,Male,12,,510,1.0
male/68/0_BAR_12_1_510.jpg,68,BAR,,Male,12,,510,1.0
male/68/0_BAR_12_1_510.jpg,68,BAR,,Male,12,,510,1.0
male/68/0_BAR_12_1_510.jpg,68,BAR,,Male,12,,510,1.0
male/68/0_BAR_12_1_510.jpg,68,BAR,,Male,12,,510,1.0
male/68/0_BAR_12_1_510.jpg,68,BAR,,Male,12,,510,1.0
male/68/0_BAR_12_1_510.jpg,68,BAR,,Male,12,,510,1.0
male/68/0_BAR_12_1_510.jpg,68,BAR,,Male,12,,510,1.0
male/68/0_BAR_12_1_510.jpg,68,BAR,,Male,12,,510,1.0
male/68/0_BAR_12_1_510.jpg,68,BAR,,Male,12,,510,1.0
male/68/0_BAR_12_1_510.jpg,68,BAR,,Male,12,,510,1.0
male/68/0_BAR_12_1_510.jpg,68,BAR,,Male,12,,510,1.0
male/68/0_BAR_12_1_510.jpg,68,BAR,,Male,12,,510,1.0
male/68/0_BAR_12_1_510.jpg,68,BAR,,Male,12,,510,1.0
male/68/0_BAR_12_1_510.jpg,68,BAR,,Male,12,,510,1.0
male/68/0_BAR_12_1_510.jpg,68,BAR,,Male,12,,510,1.0
male/68/0_BAR_12_1_510.jpg,68,BAR,,Male,12,,510,1.0
male/68/0_BAR_12_1_510.jpg,68,BAR,,Male,12,,510,1.0
male/68/0_BAR_12_1_510.jpg,68,BAR,,Male,12,,510,1.0
male/68/0_BAR_12_1_510.jpg,68,BAR,,Male,12,,510,1.0
male/68/0_BAR_12_1_510.jpg,68,BAR,,Male,12,,510,1.0
male/68/0_BAR_12_1_510.jpg,68,BAR,,Male,12,,510,1.0
male/68/0_BAR_12_1_510.jpg,68,BAR,,Male,12,,510,1.0
male/68/0_BAR_12_1_510.jpg,68,BAR,,Male,12,,510,1.0
male/68/0_BAR_12_1_510.jpg,68,BAR,,Male,12,,510,1.0
male/68/0_BAR_12_1_510.jpg,68,BAR,,Male,12,,510,1.0
male/68/0_BAR_12_1_510.jpg,68,BAR,,Male,12,,510,1.0
male/68/0_BAR_12_1_510.jpg,68,BAR,,Male,12,,510,1.0
male/68/0_BAR_12_1_510.jpg,68,BAR,,Male,12,,510,1.0
male/68/0_BAR_12_1_510.jpg,68,BAR,,Male,12,,510,1.0
male/68/0_BAR_12_1_510.jpg,68,BAR,,Male,12,,510,1.0
male/68/0_BAR_12_1_510.jpg,68,BAR,,Male,12,,510,1.0
male/68/0_BAR_12_1_510.jpg,68,BAR,,Male,12,,510,1.0
male/68/0_BAR_12_1_510.jpg,68,BAR,,Male,12,,510,1.0
male/68/0_BAR_12_1_510.jpg,68,BAR,,Male,12,,510,1.0
male/68/0_BAR_12_1_510.jpg,68,BAR,,Male,12,,510,1.0
male/68/0_BAR_12_1_510.jpg,68,BAR,,Male,12,,510,1.0
male/68/0_BAR_12_1_510.jpg,68,BAR,,Male,12,,510,1.0
male/68/0_BAR_12_1_510.jpg,68,BAR,,Male,12,,510,1.0
male/68/0_BAR_12_1_510.jpg,68,BAR,,Male,12,,510,1.0
male/68/0_BAR_12_1_510.jpg,68,BAR,,Male,12,,510,1.0
male/68/0_BAR_12_1_510.jpg,68,BAR,,Male,12,,510,1.0
male/68/0_BAR_12_1_510.jpg,68,BAR,,Male,12,,510,1.0
male/68/0_BAR_12_1_510.jpg,68,BAR,,Male,12,,510,1.0
male/68/0_BAR_12_1_510.jpg,68,BAR,,Male,12,,510,1.0
male/68/0_BAR_12_1_510.jpg,68,BAR,,Male,12,,510,1.0
male/68/0_BAR_12_1_510.jpg,68,BAR,,Male,12,,510,1.0
male/68/0_BAR_12_1_510.jpg,68,BAR,,Male,12,,510,1.0
male/68/0_BAR_12_1_510.jpg,68,BAR,,Male,12,,510,1.0
male/68/0_BAR_12_1_510.jpg,68,BAR,,Male,12,,510,1.0
male/68/0_BAR_12_1_510.jpg,68,BAR,,Male,12,,510,1.0
male/68/0_BAR_12_1_510.jpg,68,BAR,,Male,12,,510,1.0
male/68/0_BAR_12_1_510.jpg,68,BAR,,Male,12,,510,1.0
male/68/0_BAR_12_1_510.jpg,68,BAR,,Male,12,,510,1.0
male/68/0_BAR_12_1_510.jpg,68,BAR,,Male,12,,510,1.0
male/68/0_BAR_12_1_510.jpg,68,BAR,,Male,12,,510,1.0
male/68/0_BAR_12_1_510.jpg,68,BAR,,Male,12,,510,1.0
male/68/0_BAR_12_1_510.jpg,68,BAR,,Male,12,,510,1.0
male/68/0_BAR_12_1_510.jpg,68,BAR,,Male,12,,510,1.0
male/68/0_BAR_12_1_510.jpg,68,BAR,,Male,12,,510,1.0
male/68/0_BAR_12_1_510.jpg,68,BAR,,Male,12,,510,1.0
male/68/0_BAR_12_1_510.jpg,68,BAR,,Male,12,,510,1.0
male/68/0_BAR_12_1_510.jpg,68,BAR,,Male,12,,510,1.0
male/68/0_BAR_12_1_510.jpg,68,BAR,,Male,12,,510,1.0
male/68/0_BAR_12_1_510.jpg,68,BAR,,Male,12,,510,1.0
male/68/0_BAR_12_1_510.jpg,68,BAR,,Male,12,,510,1.0
male/68/0_BAR_12_1_510.jpg,68,BAR,,Male,12,,510,1.0
male/68/0_BAR_12_1_510.jpg,68,BAR,,Male,12,,510,1.0
male/68/0_BAR_12_1_510.jpg,68,BAR,,Male,12,,510,1.0
male/68/0_BAR_12_1_510.jpg,68,BAR,,Male,12,,510,1.0
male/68/0_BAR_12_1_510.jpg,68,BAR,,Male,12,,510,1.0
male/68/0_BAR_12_1_510.jpg,68,BAR,,Male,12,,510,1.0
male/68/0_BAR_12_1_510.jpg,68,BAR,,Male,12,,510,1.0
male/68/0_BAR_12_1_510.jpg,68,BAR,,Male,12,,510,1.0
male/68/0_BAR_12_1_510.jpg,68,BAR,,Male,12,,510,1.0
male/68/0_BAR_12_1_510.jpg,68,BAR,,Male,12,,510,1.0
male/68/0_BAR_12_1_510.jpg,68,BAR,,Male,12,,510,1.0
male/68/0_BAR_12_1_510.jpg,68,BAR,,Male,12,,510,1.0
male/68/0_BAR_12_1_510.jpg,68,BAR,,Male,12,,510,1.0
male/68/0_BAR_12_1_510.jpg,68,BAR,,Male,12,,510,1.0
male/68/0_BAR_12_1_510.jpg,68,BAR,,Male,12,,510,1.0
male/68/0_BAR_12_1_510.jpg,68,BAR,,Male,12,,510,1.0
male/68/0_BAR_12_1_510.jpg,68,BAR,,Male,12,,510,1.0
male/68/0_BAR_12_1_510.jpg,68,BAR,,Male,12,,510,1.0
male/68/0_BAR_12_1_510.jpg,68,BAR,,Male,12,,510,1.0
male/68/0_BAR_12_1_510.jpg,68,BAR,,Male,12,,510,1.0
male/68/0_BAR_12_1_510.jpg,68,BAR,,Male,12,,510,1.0
male/68/0_BAR_12_1_510.jpg,68,BAR,,Male,12,,510,1.0
male/68/0_BAR_12_1_510.jpg,68,BAR,,Male,12,,510,1.0
male/68/0_BAR_12_1_510.jpg,68,BAR,,Male,12,,510,1.0
male/68/0_BAR_12_1_510.jpg,68,BAR,,Male,12,,510,1.0
male/68/0_BAR_12_1_510.jpg,68,BAR,,Male,12,,510,1.0
male/68/0_BAR_12_1_510.jpg,68,BAR,,Male,12,,510,1.0
male/68/0_BAR_12_1_510.jpg,68,BAR,,Male,12,,510,1.0
male/68/0_BAR_12_1_510.jpg,68,BAR,,Male,12,,510,1.0
male/68/0_BAR_12_1_510.jpg,68,BAR,,Male,12,,510,1.0
male/68/0_BAR_12_1_510.jpg,68,BAR,,Male,12,,510,1.0
male/68/0_BAR_12_1_510.jpg,68,BAR,,Male,12,,510,1.0
male/68/0_BAR_12_1_510.jpg,68,BAR,,Male,12,,510,1.0
male/68/0_BAR_12_1_510.jpg,68,BAR,,Male,12,,510,1.0
male/68/0_BAR_12_1_510.jpg,68,BAR,,Male,12,,510,1.0
male/68/0_BAR_12_1_510.jpg,68,BAR,,Male,12,,510,1.0
male/68/0_BAR_12_1_510.jpg,68,BAR,,Male,12,,510,1.0
male/68/0_BAR_12_1_510.jpg,68,BAR,,Male,12,,510,1.0
male/68/0_BAR_12_1_510.jpg,68,BAR,,Male,12,,510,1.0
male/68/0_BAR_12_1_510.jpg,68,BAR,,Male,12,,510,1.0
male/68/0_BAR_12_1_510.jpg,68,BAR,,Male,12,,510,1.0
male/68/0_BAR_12_1_510.jpg,68,BAR,,Male,12,,510,1.0
male/68/0_BAR_12_1_510.jpg,68,BAR,,Male,12,,510,1.0
male/68/0_BAR_12_1_510.jpg,68,BAR,,Male,12,,510,1.0
male/68/0_BAR_12_1_510.jpg,68,BAR,,Male,12,,510,1.0
male/68/0_BAR_12_1_510.jpg,68,BAR,,Male,12,,510,1.0
male/68/0_BAR_12_1_510.jpg,68,BAR,,Male,12,,510,1.0
male/68/0_BAR_12_1_510.jpg,68,BAR,,Male,12,,510,1.0
male/68/0_BAR_12_1_510.jpg,68,BAR,,Male,12,,510,1.0
male/68/0_BAR_12_1_510.jpg,68,BAR,,Male,12,,510,1.0
male/68/0_BAR_12_1_510.jpg,68,BAR,,Male,12,,510,1.0
male/68/0_BAR_12_1_510.jpg,68,BAR,,Male,12,,510,1.0
male/68/0_BAR_12_1_510.jpg,68,BAR,,Male,12,,510,1.0
male/68/0_BAR_12_1_510.jpg,68,BAR,,Male,12,,510,1.0
male/68/0_BAR_12_1_510.jpg,68,BAR,,Male,12,,510,1.0
male/68/0_BAR_12_1_510.jpg,68,BAR,,Male,12,,510,1.0
male/68/0_BAR_12_1_510.jpg,68,BAR,,Male,12,,510,1.0
male/68/0_BAR_12_1_510.jpg,68,BAR,,Male,12,,510,1.0
male/68/0_BAR_12_1_510.jpg,68,BAR,,Male,12,,510,1.0
male/68/0_BAR_12_1_510.jpg,68,BAR,,Male,12,,510,1.0
male/68/0_BAR_12_1_510.jpg,68,BAR,,Male,12,,510,1.0
male/68/0_BAR_12_1_510.jpg,68,BAR,,Male,12,,510,1.0
male/68/0_BAR_12_1_510.jpg,68,BAR,,Male,12,,510,1.0
male/68/0_BAR_12_1_510.jpg,68,BAR,,Male,12,,510,1.0
male/68/0_BAR_12_1_510.jpg,68,BAR,,Male,12,,510,1.0
male/68/0_BAR_12_1_510.jpg,68,BAR,,Male,12,,510,1.0
male/68/0_BAR_12_1_510.jpg,68,BAR,,Male,12,,510,1.0
male/68/0_BAR_12_1_510.jpg,68,BAR,,Male,12,,510,1.0
male/68/0_BAR_12_1_510.jpg,68,BAR,,Male,12,,510,1.0
male/68/0_BAR_12_1_510.jpg,68,BAR,,Male,12,,510,1.0
male/68/0_BAR_12_1_510.jpg,68,BAR,,Male,12,,510,1.0
male/68/0_BAR_12_1_510.jpg,68,BAR,,Male,12,,510,1.0
male/68/0_BAR_12_1_510.jpg,68,BAR,,Male,12,,510,1.0
male/68/0_BAR_12_1_510.jpg,68,BAR,,Male,12,,510,1.0
male/68/0_BAR_12_1_510.jpg,68,BAR,,Male,12,,510,1.0
male/68/0_BAR_12_1_510.jpg,68,BAR,,Male,12,,510,1.0
male/68/0_BAR_12_1_510.jpg,68,BAR,,Male,12,,510,1.0
male/68/0_BAR_12_1_510.jpg,68,BAR,,Male,12,,510,1.0
male/68/0_BAR_12_1_510.jpg,68,BAR,,Male,12,,510,1.0
male/68/0_BAR_12_1_510.jpg,68,BAR,,Male,12,,510,1.0
male/68/0_BAR_12_1_510.jpg,68,BAR,,Male,12,,510,1.0
male/68/0_BAR_12_1_510.jpg,68,BAR,,Male,12,,510,1.0
male/68/0_BAR_12_1_510.jpg,68,BAR,,Male,12,,510,1.0
male/68/0_BAR_12_1_510.jpg,68,BAR,,Male,12,,510,1.0
male/68/0_BAR_12_1_510.jpg,68,BAR,,Male,12,,510,1.0
male/68/0_BAR_12_1_510.jpg,68,BAR,,Male,12,,510,1.0
male/68/0_BAR_12_1_510.jpg,68,BAR,,Male,12,,510,1.0
male/68/0_BAR_12_1_510.jpg,68,BAR,,Male,12,,510,1.0
male/68/0_BAR_12_1_510.jpg,68,BAR,,Male,12,,510,1.0
male/68/0_BAR_12_1_510.jpg,68,BAR,,Male,12,,510,1.0
male/68/0_BAR_12_1_510.jpg,68,BAR,,Male,12,,510,1.0
male/68/0_BAR_12_1_510.jpg,68,BAR,,Male,12,,510,1.0
male/68/0_BAR_12_1_510.jpg,68,BAR,,Male,12,,510,1.0
male/68/0_BAR_12_1_510.jpg,68,BAR,,Male,12,,510,1.0
male/68/0_BAR_12_1_510.jpg,68,BAR,,Male,12,,510,1.0
male/68/0_BAR_12_1_510.jpg,68,BAR,,Male,12,,510,1.0
male/68/0_BAR_12_1_510.jpg,68,BAR,,Male,12,,510,1.0
male/68/0_BAR_12_1_510.jpg,68,BAR,,Male,12,,510,1.0
male/68/0_BAR_12_1_510.jpg,68,BAR,,Male,12,,510,1.0
male/68/0_BAR_12_1_510.jpg,68,BAR,,Male,12,,510,1.0
male/68/0_BAR_12_1_510.jpg,68,BAR,,Male,12,,510,1.0
male/68/0_BAR_12_1_510.jpg,68,BAR,,Male,12,,510,1.0
male/68/0_BAR_12_1_510.jpg,68,BAR,,Male,12,,510,1.0
male/68/0_BAR_12_1_510.jpg,68,BAR,,Male,12,,510,1.0
male/68/0_BAR_12_1_510.jpg,68,BAR,,Male,12,,510,1.0
male/68/0_BAR_12_1_510.jpg,68,BAR,,Male,12,,510,1.0
male/68/0_BAR_12_1_510.jpg,68,BAR,,Male,12,,510,1.0
male/68/0_BAR_12_1_510.jpg,68,BAR,,Male,12,,510,1.0
male/68/0_BAR_12_1_510.jpg,68,BAR,,Male,12,,510,1.0
male/68/0_BAR_12_1_510.jpg,68,BAR,,Male,12,,510,1.0
male/68/0_BAR_12_1_510.jpg,68,BAR,,Male,12,,510,1.0
male/68/0_BAR_12_1_510.jpg,68,BAR,,Male,12,,510,1.0
male/68/0_BAR_12_1_510.jpg,68,BAR,,Male,12,,510,1.0
male/68/0_BAR_12_1_510.jpg,68,BAR,,Male,12,,510,1.0
male/68/0_BAR_12_1_510.jpg,68,BAR,,Male,12,,510,1.0
male/68/0_BAR_12_1_510.jpg,68,BAR,,Male,12,,510,1.0
male/68/0_BAR_12_1_510.jpg,68,BAR,,Male,12,,510,1.0
male/68/0_BAR_12_1_510.jpg,68,BAR,,Male,12,,510,1.0
male/68/0_BAR_12_1_510.jpg,68,BAR,,Male,12,,510,1.0
male/68/0_BAR_12_1_510.jpg,68,BAR,,Male,12,,510,1.0
male/68/0_BAR_12_1_510.jpg,68,BAR,,Male,12,,510,1.0
male/68/0_BAR_12_1_510.jpg,68,BAR,,Male,12,,510,1.0
male/68/0_BAR_12_1_510.jpg,68,BAR,,Male,12,,510,1.0
male/68/0_BAR_12_1_510.jpg,68,BAR,,Male,12,,510,1.0
male/68/0_BAR_12_1_510.jpg,68,BAR,,Male,12,,510,1.0
male/68/0_BAR_12_1_510.jpg,68,BAR,,Male,12,,510,1.0
male/68/0_BAR_12_1_510.jpg,68,BAR,,Male,12,,510,1.0
male/68/0_BAR_12_1_510.jpg,68,BAR,,Male,12,,510,1.0
male/68/0_BAR_12_1_510.jpg,68,BAR,,Male,12,,510,1.0
male/68/0_BAR_12_1_510.jpg,68,BAR,,Male,12,,510,1.0
male/68/0_BAR_12_1_510.jpg,68,BAR,,Male,12,,510,1.0
male/68/0_BAR_12_1_510.jpg,68,BAR,,Male,12,,510,1.0
male/68/0_BAR_12_1_510.jpg,68,BAR,,Male,12,,510,1.0
male/68/0_BAR_12_1_510.jpg,68,BAR,,Male,12,,510,1.0
male/68/0_BAR_12_1_510.jpg,68,BAR,,Male,12,,510,1.0
male/68/0_BAR_12_1_510.jpg,68,BAR,,Male,12,,510,1.0
male/68/0_BAR_12_1_510.jpg,68,BAR,,Male,12,,510,1.0
male/68/0_BAR_12_1_510.jpg,68,BAR,,Male,12,,510,1.0
male/68/0_BAR_12_1_510.jpg,68,BAR,,Male,12,,510,1.0
male/68/0_BAR_12_1_510.jpg,68,BAR,,Male,12,,510,1.0
male/68/0_BAR_12_1_510.jpg,68,BAR,,Male,12,,510,1.0
male/68/0_BAR_12_1_510.jpg,68,BAR,,Male,12,,510,1.0
male/68/0_BAR_12_1_510.jpg,68,BAR,,Male,12,,510,1.0
male/68/0_BAR_12_1_510.jpg,68,BAR,,Male,12,,510,1.0
male/68/0_BAR_12_1_510.jpg,68,BAR,,Male,12,,510,1.0
male/68/0_BAR_12_1_510.jpg,68,BAR,,Male,12,,510,1.0
male/68/0_BAR_12_1_510.jpg,68,BAR,,Male,12,,510,1.0
male/68/0_BAR_12_1_510.jpg,68,BAR,,Male,12,,510,1.0
male/68/0_BAR_12_1_510.jpg,68,BAR,,Male,12,,510,1.0
male/68/0_BAR_12_1_510.jpg,68,BAR,,Male,12,,510,1.0
male/68/0_BAR_12_1_510.jpg,68,BAR,,Male,12,,510,1.0
male/68/0_BAR_12_1_510.jpg,68,BAR,,Male,12,,510,1.0
male/68/0_BAR_12_1_510.jpg,68,BAR,,Male,12,,510,1.0
male/68/0_BAR_12_1_510.jpg,68,BAR,,Male,12,,510,1.0
male/68/0_BAR_12_1_510.jpg,68,BAR,,Male,12,,510,1.0
male/68/0_BAR_12_1_510.jpg,68,BAR,,Male,12,,510,1.0
male/68/0_BAR_12_1_510.jpg,68,BAR,,Male,12,,510,1.0
male/68/0_BAR_12_1_510.jpg,68,BAR,,Male,12,,510,1.0
male/68/0_BAR_12_1_510.jpg,68,BAR,,Male,12,,510,1.0
male/68/0_BAR_12_1_510.jpg,68,BAR,,Male,12,,510,1.0
male/68/0_BAR_12_1_510.jpg,68,BAR,,Male,12,,510,1.0
male/68/0_BAR_12_1_510.jpg,68,BAR,,Male,12,,510,1.0
male/68/0_BAR_12_1_510.jpg,68,BAR,,Male,12,,510,1.0
male/68/0_BAR_12_1_510.jpg,68,BAR,,Male,12,,510,1.0
male/68/0_BAR_12_1_510.jpg,68,BAR,,Male,12,,510,1.0
male/68/0_BAR_12_1_510.jpg,68,BAR,,Male,12,,510,1.0
male/68/0_BAR_12_1_510.jpg,68,BAR,,Male,12,,510,1.0
male/68/0_BAR_12_1_510.jpg,68,BAR,,Male,12,,510,1.0
male/68/0_BAR_12_1_510.jpg,68,BAR,,Male,12,,510,1.0
male/68/0_BAR_12_1_510.jpg,68,BAR,,Male,12,,510,1.0
male/68/0_BAR_12_1_510.jpg,68,BAR,,Male,12,,510,1.0
male/68/0_BAR_12_1_510.jpg,68,BAR,,Male,12,,510,1.0
male/68/0_BAR_12_1_510.jpg,68,BAR,,Male,12,,510,1.0
male/68/0_BAR_12_1_510.jpg,68,BAR,,Male,12,,510,1.0
male/68/0_BAR_12_1_510.jpg,68,BAR,,Male,12,,510,1.0
male/68/0_BAR_12_1_510.jpg,68,BAR,,Male,12,,510,1.0
male/68/0_BAR_12_1_510.jpg,68,BAR,,Male,12,,510,1.0
male/68/0_BAR_12_1_510.jpg,68,BAR,,Male,12,,510,1.0
male/68/0_BAR_12_1_510.jpg,68,BAR,,Male,12,,510,1.0
male/68/0_BAR_12_1_510.jpg,68,BAR,,Male,12,,510,1.0
male/68/0_BAR_12_1_510.jpg,68,BAR,,Male,12,,510,1.0
male/68/0_BAR_12_1_510.jpg,68,BAR,,Male,12,,510,1.0
male/68/0_BAR_12_1_510.jpg,68,BAR,,Male,12,,510,1.0
male/68/0_BAR_12_1_510.jpg,68,BAR,,Male,12,,510,1.0
male/68/0_BAR_12_1_510.jpg,68,BAR,,Male,12,,510,1.0
male/68/0_BAR_12_1_510.jpg,68,BAR,,Male,12,,510,1.0
male/68/0_BAR_12_1_510.jpg,68,BAR,,Male,12,,510,1.0
male/68/0_BAR_12_1_510.jpg,68,BAR,,Male,12,,510,1.0
male/68/0_BAR_12_1_510.jpg,68,BAR,,Male,12,,510,1.0
male/68/0_BAR_12_1_510.jpg,68,BAR,,Male,12,,510,1.0
male/68/0_BAR_12_1_510.jpg,68,BAR,,Male,12,,510,1.0
male/68/0_BAR_12_1_510.jpg,68,BAR,,Male,12,,510,1.0
male/68/0_BAR_12_1_510.jpg,68,BAR,,Male,12,,510,1.0
male/68/0_BAR_12_1_510.jpg,68,BAR,,Male,12,,510,1.0
male/68/0_BAR_12_1_510.jpg,68,BAR,,Male,12,,510,1.0
male/68/0_BAR_12_1_510.jpg,68,BAR,,Male,12,,510,1.0
male/68/0_BAR_12_1_510.jpg,68,BAR,,Male,12,,510,1.0
male/68/0_BAR_12_1_510.jpg,68,BAR,,Male,12,,510,1.0
male/68/0_BAR_12_1_510.jpg,68,BAR,,Male,12,,510,1.0
male/68/0_BAR_12_1_510.jpg,68,BAR,,Male,12,,510,1.0
male/68/0_BAR_12_1_510.jpg,68,BAR,,Male,12,,510,1.0
male/68/0_BAR_12_1_510.jpg,68,BAR,,Male,12,,510,1.0
male/68/0_BAR_12_1_510.jpg,68,BAR,,Male,12,,510,1.0
male/68/0_BAR_12_1_510.jpg,68,BAR,,Male,12,,510,1.0
male/68/0_BAR_12_1_510.jpg,68,BAR,,Male,12,,510,1.0
male/68/0_BAR_12_1_510.jpg,68,BAR,,Male,12,,510,1.0
male/68/0_BAR_12_1_510.jpg,68,BAR,,Male,12,,510,1.0
male/68/0_BAR_12_1_510.jpg,68,BAR,,Male,12,,510,1.0
male/68/0_BAR_12_1_510.jpg,68,BAR,,Male,12,,510,1.0
male/68/0_BAR_12_1_510.jpg,68,BAR,,Male,12,,510,1.0
male/68/0_BAR_12_1_510.jpg,68,BAR,,Male,12,,510,1.0
male/68/0_BAR_12_1_510.jpg,68,BAR,,Male,12,,510,1.0
male/68/0_BAR_12_1_510.jpg,68,BAR,,Male,12,,510,1.0
male/68/0_BAR_12_1_510.jpg,68,BAR,,Male,12,,510,1.0
male/68/0_BAR_12_1_510.jpg,68,BAR,,Male,12,,510,1.0
male/68/0_BAR_12_1_510.jpg,68,BAR,,Male,12,,510,1.0
male/68/0_BAR_12_1_510.jpg,68,BAR,,Male,12,,510,1.0
male/68/0_BAR_12_1_510.jpg,68,BAR,,Male,12,,510,1.0
male/68/0_BAR_12_1_510.jpg,68,BAR,,Male,12,,510,1.0
male/68/0_BAR_12_1_510.jpg,68,BAR,,Male,12,,510,1.0
male/68/0_BAR_12_1_510.jpg,68,BAR,,Male,12,,510,1.0
male/68/0_BAR_12_1_510.jpg,68,BAR,,Male,12,,510,1.0
male/68/0_BAR_12_1_510.jpg,68,BAR,,Male,12,,510,1.0
male/68/0_BAR_12_1_510.jpg,68,BAR,,Male,12,,510,1.0
male/68/0_BAR_12_1_510.jpg,68,BAR,,Male,12,,510,1.0
male/68/0_BAR_12_1_510.jpg,68,BAR,,Male,12,,510,1.0
male/68/0_BAR_12_1_510.jpg,68,BAR,,Male,12,,510,1.0
male/68/0_BAR_12_1_510.jpg,68,BAR,,Male,12,,510,1.0
male/68/0_BAR_12_1_510.jpg,68,BAR,,Male,12,,510,1.0
male/68/0_BAR_12_1_510.jpg,68,BAR,,Male,12,,510,1.0
male/68/0_BAR_12_1_510.jpg,68,BAR,,Male,12,,510,1.0
male/68/0_BAR_12_1_510.jpg,68,BAR,,Male,12,,510,1.0
male/68/0_BAR_12_1_510.jpg,68,BAR,,Male,12,,510,1.0
male/68/0_BAR_12_1_510.jpg,68,BAR,,Male,12,,510,1.0
male/68/0_BAR_12_1_510.jpg,68,BAR,,Male,12,,510,1.0
male/68/0_BAR_12_1_510.jpg,68,BAR,,Male,12,,510,1.0
male/68/0_BAR_12_1_510.jpg,68,BAR,,Male,12,,510,1.0
male/68/0_BAR_12_1_510.jpg,68,BAR,,Male,12,,510,1.0
male/68/0_BAR_12_1_510.jpg,68,BAR,,Male,12,,510,1.0
male/68/0_BAR_12_1_510.jpg,68,BAR,,Male,12,,510,1.0
male/68/0_BAR_12_1_510.jpg,68,BAR,,Male,12,,510,1.0
male/68/0_BAR_12_1_510.jpg,68,BAR,,Male,12,,510,1.0
male/68/0_BAR_12_1_510.jpg,68,BAR,,Male,12,,510,1.0
male/68/0_BAR_12_1_510.jpg,68,BAR,,Male,12,,510,1.0
male/68/0_BAR_12_1_510.jpg,68,BAR,,Male,12,,510,1.0
male/68/0_BAR_12_1_510.jpg,68,BAR,,Male,12,,510,1.0
male/68/0_BAR_12_1_510.jpg,68,BAR,,Male,12,,510,1.0
male/68/0_BAR_12_1_510.jpg,68,BAR,,Male,12,,510,1.0
male/68/0_BAR_12_1_510.jpg,68,BAR,,Male,12,,510,1.0
male/68/0_BAR_12_1_510.jpg,68,BAR,,Male,12,,510,1.0
male/68/0_BAR_12_1_510.jpg,68,BAR,,Male,12,,510,1.0
male/68/0_BAR_12_1_510.jpg,68,BAR,,Male,12,,510,1.0
male/68/0_BAR_12_1_510.jpg,68,BAR,,Male,12,,510,1.0
male/68/0_BAR_12_1_510.jpg,68,BAR,,Male,12,,510,1.0
male/68/0_BAR_12_1_510.jpg,68,BAR,,Male,12,,510,1.0
male/68/0_BAR_12_1_510.jpg,68,BAR,,Male,12,,510,1.0
male/68/0_BAR_12_1_510.jpg,68,BAR,,Male,12,,510,1.0
male/68/0_BAR_12_1_510.jpg,68,BAR,,Male,12,,510,1.0
male/68/0_BAR_12_1_510.jpg,68,BAR,,Male,12,,510,1.0
male/68/0_BAR_12_1_510.jpg,68,BAR,,Male,12,,510,1.0
male/68/0_BAR_12_1_510.jpg,68,BAR,,Male,12,,510,1.0
male/68/0_BAR_12_1_510.jpg,68,BAR,,Male,12,,510,1.0
male/68/0_BAR_12_1_510.jpg,68,BAR,,Male,12,,510,1.0
male/68/0_BAR_12_1_510.jpg,68,BAR,,Male,12,,510,1.0
male/68/0_BAR_12_1_510.jpg,68,BAR,,Male,12,,510,1.0
male/68/0_BAR_12_1_510.jpg,68,BAR,,Male,12,,510,1.0
male/68/0_BAR_12_1_510.jpg,68,BAR,,Male,12,,510,1.0
male/68/0_BAR_12_1_510.jpg,68,BAR,,Male,12,,510,1.0
male/68/0_BAR_12_1_510.jpg,68,BAR,,Male,12,,510,1.0
male/68/0_BAR_12_1_510.jpg,68,BAR,,Male,12,,510,1.0
male/68/0_BAR_12_1_510.jpg,68,BAR,,Male,12,,510,1.0
male/68/0_BAR_12_1_510.jpg,68,BAR,,Male,12,,510,1.0
male/68/0_BAR_12_1_510.jpg,68,BAR,,Male,12,,510,1.0
male/68/0_BAR_12_1_510.jpg,68,BAR,,Male,12,,510,1.0
male/68/0_BAR_12_1_510.jpg,68,BAR,,Male,12,,510,1.0
male/68/0_BAR_12_1_510.jpg,68,BAR,,Male,12,,510,1.0
male/68/0_BAR_12_1_510.jpg,68,BAR,,Male,12,,510,1.0
male/68/0_BAR_12_1_510.jpg,68,BAR,,Male,12,,510,1.0
male/68/0_BAR_12_1_510.jpg,68,BAR,,Male,12,,510,1.0
male/68/0_BAR_12_1_510.jpg,68,BAR,,Male,12,,510,1.0
male/68/0_BAR_12_1_510.jpg,68,BAR,,Male,12,,510,1.0
male/68/0_BAR_12_1_510.jpg,68,BAR,,Male,12,,510,1.0
male/68/0_BAR_12_1_510.jpg,68,BAR,,Male,12,,510,1.0
male/68/0_BAR_12_1_510.jpg,68,BAR,,Male,12,,510,1.0
male/68/0_BAR_12_1_510.jpg,68,BAR,,Male,12,,510,1.0
male/68/0_BAR_12_1_510.jpg,68,BAR,,Male,12,,510,1.0
male/68/0_BAR_12_1_510.jpg,68,BAR,,Male,12,,510,1.0
male/68/0_BAR_12_1_510.jpg,68,BAR,,Male,12,,510,1.0
male/68/0_BAR_12_1_510.jpg,68,BAR,,Male,12,,510,1.0
male/68/0_BAR_12_1_510.jpg,68,BAR,,Male,12,,510,1.0
male/68/0_BAR_12_1_510.jpg,68,BAR,,Male,12,,510,1.0
male/68/0_BAR_12_1_510.jpg,68,BAR,,Male,12,,510,1.0
male/68/0_BAR_12_1_510.jpg,68,BAR,,Male,12,,510,1.0
male/68/0_BAR_12_1_510.jpg,68,BAR,,Male,12,,510,1.0
male/68/0_BAR_12_1_510.jpg,68,BAR,,Male,12,,510,1.0
male/68/0_BAR_12_1_510.jpg,68,BAR,,Male,12,,510,1.0
male/68/0_BAR_12_1_510.jpg,68,BAR,,Male,12,,510,1.0
male/68/0_BAR_12_1_510.jpg,68,BAR,,Male,12,,510,1.0
male/68/0_BAR_12_1_510.jpg,68,BAR,,Male,12,,510,1.0
male/68/0_BAR_12_1_510.jpg,68,BAR,,Male,12,,510,1.0
male/68/0_BAR_12_1_510.jpg,68,BAR,,Male,12,,510,1.0
male/68/0_BAR_12_1_510.jpg,68,BAR,,Male,12,,510,1.0
male/68/0_BAR_12_1_510.jpg,68,BAR,,Male,12,,510,1.0
male/68/0_BAR_12_1_510.jpg,68,BAR,,Male,12,,510,1.0
male/68/0_BAR_12_1_510.jpg,68,BAR,,Male,12,,510,1.0
male/68/0_BAR_12_1_510.jpg,68,BAR,,Male,12,,510,1.0
male/68/0_BAR_12_1_510.jpg,68,BAR,,Male,12,,510,1.0
male/68/0_BAR_12_1_510.jpg,68,BAR,,Male,12,,510,1.0
male/68/0_BAR_12_1_510.jpg,68,BAR,,Male,12,,510,1.0
male/68/0_BAR_12_1_510.jpg,68,BAR,,Male,12,,510,1.0
male/68/0_BAR_12_1_510.jpg,68,BAR,,Male,12,,510,1.0
male/68/0_BAR_12_1_510.jpg,68,BAR,,Male,12,,510,1.0
male/68/0_BAR_12_1_510.jpg,68,BAR,,Male,12,,510,1.0
male/68/0_BAR_12_1_510.jpg,68,BAR,,Male,12,,510,1.0
male/68/0_BAR_12_1_510.jpg,68,BAR,,Male,12,,510,1.0
male/68/0_BAR_12_1_510.jpg,68,BAR,,Male,12,,510,1.0
male/68/0_BAR_12_1_510.jpg,68,BAR,,Male,12,,510,1.0
male/68/0_BAR_12_1_510.jpg,68,BAR,,Male,12,,510,1.0
male/68/0_BAR_12_1_510.jpg,68,BAR,,Male,12,,510,1.0
male/68/0_BAR_12_1_510.jpg,68,BAR,,Male,12,,510,1.0
male/68/0_BAR_12_1_510.jpg,68,BAR,,Male,12,,510,1.0
male/68/0_BAR_12_1_510.jpg,68,BAR,,Male,12,,510,1.0
male/68/0_BAR_12_1_510.jpg,68,BAR,,Male,12,,510,1.0
male/68/0_BAR_12_1_510.jpg,68,BAR,,Male,12,,510,1.0
male/68/0_BAR_12_1_510.jpg,68,BAR,,Male,12,,510,1.0
male/68/0_BAR_12_1_510.jpg,68,BAR,,Male,12,,510,1.0
male/68/0_BAR_12_1_510.jpg,68,BAR,,Male,12,,510,1.0
male/68/0_BAR_12_1_510.jpg,68,BAR,,Male,12,,510,1.0
male/68/0_BAR_12_1_510.jpg,68,BAR,,Male,12,,510,1.0
male/68/0_BAR_12_1_510.jpg,68,BAR,,Male,12,,510,1.0
male/68/0_BAR_12_1_510.jpg,68,BAR,,Male,12,,510,1.0
male/68/0_BAR_12_1_510.jpg,68,BAR,,Male,12,,510,1.0
male/68/0_BAR_12_1_510.jpg,68,BAR,,Male,12,,510,1.0
male/68/0_BAR_12_1_510.jpg,68,BAR,,Male,12,,510,1.0
male/68/0_BAR_12_1_510.jpg,68,BAR,,Male,12,,510,1.0
male/68/0_BAR_12_1_510.jpg,68,BAR,,Male,12,,510,1.0
male/68/0_BAR_12_1_510.jpg,68,BAR,,Male,12,,510,1.0
male/68/0_BAR_12_1_510.jpg,68,BAR,,Male,12,,510,1.0
male/68/0_BAR_12_1_510.jpg,68,BAR,,Male,12,,510,1.0
male/68/0_BAR_12_1_510.jpg,68,BAR,,Male,12,,510,1.0
male/68/0_BAR_12_1_510.jpg,68,BAR,,Male,12,,510,1.0
male/68/0_BAR_12_1_510.jpg,68,BAR,,Male,12,,510,1.0
male/68/0_BAR_12_1_510.jpg,68,BAR,,Male,12,,510,1.0
male/68/0_BAR_12_1_510.jpg,68,BAR,,Male,12,,510,1.0
male/68/0_BAR_12_1_510.jpg,68,BAR,,Male,12,,510,1.0
male/68/0_BAR_12_1_510.jpg,68,BAR,,Male,12,,510,1.0
male/68/0_BAR_12_1_510.jpg,68,BAR,,Male,12,,510,1.0
male/68/0_BAR_12_1_510.jpg,68,BAR,,Male,12,,510,1.0
male/68/0_BAR_12_1_510.jpg,68,BAR,,Male,12,,510,1.0
male/68/0_BAR_12_1_510.jpg,68,BAR,,Male,12,,510,1.0
male/68/0_BAR_12_1_510.jpg,68,BAR,,Male,12,,510,1.0
male/68/0_BAR_12_1_510.jpg,68,BAR,,Male,12,,510,1.0
male/68/0_BAR_12_1_510.jpg,68,BAR,,Male,12,,510,1.0
male/68/0_BAR_12_1_510.jpg,68,BAR,,Male,12,,510,1.0
male/68/0_BAR_12_1_510.jpg,68,BAR,,Male,12,,510,1.0
male/68/0_BAR_12_1_510.jpg,68,BAR,,Male,12,,510,1.0
male/68/0_BAR_12_1_510.jpg,68,BAR,,Male,12,,510,1.0
male/68/0_BAR_12_1_510.jpg,68,BAR,,Male,12,,510,1.0
male/68/0_BAR_12_1_510.jpg,68,BAR,,Male,12,,510,1.0
male/68/0_BAR_12_1_510.jpg,68,BAR,,Male,12,,510,1.0
male/68/0_BAR_12_1_510.jpg,68,BAR,,Male,12,,510,1.0
male/68/0_BAR_12_1_510.jpg,68,BAR,,Male,12,,510,1.0
male/68/0_BAR_12_1_510.jpg,68,BAR,,Male,12,,510,1.0
male/68/0_BAR_12_1_510.jpg,68,BAR,,Male,12,,510,1.0
male/68/0_BAR_12_1_510.jpg,68,BAR,,Male,12,,510,1.0
male/68/0_BAR_12_1_510.jpg,68,BAR,,Male,12,,510,1.0
male/68/0_BAR_12_1_510.jpg,68,BAR,,Male,12,,510,1.0
male/68/0_BAR_12_1_510.jpg,68,BAR,,Male,12,,510,1.0
male/68/0_BAR_12_1_510.jpg,68,BAR,,Male,12,,510,1.0
male/68/0_BAR_12_1_510.jpg,68,BAR,,Male,12,,510,1.0
male/68/0_BAR_12_1_510.jpg,68,BAR,,Male,12,,510,1.0
male/68/0_BAR_12_1_510.jpg,68,BAR,,Male,12,,510,1.0
male/68/0_BAR_12_1_510.jpg,68,BAR,,Male,12,,510,1.0
male/68/0_BAR_12_1_510.jpg,68,BAR,,Male,12,,510,1.0
male/68/0_BAR_12_1_510.jpg,68,BAR,,Male,12,,510,1.0
male/68/0_BAR_12_1_510.jpg,68,BAR,,Male,12,,510,1.0
male/68/0_BAR_12_1_510.jpg,68,BAR,,Male,12,,510,1.0
male/68/0_BAR_12_1_510.jpg,68,BAR,,Male,12,,510,1.0
male/68/0_BAR_12_1_510.jpg,68,BAR,,Male,12,,510,1.0
male/68/0_BAR_12_1_510.jpg,68,BAR,,Male,12,,510,1.0
male/68/0_BAR_12_1_510.jpg,68,BAR,,Male,12,,510,1.0
male/68/0_BAR_12_1_510.jpg,68,BAR,,Male,12,,510,1.0
male/68/0_BAR_12_1_510.jpg,68,BAR,,Male,12,,510,1.0
male/68/0_BAR_12_1_510.jpg,68,BAR,,Male,12,,510,1.0
male/68/0_BAR_12_1_510.jpg,68,BAR,,Male,12,,510,1.0
male/68/0_BAR_12_1_510.jpg,68,BAR,,Male,12,,510,1.0
male/68/0_BAR_12_1_510.jpg,68,BAR,,Male,12,,510,1.0
male/68/0_BAR_12_1_510.jpg,68,BAR,,Male,12,,510,1.0
male/68/0_BAR_12_1_510.jpg,68,BAR,,Male,12,,510,1.0
male/68/0_BAR_12_1_510.jpg,68,BAR,,Male,12,,510,1.0
male/68/0_BAR_12_1_510.jpg,68,BAR,,Male,12,,510,1.0
male/68/0_BAR_12_1_510.jpg,68,BAR,,Male,12,,510,1.0
male/68/0_BAR_12_1_510.jpg,68,BAR,,Male,12,,510,1.0
male/68/0_BAR_12_1_510.jpg,68,BAR,,Male,12,,510,1.0
male/68/0_BAR_12_1_510.jpg,68,BAR,,Male,12,,510,1.0
male/68/0_BAR_12_1_510.jpg,68,BAR,,Male,12,,510,1.0
male/68/0_BAR_12_1_510.jpg,68,BAR,,Male,12,,510,1.0
male/68/0_BAR_12_1_510.jpg,68,BAR,,Male,12,,510,1.0
male/68/0_BAR_12_1_510.jpg,68,BAR,,Male,12,,510,1.0
male/68/0_BAR_12_1_510.jpg,68,BAR,,Male,12,,510,1.0
male/68/0_BAR_12_1_510.jpg,68,BAR,,Male,12,,510,1.0
male/68/0_BAR_12_1_510.jpg,68,BAR,,Male,12,,510,1.0
male/68/0_BAR_12_1_510.jpg,68,BAR,,Male,12,,510,1.0
male/68/0_BAR_12_1_510.jpg,68,BAR,,Male,12,,510,1.0
male/68/0_BAR_12_1_510.jpg,68,BAR,,Male,12,,510,1.0
male/68/0_BAR_12_1_510.jpg,68,BAR,,Male,12,,510,1.0
male/68/0_BAR_12_1_510.jpg,68,BAR,,Male,12,,510,1.0
male/68/0_BAR_12_1_510.jpg,68,BAR,,Male,12,,510,1.0
male/68/0_BAR_12_1_510.jpg,68,BAR,,Male,12,,510,1.0
male/68/0_BAR_12_1_510.jpg,68,BAR,,Male,12,,510,1.0
male/68/0_BAR_12_1_510.jpg,68,BAR,,Male,12,,510,1.0
male/68/0_BAR_12_1_510.jpg,68,BAR,,Male,12,,510,1.0
male/68/0_BAR_12_1_510.jpg,68,BAR,,Male,12,,510,1.0
male/68/0_BAR_12_1_510.jpg,68,BAR,,Male,12,,510,1.0
male/68/0_BAR_12_1_510.jpg,68,BAR,,Male,12,,510,1.0
male/68/0_BAR_12_1_510.jpg,68,BAR,,Male,12,,510,1.0
male/68/0_BAR_12_1_510.jpg,68,BAR,,Male,12,,510,1.0
male/68/0_BAR_12_1_510.jpg,68,BAR,,Male,12,,510,1.0
male/68/0_BAR_12_1_510.jpg,68,BAR,,Male,12,,510,1.0
male/68/0_BAR_12_1_510.jpg,68,BAR,,Male,12,,510,1.0
male/68/0_BAR_12_1_510.jpg,68,BAR,,Male,12,,510,1.0
male/68/0_BAR_12_1_510.jpg,68,BAR,,Male,12,,510,1.0
male/68/0_BAR_12_1_510.jpg,68,BAR,,Male,12,,510,1.0
male/68/0_BAR_12_1_510.jpg,68,BAR,,Male,12,,510,1.0
male/68/0_BAR_12_1_510.jpg,68,BAR,,Male,12,,510,1.0
male/68/0_BAR_12_1_510.jpg,68,BAR,,Male,12,,510,1.0
male/68/0_BAR_12_1_510.jpg,68,BAR,,Male,12,,510,1.0
male/68/0_BAR_12_1_510.jpg,68,BAR,,Male,12,,510,1.0
male/68/0_BAR_12_1_510.jpg,68,BAR,,Male,12,,510,1.0
male/68/0_BAR_12_1_510.jpg,68,BAR,,Male,12,,510,1.0
male/68/0_BAR_12_1_510.jpg,68,BAR,,Male,12,,510,1.0
male/68/0_BAR_12_1_510.jpg,68,BAR,,Male,12,,510,1.0
male/68/0_BAR_12_1_510.jpg,68,BAR,,Male,12,,510,1.0
male/68/0_BAR_12_1_510.jpg,68,BAR,,Male,12,,510,1.0
male/68/0_BAR_12_1_510.jpg,68,BAR,,Male,12,,510,1.0
male/68/0_BAR_12_1_510.jpg,68,BAR,,Male,12,,510,1.0
male/68/0_BAR_12_1_510.jpg,68,BAR,,Male,12,,510,1.0
male/68/0_BAR_12_1_510.jpg,68,BAR,,Male,12,,510,1.0
male/68/0_BAR_12_1_510.jpg,68,BAR,,Male,12,,510,1.0
male/68/0_BAR_12_1_510.jpg,68,BAR,,Male,12,,510,1.0
male/68/0_BAR_12_1_510.jpg,68,BAR,,Male,12,,510,1.0
male/68/0_BAR_12_1_510.jpg,68,BAR,,Male,12,,510,1.0
male/68/0_BAR_12_1_510.jpg,68,BAR,,Male,12,,510,1.0
male/68/0_BAR_12_1_510.jpg,68,BAR,,Male,12,,510,1.0
male/68/0_BAR_12_1_510.jpg,68,BAR,,Male,12,,510,1.0
male/68/0_BAR_12_1_510.jpg,68,BAR,,Male,12,,510,1.0
male/68/0_BAR_12_1_510.jpg,68,BAR,,Male,12,,510,1.0
male/68/0_BAR_12_1_510.jpg,68,BAR,,Male,12,,510,1.0
male/68/0_BAR_12_1_510.jpg,68,BAR,,Male,12,,510,1.0
male/68/0_BAR_12_1_510.jpg,68,BAR,,Male,12,,510,1.0
male/68/0_BAR_12_1_510.jpg,68,BAR,,Male,12,,510,1.0
male/68/0_BAR_12_1_510.jpg,68,BAR,,Male,12,,510,1.0
male/68/0_BAR_12_1_510.jpg,68,BAR,,Male,12,,510,1.0
male/68/0_BAR_12_1_510.jpg,68,BAR,,Male,12,,510,1.0
male/68/0_BAR_12_1_510.jpg,68,BAR,,Male,12,,510,1.0
male/68/0_BAR_12_1_510.jpg,68,BAR,,Male,12,,510,1.0
male/68/0_BAR_12_1_510.jpg,68,BAR,,Male,12,,510,1.0
male/68/0_BAR_12_1_510.jpg,68,BAR,,Male,12,,510,1.0
male/68/0_BAR_12_1_510.jpg,68,BAR,,Male,12,,510,1.0
male/68/0_BAR_12_1_510.jpg,68,BAR,,Male,12,,510,1.0
male/68/0_BAR_12_1_510.jpg,68,BAR,,Male,12,,510,1.0
male/68/0_BAR_12_1_510.jpg,68,BAR,,Male,12,,510,1.0
male/68/0_BAR_12_1_510.jpg,68,BAR,,Male,12,,510,1.0
male/68/0_BAR_12_1_510.jpg,68,BAR,,Male,12,,510,1.0
male/68/0_BAR_12_1_510.jpg,68,BAR,,Male,12,,510,1.0
male/68/0_BAR_12_1_510.jpg,68,BAR,,Male,12,,510,1.0
male/68/0_BAR_12_1_510.jpg,68,BAR,,Male,12,,510,1.0
male/68/0_BAR_12_1_510.jpg,68,BAR,,Male,12,,510,1.0
male/68/0_BAR_12_1_510.jpg,68,BAR,,Male,12,,510,1.0
male/68/0_BAR_12_1_510.jpg,68,BAR,,Male,12,,510,1.0
male/68/0_BAR_12_1_510.jpg,68,BAR,,Male,12,,510,1.0
male/68/0_BAR_12_1_510.jpg,68,BAR,,Male,12,,510,1.0
male/68/0_BAR_12_1_510.jpg,68,BAR,,Male,12,,510,1.0
male/68/0_BAR_12_1_510.jpg,68,BAR,,Male,12,,510,1.0
male/68/0_BAR_12_1_510.jpg,68,BAR,,Male,12,,510,1.0
male/68/0_BAR_12_1_510.jpg,68,BAR,,Male,12,,510,1.0
male/68/0_BAR_12_1_510.jpg,68,BAR,,Male,12,,510,1.0
male/68/0_BAR_12_1_510.jpg,68,BAR,,Male,12,,510,1.0
male/68/0_BAR_12_1_510.jpg,68,BAR,,Male,12,,510,1.0
male/68/0_BAR_12_1_510.jpg,68,BAR,,Male,12,,510,1.0
male/68/0_BAR_12_1_510.jpg,68,BAR,,Male,12,,510,1.0
male/68/0_BAR_12_1_510.jpg,68,BAR,,Male,12,,510,1.0
male/68/0_BAR_12_1_510.jpg,68,BAR,,Male,12,,510,1.0
male/68/0_BAR_12_1_510.jpg,68,BAR,,Male,12,,510,1.0
male/68/0_BAR_12_1_510.jpg,68,BAR,,Male,12,,510,1.0
male/68/0_BAR_12_1_510.jpg,68,BAR,,Male,12,,510,1.0
male/68/0_BAR_12_1_510.jpg,68,BAR,,Male,12,,510,1.0
male/68/0_BAR_12_1_510.jpg,68,BAR,,Male,12,,510,1.0
male/68/0_BAR_12_1_510.jpg,68,BAR,,Male,12,,510,1.0
male/68/0_BAR_12_1_510.jpg,68,BAR,,Male,12,,510,1.0
male/68/0_BAR_12_1_510.jpg,68,BAR,,Male,12,,510,1.0
male/68/0_BAR_12_1_510.jpg,68,BAR,,Male,12,,510,1.0
male/68/0_BAR_12_1_510.jpg,68,BAR,,Male,12,,510,1.0
male/68/0_BAR_12_1_510.jpg,68,BAR,,Male,12,,510,1.0
male/68/0_BAR_12_1_510.jpg,68,BAR,,Male,12,,510,1.0
male/68/0_BAR_12_1_510.jpg,68,BAR,,Male,12,,510,1.0
male/68/0_BAR_12_1_510.jpg,68,BAR,,Male,12,,510,1.0
male/68/0_BAR_12_1_510.jpg,68,BAR,,Male,12,,510,1.0
male/68/0_BAR_12_1_510.jpg,68,BAR,,Male,12,,510,1.0
male/68/0_BAR_12_1_510.jpg,68,BAR,,Male,12,,510,1.0
male/68/0_BAR_12_1_510.jpg,68,BAR,,Male,12,,510,1.0
male/68/0_BAR_12_1_510.jpg,68,BAR,,Male,12,,510,1.0
male/68/0_BAR_12_1_510.jpg,68,BAR,,Male,12,,510,1.0
male/68/0_BAR_12_1_510.jpg,68,BAR,,Male,12,,510,1.0
male/68/0_BAR_12_1_510.jpg,68,BAR,,Male,12,,510,1.0
male/68/0_BAR_12_1_510.jpg,68,BAR,,Male,12,,510,1.0
male/68/0_BAR_12_1_510.jpg,68,BAR,,Male,12,,510,1.0
male/68/0_BAR_12_1_510.jpg,68,BAR,,Male,12,,510,1.0
male/68/0_BAR_12_1_510.jpg,68,BAR,,Male,12,,510,1.0
male/68/0_BAR_12_1_510.jpg,68,BAR,,Male,12,,510,1.0
male/68/0_BAR_12_1_510.jpg,68,BAR,,Male,12,,510,1.0
male/68/0_BAR_12_1_510.jpg,68,BAR,,Male,12,,510,1.0
male/68/0_BAR_12_1_510.jpg,68,BAR,,Male,12,,510,1.0
male/68/0_BAR_12_1_510.jpg,68,BAR,,Male,12,,510,1.0
male/68/0_BAR_12_1_510.jpg,68,BAR,,Male,12,,510,1.0
male/68/0_BAR_12_1_510.jpg,68,BAR,,Male,12,,510,1.0
male/68/0_BAR_12_1_510.jpg,68,BAR,,Male,12,,510,1.0
male/68/0_BAR_12_1_510.jpg,68,BAR,,Male,12,,510,1.0
male/68/0_BAR_12_1_510.jpg,68,BAR,,Male,12,,510,1.0
male/68/0_BAR_12_1_510.jpg,68,BAR,,Male,12,,510,1.0
male/68/0_BAR_12_1_510.jpg,68,BAR,,Male,12,,510,1.0
male/68/0_BAR_12_1_510.jpg,68,BAR,,Male,12,,510,1.0
male/68/0_BAR_12_1_510.jpg,68,BAR,,Male,12,,510,1.0
male/68/0_BAR_12_1_510.jpg,68,BAR,,Male,12,,510,1.0
male/68/0_BAR_12_1_510.jpg,68,BAR,,Male,12,,510,1.0
male/68/0_BAR_12_1_510.jpg,68,BAR,,Male,12,,510,1.0
male/68/0_BAR_12_1_510.jpg,68,BAR,,Male,12,,510,1.0
male/68/0_BAR_12_1_510.jpg,68,BAR,,Male,12,,510,1.0
male/68/0_BAR_12_1_510.jpg,68,BAR,,Male,12,,510,1.0
male/68/0_BAR_12_1_510.jpg,68,BAR,,Male,12,,510,1.0
male/68/0_BAR_12_1_510.jpg,68,BAR,,Male,12,,510,1.0
male/68/0_BAR_12_1_510.jpg,68,BAR,,Male,12,,510,1.0
male/68/0_BAR_12_1_510.jpg,68,BAR,,Male,12,,510,1.0
male/68/0_BAR_12_1_510.jpg,68,BAR,,Male,12,,510,1.0
male/68/0_BAR_12_1_510.jpg,68,BAR,,Male,12,,510,1.0
male/68/0_BAR_12_1_510.jpg,68,BAR,,Male,12,,510,1.0
male/68/0_BAR_12_1_510.jpg,68,BAR,,Male,12,,510,1.0
male/68/0_BAR_12_1_510.jpg,68,BAR,,Male,12,,510,1.0
male/68/0_BAR_12_1_510.jpg,68,BAR,,Male,12,,510,1.0
male/68/0_BAR_12_1_510.jpg,68,BAR,,Male,12,,510,1.0
male/68/0_BAR_12_1_510.jpg,68,BAR,,Male,12,,510,1.0
male/68/0_BAR_12_1_510.jpg,68,BAR,,Male,12,,510,1.0
male/68/0_BAR_12_1_510.jpg,68,BAR,,Male,12,,510,1.0
male/68/0_BAR_12_1_510.jpg,68,BAR,,Male,12,,510,1.0
male/68/0_BAR_12_1_510.jpg,68,BAR,,Male,12,,510,1.0
male/68/0_BAR_12_1_510.jpg,68,BAR,,Male,12,,510,1.0
male/68/0_BAR_12_1_510.jpg,68,BAR,,Male,12,,510,1.0
male/68/0_BAR_12_1_510.jpg,68,BAR,,Male,12,,510,1.0
male/68/0_BAR_12_1_510.jpg,68,BAR,,Male,12,,510,1.0
male/68/0_BAR_12_1_510.jpg,68,BAR,,Male,12,,510,1.0
male/68/0_BAR_12_1_510.jpg,68,BAR,,Male,12,,510,1.0
male/68/0_BAR_12_1_510.jpg,68,BAR,,Male,12,,510,1.0
male/68/0_BAR_12_1_510.jpg,68,BAR,,Male,12,,510,1.0
male/68/0_BAR_12_1_510.jpg,68,BAR,,Male,12,,510,1.0
male/68/0_BAR_12_1_510.jpg,68,BAR,,Male,12,,510,1.0
male/68/0_BAR_12_1_510.jpg,68,BAR,,Male,12,,510,1.0
male/68/0_BAR_12_1_510.jpg,68,BAR,,Male,12,,510,1.0
male/68/0_BAR_12_1_510.jpg,68,BAR,,Male,12,,510,1.0
male/68/0_BAR_12_1_510.jpg,68,BAR,,Male,12,,510,1.0
male/68/0_BAR_12_1_510.jpg,68,BAR,,Male,12,,510,1.0
male/68/0_BAR_12_1_510.jpg,68,BAR,,Male,12,,510,1.0
male/68/0_BAR_12_1_510.jpg,68,BAR,,Male,12,,510,1.0
male/68/0_BAR_12_1_510.jpg,68,BAR,,Male,12,,510,1.0
male/68/0_BAR_12_1_510.jpg,68,BAR,,Male,12,,510,1.0
male/68/0_BAR_12_1_510.jpg,68,BAR,,Male,12,,510,1.0
male/68/0_BAR_12_1_510.jpg,68,BAR,,Male,12,,510,1.0
male/68/0_BAR_12_1_510.jpg,68,BAR,,Male,12,,510,1.0
male/68/0_BAR_12_1_510.jpg,68,BAR,,Male,12,,510,1.0
male/68/0_BAR_12_1_510.jpg,68,BAR,,Male,12,,510,1.0
male/68/0_BAR_12_1_510.jpg,68,BAR,,Male,12,,510,1.0
male/68/0_BAR_12_1_510.jpg,68,BAR,,Male,12,,510,1.0
male/68/0_BAR_12_1_510.jpg,68,BAR,,Male,12,,510,1.0
male/68/0_BAR_12_1_510.jpg,68,BAR,,Male,12,,510,1.0
male/68/0_BAR_12_1_510.jpg,68,BAR,,Male,12,,510,1.0
male/68/0_BAR_12_1_510.jpg,68,BAR,,Male,12,,510,1.0
male/68/0_BAR_12_1_510.jpg,68,BAR,,Male,12,,510,1.0
male/68/0_BAR_12_1_510.jpg,68,BAR,,Male,12,,510,1.0
male/68/0_BAR_12_1_510.jpg,68,BAR,,Male,12,,510,1.0
male/68/0_BAR_12_1_510.jpg,68,BAR,,Male,12,,510,1.0
male/68/0_BAR_12_1_510.jpg,68,BAR,,Male,12,,510,1.0
male/68/0_BAR_12_1_510.jpg,68,BAR,,Male,12,,510,1.0
male/68/0_BAR_12_1_510.jpg,68,BAR,,Male,12,,510,1.0
male/68/0_BAR_12_1_510.jpg,68,BAR,,Male,12,,510,1.0
male/68/0_BAR_12_1_510.jpg,68,BAR,,Male,12,,510,1.0
male/68/0_BAR_12_1_510.jpg,68,BAR,,Male,12,,510,1.0
male/68/0_BAR_12_1_510.jpg,68,BAR,,Male,12,,510,1.0
male/68/0_BAR_12_1_510.jpg,68,BAR,,Male,12,,510,1.0
male/68/0_BAR_12_1_510.jpg,68,BAR,,Male,12,,510,1.0
male/68/0_BAR_12_1_510.jpg,68,BAR,,Male,12,,510,1.0
male/68/0_BAR_12_1_510.jpg,68,BAR,,Male,12,,510,1.0
male/68/0_BAR_12_1_510.jpg,68,BAR,,Male,12,,510,1.0
male/68/0_BAR_12_1_510.jpg,68,BAR,,Male,12,,510,1.0
male/68/0_BAR_12_1_510.jpg,68,BAR,,Male,12,,510,1.0
male/68/0_BAR_12_1_510.jpg,68,BAR,,Male,12,,510,1.0
male/68/0_BAR_12_1_510.jpg,68,BAR,,Male,12,,510,1.0
male/68/0_BAR_12_1_510.jpg,68,BAR,,Male,12,,510,1.0
male/68/0_BAR_12_1_510.jpg,68,BAR,,Male,12,,510,1.0
male/68/0_BAR_12_1_510.jpg,68,BAR,,Male,12,,510,1.0
male/68/0_BAR_12_1_510.jpg,68,BAR,,Male,12,,510,1.0
male/68/0_BAR_12_1_510.jpg,68,BAR,,Male,12,,510,1.0
male/68/0_BAR_12_1_510.jpg,68,BAR,,Male,12,,510,1.0
male/68/0_BAR_12_1_510.jpg,68,BAR,,Male,12,,510,1.0
male/68/0_BAR_12_1_510.jpg,68,BAR,,Male,12,,510,1.0
male/68/0_BAR_12_1_510.jpg,68,BAR,,Male,12,,510,1.0
male/68/0_BAR_12_1_510.jpg,68,BAR,,Male,12,,510,1.0
male/68/0_BAR_12_1_510.jpg,68,BAR,,Male,12,,510,1.0
male/68/0_BAR_12_1_510.jpg,68,BAR,,Male,12,,510,1.0
male/68/0_BAR_12_1_510.jpg,68,BAR,,Male,12,,510,1.0
male/68/0_BAR_12_1_510.jpg,68,BAR,,Male,12,,510,1.0
male/68/0_BAR_12_1_510.jpg,68,BAR,,Male,12,,510,1.0
male/68/0_BAR_12_1_510.jpg,68,BAR,,Male,12,,510,1.0
male/68/0_BAR_12_1_510.jpg,68,BAR,,Male,12,,510,1.0
male/68/0_BAR_12_1_510.jpg,68,BAR,,Male,12,,510,1.0
male/68/0_BAR_12_1_510.jpg,68,BAR,,Male,12,,510,1.0
male/68/0_BAR_12_1_510.jpg,68,BAR,,Male,12,,510,1.0
male/68/0_BAR_12_1_510.jpg,68,BAR,,Male,12,,510,1.0
male/68/0_BAR_12_1_510.jpg,68,BAR,,Male,12,,510,1.0
male/68/0_BAR_12_1_510.jpg,68,BAR,,Male,12,,510,1.0
male/68/0_BAR_12_1_510.jpg,68,BAR,,Male,12,,510,1.0
male/68/0_BAR_12_1_510.jpg,68,BAR,,Male,12,,510,1.0
male/68/0_BAR_12_1_510.jpg,68,BAR,,Male,12,,510,1.0
male/68/0_BAR_12_1_510.jpg,68,BAR,,Male,12,,510,1.0
male/68/0_BAR_12_1_510.jpg,68,BAR,,Male,12,,510,1.0
male/68/0_BAR_12_1_510.jpg,68,BAR,,Male,12,,510,1.0
male/68/0_BAR_12_1_510.jpg,68,BAR,,Male,12,,510,1.0
male/68/0_BAR_12_1_510.jpg,68,BAR,,Male,12,,510,1.0
male/68/0_BAR_12_1_510.jpg,68,BAR,,Male,12,,510,1.0
male/68/0_BAR_12_1_510.jpg,68,BAR,,Male,12,,510,1.0
male/68/0_BAR_12_1_510.jpg,68,BAR,,Male,12,,510,1.0
male/68/0_BAR_12_1_510.jpg,68,BAR,,Male,12,,510,1.0
male/68/0_BAR_12_1_510.jpg,68,BAR,,Male,12,,510,1.0
male/68/0_BAR_12_1_510.jpg,68,BAR,,Male,12,,510,1.0
male/68/0_BAR_12_1_510.jpg,68,BAR,,Male,12,,510,1.0
male/68/0_BAR_12_1_510.jpg,68,BAR,,Male,12,,510,1.0
male/68/0_BAR_12_1_510.jpg,68,BAR,,Male,12,,510,1.0
male/68/0_BAR_12_1_510.jpg,68,BAR,,Male,12,,510,1.0
male/68/0_BAR_12_1_510.jpg,68,BAR,,Male,12,,510,1.0
male/68/0_BAR_12_1_510.jpg,68,BAR,,Male,12,,510,1.0
male/68/0_BAR_12_1_510.jpg,68,BAR,,Male,12,,510,1.0
male/68/0_BAR_12_1_510.jpg,68,BAR,,Male,12,,510,1.0
male/68/0_BAR_12_1_510.jpg,68,BAR,,Male,12,,510,1.0
male/68/0_BAR_12_1_510.jpg,68,BAR,,Male,12,,510,1.0
male/68/0_BAR_12_1_510.jpg,68,BAR,,Male,12,,510,1.0
male/68/0_BAR_12_1_510.jpg,68,BAR,,Male,12,,510,1.0
male/68/0_BAR_12_1_510.jpg,68,BAR,,Male,12,,510,1.0
male/68/0_BAR_12_1_510.jpg,68,BAR,,Male,12,,510,1.0
male/68/0_BAR_12_1_510.jpg,68,BAR,,Male,12,,510,1.0
male/68/0_BAR_12_1_510.jpg,68,BAR,,Male,12,,510,1.0
male/68/0_BAR_12_1_510.jpg,68,BAR,,Male,12,,510,1.0
male/68/0_BAR_12_1_510.jpg,68,BAR,,Male,12,,510,1.0
male/68/0_BAR_12_1_510.jpg,68,BAR,,Male,12,,510,1.0
male/68/0_BAR_12_1_510.jpg,68,BAR,,Male,12,,510,1.0
male/68/0_BAR_12_1_510.jpg,68,BAR,,Male,12,,510,1.0
male/68/0_BAR_12_1_510.jpg,68,BAR,,Male,12,,510,1.0
male/68/0_BAR_12_1_510.jpg,68,BAR,,Male,12,,510,1.0
male/68/0_BAR_12_1_510.jpg,68,BAR,,Male,12,,510,1.0
male/68/0_BAR_12_1_510.jpg,68,BAR,,Male,12,,510,1.0
male/68/0_BAR_12_1_510.jpg,68,BAR,,Male,12,,510,1.0
male/68/0_BAR_12_1_510.jpg,68,BAR,,Male,12,,510,1.0
male/68/0_BAR_12_1_510.jpg,68,BAR,,Male,12,,510,1.0
male/68/0_BAR_12_1_510.jpg,68,BAR,,Male,12,,510,1.0
male/68/0_BAR_12_1_510.jpg,68,BAR,,Male,12,,510,1.0
male/68/0_BAR_12_1_510.jpg,68,BAR,,Male,12,,510,1.0
male/68/0_BAR_12_1_510.jpg,68,BAR,,Male,12,,510,1.0
male/68/0_BAR_12_1_510.jpg,68,BAR,,Male,12,,510,1.0
male/68/0_BAR_12_1_510.jpg,68,BAR,,Male,12,,510,1.0
male/68/0_BAR_12_1_510.jpg,68,BAR,,Male,12,,510,1.0
male/68/0_BAR_12_1_510.jpg,68,BAR,,Male,12,,510,1.0
male/68/0_BAR_12_1_510.jpg,68,BAR,,Male,12,,510,1.0
male/68/0_BAR_12_1_510.jpg,68,BAR,,Male,12,,510,1.0
male/68/0_BAR_12_1_510.jpg,68,BAR,,Male,12,,510,1.0
male/68/0_BAR_12_1_510.jpg,68,BAR,,Male,12,,510,1.0
male/68/0_BAR_12_1_510.jpg,68,BAR,,Male,12,,510,1.0
male/68/0_BAR_12_1_510.jpg,68,BAR,,Male,12,,510,1.0
male/68/0_BAR_12_1_510.jpg,68,BAR,,Male,12,,510,1.0
male/68/0_BAR_12_1_510.jpg,68,BAR,,Male,12,,510,1.0
male/68/0_BAR_12_1_510.jpg,68,BAR,,Male,12,,510,1.0
male/68/0_BAR_12_1_510.jpg,68,BAR,,Male,12,,510,1.0
male/68/0_BAR_12_1_510.jpg,68,BAR,,Male,12,,510,1.0
male/68/0_BAR_12_1_510.jpg,68,BAR,,Male,12,,510,1.0
male/68/0_BAR_12_1_510.jpg,68,BAR,,Male,12,,510,1.0
male/68/0_BAR_12_1_510.jpg,68,BAR,,Male,12,,510,1.0
male/68/0_BAR_12_1_510.jpg,68,BAR,,Male,12,,510,1.0
male/68/0_BAR_12_1_510.jpg,68,BAR,,Male,12,,510,1.0
male/68/0_BAR_12_1_510.jpg,68,BAR,,Male,12,,510,1.0
male/68/0_BAR_12_1_510.jpg,68,BAR,,Male,12,,510,1.0
male/68/0_BAR_12_1_510.jpg,68,BAR,,Male,12,,510,1.0
male/68/0_BAR_12_1_510.jpg,68,BAR,,Male,12,,510,1.0
male/68/0_BAR_12_1_510.jpg,68,BAR,,Male,12,,510,1.0
male/68/0_BAR_12_1_510.jpg,68,BAR,,Male,12,,510,1.0
male/68/0_BAR_12_1_510.jpg,68,BAR,,Male,12,,510,1.0
male/68/0_BAR_12_1_510.jpg,68,BAR,,Male,12,,510,1.0
male/68/0_BAR_12_1_510.jpg,68,BAR,,Male,12,,510,1.0
male/68/0_BAR_12_1_510.jpg,68,BAR,,Male,12,,510,1.0
male/68/0_BAR_12_1_510.jpg,68,BAR,,Male,12,,510,1.0
male/68/0_BAR_12_1_510.jpg,68,BAR,,Male,12,,510,1.0
male/68/0_BAR_12_1_510.jpg,68,BAR,,Male,12,,510,1.0
male/68/0_BAR_12_1_510.jpg,68,BAR,,Male,12,,510,1.0
male/68/0_BAR_12_1_510.jpg,68,BAR,,Male,12,,510,1.0
male/68/0_BAR_12_1_510.jpg,68,BAR,,Male,12,,510,1.0
male/68/0_BAR_12_1_510.jpg,68,BAR,,Male,12,,510,1.0
male/68/0_BAR_12_1_510.jpg,68,BAR,,Male,12,,510,1.0
male/68/0_BAR_12_1_510.jpg,68,BAR,,Male,12,,510,1.0
male/68/0_BAR_12_1_510.jpg,68,BAR,,Male,12,,510,1.0
male/68/0_BAR_12_1_510.jpg,68,BAR,,Male,12,,510,1.0
male/68/0_BAR_12_1_510.jpg,68,BAR,,Male,12,,510,1.0
male/68/0_BAR_12_1_510.jpg,68,BAR,,Male,12,,510,1.0
male/68/0_BAR_12_1_510.jpg,68,BAR,,Male,12,,510,1.0
male/68/0_BAR_12_1_510.jpg,68,BAR,,Male,12,,510,1.0
male/68/0_BAR_12_1_510.jpg,68,BAR,,Male,12,,510,1.0
male/68/0_BAR_12_1_510.jpg,68,BAR,,Male,12,,510,1.0
male/68/0_BAR_12_1_510.jpg,68,BAR,,Male,12,,510,1.0
male/68/0_BAR_12_1_510.jpg,68,BAR,,Male,12,,510,1.0
male/68/0_BAR_12_1_510.jpg,68,BAR,,Male,12,,510,1.0
male/68/0_BAR_12_1_510.jpg,68,BAR,,Male,12,,510,1.0
male/68/0_BAR_12_1_510.jpg,68,BAR,,Male,12,,510,1.0
male/68/0_BAR_12_1_510.jpg,68,BAR,,Male,12,,510,1.0
male/68/0_BAR_12_1_510.jpg,68,BAR,,Male,12,,510,1.0
male/68/0_BAR_12_1_510.jpg,68,BAR,,Male,12,,510,1.0
male/68/0_BAR_12_1_510.jpg,68,BAR,,Male,12,,510,1.0
male/68/0_BAR_12_1_510.jpg,68,BAR,,Male,12,,510,1.0
male/68/0_BAR_12_1_510.jpg,68,BAR,,Male,12,,510,1.0
male/68/0_BAR_12_1_510.jpg,68,BAR,,Male,12,,510,1.0
male/68/0_BAR_12_1_510.jpg,68,BAR,,Male,12,,510,1.0
male/68/0_BAR_12_1_510.jpg,68,BAR,,Male,12,,510,1.0
male/68/0_BAR_12_1_510.jpg,68,BAR,,Male,12,,510,1.0
male/68/0_BAR_12_1_510.jpg,68,BAR,,Male,12,,510,1.0
male/68/0_BAR_12_1_510.jpg,68,BAR,,Male,12,,510,1.0
male/68/0_BAR_12_1_510.jpg,68,BAR,,Male,12,,510,1.0
male/68/0_BAR_12_1_510.jpg,68,BAR,,Male,12,,510,1.0
male/68/0_BAR_12_1_510.jpg,68,BAR,,Male,12,,510,1.0
male/68/0_BAR_12_1_510.jpg,68,BAR,,Male,12,,510,1.0
male/68/0_BAR_12_1_510.jpg,68,BAR,,Male,12,,510,1.0
male/68/0_BAR_12_1_510.jpg,68,BAR,,Male,12,,510,1.0
male/68/0_BAR_12_1_510.jpg,68,BAR,,Male,12,,510,1.0
male/68/0_BAR_12_1_510.jpg,68,BAR,,Male,12,,510,1.0
male/68/0_BAR_12_1_510.jpg,68,BAR,,Male,12,,510,1.0
male/68/0_BAR_12_1_510.jpg,68,BAR,,Male,12,,510,1.0
male/68/0_BAR_12_1_510.jpg,68,BAR,,Male,12,,510,1.0
male/68/0_BAR_12_1_510.jpg,68,BAR,,Male,12,,510,1.0
male/68/0_BAR_12_1_510.jpg,68,BAR,,Male,12,,510,1.0
male/68/0_BAR_12_1_510.jpg,68,BAR,,Male,12,,510,1.0
male/68/0_BAR_12_1_510.jpg,68,BAR,,Male,12,,510,1.0
male/68/0_BAR_12_1_510.jpg,68,BAR,,Male,12,,510,1.0
male/68/0_BAR_12_1_510.jpg,68,BAR,,Male,12,,510,1.0
male/68/0_BAR_12_1_510.jpg,68,BAR,,Male,12,,510,1.0
male/68/0_BAR_12_1_510.jpg,68,BAR,,Male,12,,510,1.0
male/68/0_BAR_12_1_510.jpg,68,BAR,,Male,12,,510,1.0
male/68/0_BAR_12_1_510.jpg,68,BAR,,Male,12,,510,1.0
male/68/0_BAR_12_1_510.jpg,68,BAR,,Male,12,,510,1.0
male/68/0_BAR_12_1_510.jpg,68,BAR,,Male,12,,510,1.0
male/68/0_BAR_12_1_510.jpg,68,BAR,,Male,12,,510,1.0
male/68/0_BAR_12_1_510.jpg,68,BAR,,Male,12,,510,1.0
male/68/0_BAR_12_1_510.jpg,68,BAR,,Male,12,,510,1.0
male/68/0_BAR_12_1_510.jpg,68,BAR,,Male,12,,510,1.0
male/68/0_BAR_12_1_510.jpg,68,BAR,,Male,12,,510,1.0
male/68/0_BAR_12_1_510.jpg,68,BAR,,Male,12,,510,1.0
male/68/0_BAR_12_1_510.jpg,68,BAR,,Male,12,,510,1.0
male/68/0_BAR_12_1_510.jpg,68,BAR,,Male,12,,510,1.0
male/68/0_BAR_12_1_510.jpg,68,BAR,,Male,12,,510,1.0
male/68/0_BAR_12_1_510.jpg,68,BAR,,Male,12,,510,1.0
male/68/0_BAR_12_1_510.jpg,68,BAR,,Male,12,,510,1.0
male/68/0_BAR_12_1_510.jpg,68,BAR,,Male,12,,510,1.0
male/68/0_BAR_12_1_510.jpg,68,BAR,,Male,12,,510,1.0
male/68/0_BAR_12_1_510.jpg,68,BAR,,Male,12,,510,1.0
male/68/0_BAR_12_1_510.jpg,68,BAR,,Male,12,,510,1.0
male/68/0_BAR_12_1_510.jpg,68,BAR,,Male,12,,510,1.0
male/68/0_BAR_12_1_510.jpg,68,BAR,,Male,12,,510,1.0
male/68/0_BAR_12_1_510.jpg,68,BAR,,Male,12,,510,1.0
male/68/0_BAR_12_1_510.jpg,68,BAR,,Male,12,,510,1.0
male/68/0_BAR_12_1_510.jpg,68,BAR,,Male,12,,510,1.0
male/68/0_BAR_12_1_510.jpg,68,BAR,,Male,12,,510,1.0
male/68/0_BAR_12_1_510.jpg,68,BAR,,Male,12,,510,1.0
male/68/0_BAR_12_1_510.jpg,68,BAR,,Male,12,,510,1.0
male/68/0_BAR_12_1_510.jpg,68,BAR,,Male,12,,510,1.0
male/68/0_BAR_12_1_510.jpg,68,BAR,,Male,12,,510,1.0
male/68/0_BAR_12_1_510.jpg,68,BAR,,Male,12,,510,1.0
male/68/0_BAR_12_1_510.jpg,68,BAR,,Male,12,,510,1.0
male/68/0_BAR_12_1_510.jpg,68,BAR,,Male,12,,510,1.0
male/68/0_BAR_12_1_510.jpg,68,BAR,,Male,12,,510,1.0
male/68/0_BAR_12_1_510.jpg,68,BAR,,Male,12,,510,1.0
male/68/0_BAR_12_1_510.jpg,68,BAR,,Male,12,,510,1.0
male/68/0_BAR_12_1_510.jpg,68,BAR,,Male,12,,510,1.0
male/68/0_BAR_12_1_510.jpg,68,BAR,,Male,12,,510,1.0
male/68/0_BAR_12_1_510.jpg,68,BAR,,Male,12,,510,1.0
male/68/0_BAR_12_1_510.jpg,68,BAR,,Male,12,,510,1.0
male/68/0_BAR_12_1_510.jpg,68,BAR,,Male,12,,510,1.0
male/68/0_BAR_12_1_510.jpg,68,BAR,,Male,12,,510,1.0
male/68/0_BAR_12_1_510.jpg,68,BAR,,Male,12,,510,1.0
male/68/0_BAR_12_1_510.jpg,68,BAR,,Male,12,,510,1.0
male/68/0_BAR_12_1_510.jpg,68,BAR,,Male,12,,510,1.0
male/68/0_BAR_12_1_510.jpg,68,BAR,,Male,12,,510,1.0
male/68/0_BAR_12_1_510.jpg,68,BAR,,Male,12,,510,1.0
male/68/0_BAR_12_1_510.jpg,68,BAR,,Male,12,,510,1.0
male/68/0_BAR_12_1_510.jpg,68,BAR,,Male,12,,510,1.0
male/68/0_BAR_12_1_510.jpg,68,BAR,,Male,12,,510,1.0
male/68/0_BAR_12_1_510.jpg,68,BAR,,Male,12,,510,1.0
male/68/0_BAR_12_1_510.jpg,68,BAR,,Male,12,,510,1.0
male/68/0_BAR_12_1_510.jpg,68,BAR,,Male,12,,510,1.0
male/68/0_BAR_12_1_510.jpg,68,BAR,,Male,12,,510,1.0
male/68/0_BAR_12_1_510.jpg,68,BAR,,Male,12,,510,1.0
male/68/0_BAR_12_1_510.jpg,68,BAR,,Male,12,,510,1.0
male/68/0_BAR_12_1_510.jpg,68,BAR,,Male,12,,510,1.0
male/68/0_BAR_12_1_510.jpg,68,BAR,,Male,12,,510,1.0
male/68/0_BAR_12_1_510.jpg,68,BAR,,Male,12,,510,1.0
male/68/0_BAR_12_1_510.jpg,68,BAR,,Male,12,,510,1.0
male/68/0_BAR_12_1_510.jpg,68,BAR,,Male,12,,510,1.0
male/68/0_BAR_12_1_510.jpg,68,BAR,,Male,12,,510,1.0
male/68/0_BAR_12_1_510.jpg,68,BAR,,Male,12,,510,1.0
male/68/0_BAR_12_1_510.jpg,68,BAR,,Male,12,,510,1.0
male/68/0_BAR_12_1_510.jpg,68,BAR,,Male,12,,510,1.0
male/68/0_BAR_12_1_510.jpg,68,BAR,,Male,12,,510,1.0
male/68/0_BAR_12_1_510.jpg,68,BAR,,Male,12,,510,1.0
male/68/0_BAR_12_1_510.jpg,68,BAR,,Male,12,,510,1.0
male/68/0_BAR_12_1_510.jpg,68,BAR,,Male,12,,510,1.0
male/68/0_BAR_12_1_510.jpg,68,BAR,,Male,12,,510,1.0
male/68/0_BAR_12_1_510.jpg,68,BAR,,Male,12,,510,1.0
male/68/0_BAR_12_1_510.jpg,68,BAR,,Male,12,,510,1.0
male/68/0_BAR_12_1_510.jpg,68,BAR,,Male,12,,510,1.0
male/68/0_BAR_12_1_510.jpg,68,BAR,,Male,12,,510,1.0
male/68/0_BAR_12_1_510.jpg,68,BAR,,Male,12,,510,1.0
male/68/0_BAR_12_1_510.jpg,68,BAR,,Male,12,,510,1.0
male/68/0_BAR_12_1_510.jpg,68,BAR,,Male,12,,510,1.0
male/68/0_BAR_12_1_510.jpg,68,BAR,,Male,12,,510,1.0
male/68/0_BAR_12_1_510.jpg,68,BAR,,Male,12,,510,1.0
male/68/0_BAR_12_1_510.jpg,68,BAR,,Male,12,,510,1.0
male/68/0_BAR_12_1_510.jpg,68,BAR,,Male,12,,510,1.0
male/68/0_BAR_12_1_510.jpg,68,BAR,,Male,12,,510,1.0
male/68/0_BAR_12_1_510.jpg,68,BAR,,Male,12,,510,1.0
male/68/0_BAR_12_1_510.jpg,68,BAR,,Male,12,,510,1.0
male/68/0_BAR_12_1_510.jpg,68,BAR,,Male,12,,510,1.0
male/68/0_BAR_12_1_510.jpg,68,BAR,,Male,12,,510,1.0
male/68/0_BAR_12_1_510.jpg,68,BAR,,Male,12,,510,1.0
male/68/0_BAR_12_1_510.jpg,68,BAR,,Male,12,,510,1.0
male/68/0_BAR_12_1_510.jpg,68,BAR,,Male,12,,510,1.0
male/68/0_BAR_12_1_510.jpg,68,BAR,,Male,12,,510,1.0
male/68/0_BAR_12_1_510.jpg,68,BAR,,Male,12,,510,1.0
male/68/0_BAR_12_1_510.jpg,68,BAR,,Male,12,,510,1.0
male/68/0_BAR_12_1_510.jpg,68,BAR,,Male,12,,510,1.0
male/68/0_BAR_12_1_510.jpg,68,BAR,,Male,12,,510,1.0
male/68/0_BAR_12_1_510.jpg,68,BAR,,Male,12,,510,1.0
male/68/0_BAR_12_1_510.jpg,68,BAR,,Male,12,,510,1.0
male/68/0_BAR_12_1_510.jpg,68,BAR,,Male,12,,510,1.0
male/68/0_BAR_12_1_510.jpg,68,BAR,,Male,12,,510,1.0
male/68/0_BAR_12_1_510.jpg,68,BAR,,Male,12,,510,1.0
male/68/0_BAR_12_1_510.jpg,68,BAR,,Male,12,,510,1.0
male/68/0_BAR_12_1_510.jpg,68,BAR,,Male,12,,510,1.0
male/68/0_BAR_12_1_510.jpg,68,BAR,,Male,12,,510,1.0
male/68/0_BAR_12_1_510.jpg,68,BAR,,Male,12,,510,1.0
male/68/0_BAR_12_1_510.jpg,68,BAR,,Male,12,,510,1.0
male/68/0_BAR_12_1_510.jpg,68,BAR,,Male,12,,510,1.0
male/68/0_BAR_12_1_510.jpg,68,BAR,,Male,12,,510,1.0
male/68/0_BAR_12_1_510.jpg,68,BAR,,Male,12,,510,1.0
male/68/0_BAR_12_1_510.jpg,68,BAR,,Male,12,,510,1.0
male/68/0_BAR_12_1_510.jpg,68,BAR,,Male,12,,510,1.0
male/68/0_BAR_12_1_510.jpg,68,BAR,,Male,12,,510,1.0
male/68/0_BAR_12_1_510.jpg,68,BAR,,Male,12,,510,1.0
male/68/0_BAR_12_1_510.jpg,68,BAR,,Male,12,,510,1.0
male/68/0_BAR_12_1_510.jpg,68,BAR,,Male,12,,510,1.0
male/68/0_BAR_12_1_510.jpg,68,BAR,,Male,12,,510,1.0
male/68/0_BAR_12_1_510.jpg,68,BAR,,Male,12,,510,1.0
male/68/0_BAR_12_1_510.jpg,68,BAR,,Male,12,,510,1.0
male/68/0_BAR_12_1_510.jpg,68,BAR,,Male,12,,510,1.0
male/68/0_BAR_12_1_510.jpg,68,BAR,,Male,12,,510,1.0
male/68/0_BAR_12_1_510.jpg,68,BAR,,Male,12,,510,1.0
male/68/0_BAR_12_1_510.jpg,68,BAR,,Male,12,,510,1.0
male/68/0_BAR_12_1_510.jpg,68,BAR,,Male,12,,510,1.0
male/68/0_BAR_12_1_510.jpg,68,BAR,,Male,12,,510,1.0
male/68/0_BAR_12_1_510.jpg,68,BAR,,Male,12,,510,1.0
male/68/0_BAR_12_1_510.jpg,68,BAR,,Male,12,,510,1.0
male/68/0_BAR_12_1_510.jpg,68,BAR,,Male,12,,510,1.0
male/68/0_BAR_12_1_510.jpg,68,BAR,,Male,12,,510,1.0
male/68/0_BAR_12_1_510.jpg,68,BAR,,Male,12,,510,1.0
male/68/0_BAR_12_1_510.jpg,68,BAR,,Male,12,,510,1.0
male/68/0_BAR_12_1_510.jpg,68,BAR,,Male,12,,510,1.0
male/68/0_BAR_12_1_510.jpg,68,BAR,,Male,12,,510,1.0
male/68/0_BAR_12_1_510.jpg,68,BAR,,Male,12,,510,1.0
male/68/0_BAR_12_1_510.jpg,68,BAR,,Male,12,,510,1.0
male/68/0_BAR_12_1_510.jpg,68,BAR,,Male,12,,510,1.0
male/68/0_BAR_12_1_510.jpg,68,BAR,,Male,12,,510,1.0
male/68/0_BAR_12_1_510.jpg,68,BAR,,Male,12,,510,1.0
male/68/0_BAR_12_1_510.jpg,68,BAR,,Male,12,,510,1.0
male/68/0_BAR_12_1_510.jpg,68,BAR,,Male,12,,510,1.0
male/68/0_BAR_12_1_510.jpg,68,BAR,,Male,12,,510,1.0
male/68/0_BAR_12_1_510.jpg,68,BAR,,Male,12,,510,1.0
male/68/0_BAR_12_1_510.jpg,68,BAR,,Male,12,,510,1.0
male/68/0_BAR_12_1_510.jpg,68,BAR,,Male,12,,510,1.0
male/68/0_BAR_12_1_510.jpg,68,BAR,,Male,12,,510,1.0
male/68/0_BAR_12_1_510.jpg,68,BAR,,Male,12,,510,1.0
male/68/0_BAR_12_1_510.jpg,68,BAR,,Male,12,,510,1.0
male/68/0_BAR_12_1_510.jpg,68,BAR,,Male,12,,510,1.0
male/68/0_BAR_12_1_510.jpg,68,BAR,,Male,12,,510,1.0
male/68/0_BAR_12_1_510.jpg,68,BAR,,Male,12,,510,1.0
male/68/0_BAR_12_1_510.jpg,68,BAR,,Male,12,,510,1.0
male/68/0_BAR_12_1_510.jpg,68,BAR,,Male,12,,510,1.0
male/68/0_BAR_12_1_510.jpg,68,BAR,,Male,12,,510,1.0
male/68/0_BAR_12_1_510.jpg,68,BAR,,Male,12,,510,1.0
male/68/0_BAR_12_1_510.jpg,68,BAR,,Male,12,,510,1.0
male/68/0_BAR_12_1_510.jpg,68,BAR,,Male,12,,510,1.0
male/68/0_BAR_12_1_510.jpg,68,BAR,,Male,12,,510,1.0
male/68/0_BAR_12_1_510.jpg,68,BAR,,Male,12,,510,1.0
male/68/0_BAR_12_1_510.jpg,68,BAR,,Male,12,,510,1.0
male/68/0_BAR_12_1_510.jpg,68,BAR,,Male,12,,510,1.0
male/68/0_BAR_12_1_510.jpg,68,BAR,,Male,12,,510,1.0
male/68/0_BAR_12_1_510.jpg,68,BAR,,Male,12,,510,1.0
male/68/0_BAR_12_1_510.jpg,68,BAR,,Male,12,,510,1.0
male/68/0_BAR_12_1_510.jpg,68,BAR,,Male,12,,510,1.0
male/68/0_BAR_12_1_510.jpg,68,BAR,,Male,12,,510,1.0
male/68/0_BAR_12_1_510.jpg,68,BAR,,Male,12,,510,1.0
male/68/0_BAR_12_1_510.jpg,68,BAR,,Male,12,,510,1.0
male/68/0_BAR_12_1_510.jpg,68,BAR,,Male,12,,510,1.0
male/68/0_BAR_12_1_510.jpg,68,BAR,,Male,12,,510,1.0
male/68/0_BAR_12_1_510.jpg,68,BAR,,Male,12,,510,1.0
male/68/0_BAR_12_1_510.jpg,68,BAR,,Male,12,,510,1.0
male/68/0_BAR_12_1_510.jpg,68,BAR,,Male,12,,510,1.0
male/68/0_BAR_12_1_510.jpg,68,BAR,,Male,12,,510,1.0
male/68/0_BAR_12_1_510.jpg,68,BAR,,Male,12,,510,1.0
male/68/0_BAR_12_1_510.jpg,68,BAR,,Male,12,,510,1.0
male/68/0_BAR_12_1_510.jpg,68,BAR,,Male,12,,510,1.0
male/68/0_BAR_12_1_510.jpg,68,BAR,,Male,12,,510,1.0
male/68/0_BAR_12_1_510.jpg,68,BAR,,Male,12,,510,1.0
male/68/0_BAR_12_1_510.jpg,68,BAR,,Male,12,,510,1.0
male/68/0_BAR_12_1_510.jpg,68,BAR,,Male,12,,510,1.0
male/68/0_BAR_12_1_510.jpg,68,BAR,,Male,12,,510,1.0
male/68/0_BAR_12_1_510.jpg,68,BAR,,Male,12,,510,1.0
male/68/0_BAR_12_1_510.jpg,68,BAR,,Male,12,,510,1.0
male/68/0_BAR_12_1_510.jpg,68,BAR,,Male,12,,510,1.0
male/68/0_BAR_12_1_510.jpg,68,BAR,,Male,12,,510,1.0
male/68/0_BAR_12_1_510.jpg,68,BAR,,Male,12,,510,1.0
male/68/0_BAR_12_1_510.jpg,68,BAR,,Male,12,,510,1.0
male/68/0_BAR_12_1_510.jpg,68,BAR,,Male,12,,510,1.0
male/68/0_BAR_12_1_510.jpg,68,BAR,,Male,12,,510,1.0
male/68/0_BAR_12_1_510.jpg,68,BAR,,Male,12,,510,1.0
male/68/0_BAR_12_1_510.jpg,68,BAR,,Male,12,,510,1.0
male/68/0_BAR_12_1_510.jpg,68,BAR,,Male,12,,510,1.0
male/68/0_BAR_12_1_510.jpg,68,BAR,,Male,12,,510,1.0
male/68/0_BAR_12_1_510.jpg,68,BAR,,Male,12,,510,1.0
male/68/0_BAR_12_1_510.jpg,68,BAR,,Male,12,,510,1.0
male/68/0_BAR_12_1_510.jpg,68,BAR,,Male,12,,510,1.0
male/68/0_BAR_12_1_510.jpg,68,BAR,,Male,12,,510,1.0
male/68/0_BAR_12_1_510.jpg,68,BAR,,Male,12,,510,1.0
male/68/0_BAR_12_1_510.jpg,68,BAR,,Male,12,,510,1.0
male/68/0_BAR_12_1_510.jpg,68,BAR,,Male,12,,510,1.0
male/68/0_BAR_12_1_510.jpg,68,BAR,,Male,12,,510,1.0
male/68/0_BAR_12_1_510.jpg,68,BAR,,Male,12,,510,1.0
male/68/0_BAR_12_1_510.jpg,68,BAR,,Male,12,,510,1.0
male/68/0_BAR_12_1_510.jpg,68,BAR,,Male,12,,510,1.0
male/68/0_BAR_12_1_510.jpg,68,BAR,,Male,12,,510,1.0
male/68/0_BAR_12_1_510.jpg,68,BAR,,Male,12,,510,1.0
male/68/0_BAR_12_1_510.jpg,68,BAR,,Male,12,,510,1.0
male/68/0_BAR_12_1_510.jpg,68,BAR,,Male,12,,510,1.0
male/68/0_BAR_12_1_510.jpg,68,BAR,,Male,12,,510,1.0
male/68/0_BAR_12_1_510.jpg,68,BAR,,Male,12,,510,1.0
male/68/0_BAR_12_1_510.jpg,68,BAR,,Male,12,,510,1.0
male/68/0_BAR_12_1_510.jpg,68,BAR,,Male,12,,510,1.0
male/68/0_BAR_12_1_510.jpg,68,BAR,,Male,12,,510,1.0
male/68/0_BAR_12_1_510.jpg,68,BAR,,Male,12,,510,1.0
male/68/0_BAR_12_1_510.jpg,68,BAR,,Male,12,,510,1.0
male/68/0_BAR_12_1_510.jpg,68,BAR,,Male,12,,510,1.0
male/68/0_BAR_12_1_510.jpg,68,BAR,,Male,12,,510,1.0
male/68/0_BAR_12_1_510.jpg,68,BAR,,Male,12,,510,1.0
male/68/0_BAR_12_1_510.jpg,68,BAR,,Male,12,,510,1.0
male/68/0_BAR_12_1_510.jpg,68,BAR,,Male,12,,510,1.0
male/68/0_BAR_12_1_510.jpg,68,BAR,,Male,12,,510,1.0
male/68/0_BAR_12_1_510.jpg,68,BAR,,Male,12,,510,1.0
male/68/0_BAR_12_1_510.jpg,68,BAR,,Male,12,,510,1.0
male/68/0_BAR_12_1_510.jpg,68,BAR,,Male,12,,510,1.0
male/68/0_BAR_12_1_510.jpg,68,BAR,,Male,12,,510,1.0
male/68/0_BAR_12_1_510.jpg,68,BAR,,Male,12,,510,1.0
male/68/0_BAR_12_1_510.jpg,68,BAR,,Male,12,,510,1.0
male/68/0_BAR_12_1_510.jpg,68,BAR,,Male,12,,510,1.0
male/68/0_BAR_12_1_510.jpg,68,BAR,,Male,12,,510,1.0
male/68/0_BAR_12_1_510.jpg,68,BAR,,Male,12,,510,1.0
male/68/0_BAR_12_1_510.jpg,68,BAR,,Male,12,,510,1.0
male/68/0_BAR_12_1_510.jpg,68,BAR,,Male,12,,510,1.0
male/68/0_BAR_12_1_510.jpg,68,BAR,,Male,12,,510,1.0
male/68/0_BAR_12_1_510.jpg,68,BAR,,Male,12,,510,1.0
male/68/0_BAR_12_1_510.jpg,68,BAR,,Male,12,,510,1.0
male/68/0_BAR_12_1_510.jpg,68,BAR,,Male,12,,510,1.0
male/68/0_BAR_12_1_510.jpg,68,BAR,,Male,12,,510,1.0
male/68/0_BAR_12_1_510.jpg,68,BAR,,Male,12,,510,1.0
male/68/0_BAR_12_1_510.jpg,68,BAR,,Male,12,,510,1.0
male/68/0_BAR_12_1_510.jpg,68,BAR,,Male,12,,510,1.0
male/68/0_BAR_12_1_510.jpg,68,BAR,,Male,12,,510,1.0
male/68/0_BAR_12_1_510.jpg,68,BAR,,Male,12,,510,1.0
male/68/0_BAR_12_1_510.jpg,68,BAR,,Male,12,,510,1.0
male/68/0_BAR_12_1_510.jpg,68,BAR,,Male,12,,510,1.0
male/68/0_BAR_12_1_510.jpg,68,BAR,,Male,12,,510,1.0
male/68/0_BAR_12_1_510.jpg,68,BAR,,Male,12,,510,1.0
male/68/0_BAR_12_1_510.jpg,68,BAR,,Male,12,,510,1.0
male/68/0_BAR_12_1_510.jpg,68,BAR,,Male,12,,510,1.0
male/68/0_BAR_12_1_510.jpg,68,BAR,,Male,12,,510,1.0
male/68/0_BAR_12_1_510.jpg,68,BAR,,Male,12,,510,1.0
male/68/0_BAR_12_1_510.jpg,68,BAR,,Male,12,,510,1.0
male/68/0_BAR_12_1_510.jpg,68,BAR,,Male,12,,510,1.0
male/68/0_BAR_12_1_510.jpg,68,BAR,,Male,12,,510,1.0
male/68/0_BAR_12_1_510.jpg,68,BAR,,Male,12,,510,1.0
male/68/0_BAR_12_1_510.jpg,68,BAR,,Male,12,,510,1.0
male/68/0_BAR_12_1_510.jpg,68,BAR,,Male,12,,510,1.0
male/68/0_BAR_12_1_510.jpg,68,BAR,,Male,12,,510,1.0
male/68/0_BAR_12_1_510.jpg,68,BAR,,Male,12,,510,1.0
male/68/0_BAR_12_1_510.jpg,68,BAR,,Male,12,,510,1.0
male/68/0_BAR_12_1_510.jpg,68,BAR,,Male,12,,510,1.0
male/68/0_BAR_12_1_510.jpg,68,BAR,,Male,12,,510,1.0
male/68/0_BAR_12_1_510.jpg,68,BAR,,Male,12,,510,1.0
male/68/0_BAR_12_1_510.jpg,68,BAR,,Male,12,,510,1.0
male/68/0_BAR_12_1_510.jpg,68,BAR,,Male,12,,510,1.0
male/68/0_BAR_12_1_510.jpg,68,BAR,,Male,12,,510,1.0
male/68/0_BAR_12_1_510.jpg,68,BAR,,Male,12,,510,1.0
male/68/0_BAR_12_1_510.jpg,68,BAR,,Male,12,,510,1.0
male/68/0_BAR_12_1_510.jpg,68,BAR,,Male,12,,510,1.0
male/68/0_BAR_12_1_510.jpg,68,BAR,,Male,12,,510,1.0
male/68/0_BAR_12_1_510.jpg,68,BAR,,Male,12,,510,1.0
male/68/0_BAR_12_1_510.jpg,68,BAR,,Male,12,,510,1.0
male/68/0_BAR_12_1_510.jpg,68,BAR,,Male,12,,510,1.0
male/68/0_BAR_12_1_510.jpg,68,BAR,,Male,12,,510,1.0
male/68/0_BAR_12_1_510.jpg,68,BAR,,Male,12,,510,1.0
male/68/0_BAR_12_1_510.jpg,68,BAR,,Male,12,,510,1.0
male/68/0_BAR_12_1_510.jpg,68,BAR,,Male,12,,510,1.0
male/68/0_BAR_12_1_510.jpg,68,BAR,,Male,12,,510,1.0
male/68/0_BAR_12_1_510.jpg,68,BAR,,Male,12,,510,1.0
male/68/0_BAR_12_1_510.jpg,68,BAR,,Male,12,,510,1.0
male/68/0_BAR_12_1_510.jpg,68,BAR,,Male,12,,510,1.0
male/68/0_BAR_12_1_510.jpg,68,BAR,,Male,12,,510,1.0
male/68/0_BAR_12_1_510.jpg,68,BAR,,Male,12,,510,1.0
male/68/0_BAR_12_1_510.jpg,68,BAR,,Male,12,,510,1.0
male/68/0_BAR_12_1_510.jpg,68,BAR,,Male,12,,510,1.0
male/68/0_BAR_12_1_510.jpg,68,BAR,,Male,12,,510,1.0
male/68/0_BAR_12_1_510.jpg,68,BAR,,Male,12,,510,1.0
male/68/0_BAR_12_1_510.jpg,68,BAR,,Male,12,,510,1.0
male/68/0_BAR_12_1_510.jpg,68,BAR,,Male,12,,510,1.0
male/68/0_BAR_12_1_510.jpg,68,BAR,,Male,12,,510,1.0
male/68/0_BAR_12_1_510.jpg,68,BAR,,Male,12,,510,1.0
male/68/0_BAR_12_1_510.jpg,68,BAR,,Male,12,,510,1.0
male/68/0_BAR_12_1_510.jpg,68,BAR,,Male,12,,510,1.0
male/68/0_BAR_12_1_510.jpg,68,BAR,,Male,12,,510,1.0
male/68/0_BAR_12_1_510.jpg,68,BAR,,Male,12,,510,1.0
male/68/0_BAR_12_1_510.jpg,68,BAR,,Male,12,,510,1.0
male/68/0_BAR_12_1_510.jpg,68,BAR,,Male,12,,510,1.0
male/68/0_BAR_12_1_510.jpg,68,BAR,,Male,12,,510,1.0
male/68/0_BAR_12_1_510.jpg,68,BAR,,Male,12,,510,1.0
male/68/0_BAR_12_1_510.jpg,68,BAR,,Male,12,,510,1.0
male/68/0_BAR_12_1_510.jpg,68,BAR,,Male,12,,510,1.0
male/68/0_BAR_12_1_510.jpg,68,BAR,,Male,12,,510,1.0
male/68/0_BAR_12_1_510.jpg,68,BAR,,Male,12,,510,1.0
male/68/0_BAR_12_1_510.jpg,68,BAR,,Male,12,,510,1.0
male/68/0_BAR_12_1_510.jpg,68,BAR,,Male,12,,510,1.0
male/68/0_BAR_12_1_510.jpg,68,BAR,,Male,12,,510,1.0
male/68/0_BAR_12_1_510.jpg,68,BAR,,Male,12,,510,1.0
male/68/0_BAR_12_1_510.jpg,68,BAR,,Male,12,,510,1.0
male/68/0_BAR_12_1_510.jpg,68,BAR,,Male,12,,510,1.0
male/68/0_BAR_12_1_510.jpg,68,BAR,,Male,12,,510,1.0
male/68/0_BAR_12_1_510.jpg,68,BAR,,Male,12,,510,1.0
male/68/0_BAR_12_1_510.jpg,68,BAR,,Male,12,,510,1.0
male/68/0_BAR_12_1_510.jpg,68,BAR,,Male,12,,510,1.0
male/68/0_BAR_12_1_510.jpg,68,BAR,,Male,12,,510,1.0
male/68/0_BAR_12_1_510.jpg,68,BAR,,Male,12,,510,1.0
male/68/0_BAR_12_1_510.jpg,68,BAR,,Male,12,,510,1.0
male/68/0_BAR_12_1_510.jpg,68,BAR,,Male,12,,510,1.0
male/68/0_BAR_12_1_510.jpg,68,BAR,,Male,12,,510,1.0
male/68/0_BAR_12_1_510.jpg,68,BAR,,Male,12,,510,1.0
male/68/0_BAR_12_1_510.jpg,68,BAR,,Male,12,,510,1.0
male/68/0_BAR_12_1_510.jpg,68,BAR,,Male,12,,510,1.0
male/68/0_BAR_12_1_510.jpg,68,BAR,,Male,12,,510,1.0
male/68/0_BAR_12_1_510.jpg,68,BAR,,Male,12,,510,1.0
male/68/0_BAR_12_1_510.jpg,68,BAR,,Male,12,,510,1.0
male/68/0_BAR_12_1_510.jpg,68,BAR,,Male,12,,510,1.0
male/68/0_BAR_12_1_510.jpg,68,BAR,,Male,12,,510,1.0
male/68/0_BAR_12_1_510.jpg,68,BAR,,Male,12,,510,1.0
male/68/0_BAR_12_1_510.jpg,68,BAR,,Male,12,,510,1.0
male/68/0_BAR_12_1_510.jpg,68,BAR,,Male,12,,510,1.0
male/68/0_BAR_12_1_510.jpg,68,BAR,,Male,12,,510,1.0
male/68/0_BAR_12_1_510.jpg,68,BAR,,Male,12,,510,1.0
male/68/0_BAR_12_1_510.jpg,68,BAR,,Male,12,,510,1.0
male/68/0_BAR_12_1_510.jpg,68,BAR,,Male,12,,510,1.0
male/68/0_BAR_12_1_510.jpg,68,BAR,,Male,12,,510,1.0
male/68/0_BAR_12_1_510.jpg,68,BAR,,Male,12,,510,1.0
male/68/0_BAR_12_1_510.jpg,68,BAR,,Male,12,,510,1.0
male/68/0_BAR_12_1_510.jpg,68,BAR,,Male,12,,510,1.0
male/68/0_BAR_12_1_510.jpg,68,BAR,,Male,12,,510,1.0
male/68/0_BAR_12_1_510.jpg,68,BAR,,Male,12,,510,1.0
male/68/0_BAR_12_1_510.jpg,68,BAR,,Male,12,,510,1.0
male/68/0_BAR_12_1_510.jpg,68,BAR,,Male,12,,510,1.0
male/68/0_BAR_12_1_510.jpg,68,BAR,,Male,12,,510,1.0
male/68/0_BAR_12_1_510.jpg,68,BAR,,Male,12,,510,1.0
male/68/0_BAR_12_1_510.jpg,68,BAR,,Male,12,,510,1.0
male/68/0_BAR_12_1_510.jpg,68,BAR,,Male,12,,510,1.0
male/68/0_BAR_12_1_510.jpg,68,BAR,,Male,12,,510,1.0
male/68/0_BAR_12_1_510.jpg,68,BAR,,Male,12,,510,1.0
male/68/0_BAR_12_1_510.jpg,68,BAR,,Male,12,,510,1.0
male/68/0_BAR_12_1_510.jpg,68,BAR,,Male,12,,510,1.0
male/68/0_BAR_12_1_510.jpg,68,BAR,,Male,12,,510,1.0
male/68/0_BAR_12_1_510.jpg,68,BAR,,Male,12,,510,1.0
male/68/0_BAR_12_1_510.jpg,68,BAR,,Male,12,,510,1.0
male/68/0_BAR_12_1_510.jpg,68,BAR,,Male,12,,510,1.0
male/68/0_BAR_12_1_510.jpg,68,BAR,,Male,12,,510,1.0
male/68/0_BAR_12_1_510.jpg,68,BAR,,Male,12,,510,1.0
male/68/0_BAR_12_1_510.jpg,68,BAR,,Male,12,,510,1.0
male/68/0_BAR_12_1_510.jpg,68,BAR,,Male,12,,510,1.0
male/68/0_BAR_12_1_510.jpg,68,BAR,,Male,12,,510,1.0
male/68/0_BAR_12_1_510.jpg,68,BAR,,Male,12,,510,1.0
male/68/0_BAR_12_1_510.jpg,68,BAR,,Male,12,,510,1.0
male/68/0_BAR_12_1_510.jpg,68,BAR,,Male,12,,510,1.0
male/68/0_BAR_12_1_510.jpg,68,BAR,,Male,12,,510,1.0
male/68/0_BAR_12_1_510.jpg,68,BAR,,Male,12,,510,1.0
male/68/0_BAR_12_1_510.jpg,68,BAR,,Male,12,,510,1.0
male/68/0_BAR_12_1_510.jpg,68,BAR,,Male,12,,510,1.0
male/68/0_BAR_12_1_510.jpg,68,BAR,,Male,12,,510,1.0
male/68/0_BAR_12_1_510.jpg,68,BAR,,Male,12,,510,1.0
male/68/0_BAR_12_1_510.jpg,68,BAR,,Male,12,,510,1.0
male/68/0_BAR_12_1_510.jpg,68,BAR,,Male,12,,510,1.0
male/68/0_BAR_12_1_510.jpg,68,BAR,,Male,12,,510,1.0
male/68/0_BAR_12_1_510.jpg,68,BAR,,Male,12,,510,1.0
male/68/0_BAR_12_1_510.jpg,68,BAR,,Male,12,,510,1.0
male/68/0_BAR_12_1_510.jpg,68,BAR,,Male,12,,510,1.0
male/68/0_BAR_12_1_510.jpg,68,BAR,,Male,12,,510,1.0
male/68/0_BAR_12_1_510.jpg,68,BAR,,Male,12,,510,1.0
male/68/0_BAR_12_1_510.jpg,68,BAR,,Male,12,,510,1.0
male/68/0_BAR_12_1_510.jpg,68,BAR,,Male,12,,510,1.0
male/68/0_BAR_12_1_510.jpg,68,BAR,,Male,12,,510,1.0
male/68/0_BAR_12_1_510.jpg,68,BAR,,Male,12,,510,1.0
male/68/0_BAR_12_1_510.jpg,68,BAR,,Male,12,,510,1.0
male/68/0_BAR_12_1_510.jpg,68,BAR,,Male,12,,510,1.0
male/68/0_BAR_12_1_510.jpg,68,BAR,,Male,12,,510,1.0
male/68/0_BAR_12_1_510.jpg,68,BAR,,Male,12,,510,1.0
male/68/0_BAR_12_1_510.jpg,68,BAR,,Male,12,,510,1.0
male/68/0_BAR_12_1_510.jpg,68,BAR,,Male,12,,510,1.0
male/68/0_BAR_12_1_510.jpg,68,BAR,,Male,12,,510,1.0
male/68/0_BAR_12_1_510.jpg,68,BAR,,Male,12,,510,1.0
male/68/0_BAR_12_1_510.jpg,68,BAR,,Male,12,,510,1.0
male/68/0_BAR_12_1_510.jpg,68,BAR,,Male,12,,510,1.0
male/68/0_BAR_12_1_510.jpg,68,BAR,,Male,12,,510,1.0
male/68/0_BAR_12_1_510.jpg,68,BAR,,Male,12,,510,1.0
male/68/0_BAR_12_1_510.jpg,68,BAR,,Male,12,,510,1.0
male/68/0_BAR_12_1_510.jpg,68,BAR,,Male,12,,510,1.0
male/68/0_BAR_12_1_510.jpg,68,BAR,,Male,12,,510,1.0
male/68/0_BAR_12_1_510.jpg,68,BAR,,Male,12,,510,1.0
male/68/0_BAR_12_1_510.jpg,68,BAR,,Male,12,,510,1.0
male/68/0_BAR_12_1_510.jpg,68,BAR,,Male,12,,510,1.0
male/68/0_BAR_12_1_510.jpg,68,BAR,,Male,12,,510,1.0
male/68/0_BAR_12_1_510.jpg,68,BAR,,Male,12,,510,1.0
male/68/0_BAR_12_1_510.jpg,68,BAR,,Male,12,,510,1.0
male/68/0_BAR_12_1_510.jpg,68,BAR,,Male,12,,510,1.0
male/68/0_BAR_12_1_510.jpg,68,BAR,,Male,12,,510,1.0
male/68/0_BAR_12_1_510.jpg,68,BAR,,Male,12,,510,1.0
male/68/0_BAR_12_1_510.jpg,68,BAR,,Male,12,,510,1.0
male/68/0_BAR_12_1_510.jpg,68,BAR,,Male,12,,510,1.0
male/68/0_BAR_12_1_510.jpg,68,BAR,,Male,12,,510,1.0
male/68/0_BAR_12_1_510.jpg,68,BAR,,Male,12,,510,1.0
male/68/0_BAR_12_1_510.jpg,68,BAR,,Male,12,,510,1.0
male/68/0_BAR_12_1_510.jpg,68,BAR,,Male,12,,510,1.0
male/68/0_BAR_12_1_510.jpg,68,BAR,,Male,12,,510,1.0
male/68/0_BAR_12_1_510.jpg,68,BAR,,Male,12,,510,1.0
male/68/0_BAR_12_1_510.jpg,68,BAR,,Male,12,,510,1.0
male/68/0_BAR_12_1_510.jpg,68,BAR,,Male,12,,510,1.0
male/68/0_BAR_12_1_510.jpg,68,BAR,,Male,12,,510,1.0
male/93/0_BAR_12_1_379.jpg,93,BAR,,Male,12,,379,1.0
male/93/0_BAR_12_1_379.jpg,93,BAR,,Male,12,,379,1.0
male/93/0_BAR_12_1_379.jpg,93,BAR,,Male,12,,379,1.0
male/93/0_BAR_12_1_396.jpg,93,BAR,,Male,12,,396,1.0
male/93/0_BAR_12_1_396.jpg,93,BAR,,Male,12,,396,1.0
male/93/0_BAR_13_1_1049.jpg,93,BAR,,Male,13,,1049,1.0
male/93/0_BAR_13_1_1049.jpg,93,BAR,,Male,13,,1049,1.0
male/93/0_BAR_13_1_1086.jpg,93,BAR,,Male,13,,1086,1.0
male/93/0_BAR_13_1_1099.jpg,93,BAR,,Male,13,,1099,1.0
male/93/0_BAR_13_1_1134.jpg,93,BAR,,Male,13,,1134,1.0
male/93/0_BAR_13_1_1134.jpg,93,BAR,,Male,13,,1134,1.0
male/93/0_BAR_13_1_375.jpg,93,BAR,,Male,13,,375,1.0
male/93/0_BAR_13_1_375.jpg,93,BAR,,Male,13,,375,1.0
male/93/0_BAR_13_1_378.jpg,93,BAR,,Male,13,,378,1.0
male/93/0_BAR_13_1_378.jpg,93,BAR,,Male,13,,378,1.0
male/93/0_BAR_13_1_382.jpg,93,BAR,,Male,13,,382,1.0
male/93/0_BAR_13_1_385.jpg,93,BAR,,Male,13,,385,1.0
male/93/0_BAR_13_1_385.jpg,93,BAR,,Male,13,,385,1.0
male/93/0_BAR_13_1_387.jpg,93,BAR,,Male,13,,387,1.0
male/93/0_BAR_13_1_387.jpg,93,BAR,,Male,13,,387,1.0
male/93/0_BAR_13_1_387.jpg,93,BAR,,Male,13,,387,1.0
male/93/0_BAR_13_1_394.jpg,93,BAR,,Male,13,,394,1.0
male/93/0_BAR_13_1_394.jpg,93,BAR,,Male,13,,394,1.0
male/93/0_BAR_13_1_394.jpg,93,BAR,,Male,13,,394,1.0
male/93/0_BAR_13_1_394.jpg,93,BAR,,Male,13,,394,1.0
male/93/0_BAR_13_1_394.jpg,93,BAR,,Male,13,,394,1.0
male/93/0_BAR_13_1_398.jpg,93,BAR,,Male,13,,398,1.0
male/93/0_BAR_13_1_398.jpg,93,BAR,,Male,13,,398,1.0
male/93/0_BAR_13_1_398.jpg,93,BAR,,Male,13,,398,1.0
male/93/0_BAR_13_1_399.jpg,93,BAR,,Male,13,,399,1.0
male/93/0_BAR_13_1_400.jpg,93,BAR,,Male,13,,400,1.0
male/93/0_BAR_13_1_404.jpg,93,BAR,,Male,13,,404,1.0
male/93/0_BAR_13_1_404.jpg,93,BAR,,Male,13,,404,1.0
male/93/0_BAR_13_1_405.jpg,93,BAR,,Male,13,,405,1.0
male/93/0_BAR_13_1_405.jpg,93,BAR,,Male,13,,405,1.0
male/93/0_BAR_13_1_405.jpg,93,BAR,,Male,13,,405,1.0
male/93/0_BAR_13_1_436.jpg,93,BAR,,Male,13,,436,1.0
male/93/0_BAR_13_1_448.jpg,93,BAR,,Male,13,,448,1.0
male/93/0_BAR_13_1_449.jpg,93,BAR,,Male,13,,449,1.0
male/93/0_BAR_13_1_449.jpg,93,BAR,,Male,13,,449,1.0
male/93/0_BAR_13_1_451.jpg,93,BAR,,Male,13,,451,1.0
male/93/0_BAR_13_1_451.jpg,93,BAR,,Male,13,,451,1.0
male/93/0_BAR_13_1_459.jpg,93,BAR,,Male,13,,459,1.0
male/93/0_BAR_13_1_459.jpg,93,BAR,,Male,13,,459,1.0
male/93/0_BAR_13_1_473.jpg,93,BAR,,Male,13,,473,1.0
male/93/0_BAR_13_1_473.jpg,93,BAR,,Male,13,,473,1.0
male/93/0_BAR_13_1_473.jpg,93,BAR,,Male,13,,473,1.0
male/93/0_BAR_13_1_483.jpg,93,BAR,,Male,13,,483,1.0
male/93/0_BAR_13_1_483.jpg,93,BAR,,Male,13,,483,1.0
male/93/0_BAR_14_1_1036.jpg,93,BAR,,Male,14,,1036,1.0
male/93/0_BAR_14_1_1246.jpg,93,BAR,,Male,14,,1246,1.0
male/93/0_BAR_14_1_1246.jpg,93,BAR,,Male,14,,1246,1.0
male/93/0_BAR_14_1_1246.jpg,93,BAR,,Male,14,,1246,1.0
male/93/0_BAR_14_1_1246.jpg,93,BAR,,Male,14,,1246,1.0
male/93/0_BAR_14_1_393.jpg,93,BAR,,Male,14,,393,1.0
male/93/0_BAR_14_1_407.jpg,93,BAR,,Male,14,,407,1.0
male/93/0_BAR_14_1_407.jpg,93,BAR,,Male,14,,407,1.0
male/93/0_BAR_14_1_409.jpg,93,BAR,,Male,14,,409,1.0
male/93/0_BAR_14_1_413.jpg,93,BAR,,Male,14,,413,1.0
male/93/0_BAR_14_1_414.jpg,93,BAR,,Male,14,,414,1.0
male/93/0_BAR_14_1_421.jpg,93,BAR,,Male,14,,421,1.0
male/93/0_BAR_14_1_421.jpg,93,BAR,,Male,14,,421,1.0
male/93/0_BAR_14_1_423.jpg,93,BAR,,Male,14,,423,1.0
male/93/0_BAR_14_1_434.jpg,93,BAR,,Male,14,,434,1.0
male/93/0_BAR_14_1_435.jpg,93,BAR,,Male,14,,435,1.0
male/93/0_BAR_14_1_441.jpg,93,BAR,,Male,14,,441,1.0
male/93/0_BAR_14_1_442.jpg,93,BAR,,Male,14,,442,1.0
male/93/0_BAR_14_1_442.jpg,93,BAR,,Male,14,,442,1.0
male/93/0_BAR_14_1_443.jpg,93,BAR,,Male,14,,443,1.0
male/93/0_BAR_14_1_453.jpg,93,BAR,,Male,14,,453,1.0
male/93/0_BAR_14_1_454.jpg,93,BAR,,Male,14,,454,1.0
male/93/0_BAR_14_1_454.jpg,93,BAR,,Male,14,,454,1.0
male/93/0_BAR_14_1_457.jpg,93,BAR,,Male,14,,457,1.0
male/93/0_BAR_14_1_461.jpg,93,BAR,,Male,14,,461,1.0
male/93/0_BAR_14_1_462.jpg,93,BAR,,Male,14,,462,1.0
male/93/0_BAR_14_1_462.jpg,93,BAR,,Male,14,,462,1.0
male/93/0_BAR_14_1_462.jpg,93,BAR,,Male,14,,462,1.0
male/93/0_BAR_14_1_467.jpg,93,BAR,,Male,14,,467,1.0
male/93/0_BAR_14_1_468.jpg,93,BAR,,Male,14,,468,1.0
male/93/0_BAR_14_1_475.jpg,93,BAR,,Male,14,,475,1.0
male/93/0_BAR_14_1_480.jpg,93,BAR,,Male,14,,480,1.0
male/93/0_BAR_14_1_482.jpg,93,BAR,,Male,14,,482,1.0
male/93/0_BAR_14_1_488.jpg,93,BAR,,Male,14,,488,1.0
male/93/0_BAR_14_1_488.jpg,93,BAR,,Male,14,,488,1.0
male/93/0_BAR_14_1_488.jpg,93,BAR,,Male,14,,488,1.0
male/93/0_BAR_14_1_594.jpg,93,BAR,,Male,14,,594,1.0
male/93/0_BAR_14_1_597.jpg,93,BAR,,Male,14,,597,1.0
male/93/0_BAR_14_1_597.jpg,93,BAR,,Male,14,,597,1.0
male/93/0_BAR_14_1_599.jpg,93,BAR,,Male,14,,599,1.0
male/93/0_BAR_14_1_599.jpg,93,BAR,,Male,14,,599,1.0
male/93/0_BAR_14_1_599.jpg,93,BAR,,Male,14,,599,1.0
male/93/0_BAR_14_1_599.jpg,93,BAR,,Male,14,,599,1.0
male/93/0_BAR_14_1_698.jpg,93,BAR,,Male,14,,698,1.0
male/93/0_BAR_14_1_789.jpg,93,BAR,,Male,14,,789,1.0
male/93/0_BAR_15_1_1059.jpg,93,BAR,,Male,15,,1059,1.0
male/93/0_BAR_15_1_1142.jpg,93,BAR,,Male,15,,1142,1.0
male/93/0_BAR_15_1_1146.jpg,93,BAR,,Male,15,,1146,1.0
male/93/0_BAR_15_1_1146.jpg,93,BAR,,Male,15,,1146,1.0
male/93/0_BAR_15_1_1208.jpg,93,BAR,,Male,15,,1208,1.0
male/93/0_BAR_15_1_1208.jpg,93,BAR,,Male,15,,1208,1.0
male/93/0_BAR_15_1_406.jpg,93,BAR,,Male,15,,406,1.0
male/93/0_BAR_15_1_408.jpg,93,BAR,,Male,15,,408,1.0
male/93/0_BAR_15_1_408.jpg,93,BAR,,Male,15,,408,1.0
male/93/0_BAR_15_1_416.jpg,93,BAR,,Male,15,,416,1.0
male/93/0_BAR_15_1_419.jpg,93,BAR,,Male,15,,419,1.0
male/93/0_BAR_15_1_463.jpg,93,BAR,,Male,15,,463,1.0
male/93/0_BAR_15_1_464.jpg,93,BAR,,Male,15,,464,1.0
male/93/0_BAR_15_1_464.jpg,93,BAR,,Male,15,,464,1.0
male/93/0_BAR_15_1_469.jpg,93,BAR,,Male,15,,469,1.0
male/93/0_BAR_15_1_469.jpg,93,BAR,,Male,15,,469,1.0
male/93/0_BAR_15_1_470.jpg,93,BAR,,Male,15,,470,1.0
male/93/0_BAR_15_1_471.jpg,93,BAR,,Male,15,,471,1.0
male/93/0_BAR_15_1_471.jpg,93,BAR,,Male,15,,471,1.0
male/93/0_BAR_15_1_477.jpg,93,BAR,,Male,15,,477,1.0
male/93/0_BAR_15_1_489.jpg,93,BAR,,Male,15,,489,1.0
male/93/0_BAR_15_1_489.jpg,93,BAR,,Male,15,,489,1.0
male/93/0_BAR_15_1_571.jpg,93,BAR,,Male,15,,571,1.0
male/93/0_BAR_15_1_571.jpg,93,BAR,,Male,15,,571,1.0
male/93/0_BAR_15_1_571.jpg,93,BAR,,Male,15,,571,1.0
male/93/0_BAR_15_1_592.jpg,93,BAR,,Male,15,,592,1.0
male/93/0_BAR_15_1_592.jpg,93,BAR,,Male,15,,592,1.0
male/93/0_BAR_15_1_592.jpg,93,BAR,,Male,15,,592,1.0
male/93/0_BAR_15_1_595.jpg,93,BAR,,Male,15,,595,1.0
male/93/0_BAR_15_2_1255.jpg,93,BAR,,Male,15,,1255,2.0
male/93/0_BAR_15_2_280.jpg,93,BAR,,Male,15,,280,2.0
male/93/0_BAR_15_2_280.jpg,93,BAR,,Male,15,,280,2.0
male/93/0_BAR_15_2_280.jpg,93,BAR,,Male,15,,280,2.0
male/93/0_BAR_16_1_1154.jpg,93,BAR,,Male,16,,1154,1.0
male/93/0_BAR_16_1_1154.jpg,93,BAR,,Male,16,,1154,1.0
male/93/0_BAR_16_1_1240.jpg,93,BAR,,Male,16,,1240,1.0
male/93/0_BAR_16_1_1281.jpg,93,BAR,,Male,16,,1281,1.0
male/93/0_BAR_16_1_481.jpg,93,BAR,,Male,16,,481,1.0
male/93/0_BAR_16_1_481.jpg,93,BAR,,Male,16,,481,1.0
male/93/0_BAR_16_2_1003.jpg,93,BAR,,Male,16,,1003,2.0
male/93/0_BAR_16_2_142.jpg,93,BAR,,Male,16,,142,2.0
male/93/0_BAR_16_2_204.jpg,93,BAR,,Male,16,,204,2.0
male/93/0_BAR_16_2_204.jpg,93,BAR,,Male,16,,204,2.0
male/93/0_BAR_16_2_62.jpg,93,BAR,,Male,16,,62,2.0
male/93/0_BAR_16_2_62.jpg,93,BAR,,Male,16,,62,2.0
male/93/0_BAR_16_2_943.jpg,93,BAR,,Male,16,,943,2.0
male/93/0_BAR_16_2_943.jpg,93,BAR,,Male,16,,943,2.0
male/93/0_BAR_16_2_946.jpg,93,BAR,,Male,16,,946,2.0
male/93/0_BAR_16_2_948.jpg,93,BAR,,Male,16,,948,2.0
male/93/0_BAR_16_2_948.jpg,93,BAR,,Male,16,,948,2.0
male/93/0_BAR_16_2_948.jpg,93,BAR,,Male,16,,948,2.0
male/93/0_BAR_17_2_1268.jpg,93,BAR,,Male,17,,1268,2.0
male/93/0_BAR_17_2_1268.jpg,93,BAR,,Male,17,,1268,2.0
male/93/0_BAR_17_2_243.jpg,93,BAR,,Male,17,,243,2.0
male/93/0_BAR_17_2_287.jpg,93,BAR,,Male,17,,287,2.0
male/93/0_BAR_17_2_287.jpg,93,BAR,,Male,17,,287,2.0
male/93/0_BAR_17_2_287.jpg,93,BAR,,Male,17,,287,2.0
male/93/0_BAR_17_2_287.jpg,93,BAR,,Male,17,,287,2.0
male/93/0_BAR_17_2_287.jpg,93,BAR,,Male,17,,287,2.0
male/93/0_BAR_17_2_325.jpg,93,BAR,,Male,17,,325,2.0
male/93/0_BAR_17_2_58.jpg,93,BAR,,Male,17,,58,2.0
male/93/0_BAR_17_2_58.jpg,93,BAR,,Male,17,,58,2.0
male/93/0_BAR_17_2_891.jpg,93,BAR,,Male,17,,891,2.0
male/93/0_BAR_17_2_988.jpg,93,BAR,,Male,17,,988,2.0
male/93/0_BHO_13_1_1007.jpg,93,BHO,,Male,13,,1007,1.0
male/93/0_BHO_14_1_1102.jpg,93,BHO,,Male,14,,1102,1.0
male/93/0_BHO_14_1_1102.jpg,93,BHO,,Male,14,,1102,1.0
male/93/0_BHO_14_1_1102.jpg,93,BHO,,Male,14,,1102,1.0
male/93/0_BHO_14_1_1214.jpg,93,BHO,,Male,14,,1214,1.0
male/93/0_BHO_14_1_1214.jpg,93,BHO,,Male,14,,1214,1.0
male/93/0_BHO_14_1_1214.jpg,93,BHO,,Male,14,,1214,1.0
male/93/0_BHO_16_1_1029.jpg,93,BHO,,Male,16,,1029,1.0
male/93/0_BHO_16_1_1029.jpg,93,BHO,,Male,16,,1029,1.0
male/93/0_BHO_16_2_307.jpg,93,BHO,,Male,16,,307,2.0
male/93/0_BHO_16_2_330.jpg,93,BHO,,Male,16,,330,2.0
male/93/0_BHO_16_2_54.jpg,93,BHO,,Male,16,,54,2.0
male/93/0_BHO_16_2_54.jpg,93,BHO,,Male,16,,54,2.0
male/93/0_BOG_16_2_1006.jpg,93,BOG,,Male,16,,1006,2.0
male/93/0_BOG_16_2_1006.jpg,93,BOG,,Male,16,,1006,2.0
male/93/0_BOG_16_2_1297.jpg,93,BOG,,Male,16,,1297,2.0
male/93/0_BRA_12_1_834.jpg,93,BRA,,Male,12,,834,1.0
male/93/0_BRA_13_1_972.jpg,93,BRA,,Male,13,,972,1.0
male/93/0_BRA_14_1_788.jpg,93,BRA,,Male,14,,788,1.0
male/93/0_BRA_15_1_956.jpg,93,BRA,,Male,15,,956,1.0
male/93/0_BRA_17_2_893.jpg,93,BRA,,Male,17,,893,2.0
male/93/0_BRA_17_2_893.jpg,93,BRA,,Male,17,,893,2.0
male/93/0_BRA_17_2_893.jpg,93,BRA,,Male,17,,893,2.0
male/93/0_BRA_17_2_893.jpg,93,BRA,,Male,17,,893,2.0
male/93/0_CHA_13_1_1014.jpg,93,CHA,,Male,13,,1014,1.0
male/93/0_CHA_13_1_1075.jpg,93,CHA,,Male,13,,1075,1.0
male/93/0_CHA_13_1_1098.jpg,93,CHA,,Male,13,,1098,1.0
male/93/0_CHA_13_1_1098.jpg,93,CHA,,Male,13,,1098,1.0
male/93/0_CHA_13_1_1098.jpg,93,CHA,,Male,13,,1098,1.0
male/93/0_CHA_13_1_828.jpg,93,CHA,,Male,13,,828,1.0
male/93/0_CHA_13_1_828.jpg,93,CHA,,Male,13,,828,1.0
male/93/0_CHA_14_1_1181.jpg,93,CHA,,Male,14,,1181,1.0
male/93/0_CHA_14_1_1182.jpg,93,CHA,,Male,14,,1182,1.0
male/93/0_CHA_14_1_1182.jpg,93,CHA,,Male,14,,1182,1.0
male/93/0_CHA_14_1_700.jpg,93,CHA,,Male,14,,700,1.0
male/93/0_CHA_14_1_785.jpg,93,CHA,,Male,14,,785,1.0
male/93/0_CHA_15_1_1145.jpg,93,CHA,,Male,15,,1145,1.0
male/93/0_CHA_15_1_1145.jpg,93,CHA,,Male,15,,1145,1.0
male/93/0_CHA_15_1_1145.jpg,93,CHA,,Male,15,,1145,1.0
male/93/0_CHA_15_1_691.jpg,93,CHA,,Male,15,,691,1.0
male/93/0_CHA_15_1_691.jpg,93,CHA,,Male,15,,691,1.0
male/93/0_CHA_15_1_706.jpg,93,CHA,,Male,15,,706,1.0
male/93/0_CHA_15_1_784.jpg,93,CHA,,Male,15,,784,1.0
male/93/0_CHA_15_1_807.jpg,93,CHA,,Male,15,,807,1.0
male/93/0_CHA_16_1_1012.jpg,93,CHA,,Male,16,,1012,1.0
male/93/0_CHA_16_1_1078.jpg,93,CHA,,Male,16,,1078,1.0
male/93/0_CHA_16_1_1136.jpg,93,CHA,,Male,16,,1136,1.0
male/93/0_CHA_16_1_1136.jpg,93,CHA,,Male,16,,1136,1.0
male/93/0_CHA_16_1_1136.jpg,93,CHA,,Male,16,,1136,1.0
male/93/0_CHA_16_1_1156.jpg,93,CHA,,Male,16,,1156,1.0
male/93/0_CHA_16_1_803.jpg,93,CHA,,Male,16,,803,1.0
male/93/0_CHA_16_2_116.jpg,93,CHA,,Male,16,,116,2.0
male/93/0_CHA_16_2_271.jpg,93,CHA,,Male,16,,271,2.0
male/93/0_CHA_16_2_271.jpg,93,CHA,,Male,16,,271,2.0
male/93/0_CHA_16_2_271.jpg,93,CHA,,Male,16,,271,2.0
male/93/0_CHA_16_2_279.jpg,93,CHA,,Male,16,,279,2.0
male/93/0_CHA_16_2_279.jpg,93,CHA,,Male,16,,279,2.0
male/93/0_CHA_16_2_300.jpg,93,CHA,,Male,16,,300,2.0
male/93/0_CHA_16_2_300.jpg,93,CHA,,Male,16,,300,2.0
male/93/0_CHA_16_2_47.jpg,93,CHA,,Male,16,,47,2.0
male/93/0_CHA_16_2_47.jpg,93,CHA,,Male,16,,47,2.0
male/93/0_CHA_16_2_868.jpg,93,CHA,,Male,16,,868,2.0
male/93/0_CHA_17_2_163.jpg,93,CHA,,Male,17,,163,2.0
male/93/0_CHA_17_2_268.jpg,93,CHA,,Male,17,,268,2.0
male/93/0_CHA_17_2_338.jpg,93,CHA,,Male,17,,338,2.0
male/93/0_CHA_17_2_48.jpg,93,CHA,,Male,17,,48,2.0
male/93/0_CHA_17_2_48.jpg,93,CHA,,Male,17,,48,2.0
male/93/0_CHA_17_2_840.jpg,93,CHA,,Male,17,,840,2.0
male/93/0_CHA_17_2_840.jpg,93,CHA,,Male,17,,840,2.0
male/93/0_CHA_17_2_990.jpg,93,CHA,,Male,17,,990,2.0
male/93/0_CHA_17_2_990.jpg,93,CHA,,Male,17,,990,2.0
male/93/0_CHA_18_2_1129.jpg,93,CHA,,Male,18,,1129,2.0
male/93/0_CHA_18_2_1129.jpg,93,CHA,,Male,18,,1129,2.0
male/93/0_CHA_18_2_874.jpg,93,CHA,,Male,18,,874,2.0
male/93/0_CHI_11_1_1277.jpg,93,CHI,,Male,11,,1277,1.0
male/93/0_CHI_12_1_1276.jpg,93,CHI,,Male,12,,1276,1.0
male/93/0_CHI_13_1_1011.jpg,93,CHI,,Male,13,,1011,1.0
male/93/0_CHI_13_1_1083.jpg,93,CHI,,Male,13,,1083,1.0
male/93/0_CHI_13_1_1083.jpg,93,CHI,,Male,13,,1083,1.0
male/93/0_CHI_17_2_889.jpg,93,CHI,,Male,17,,889,2.0
male/93/0_CHI_17_2_889.jpg,93,CHI,,Male,17,,889,2.0
male/93/0_CHI_17_2_889.jpg,93,CHI,,Male,17,,889,2.0
male/93/0_CHI_17_2_889.jpg,93,CHI,,Male,17,,889,2.0
male/93/0_CHI_17_2_889.jpg,93,CHI,,Male,17,,889,2.0
male/93/0_CHU_16_2_33.jpg,93,CHU,,Male,16,,33,2.0
male/93/0_COMM_15_1_957.jpg,93,COMM,,Male,15,,957,1.0
male/93/0_COM_11_1_758.jpg,93,COM,,Male,11,,758,1.0
male/93/0_COM_12_1_659.jpg,93,COM,,Male,12,,659,1.0
male/93/0_COM_12_1_826.jpg,93,COM,,Male,12,,826,1.0
male/93/0_COM_13_1_1039.jpg,93,COM,,Male,13,,1039,1.0
male/93/0_COM_13_1_1039.jpg,93,COM,,Male,13,,1039,1.0
male/93/0_COM_13_1_1053.jpg,93,COM,,Male,13,,1053,1.0
male/93/0_COM_13_1_1065.jpg,93,COM,,Male,13,,1065,1.0
male/93/0_COM_13_1_1065.jpg,93,COM,,Male,13,,1065,1.0
male/93/0_COM_13_1_1091.jpg,93,COM,,Male,13,,1091,1.0
male/93/0_COM_13_1_1104.jpg,93,COM,,Male,13,,1104,1.0
male/93/0_COM_13_1_1166.jpg,93,COM,,Male,13,,1166,1.0
male/93/0_COM_13_1_1166.jpg,93,COM,,Male,13,,1166,1.0
male/93/0_COM_13_1_1167.jpg,93,COM,,Male,13,,1167,1.0
male/93/0_COM_13_1_1173.jpg,93,COM,,Male,13,,1173,1.0
male/93/0_COM_13_1_1173.jpg,93,COM,,Male,13,,1173,1.0
male/93/0_COM_13_1_1235.jpg,93,COM,,Male,13,,1235,1.0
male/93/0_COM_13_1_1235.jpg,93,COM,,Male,13,,1235,1.0
male/93/0_COM_14_1_1087.jpg,93,COM,,Male,14,,1087,1.0
male/93/0_COM_14_1_1087.jpg,93,COM,,Male,14,,1087,1.0
male/93/0_COM_14_1_1163.jpg,93,COM,,Male,14,,1163,1.0
male/93/0_COM_14_1_1197.jpg,93,COM,,Male,14,,1197,1.0
male/93/0_COM_14_1_1197.jpg,93,COM,,Male,14,,1197,1.0
male/93/0_COM_14_1_351.jpg,93,COM,,Male,14,,351,1.0
male/93/0_COM_14_1_390.jpg,93,COM,,Male,14,,390,1.0
male/93/0_COM_14_1_514.jpg,93,COM,,Male,14,,514,1.0
male/93/0_COM_14_1_514.jpg,93,COM,,Male,14,,514,1.0
male/93/0_COM_14_1_696.jpg,93,COM,,Male,14,,696,1.0
male/93/0_COM_14_1_696.jpg,93,COM,,Male,14,,696,1.0
male/93/0_COM_14_1_719.jpg,93,COM,,Male,14,,719,1.0
male/93/0_COM_14_1_736.jpg,93,COM,,Male,14,,736,1.0
male/93/0_COM_14_1_967.jpg,93,COM,,Male,14,,967,1.0
male/93/0_COM_14_1_969.jpg,93,COM,,Male,14,,969,1.0
male/93/0_COM_14_1_970.jpg,93,COM,,Male,14,,970,1.0
male/93/0_COM_14_1_970.jpg,93,COM,,Male,14,,970,1.0
male/93/0_COM_14_1_970.jpg,93,COM,,Male,14,,970,1.0
male/93/0_COM_15_1_1042.jpg,93,COM,,Male,15,,1042,1.0
male/93/0_COM_15_1_1042.jpg,93,COM,,Male,15,,1042,1.0
male/93/0_COM_15_1_1137.jpg,93,COM,,Male,15,,1137,1.0
male/93/0_COM_15_1_1153.jpg,93,COM,,Male,15,,1153,1.0
male/93/0_COM_15_1_1153.jpg,93,COM,,Male,15,,1153,1.0
male/93/0_COM_15_1_1198.jpg,93,COM,,Male,15,,1198,1.0
male/93/0_COM_15_1_1198.jpg,93,COM,,Male,15,,1198,1.0
male/93/0_COM_15_1_1224.jpg,93,COM,,Male,15,,1224,1.0
male/93/0_COM_15_1_1224.jpg,93,COM,,Male,15,,1224,1.0
male/93/0_COM_15_1_1257.jpg,93,COM,,Male,15,,1257,1.0
male/93/0_COM_15_1_711.jpg,93,COM,,Male,15,,711,1.0
male/93/0_COM_15_1_725.jpg,93,COM,,Male,15,,725,1.0
male/93/0_COM_15_1_725.jpg,93,COM,,Male,15,,725,1.0
male/93/0_COM_15_1_725.jpg,93,COM,,Male,15,,725,1.0
male/93/0_COM_15_1_729.jpg,93,COM,,Male,15,,729,1.0
male/93/0_COM_15_1_729.jpg,93,COM,,Male,15,,729,1.0
male/93/0_COM_15_1_773.jpg,93,COM,,Male,15,,773,1.0
male/93/0_COM_15_1_774.jpg,93,COM,,Male,15,,774,1.0
male/93/0_COM_15_1_774.jpg,93,COM,,Male,15,,774,1.0
male/93/0_COM_15_1_774.jpg,93,COM,,Male,15,,774,1.0
male/93/0_COM_15_1_962.jpg,93,COM,,Male,15,,962,1.0
male/93/0_COM_15_2_933.jpg,93,COM,,Male,15,,933,2.0
male/93/0_COM_15_2_952.jpg,93,COM,,Male,15,,952,2.0
male/93/0_COM_15_2_952.jpg,93,COM,,Male,15,,952,2.0
male/93/0_COM_16_1_1037.jpg,93,COM,,Male,16,,1037,1.0
male/93/0_COM_16_1_1205.jpg,93,COM,,Male,16,,1205,1.0
male/93/0_COM_16_1_1205.jpg,93,COM,,Male,16,,1205,1.0
male/93/0_COM_16_1_1205.jpg,93,COM,,Male,16,,1205,1.0
male/93/0_COM_16_1_1205.jpg,93,COM,,Male,16,,1205,1.0
male/93/0_COM_16_1_366.jpg,93,COM,,Male,16,,366,1.0
male/93/0_COM_16_1_366.jpg,93,COM,,Male,16,,366,1.0
male/93/0_COM_16_1_762.jpg,93,COM,,Male,16,,762,1.0
male/93/0_COM_16_1_776.jpg,93,COM,,Male,16,,776,1.0
male/93/0_COM_16_1_776.jpg,93,COM,,Male,16,,776,1.0
male/93/0_COM_16_2_1243.jpg,93,COM,,Male,16,,1243,2.0
male/93/0_COM_16_2_127.jpg,93,COM,,Male,16,,127,2.0
male/93/0_COM_16_2_127.jpg,93,COM,,Male,16,,127,2.0
male/93/0_COM_16_2_127.jpg,93,COM,,Male,16,,127,2.0
male/93/0_COM_16_2_1292.jpg,93,COM,,Male,16,,1292,2.0
male/93/0_COM_16_2_304.jpg,93,COM,,Male,16,,304,2.0
male/93/0_COM_16_2_304.jpg,93,COM,,Male,16,,304,2.0
male/93/0_COM_16_2_35.jpg,93,COM,,Male,16,,35,2.0
male/93/0_COM_16_2_926.jpg,93,COM,,Male,16,,926,2.0
male/93/0_COM_16_2_926.jpg,93,COM,,Male,16,,926,2.0
male/93/0_COM_16_2_928.jpg,93,COM,,Male,16,,928,2.0
male/93/0_COM_16_2_928.jpg,93,COM,,Male,16,,928,2.0
male/93/0_COM_16_2_996.jpg,93,COM,,Male,16,,996,2.0
male/93/0_COM_16_2_996.jpg,93,COM,,Male,16,,996,2.0
male/93/0_COM_16_2_997.jpg,93,COM,,Male,16,,997,2.0
male/93/0_COM_16_2_997.jpg,93,COM,,Male,16,,997,2.0
male/93/0_COM_16_2_997.jpg,93,COM,,Male,16,,997,2.0
male/93/0_COM_17_1_1209.jpg,93,COM,,Male,17,,1209,1.0
male/93/0_COM_17_1_1209.jpg,93,COM,,Male,17,,1209,1.0
male/93/0_COM_17_1_1209.jpg,93,COM,,Male,17,,1209,1.0
male/93/0_COM_17_1_1209.jpg,93,COM,,Male,17,,1209,1.0
male/93/0_COM_17_1_1233.jpg,93,COM,,Male,17,,1233,1.0
male/93/0_COM_17_1_1233.jpg,93,COM,,Male,17,,1233,1.0
male/93/0_COM_17_1_1300.jpg,93,COM,,Male,17,,1300,1.0
male/93/0_COM_17_2_1125.jpg,93,COM,,Male,17,,1125,2.0
male/93/0_COM_17_2_1283.jpg,93,COM,,Male,17,,1283,2.0
male/93/0_COM_17_2_1283.jpg,93,COM,,Male,17,,1283,2.0
male/93/0_COM_17_2_1289.jpg,93,COM,,Male,17,,1289,2.0
male/93/0_COM_17_2_139.jpg,93,COM,,Male,17,,139,2.0
male/93/0_COM_17_2_143.jpg,93,COM,,Male,17,,143,2.0
male/93/0_COM_17_2_143.jpg,93,COM,,Male,17,,143,2.0
male/93/0_COM_17_2_152.jpg,93,COM,,Male,17,,152,2.0
male/93/0_COM_17_2_194.jpg,93,COM,,Male,17,,194,2.0
male/93/0_COM_17_2_194.jpg,93,COM,,Male,17,,194,2.0
male/93/0_COM_17_2_263.jpg,93,COM,,Male,17,,263,2.0
male/93/0_COM_17_2_263.jpg,93,COM,,Male,17,,263,2.0
male/93/0_COM_17_2_320.jpg,93,COM,,Male,17,,320,2.0
male/93/0_COM_17_2_70.jpg,93,COM,,Male,17,,70,2.0
male/93/0_COM_17_2_70.jpg,93,COM,,Male,17,,70,2.0
male/93/0_COM_17_2_70.jpg,93,COM,,Male,17,,70,2.0
male/93/0_COM_17_2_78.jpg,93,COM,,Male,17,,78,2.0
male/93/0_COM_17_2_865.jpg,93,COM,,Male,17,,865,2.0
male/93/0_COM_17_2_865.jpg,93,COM,,Male,17,,865,2.0
male/93/0_COM_17_2_865.jpg,93,COM,,Male,17,,865,2.0
male/93/0_COM_17_2_885.jpg,93,COM,,Male,17,,885,2.0
male/93/0_COM_17_2_885.jpg,93,COM,,Male,17,,885,2.0
male/93/0_COM_17_2_894.jpg,93,COM,,Male,17,,894,2.0
male/93/0_COM_17_2_894.jpg,93,COM,,Male,17,,894,2.0
male/93/0_COM_17_2_938.jpg,93,COM,,Male,17,,938,2.0
male/93/0_COM_18_2_105.jpg,93,COM,,Male,18,,105,2.0
male/93/0_COM_18_2_105.jpg,93,COM,,Male,18,,105,2.0
male/93/0_COM_18_2_1290.jpg,93,COM,,Male,18,,1290,2.0
male/93/0_COM_18_2_1290.jpg,93,COM,,Male,18,,1290,2.0
male/93/0_COM_18_2_1290.jpg,93,COM,,Male,18,,1290,2.0
male/93/0_COM_18_2_214.jpg,93,COM,,Male,18,,214,2.0
male/93/0_COM_18_2_24.jpg,93,COM,,Male,18,,24,2.0
male/93/0_DHA_11_1_1258.jpg,93,DHA,,Male,11,,1258,1.0
male/93/0_DHA_11_1_670.jpg,93,DHA,,Male,11,,670,1.0
male/93/0_DHA_11_1_741.jpg,93,DHA,,Male,11,,741,1.0
male/93/0_DHA_11_1_768.jpg,93,DHA,,Male,11,,768,1.0
male/93/0_DHA_11_1_769.jpg,93,DHA,,Male,11,,769,1.0
male/93/0_DHA_12_1_1225.jpg,93,DHA,,Male,12,,1225,1.0
male/93/0_DHA_12_1_1263.jpg,93,DHA,,Male,12,,1263,1.0
male/93/0_DHA_12_1_1263.jpg,93,DHA,,Male,12,,1263,1.0
male/93/0_DHA_12_1_1265.jpg,93,DHA,,Male,12,,1265,1.0
male/93/0_DHA_12_1_1265.jpg,93,DHA,,Male,12,,1265,1.0
male/93/0_DHA_12_1_428.jpg,93,DHA,,Male,12,,428,1.0
male/93/0_DHA_12_1_641.jpg,93,DHA,,Male,12,,641,1.0
male/93/0_DHA_12_1_641.jpg,93,DHA,,Male,12,,641,1.0
male/93/0_DHA_12_1_641.jpg,93,DHA,,Male,12,,641,1.0
male/93/0_DHA_12_1_646.jpg,93,DHA,,Male,12,,646,1.0
male/93/0_DHA_12_1_646.jpg,93,DHA,,Male,12,,646,1.0
male/93/0_DHA_12_1_646.jpg,93,DHA,,Male,12,,646,1.0
male/93/0_DHA_12_1_646.jpg,93,DHA,,Male,12,,646,1.0
male/93/0_DHA_12_1_650.jpg,93,DHA,,Male,12,,650,1.0
male/93/0_DHA_12_1_651.jpg,93,DHA,,Male,12,,651,1.0
male/93/0_DHA_12_1_651.jpg,93,DHA,,Male,12,,651,1.0
male/93/0_DHA_12_1_652.jpg,93,DHA,,Male,12,,652,1.0
male/93/0_DHA_12_1_652.jpg,93,DHA,,Male,12,,652,1.0
male/93/0_DHA_12_1_654.jpg,93,DHA,,Male,12,,654,1.0
male/93/0_DHA_12_1_654.jpg,93,DHA,,Male,12,,654,1.0
male/93/0_DHA_12_1_656.jpg,93,DHA,,Male,12,,656,1.0
male/93/0_DHA_12_1_658.jpg,93,DHA,,Male,12,,658,1.0
male/93/0_DHA_12_1_663.jpg,93,DHA,,Male,12,,663,1.0
male/93/0_DHA_12_1_664.jpg,93,DHA,,Male,12,,664,1.0
male/93/0_DHA_12_1_668.jpg,93,DHA,,Male,12,,668,1.0
male/93/0_DHA_12_1_675.jpg,93,DHA,,Male,12,,675,1.0
male/93/0_DHA_12_1_675.jpg,93,DHA,,Male,12,,675,1.0
male/93/0_DHA_12_1_679.jpg,93,DHA,,Male,12,,679,1.0
male/93/0_DHA_12_1_679.jpg,93,DHA,,Male,12,,679,1.0
male/93/0_DHA_12_1_679.jpg,93,DHA,,Male,12,,679,1.0
male/93/0_DHA_12_1_752.jpg,93,DHA,,Male,12,,752,1.0
male/93/0_DHA_12_1_752.jpg,93,DHA,,Male,12,,752,1.0
male/93/0_DHA_12_1_752.jpg,93,DHA,,Male,12,,752,1.0
male/93/0_DHA_12_1_752.jpg,93,DHA,,Male,12,,752,1.0
male/93/0_DHA_12_1_752.jpg,93,DHA,,Male,12,,752,1.0
male/93/0_DHA_13_1_1016.jpg,93,DHA,,Male,13,,1016,1.0
male/93/0_DHA_13_1_1061.jpg,93,DHA,,Male,13,,1061,1.0
male/93/0_DHA_13_1_1061.jpg,93,DHA,,Male,13,,1061,1.0
male/93/0_DHA_13_1_1061.jpg,93,DHA,,Male,13,,1061,1.0
male/93/0_DHA_13_1_1062.jpg,93,DHA,,Male,13,,1062,1.0
male/93/0_DHA_13_1_1074.jpg,93,DHA,,Male,13,,1074,1.0
male/93/0_DHA_13_1_1103.jpg,93,DHA,,Male,13,,1103,1.0
male/93/0_DHA_13_1_1103.jpg,93,DHA,,Male,13,,1103,1.0
male/93/0_DHA_13_1_1169.jpg,93,DHA,,Male,13,,1169,1.0
male/93/0_DHA_13_1_1169.jpg,93,DHA,,Male,13,,1169,1.0
male/93/0_DHA_13_1_1169.jpg,93,DHA,,Male,13,,1169,1.0
male/93/0_DHA_13_1_1172.jpg,93,DHA,,Male,13,,1172,1.0
male/93/0_DHA_13_1_1174.jpg,93,DHA,,Male,13,,1174,1.0
male/93/0_DHA_13_1_1183.jpg,93,DHA,,Male,13,,1183,1.0
male/93/0_DHA_13_1_362.jpg,93,DHA,,Male,13,,362,1.0
male/93/0_DHA_13_1_424.jpg,93,DHA,,Male,13,,424,1.0
male/93/0_DHA_13_1_424.jpg,93,DHA,,Male,13,,424,1.0
male/93/0_DHA_13_1_424.jpg,93,DHA,,Male,13,,424,1.0
male/93/0_DHA_13_1_424.jpg,93,DHA,,Male,13,,424,1.0
male/93/0_DHA_13_1_511.jpg,93,DHA,,Male,13,,511,1.0
male/93/0_DHA_13_1_511.jpg,93,DHA,,Male,13,,511,1.0
male/93/0_DHA_13_1_601.jpg,93,DHA,,Male,13,,601,1.0
male/93/0_DHA_13_1_601.jpg,93,DHA,,Male,13,,601,1.0
male/93/0_DHA_13_1_605.jpg,93,DHA,,Male,13,,605,1.0
male/93/0_DHA_13_1_617.jpg,93,DHA,,Male,13,,617,1.0
male/93/0_DHA_13_1_617.jpg,93,DHA,,Male,13,,617,1.0
male/93/0_DHA_13_1_623.jpg,93,DHA,,Male,13,,623,1.0
male/93/0_DHA_13_1_732.jpg,93,DHA,,Male,13,,732,1.0
male/93/0_DHA_13_1_732.jpg,93,DHA,,Male,13,,732,1.0
male/93/0_DHA_13_1_732.jpg,93,DHA,,Male,13,,732,1.0
male/93/0_DHA_13_1_733.jpg,93,DHA,,Male,13,,733,1.0
male/93/0_DHA_13_1_756.jpg,93,DHA,,Male,13,,756,1.0
male/93/0_DHA_13_1_756.jpg,93,DHA,,Male,13,,756,1.0
male/93/0_DHA_13_1_756.jpg,93,DHA,,Male,13,,756,1.0
male/93/0_DHA_13_1_787.jpg,93,DHA,,Male,13,,787,1.0
male/93/0_DHA_13_1_787.jpg,93,DHA,,Male,13,,787,1.0
male/93/0_DHA_14_1_1051.jpg,93,DHA,,Male,14,,1051,1.0
male/93/0_DHA_14_1_1177.jpg,93,DHA,,Male,14,,1177,1.0
male/93/0_DHA_14_1_1177.jpg,93,DHA,,Male,14,,1177,1.0
male/93/0_DHA_14_1_1187.jpg,93,DHA,,Male,14,,1187,1.0
male/93/0_DHA_14_1_1188.jpg,93,DHA,,Male,14,,1188,1.0
male/93/0_DHA_14_1_1188.jpg,93,DHA,,Male,14,,1188,1.0
male/93/0_DHA_14_1_1252.jpg,93,DHA,,Male,14,,1252,1.0
male/93/0_DHA_14_1_1253.jpg,93,DHA,,Male,14,,1253,1.0
male/93/0_DHA_14_1_359.jpg,93,DHA,,Male,14,,359,1.0
male/93/0_DHA_14_1_359.jpg,93,DHA,,Male,14,,359,1.0
male/93/0_DHA_14_1_359.jpg,93,DHA,,Male,14,,359,1.0
male/93/0_DHA_14_1_360.jpg,93,DHA,,Male,14,,360,1.0
male/93/0_DHA_14_1_361.jpg,93,DHA,,Male,14,,361,1.0
male/93/0_DHA_14_1_361.jpg,93,DHA,,Male,14,,361,1.0
male/93/0_DHA_14_1_369.jpg,93,DHA,,Male,14,,369,1.0
male/93/0_DHA_14_1_429.jpg,93,DHA,,Male,14,,429,1.0
male/93/0_DHA_14_1_429.jpg,93,DHA,,Male,14,,429,1.0
male/93/0_DHA_14_1_429.jpg,93,DHA,,Male,14,,429,1.0
male/93/0_DHA_14_1_508.jpg,93,DHA,,Male,14,,508,1.0
male/93/0_DHA_14_1_512.jpg,93,DHA,,Male,14,,512,1.0
male/93/0_DHA_14_1_512.jpg,93,DHA,,Male,14,,512,1.0
male/93/0_DHA_14_1_518.jpg,93,DHA,,Male,14,,518,1.0
male/93/0_DHA_14_1_518.jpg,93,DHA,,Male,14,,518,1.0
male/93/0_DHA_14_1_518.jpg,93,DHA,,Male,14,,518,1.0
male/93/0_DHA_14_1_523.jpg,93,DHA,,Male,14,,523,1.0
male/93/0_DHA_14_1_531.jpg,93,DHA,,Male,14,,531,1.0
male/93/0_DHA_14_1_543.jpg,93,DHA,,Male,14,,543,1.0
male/93/0_DHA_14_1_543.jpg,93,DHA,,Male,14,,543,1.0
male/93/0_DHA_14_1_543.jpg,93,DHA,,Male,14,,543,1.0
male/93/0_DHA_14_1_545.jpg,93,DHA,,Male,14,,545,1.0
male/93/0_DHA_14_1_545.jpg,93,DHA,,Male,14,,545,1.0
male/93/0_DHA_14_1_545.jpg,93,DHA,,Male,14,,545,1.0
male/93/0_DHA_14_1_546.jpg,93,DHA,,Male,14,,546,1.0
male/93/0_DHA_14_1_577.jpg,93,DHA,,Male,14,,577,1.0
male/93/0_DHA_14_1_577.jpg,93,DHA,,Male,14,,577,1.0
male/93/0_DHA_14_1_589.jpg,93,DHA,,Male,14,,589,1.0
male/93/0_DHA_14_1_608.jpg,93,DHA,,Male,14,,608,1.0
male/93/0_DHA_14_1_608.jpg,93,DHA,,Male,14,,608,1.0
male/93/0_DHA_14_1_608.jpg,93,DHA,,Male,14,,608,1.0
male/93/0_DHA_14_1_616.jpg,93,DHA,,Male,14,,616,1.0
male/93/0_DHA_14_1_621.jpg,93,DHA,,Male,14,,621,1.0
male/93/0_DHA_14_1_622.jpg,93,DHA,,Male,14,,622,1.0
male/93/0_DHA_14_1_627.jpg,93,DHA,,Male,14,,627,1.0
male/93/0_DHA_14_1_628.jpg,93,DHA,,Male,14,,628,1.0
male/93/0_DHA_14_1_629.jpg,93,DHA,,Male,14,,629,1.0
male/93/0_DHA_14_1_637.jpg,93,DHA,,Male,14,,637,1.0
male/93/0_DHA_14_1_637.jpg,93,DHA,,Male,14,,637,1.0
male/93/0_DHA_14_1_683.jpg,93,DHA,,Male,14,,683,1.0
male/93/0_DHA_14_1_684.jpg,93,DHA,,Male,14,,684,1.0
male/93/0_DHA_14_1_684.jpg,93,DHA,,Male,14,,684,1.0
male/93/0_DHA_14_1_684.jpg,93,DHA,,Male,14,,684,1.0
male/93/0_DHA_14_1_685.jpg,93,DHA,,Male,14,,685,1.0
male/93/0_DHA_14_1_707.jpg,93,DHA,,Male,14,,707,1.0
male/93/0_DHA_14_1_728.jpg,93,DHA,,Male,14,,728,1.0
male/93/0_DHA_14_1_730.jpg,93,DHA,,Male,14,,730,1.0
male/93/0_DHA_14_1_731.jpg,93,DHA,,Male,14,,731,1.0
male/93/0_DHA_14_1_731.jpg,93,DHA,,Male,14,,731,1.0
male/93/0_DHA_14_1_731.jpg,93,DHA,,Male,14,,731,1.0
male/93/0_DHA_14_1_738.jpg,93,DHA,,Male,14,,738,1.0
male/93/0_DHA_14_1_738.jpg,93,DHA,,Male,14,,738,1.0
male/93/0_DHA_14_1_739.jpg,93,DHA,,Male,14,,739,1.0
male/93/0_DHA_14_1_739.jpg,93,DHA,,Male,14,,739,1.0
male/93/0_DHA_14_1_742.jpg,93,DHA,,Male,14,,742,1.0
male/93/0_DHA_14_1_742.jpg,93,DHA,,Male,14,,742,1.0
male/93/0_DHA_14_1_743.jpg,93,DHA,,Male,14,,743,1.0
male/93/0_DHA_14_1_745.jpg,93,DHA,,Male,14,,745,1.0
male/93/0_DHA_14_1_745.jpg,93,DHA,,Male,14,,745,1.0
male/93/0_DHA_14_1_745.jpg,93,DHA,,Male,14,,745,1.0
male/93/0_DHA_14_1_746.jpg,93,DHA,,Male,14,,746,1.0
male/93/0_DHA_14_1_750.jpg,93,DHA,,Male,14,,750,1.0
male/93/0_DHA_14_1_781.jpg,93,DHA,,Male,14,,781,1.0
male/93/0_DHA_14_1_781.jpg,93,DHA,,Male,14,,781,1.0
male/93/0_DHA_14_1_781.jpg,93,DHA,,Male,14,,781,1.0
male/93/0_DHA_14_1_782.jpg,93,DHA,,Male,14,,782,1.0
male/93/0_DHA_14_1_808.jpg,93,DHA,,Male,14,,808,1.0
male/93/0_DHA_14_1_812.jpg,93,DHA,,Male,14,,812,1.0
male/93/0_DHA_14_1_816.jpg,93,DHA,,Male,14,,816,1.0
male/93/0_DHA_14_1_816.jpg,93,DHA,,Male,14,,816,1.0
male/93/0_DHA_14_1_978.jpg,93,DHA,,Male,14,,978,1.0
male/93/0_DHA_14_1_978.jpg,93,DHA,,Male,14,,978,1.0
male/93/0_DHA_15_1_1020.jpg,93,DHA,,Male,15,,1020,1.0
male/93/0_DHA_15_1_1043.jpg,93,DHA,,Male,15,,1043,1.0
male/93/0_DHA_15_1_1072.jpg,93,DHA,,Male,15,,1072,1.0
male/93/0_DHA_15_1_1072.jpg,93,DHA,,Male,15,,1072,1.0
male/93/0_DHA_15_1_1072.jpg,93,DHA,,Male,15,,1072,1.0
male/93/0_DHA_15_1_1072.jpg,93,DHA,,Male,15,,1072,1.0
male/93/0_DHA_15_1_1080.jpg,93,DHA,,Male,15,,1080,1.0
male/93/0_DHA_15_1_1080.jpg,93,DHA,,Male,15,,1080,1.0
male/93/0_DHA_15_1_1080.jpg,93,DHA,,Male,15,,1080,1.0
male/93/0_DHA_15_1_1108.jpg,93,DHA,,Male,15,,1108,1.0
male/93/0_DHA_15_1_1108.jpg,93,DHA,,Male,15,,1108,1.0
male/93/0_DHA_15_1_1176.jpg,93,DHA,,Male,15,,1176,1.0
male/93/0_DHA_15_1_1192.jpg,93,DHA,,Male,15,,1192,1.0
male/93/0_DHA_15_1_1192.jpg,93,DHA,,Male,15,,1192,1.0
male/93/0_DHA_15_1_1199.jpg,93,DHA,,Male,15,,1199,1.0
male/93/0_DHA_15_1_1199.jpg,93,DHA,,Male,15,,1199,1.0
male/93/0_DHA_15_1_1199.jpg,93,DHA,,Male,15,,1199,1.0
male/93/0_DHA_15_1_1203.jpg,93,DHA,,Male,15,,1203,1.0
male/93/0_DHA_15_1_1206.jpg,93,DHA,,Male,15,,1206,1.0
male/93/0_DHA_15_1_1207.jpg,93,DHA,,Male,15,,1207,1.0
male/93/0_DHA_15_1_1221.jpg,93,DHA,,Male,15,,1221,1.0
male/93/0_DHA_15_1_1221.jpg,93,DHA,,Male,15,,1221,1.0
male/93/0_DHA_15_1_1223.jpg,93,DHA,,Male,15,,1223,1.0
male/93/0_DHA_15_1_1259.jpg,93,DHA,,Male,15,,1259,1.0
male/93/0_DHA_15_1_1261.jpg,93,DHA,,Male,15,,1261,1.0
male/93/0_DHA_15_1_1262.jpg,93,DHA,,Male,15,,1262,1.0
male/93/0_DHA_15_1_3.jpg,93,DHA,,Male,15,,3,1.0
male/93/0_DHA_15_1_3.jpg,93,DHA,,Male,15,,3,1.0
male/93/0_DHA_15_1_349.jpg,93,DHA,,Male,15,,349,1.0
male/93/0_DHA_15_1_353.jpg,93,DHA,,Male,15,,353,1.0
male/93/0_DHA_15_1_357.jpg,93,DHA,,Male,15,,357,1.0
male/93/0_DHA_15_1_357.jpg,93,DHA,,Male,15,,357,1.0
male/93/0_DHA_15_1_364.jpg,93,DHA,,Male,15,,364,1.0
male/93/0_DHA_15_1_430.jpg,93,DHA,,Male,15,,430,1.0
male/93/0_DHA_15_1_432.jpg,93,DHA,,Male,15,,432,1.0
male/93/0_DHA_15_1_513.jpg,93,DHA,,Male,15,,513,1.0
male/93/0_DHA_15_1_516.jpg,93,DHA,,Male,15,,516,1.0
male/93/0_DHA_15_1_524.jpg,93,DHA,,Male,15,,524,1.0
male/93/0_DHA_15_1_524.jpg,93,DHA,,Male,15,,524,1.0
male/93/0_DHA_15_1_525.jpg,93,DHA,,Male,15,,525,1.0
male/93/0_DHA_15_1_526.jpg,93,DHA,,Male,15,,526,1.0
male/93/0_DHA_15_1_528.jpg,93,DHA,,Male,15,,528,1.0
male/93/0_DHA_15_1_534.jpg,93,DHA,,Male,15,,534,1.0
male/93/0_DHA_15_1_534.jpg,93,DHA,,Male,15,,534,1.0
male/93/0_DHA_15_1_535.jpg,93,DHA,,Male,15,,535,1.0
male/93/0_DHA_15_1_535.jpg,93,DHA,,Male,15,,535,1.0
male/93/0_DHA_15_1_535.jpg,93,DHA,,Male,15,,535,1.0
male/93/0_DHA_15_1_538.jpg,93,DHA,,Male,15,,538,1.0
male/93/0_DHA_15_1_538.jpg,93,DHA,,Male,15,,538,1.0
male/93/0_DHA_15_1_540.jpg,93,DHA,,Male,15,,540,1.0
male/93/0_DHA_15_1_547.jpg,93,DHA,,Male,15,,547,1.0
male/93/0_DHA_15_1_547.jpg,93,DHA,,Male,15,,547,1.0
male/93/0_DHA_15_1_547.jpg,93,DHA,,Male,15,,547,1.0
male/93/0_DHA_15_1_549.jpg,93,DHA,,Male,15,,549,1.0
male/93/0_DHA_15_1_549.jpg,93,DHA,,Male,15,,549,1.0
male/93/0_DHA_15_1_552.jpg,93,DHA,,Male,15,,552,1.0
male/93/0_DHA_15_1_554.jpg,93,DHA,,Male,15,,554,1.0
male/93/0_DHA_15_1_559.jpg,93,DHA,,Male,15,,559,1.0
male/93/0_DHA_15_1_559.jpg,93,DHA,,Male,15,,559,1.0
male/93/0_DHA_15_1_560.jpg,93,DHA,,Male,15,,560,1.0
male/93/0_DHA_15_1_560.jpg,93,DHA,,Male,15,,560,1.0
male/93/0_DHA_15_1_561.jpg,93,DHA,,Male,15,,561,1.0
male/93/0_DHA_15_1_561.jpg,93,DHA,,Male,15,,561,1.0
male/93/0_DHA_15_1_563.jpg,93,DHA,,Male,15,,563,1.0
male/93/0_DHA_15_1_565.jpg,93,DHA,,Male,15,,565,1.0
male/93/0_DHA_15_1_567.jpg,93,DHA,,Male,15,,567,1.0
male/93/0_DHA_15_1_573.jpg,93,DHA,,Male,15,,573,1.0
male/93/0_DHA_15_1_579.jpg,93,DHA,,Male,15,,579,1.0
male/93/0_DHA_15_1_579.jpg,93,DHA,,Male,15,,579,1.0
male/93/0_DHA_15_1_584.jpg,93,DHA,,Male,15,,584,1.0
male/93/0_DHA_15_1_586.jpg,93,DHA,,Male,15,,586,1.0
male/93/0_DHA_15_1_586.jpg,93,DHA,,Male,15,,586,1.0
male/93/0_DHA_15_1_586.jpg,93,DHA,,Male,15,,586,1.0
male/93/0_DHA_15_1_600.jpg,93,DHA,,Male,15,,600,1.0
male/93/0_DHA_15_1_604.jpg,93,DHA,,Male,15,,604,1.0
male/93/0_DHA_15_1_611.jpg,93,DHA,,Male,15,,611,1.0
male/93/0_DHA_15_1_611.jpg,93,DHA,,Male,15,,611,1.0
male/93/0_DHA_15_1_614.jpg,93,DHA,,Male,15,,614,1.0
male/93/0_DHA_15_1_614.jpg,93,DHA,,Male,15,,614,1.0
male/93/0_DHA_15_1_620.jpg,93,DHA,,Male,15,,620,1.0
male/93/0_DHA_15_1_625.jpg,93,DHA,,Male,15,,625,1.0
male/93/0_DHA_15_1_626.jpg,93,DHA,,Male,15,,626,1.0
male/93/0_DHA_15_1_626.jpg,93,DHA,,Male,15,,626,1.0
male/93/0_DHA_15_1_626.jpg,93,DHA,,Male,15,,626,1.0
male/93/0_DHA_15_1_631.jpg,93,DHA,,Male,15,,631,1.0
male/93/0_DHA_15_1_631.jpg,93,DHA,,Male,15,,631,1.0
male/93/0_DHA_15_1_631.jpg,93,DHA,,Male,15,,631,1.0
male/93/0_DHA_15_1_631.jpg,93,DHA,,Male,15,,631,1.0
male/93/0_DHA_15_1_632.jpg,93,DHA,,Male,15,,632,1.0
male/93/0_DHA_15_1_633.jpg,93,DHA,,Male,15,,633,1.0
male/93/0_DHA_15_1_634.jpg,93,DHA,,Male,15,,634,1.0
male/93/0_DHA_15_1_634.jpg,93,DHA,,Male,15,,634,1.0
male/93/0_DHA_15_1_635.jpg,93,DHA,,Male,15,,635,1.0
male/93/0_DHA_15_1_635.jpg,93,DHA,,Male,15,,635,1.0
male/93/0_DHA_15_1_686.jpg,93,DHA,,Male,15,,686,1.0
male/93/0_DHA_15_1_686.jpg,93,DHA,,Male,15,,686,1.0
male/93/0_DHA_15_1_686.jpg,93,DHA,,Male,15,,686,1.0
male/93/0_DHA_15_1_686.jpg,93,DHA,,Male,15,,686,1.0
male/93/0_DHA_15_1_690.jpg,93,DHA,,Male,15,,690,1.0
male/93/0_DHA_15_1_734.jpg,93,DHA,,Male,15,,734,1.0
male/93/0_DHA_15_1_734.jpg,93,DHA,,Male,15,,734,1.0
male/93/0_DHA_15_1_734.jpg,93,DHA,,Male,15,,734,1.0
male/93/0_DHA_15_1_734.jpg,93,DHA,,Male,15,,734,1.0
male/93/0_DHA_15_1_751.jpg,93,DHA,,Male,15,,751,1.0
male/93/0_DHA_15_1_751.jpg,93,DHA,,Male,15,,751,1.0
male/93/0_DHA_15_1_778.jpg,93,DHA,,Male,15,,778,1.0
male/93/0_DHA_15_1_792.jpg,93,DHA,,Male,15,,792,1.0
male/93/0_DHA_15_1_797.jpg,93,DHA,,Male,15,,797,1.0
male/93/0_DHA_15_1_804.jpg,93,DHA,,Male,15,,804,1.0
male/93/0_DHA_15_1_810.jpg,93,DHA,,Male,15,,810,1.0
male/93/0_DHA_15_1_821.jpg,93,DHA,,Male,15,,821,1.0
male/93/0_DHA_15_1_822.jpg,93,DHA,,Male,15,,822,1.0
male/93/0_DHA_15_1_823.jpg,93,DHA,,Male,15,,823,1.0
male/93/0_DHA_15_2_1000.jpg,93,DHA,,Male,15,,1000,2.0
male/93/0_DHA_15_2_1002.jpg,93,DHA,,Male,15,,1002,2.0
male/93/0_DHA_15_2_1269.jpg,93,DHA,,Male,15,,1269,2.0
male/93/0_DHA_15_2_1269.jpg,93,DHA,,Male,15,,1269,2.0
male/93/0_DHA_15_2_1274.jpg,93,DHA,,Male,15,,1274,2.0
male/93/0_DHA_15_2_129.jpg,93,DHA,,Male,15,,129,2.0
male/93/0_DHA_15_2_129.jpg,93,DHA,,Male,15,,129,2.0
male/93/0_DHA_15_2_179.jpg,93,DHA,,Male,15,,179,2.0
male/93/0_DHA_15_2_41.jpg,93,DHA,,Male,15,,41,2.0
male/93/0_DHA_15_2_84.jpg,93,DHA,,Male,15,,84,2.0
male/93/0_DHA_15_2_867.jpg,93,DHA,,Male,15,,867,2.0
male/93/0_DHA_16_1_1013.jpg,93,DHA,,Male,16,,1013,1.0
male/93/0_DHA_16_1_1018.jpg,93,DHA,,Male,16,,1018,1.0
male/93/0_DHA_16_1_1018.jpg,93,DHA,,Male,16,,1018,1.0
male/93/0_DHA_16_1_1018.jpg,93,DHA,,Male,16,,1018,1.0
male/93/0_DHA_16_1_1018.jpg,93,DHA,,Male,16,,1018,1.0
male/93/0_DHA_16_1_1021.jpg,93,DHA,,Male,16,,1021,1.0
male/93/0_DHA_16_1_1021.jpg,93,DHA,,Male,16,,1021,1.0
male/93/0_DHA_16_1_1023.jpg,93,DHA,,Male,16,,1023,1.0
male/93/0_DHA_16_1_1024.jpg,93,DHA,,Male,16,,1024,1.0
male/93/0_DHA_16_1_1025.jpg,93,DHA,,Male,16,,1025,1.0
male/93/0_DHA_16_1_1031.jpg,93,DHA,,Male,16,,1031,1.0
male/93/0_DHA_16_1_1031.jpg,93,DHA,,Male,16,,1031,1.0
male/93/0_DHA_16_1_1035.jpg,93,DHA,,Male,16,,1035,1.0
male/93/0_DHA_16_1_1035.jpg,93,DHA,,Male,16,,1035,1.0
male/93/0_DHA_16_1_1035.jpg,93,DHA,,Male,16,,1035,1.0
male/93/0_DHA_16_1_1054.jpg,93,DHA,,Male,16,,1054,1.0
male/93/0_DHA_16_1_1067.jpg,93,DHA,,Male,16,,1067,1.0
male/93/0_DHA_16_1_1069.jpg,93,DHA,,Male,16,,1069,1.0
male/93/0_DHA_16_1_1070.jpg,93,DHA,,Male,16,,1070,1.0
male/93/0_DHA_16_1_1109.jpg,93,DHA,,Male,16,,1109,1.0
male/93/0_DHA_16_1_1123.jpg,93,DHA,,Male,16,,1123,1.0
male/93/0_DHA_16_1_1184.jpg,93,DHA,,Male,16,,1184,1.0
male/93/0_DHA_16_1_1228.jpg,93,DHA,,Male,16,,1228,1.0
male/93/0_DHA_16_1_1228.jpg,93,DHA,,Male,16,,1228,1.0
male/93/0_DHA_16_1_1237.jpg,93,DHA,,Male,16,,1237,1.0
male/93/0_DHA_16_1_510.jpg,93,DHA,,Male,16,,510,1.0
male/93/0_DHA_16_1_551.jpg,93,DHA,,Male,16,,551,1.0
male/93/0_DHA_16_1_562.jpg,93,DHA,,Male,16,,562,1.0
male/93/0_DHA_16_1_562.jpg,93,DHA,,Male,16,,562,1.0
male/93/0_DHA_16_1_562.jpg,93,DHA,,Male,16,,562,1.0
male/93/0_DHA_16_1_582.jpg,93,DHA,,Male,16,,582,1.0
male/93/0_DHA_16_1_582.jpg,93,DHA,,Male,16,,582,1.0
male/93/0_DHA_16_1_582.jpg,93,DHA,,Male,16,,582,1.0
male/93/0_DHA_16_1_582.jpg,93,DHA,,Male,16,,582,1.0
male/93/0_DHA_16_1_809.jpg,93,DHA,,Male,16,,809,1.0
male/93/0_DHA_16_1_809.jpg,93,DHA,,Male,16,,809,1.0
male/93/0_DHA_16_1_818.jpg,93,DHA,,Male,16,,818,1.0
male/93/0_DHA_16_1_818.jpg,93,DHA,,Male,16,,818,1.0
male/93/0_DHA_16_1_818.jpg,93,DHA,,Male,16,,818,1.0
male/93/0_DHA_16_1_835.jpg,93,DHA,,Male,16,,835,1.0
male/93/0_DHA_16_2_1004.jpg,93,DHA,,Male,16,,1004,2.0
male/93/0_DHA_16_2_104.jpg,93,DHA,,Male,16,,104,2.0
male/93/0_DHA_16_2_104.jpg,93,DHA,,Male,16,,104,2.0
male/93/0_DHA_16_2_108.jpg,93,DHA,,Male,16,,108,2.0
male/93/0_DHA_16_2_108.jpg,93,DHA,,Male,16,,108,2.0
male/93/0_DHA_16_2_108.jpg,93,DHA,,Male,16,,108,2.0
male/93/0_DHA_16_2_108.jpg,93,DHA,,Male,16,,108,2.0
male/93/0_DHA_16_2_11.jpg,93,DHA,,Male,16,,11,2.0
male/93/0_DHA_16_2_11.jpg,93,DHA,,Male,16,,11,2.0
male/93/0_DHA_16_2_119.jpg,93,DHA,,Male,16,,119,2.0
male/93/0_DHA_16_2_1270.jpg,93,DHA,,Male,16,,1270,2.0
male/93/0_DHA_16_2_1294.jpg,93,DHA,,Male,16,,1294,2.0
male/93/0_DHA_16_2_130.jpg,93,DHA,,Male,16,,130,2.0
male/93/0_DHA_16_2_133.jpg,93,DHA,,Male,16,,133,2.0
male/93/0_DHA_16_2_14.jpg,93,DHA,,Male,16,,14,2.0
male/93/0_DHA_16_2_14.jpg,93,DHA,,Male,16,,14,2.0
male/93/0_DHA_16_2_141.jpg,93,DHA,,Male,16,,141,2.0
male/93/0_DHA_16_2_141.jpg,93,DHA,,Male,16,,141,2.0
male/93/0_DHA_16_2_141.jpg,93,DHA,,Male,16,,141,2.0
male/93/0_DHA_16_2_146.jpg,93,DHA,,Male,16,,146,2.0
male/93/0_DHA_16_2_146.jpg,93,DHA,,Male,16,,146,2.0
male/93/0_DHA_16_2_15.jpg,93,DHA,,Male,16,,15,2.0
male/93/0_DHA_16_2_154.jpg,93,DHA,,Male,16,,154,2.0
male/93/0_DHA_16_2_154.jpg,93,DHA,,Male,16,,154,2.0
male/93/0_DHA_16_2_154.jpg,93,DHA,,Male,16,,154,2.0
male/93/0_DHA_16_2_157.jpg,93,DHA,,Male,16,,157,2.0
male/93/0_DHA_16_2_159.jpg,93,DHA,,Male,16,,159,2.0
male/93/0_DHA_16_2_159.jpg,93,DHA,,Male,16,,159,2.0
male/93/0_DHA_16_2_174.jpg,93,DHA,,Male,16,,174,2.0
male/93/0_DHA_16_2_175.jpg,93,DHA,,Male,16,,175,2.0
male/93/0_DHA_16_2_177.jpg,93,DHA,,Male,16,,177,2.0
male/93/0_DHA_16_2_180.jpg,93,DHA,,Male,16,,180,2.0
male/93/0_DHA_16_2_180.jpg,93,DHA,,Male,16,,180,2.0
male/93/0_DHA_16_2_180.jpg,93,DHA,,Male,16,,180,2.0
male/93/0_DHA_16_2_189.jpg,93,DHA,,Male,16,,189,2.0
male/93/0_DHA_16_2_189.jpg,93,DHA,,Male,16,,189,2.0
male/93/0_DHA_16_2_189.jpg,93,DHA,,Male,16,,189,2.0
male/93/0_DHA_16_2_189.jpg,93,DHA,,Male,16,,189,2.0
male/93/0_DHA_16_2_196.jpg,93,DHA,,Male,16,,196,2.0
male/93/0_DHA_16_2_196.jpg,93,DHA,,Male,16,,196,2.0
male/93/0_DHA_16_2_208.jpg,93,DHA,,Male,16,,208,2.0
male/93/0_DHA_16_2_208.jpg,93,DHA,,Male,16,,208,2.0
male/93/0_DHA_16_2_208.jpg,93,DHA,,Male,16,,208,2.0
male/93/0_DHA_16_2_209.jpg,93,DHA,,Male,16,,209,2.0
male/93/0_DHA_16_2_209.jpg,93,DHA,,Male,16,,209,2.0
male/93/0_DHA_16_2_212.jpg,93,DHA,,Male,16,,212,2.0
male/93/0_DHA_16_2_252.jpg,93,DHA,,Male,16,,252,2.0
male/93/0_DHA_16_2_252.jpg,93,DHA,,Male,16,,252,2.0
male/93/0_DHA_16_2_253.jpg,93,DHA,,Male,16,,253,2.0
male/93/0_DHA_16_2_256.jpg,93,DHA,,Male,16,,256,2.0
male/93/0_DHA_16_2_260.jpg,93,DHA,,Male,16,,260,2.0
male/93/0_DHA_16_2_260.jpg,93,DHA,,Male,16,,260,2.0
male/93/0_DHA_16_2_261.jpg,93,DHA,,Male,16,,261,2.0
male/93/0_DHA_16_2_261.jpg,93,DHA,,Male,16,,261,2.0
male/93/0_DHA_16_2_291.jpg,93,DHA,,Male,16,,291,2.0
male/93/0_DHA_16_2_293.jpg,93,DHA,,Male,16,,293,2.0
male/93/0_DHA_16_2_294.jpg,93,DHA,,Male,16,,294,2.0
male/93/0_DHA_16_2_32.jpg,93,DHA,,Male,16,,32,2.0
male/93/0_DHA_16_2_32.jpg,93,DHA,,Male,16,,32,2.0
male/93/0_DHA_16_2_324.jpg,93,DHA,,Male,16,,324,2.0
male/93/0_DHA_16_2_324.jpg,93,DHA,,Male,16,,324,2.0
male/93/0_DHA_16_2_324.jpg,93,DHA,,Male,16,,324,2.0
male/93/0_DHA_16_2_326.jpg,93,DHA,,Male,16,,326,2.0
male/93/0_DHA_16_2_326.jpg,93,DHA,,Male,16,,326,2.0
male/93/0_DHA_16_2_326.jpg,93,DHA,,Male,16,,326,2.0
male/93/0_DHA_16_2_329.jpg,93,DHA,,Male,16,,329,2.0
male/93/0_DHA_16_2_333.jpg,93,DHA,,Male,16,,333,2.0
male/93/0_DHA_16_2_334.jpg,93,DHA,,Male,16,,334,2.0
male/93/0_DHA_16_2_34.jpg,93,DHA,,Male,16,,34,2.0
male/93/0_DHA_16_2_38.jpg,93,DHA,,Male,16,,38,2.0
male/93/0_DHA_16_2_44.jpg,93,DHA,,Male,16,,44,2.0
male/93/0_DHA_16_2_44.jpg,93,DHA,,Male,16,,44,2.0
male/93/0_DHA_16_2_44.jpg,93,DHA,,Male,16,,44,2.0
male/93/0_DHA_16_2_49.jpg,93,DHA,,Male,16,,49,2.0
male/93/0_DHA_16_2_50.jpg,93,DHA,,Male,16,,50,2.0
male/93/0_DHA_16_2_6.jpg,93,DHA,,Male,16,,6,2.0
male/93/0_DHA_16_2_66.jpg,93,DHA,,Male,16,,66,2.0
male/93/0_DHA_16_2_82.jpg,93,DHA,,Male,16,,82,2.0
male/93/0_DHA_16_2_82.jpg,93,DHA,,Male,16,,82,2.0
male/93/0_DHA_16_2_82.jpg,93,DHA,,Male,16,,82,2.0
male/93/0_DHA_16_2_82.jpg,93,DHA,,Male,16,,82,2.0
male/93/0_DHA_16_2_869.jpg,93,DHA,,Male,16,,869,2.0
male/93/0_DHA_16_2_89.jpg,93,DHA,,Male,16,,89,2.0
male/93/0_DHA_16_2_89.jpg,93,DHA,,Male,16,,89,2.0
male/93/0_DHA_16_2_90.jpg,93,DHA,,Male,16,,90,2.0
male/93/0_DHA_16_2_900.jpg,93,DHA,,Male,16,,900,2.0
male/93/0_DHA_16_2_901.jpg,93,DHA,,Male,16,,901,2.0
male/93/0_DHA_16_2_905.jpg,93,DHA,,Male,16,,905,2.0
male/93/0_DHA_16_2_907.jpg,93,DHA,,Male,16,,907,2.0
male/93/0_DHA_16_2_911.jpg,93,DHA,,Male,16,,911,2.0
male/93/0_DHA_16_2_911.jpg,93,DHA,,Male,16,,911,2.0
male/93/0_DHA_16_2_921.jpg,93,DHA,,Male,16,,921,2.0
male/93/0_DHA_16_2_937.jpg,93,DHA,,Male,16,,937,2.0
male/93/0_DHA_16_2_937.jpg,93,DHA,,Male,16,,937,2.0
male/93/0_DHA_16_2_94.jpg,93,DHA,,Male,16,,94,2.0
male/93/0_DHA_16_2_94.jpg,93,DHA,,Male,16,,94,2.0
male/93/0_DHA_16_2_941.jpg,93,DHA,,Male,16,,941,2.0
male/93/0_DHA_16_2_941.jpg,93,DHA,,Male,16,,941,2.0
male/93/0_DHA_16_2_941.jpg,93,DHA,,Male,16,,941,2.0
male/93/0_DHA_16_2_942.jpg,93,DHA,,Male,16,,942,2.0
male/93/0_DHA_16_2_971.jpg,93,DHA,,Male,16,,971,2.0
male/93/0_DHA_16_2_983.jpg,93,DHA,,Male,16,,983,2.0
male/93/0_DHA_16_2_984.jpg,93,DHA,,Male,16,,984,2.0
male/93/0_DHA_16_2_99.jpg,93,DHA,,Male,16,,99,2.0
male/93/0_DHA_16_2_99.jpg,93,DHA,,Male,16,,99,2.0
male/93/0_DHA_16_2_99.jpg,93,DHA,,Male,16,,99,2.0
male/93/0_DHA_16_2_99.jpg,93,DHA,,Male,16,,99,2.0
male/93/0_DHA_16_2_99.jpg,93,DHA,,Male,16,,99,2.0
male/93/0_DHA_16_2_999.jpg,93,DHA,,Male,16,,999,2.0
male/93/0_DHA_17_1_1019.jpg,93,DHA,,Male,17,,1019,1.0
male/93/0_DHA_17_1_1028.jpg,93,DHA,,Male,17,,1028,1.0
male/93/0_DHA_17_1_1073.jpg,93,DHA,,Male,17,,1073,1.0
male/93/0_DHA_17_1_1073.jpg,93,DHA,,Male,17,,1073,1.0
male/93/0_DHA_17_1_1124.jpg,93,DHA,,Male,17,,1124,1.0
male/93/0_DHA_17_1_1202.jpg,93,DHA,,Male,17,,1202,1.0
male/93/0_DHA_17_1_1232.jpg,93,DHA,,Male,17,,1232,1.0
male/93/0_DHA_17_1_836.jpg,93,DHA,,Male,17,,836,1.0
male/93/0_DHA_17_1_836.jpg,93,DHA,,Male,17,,836,1.0
male/93/0_DHA_17_1_836.jpg,93,DHA,,Male,17,,836,1.0
male/93/0_DHA_17_1_836.jpg,93,DHA,,Male,17,,836,1.0
male/93/0_DHA_17_1_966.jpg,93,DHA,,Male,17,,966,1.0
male/93/0_DHA_17_2_100.jpg,93,DHA,,Male,17,,100,2.0
male/93/0_DHA_17_2_100.jpg,93,DHA,,Male,17,,100,2.0
male/93/0_DHA_17_2_102.jpg,93,DHA,,Male,17,,102,2.0
male/93/0_DHA_17_2_103.jpg,93,DHA,,Male,17,,103,2.0
male/93/0_DHA_17_2_1131.jpg,93,DHA,,Male,17,,1131,2.0
male/93/0_DHA_17_2_120.jpg,93,DHA,,Male,17,,120,2.0
male/93/0_DHA_17_2_120.jpg,93,DHA,,Male,17,,120,2.0
male/93/0_DHA_17_2_1218.jpg,93,DHA,,Male,17,,1218,2.0
male/93/0_DHA_17_2_122.jpg,93,DHA,,Male,17,,122,2.0
male/93/0_DHA_17_2_122.jpg,93,DHA,,Male,17,,122,2.0
male/93/0_DHA_17_2_1222.jpg,93,DHA,,Male,17,,1222,2.0
male/93/0_DHA_17_2_1222.jpg,93,DHA,,Male,17,,1222,2.0
male/93/0_DHA_17_2_1222.jpg,93,DHA,,Male,17,,1222,2.0
male/93/0_DHA_17_2_1226.jpg,93,DHA,,Male,17,,1226,2.0
male/93/0_DHA_17_2_125.jpg,93,DHA,,Male,17,,125,2.0
male/93/0_DHA_17_2_126.jpg,93,DHA,,Male,17,,126,2.0
male/93/0_DHA_17_2_126.jpg,93,DHA,,Male,17,,126,2.0
male/93/0_DHA_17_2_1295.jpg,93,DHA,,Male,17,,1295,2.0
male/93/0_DHA_17_2_136.jpg,93,DHA,,Male,17,,136,2.0
male/93/0_DHA_17_2_136.jpg,93,DHA,,Male,17,,136,2.0
male/93/0_DHA_17_2_136.jpg,93,DHA,,Male,17,,136,2.0
male/93/0_DHA_17_2_137.jpg,93,DHA,,Male,17,,137,2.0
male/93/0_DHA_17_2_147.jpg,93,DHA,,Male,17,,147,2.0
male/93/0_DHA_17_2_147.jpg,93,DHA,,Male,17,,147,2.0
male/93/0_DHA_17_2_147.jpg,93,DHA,,Male,17,,147,2.0
male/93/0_DHA_17_2_155.jpg,93,DHA,,Male,17,,155,2.0
male/93/0_DHA_17_2_16.jpg,93,DHA,,Male,17,,16,2.0
male/93/0_DHA_17_2_16.jpg,93,DHA,,Male,17,,16,2.0
male/93/0_DHA_17_2_168.jpg,93,DHA,,Male,17,,168,2.0
male/93/0_DHA_17_2_168.jpg,93,DHA,,Male,17,,168,2.0
male/93/0_DHA_17_2_173.jpg,93,DHA,,Male,17,,173,2.0
male/93/0_DHA_17_2_173.jpg,93,DHA,,Male,17,,173,2.0
male/93/0_DHA_17_2_18.jpg,93,DHA,,Male,17,,18,2.0
male/93/0_DHA_17_2_184.jpg,93,DHA,,Male,17,,184,2.0
male/93/0_DHA_17_2_184.jpg,93,DHA,,Male,17,,184,2.0
male/93/0_DHA_17_2_187.jpg,93,DHA,,Male,17,,187,2.0
male/93/0_DHA_17_2_187.jpg,93,DHA,,Male,17,,187,2.0
male/93/0_DHA_17_2_187.jpg,93,DHA,,Male,17,,187,2.0
male/93/0_DHA_17_2_187.jpg,93,DHA,,Male,17,,187,2.0
male/93/0_DHA_17_2_195.jpg,93,DHA,,Male,17,,195,2.0
male/93/0_DHA_17_2_197.jpg,93,DHA,,Male,17,,197,2.0
male/93/0_DHA_17_2_200.jpg,93,DHA,,Male,17,,200,2.0
male/93/0_DHA_17_2_201.jpg,93,DHA,,Male,17,,201,2.0
male/93/0_DHA_17_2_201.jpg,93,DHA,,Male,17,,201,2.0
male/93/0_DHA_17_2_207.jpg,93,DHA,,Male,17,,207,2.0
male/93/0_DHA_17_2_215.jpg,93,DHA,,Male,17,,215,2.0
male/93/0_DHA_17_2_22.jpg,93,DHA,,Male,17,,22,2.0
male/93/0_DHA_17_2_221.jpg,93,DHA,,Male,17,,221,2.0
male/93/0_DHA_17_2_223.jpg,93,DHA,,Male,17,,223,2.0
male/93/0_DHA_17_2_223.jpg,93,DHA,,Male,17,,223,2.0
male/93/0_DHA_17_2_223.jpg,93,DHA,,Male,17,,223,2.0
male/93/0_DHA_17_2_225.jpg,93,DHA,,Male,17,,225,2.0
male/93/0_DHA_17_2_231.jpg,93,DHA,,Male,17,,231,2.0
male/93/0_DHA_17_2_232.jpg,93,DHA,,Male,17,,232,2.0
male/93/0_DHA_17_2_232.jpg,93,DHA,,Male,17,,232,2.0
male/93/0_DHA_17_2_232.jpg,93,DHA,,Male,17,,232,2.0
male/93/0_DHA_17_2_237.jpg,93,DHA,,Male,17,,237,2.0
male/93/0_DHA_17_2_238.jpg,93,DHA,,Male,17,,238,2.0
male/93/0_DHA_17_2_239.jpg,93,DHA,,Male,17,,239,2.0
male/93/0_DHA_17_2_239.jpg,93,DHA,,Male,17,,239,2.0
male/93/0_DHA_17_2_250.jpg,93,DHA,,Male,17,,250,2.0
male/93/0_DHA_17_2_251.jpg,93,DHA,,Male,17,,251,2.0
male/93/0_DHA_17_2_257.jpg,93,DHA,,Male,17,,257,2.0
male/93/0_DHA_17_2_262.jpg,93,DHA,,Male,17,,262,2.0
male/93/0_DHA_17_2_262.jpg,93,DHA,,Male,17,,262,2.0
male/93/0_DHA_17_2_272.jpg,93,DHA,,Male,17,,272,2.0
male/93/0_DHA_17_2_272.jpg,93,DHA,,Male,17,,272,2.0
male/93/0_DHA_17_2_275.jpg,93,DHA,,Male,17,,275,2.0
male/93/0_DHA_17_2_277.jpg,93,DHA,,Male,17,,277,2.0
male/93/0_DHA_17_2_277.jpg,93,DHA,,Male,17,,277,2.0
male/93/0_DHA_17_2_278.jpg,93,DHA,,Male,17,,278,2.0
male/93/0_DHA_17_2_286.jpg,93,DHA,,Male,17,,286,2.0
male/93/0_DHA_17_2_286.jpg,93,DHA,,Male,17,,286,2.0
male/93/0_DHA_17_2_310.jpg,93,DHA,,Male,17,,310,2.0
male/93/0_DHA_17_2_310.jpg,93,DHA,,Male,17,,310,2.0
male/93/0_DHA_17_2_312.jpg,93,DHA,,Male,17,,312,2.0
male/93/0_DHA_17_2_312.jpg,93,DHA,,Male,17,,312,2.0
male/93/0_DHA_17_2_313.jpg,93,DHA,,Male,17,,313,2.0
male/93/0_DHA_17_2_314.jpg,93,DHA,,Male,17,,314,2.0
male/93/0_DHA_17_2_316.jpg,93,DHA,,Male,17,,316,2.0
male/93/0_DHA_17_2_316.jpg,93,DHA,,Male,17,,316,2.0
male/93/0_DHA_17_2_331.jpg,93,DHA,,Male,17,,331,2.0
male/93/0_DHA_17_2_337.jpg,93,DHA,,Male,17,,337,2.0
male/93/0_DHA_17_2_337.jpg,93,DHA,,Male,17,,337,2.0
male/93/0_DHA_17_2_36.jpg,93,DHA,,Male,17,,36,2.0
male/93/0_DHA_17_2_42.jpg,93,DHA,,Male,17,,42,2.0
male/93/0_DHA_17_2_51.jpg,93,DHA,,Male,17,,51,2.0
male/93/0_DHA_17_2_60.jpg,93,DHA,,Male,17,,60,2.0
male/93/0_DHA_17_2_639.jpg,93,DHA,,Male,17,,639,2.0
male/93/0_DHA_17_2_639.jpg,93,DHA,,Male,17,,639,2.0
male/93/0_DHA_17_2_64.jpg,93,DHA,,Male,17,,64,2.0
male/93/0_DHA_17_2_64.jpg,93,DHA,,Male,17,,64,2.0
male/93/0_DHA_17_2_65.jpg,93,DHA,,Male,17,,65,2.0
male/93/0_DHA_17_2_67.jpg,93,DHA,,Male,17,,67,2.0
male/93/0_DHA_17_2_67.jpg,93,DHA,,Male,17,,67,2.0
male/93/0_DHA_17_2_68.jpg,93,DHA,,Male,17,,68,2.0
male/93/0_DHA_17_2_68.jpg,93,DHA,,Male,17,,68,2.0
male/93/0_DHA_17_2_68.jpg,93,DHA,,Male,17,,68,2.0
male/93/0_DHA_17_2_71.jpg,93,DHA,,Male,17,,71,2.0
male/93/0_DHA_17_2_76.jpg,93,DHA,,Male,17,,76,2.0
male/93/0_DHA_17_2_8.jpg,93,DHA,,Male,17,,8,2.0
male/93/0_DHA_17_2_8.jpg,93,DHA,,Male,17,,8,2.0
male/93/0_DHA_17_2_8.jpg,93,DHA,,Male,17,,8,2.0
male/93/0_DHA_17_2_837.jpg,93,DHA,,Male,17,,837,2.0
male/93/0_DHA_17_2_837.jpg,93,DHA,,Male,17,,837,2.0
male/93/0_DHA_17_2_838.jpg,93,DHA,,Male,17,,838,2.0
male/93/0_DHA_17_2_839.jpg,93,DHA,,Male,17,,839,2.0
male/93/0_DHA_17_2_845.jpg,93,DHA,,Male,17,,845,2.0
male/93/0_DHA_17_2_845.jpg,93,DHA,,Male,17,,845,2.0
male/93/0_DHA_17_2_846.jpg,93,DHA,,Male,17,,846,2.0
male/93/0_DHA_17_2_853.jpg,93,DHA,,Male,17,,853,2.0
male/93/0_DHA_17_2_853.jpg,93,DHA,,Male,17,,853,2.0
male/93/0_DHA_17_2_856.jpg,93,DHA,,Male,17,,856,2.0
male/93/0_DHA_17_2_856.jpg,93,DHA,,Male,17,,856,2.0
male/93/0_DHA_17_2_858.jpg,93,DHA,,Male,17,,858,2.0
male/93/0_DHA_17_2_859.jpg,93,DHA,,Male,17,,859,2.0
male/93/0_DHA_17_2_861.jpg,93,DHA,,Male,17,,861,2.0
male/93/0_DHA_17_2_861.jpg,93,DHA,,Male,17,,861,2.0
male/93/0_DHA_17_2_884.jpg,93,DHA,,Male,17,,884,2.0
male/93/0_DHA_17_2_892.jpg,93,DHA,,Male,17,,892,2.0
male/93/0_DHA_17_2_908.jpg,93,DHA,,Male,17,,908,2.0
male/93/0_DHA_17_2_908.jpg,93,DHA,,Male,17,,908,2.0
male/93/0_DHA_17_2_915.jpg,93,DHA,,Male,17,,915,2.0
male/93/0_DHA_17_2_919.jpg,93,DHA,,Male,17,,919,2.0
male/93/0_DHA_17_2_922.jpg,93,DHA,,Male,17,,922,2.0
male/93/0_DHA_17_2_922.jpg,93,DHA,,Male,17,,922,2.0
male/93/0_DHA_17_2_93.jpg,93,DHA,,Male,17,,93,2.0
male/93/0_DHA_17_2_93.jpg,93,DHA,,Male,17,,93,2.0
male/93/0_DHA_17_2_949.jpg,93,DHA,,Male,17,,949,2.0
male/93/0_DHA_17_2_949.jpg,93,DHA,,Male,17,,949,2.0
male/93/0_DHA_17_2_954.jpg,93,DHA,,Male,17,,954,2.0
male/93/0_DHA_17_2_954.jpg,93,DHA,,Male,17,,954,2.0
male/93/0_DHA_17_2_954.jpg,93,DHA,,Male,17,,954,2.0
male/93/0_DHA_17_2_979.jpg,93,DHA,,Male,17,,979,2.0
male/93/0_DHA_17_2_979.jpg,93,DHA,,Male,17,,979,2.0
male/93/0_DHA_17_2_980.jpg,93,DHA,,Male,17,,980,2.0
male/93/0_DHA_17_2_980.jpg,93,DHA,,Male,17,,980,2.0
male/93/0_DHA_17_2_987.jpg,93,DHA,,Male,17,,987,2.0
male/93/0_DHA_17_2_987.jpg,93,DHA,,Male,17,,987,2.0
male/93/0_DHA_17_2_987.jpg,93,DHA,,Male,17,,987,2.0
male/93/0_DHA_17_2_987.jpg,93,DHA,,Male,17,,987,2.0
male/93/0_DHA_17_2_987.jpg,93,DHA,,Male,17,,987,2.0
male/93/0_DHA_17_2_998.jpg,93,DHA,,Male,17,,998,2.0
male/93/0_DHA_18_2_1291.jpg,93,DHA,,Male,18,,1291,2.0
male/93/0_DHA_18_2_171.jpg,93,DHA,,Male,18,,171,2.0
male/93/0_DHA_18_2_216.jpg,93,DHA,,Male,18,,216,2.0
male/93/0_DHA_18_2_216.jpg,93,DHA,,Male,18,,216,2.0
male/93/0_DHA_18_2_217.jpg,93,DHA,,Male,18,,217,2.0
male/93/0_DHA_18_2_228.jpg,93,DHA,,Male,18,,228,2.0
male/93/0_DHA_18_2_228.jpg,93,DHA,,Male,18,,228,2.0
male/93/0_DHA_18_2_23.jpg,93,DHA,,Male,18,,23,2.0
male/93/0_DHA_18_2_23.jpg,93,DHA,,Male,18,,23,2.0
male/93/0_DHA_18_2_240.jpg,93,DHA,,Male,18,,240,2.0
male/93/0_DHA_18_2_244.jpg,93,DHA,,Male,18,,244,2.0
male/93/0_DHA_18_2_247.jpg,93,DHA,,Male,18,,247,2.0
male/93/0_DHA_18_2_247.jpg,93,DHA,,Male,18,,247,2.0
male/93/0_DHA_18_2_247.jpg,93,DHA,,Male,18,,247,2.0
male/93/0_DHA_18_2_248.jpg,93,DHA,,Male,18,,248,2.0
male/93/0_DHA_18_2_248.jpg,93,DHA,,Male,18,,248,2.0
male/93/0_DHA_18_2_273.jpg,93,DHA,,Male,18,,273,2.0
male/93/0_DHA_18_2_284.jpg,93,DHA,,Male,18,,284,2.0
male/93/0_DHA_18_2_284.jpg,93,DHA,,Male,18,,284,2.0
male/93/0_DHA_18_2_285.jpg,93,DHA,,Male,18,,285,2.0
male/93/0_DHA_18_2_288.jpg,93,DHA,,Male,18,,288,2.0
male/93/0_DHA_18_2_288.jpg,93,DHA,,Male,18,,288,2.0
male/93/0_DHA_18_2_290.jpg,93,DHA,,Male,18,,290,2.0
male/93/0_DHA_18_2_30.jpg,93,DHA,,Male,18,,30,2.0
male/93/0_DHA_18_2_30.jpg,93,DHA,,Male,18,,30,2.0
male/93/0_DHA_18_2_306.jpg,93,DHA,,Male,18,,306,2.0
male/93/0_DHA_18_2_521.jpg,93,DHA,,Male,18,,521,2.0
male/93/0_DHA_18_2_841.jpg,93,DHA,,Male,18,,841,2.0
male/93/0_DHA_18_2_841.jpg,93,DHA,,Male,18,,841,2.0
male/93/0_DHA_18_2_844.jpg,93,DHA,,Male,18,,844,2.0
male/93/0_DHA_18_2_844.jpg,93,DHA,,Male,18,,844,2.0
male/93/0_DHA_18_2_850.jpg,93,DHA,,Male,18,,850,2.0
male/93/0_DHA_18_2_9.jpg,93,DHA,,Male,18,,9,2.0
male/93/0_DHA_18_2_9.jpg,93,DHA,,Male,18,,9,2.0
male/93/0_DHA_18_2_912.jpg,93,DHA,,Male,18,,912,2.0
male/93/0_DHA_18_2_930.jpg,93,DHA,,Male,18,,930,2.0
male/93/0_DHA_19_3_499.jpg,93,DHA,,Male,19,,499,3.0
male/93/0_DHA_19_3_499.jpg,93,DHA,,Male,19,,499,3.0
male/93/0_DHA_19_3_499.jpg,93,DHA,,Male,19,,499,3.0
male/93/0_DHA_19_3_499.jpg,93,DHA,,Male,19,,499,3.0
male/93/0_DHA_20_3_341.jpg,93,DHA,,Male,20,,341,3.0
male/93/0_DHA_20_3_341.jpg,93,DHA,,Male,20,,341,3.0
male/93/0_DHA_22_3_496.jpg,93,DHA,,Male,22,,496,3.0
male/93/0_DHA_23_3_495.jpg,93,DHA,,Male,23,,495,3.0
male/93/0_DHA_23_3_497.jpg,93,DHA,,Male,23,,497,3.0
male/93/0_DHA_23_3_497.jpg,93,DHA,,Male,23,,497,3.0
male/93/0_DIN_16_2_59.jpg,93,DIN,,Male,16,,59,2.0
male/93/0_DIN_16_2_59.jpg,93,DIN,,Male,16,,59,2.0
male/93/0_FAR_13_1_1041.jpg,93,FAR,,Male,13,,1041,1.0
male/93/0_FAR_13_1_1057.jpg,93,FAR,,Male,13,,1057,1.0
male/93/0_FAR_13_1_1057.jpg,93,FAR,,Male,13,,1057,1.0
male/93/0_FAR_13_1_1057.jpg,93,FAR,,Male,13,,1057,1.0
male/93/0_FAR_15_1_1254.jpg,93,FAR,,Male,15,,1254,1.0
male/93/0_FAR_15_1_965.jpg,93,FAR,,Male,15,,965,1.0
male/93/0_FAR_16_1_1121.jpg,93,FAR,,Male,16,,1121,1.0
male/93/0_FAR_16_1_1121.jpg,93,FAR,,Male,16,,1121,1.0
male/93/0_FAR_16_1_1121.jpg,93,FAR,,Male,16,,1121,1.0
male/93/0_FAR_17_2_318.jpg,93,FAR,,Male,17,,318,2.0
male/93/0_FAR_17_2_318.jpg,93,FAR,,Male,17,,318,2.0
male/93/0_FAR_17_2_318.jpg,93,FAR,,Male,17,,318,2.0
male/93/0_FAR_17_2_46.jpg,93,FAR,,Male,17,,46,2.0
male/93/0_FAR_17_2_69.jpg,93,FAR,,Male,17,,69,2.0
male/93/0_FAR_17_2_69.jpg,93,FAR,,Male,17,,69,2.0
male/93/0_FAR_17_2_69.jpg,93,FAR,,Male,17,,69,2.0
male/93/0_FEN_13_1_661.jpg,93,FEN,,Male,13,,661,1.0
male/93/0_FEN_13_1_661.jpg,93,FEN,,Male,13,,661,1.0
male/93/0_FEN_14_1_1010.jpg,93,FEN,,Male,14,,1010,1.0
male/93/0_FEN_14_1_1010.jpg,93,FEN,,Male,14,,1010,1.0
male/93/0_FEN_15_1_1008.jpg,93,FEN,,Male,15,,1008,1.0
male/93/0_FEN_15_1_1008.jpg,93,FEN,,Male,15,,1008,1.0
male/93/0_FEN_15_1_1144.jpg,93,FEN,,Male,15,,1144,1.0
male/93/0_FEN_16_2_113.jpg,93,FEN,,Male,16,,113,2.0
male/93/0_FEN_16_2_113.jpg,93,FEN,,Male,16,,113,2.0
male/93/0_FEN_16_2_920.jpg,93,FEN,,Male,16,,920,2.0
male/93/0_FEN_16_2_920.jpg,93,FEN,,Male,16,,920,2.0
male/93/0_FEN_16_2_925.jpg,93,FEN,,Male,16,,925,2.0
male/93/0_FEN_16_2_925.jpg,93,FEN,,Male,16,,925,2.0
male/93/0_FEN_16_2_925.jpg,93,FEN,,Male,16,,925,2.0
male/93/0_FEN_16_2_953.jpg,93,FEN,,Male,16,,953,2.0
male/93/0_FEN_16_2_953.jpg,93,FEN,,Male,16,,953,2.0
male/93/0_FEN_16_2_953.jpg,93,FEN,,Male,16,,953,2.0
male/93/0_FEN_17_2_1280.jpg,93,FEN,,Male,17,,1280,2.0
male/93/0_FEN_17_2_2.jpg,93,FEN,,Male,17,,2,2.0
male/93/0_FEN_17_2_233.jpg,93,FEN,,Male,17,,233,2.0
male/93/0_FEN_17_2_233.jpg,93,FEN,,Male,17,,233,2.0
male/93/0_FEN_18_2_1128.jpg,93,FEN,,Male,18,,1128,2.0
male/93/0_FEN_18_2_1128.jpg,93,FEN,,Male,18,,1128,2.0
male/93/0_FEN_18_2_1128.jpg,93,FEN,,Male,18,,1128,2.0
male/93/0_FEN_18_2_873.jpg,93,FEN,,Male,18,,873,2.0
male/93/0_GAI_14_1_1009.jpg,93,GAI,,Male,14,,1009,1.0
male/93/0_GAI_14_1_801.jpg,93,GAI,,Male,14,,801,1.0
male/93/0_GAI_15_1_1147.jpg,93,GAI,,Male,15,,1147,1.0
male/93/0_GAI_15_1_1147.jpg,93,GAI,,Male,15,,1147,1.0
male/93/0_GAI_15_1_1147.jpg,93,GAI,,Male,15,,1147,1.0
male/93/0_GAI_15_1_800.jpg,93,GAI,,Male,15,,800,1.0
male/93/0_GAI_15_1_800.jpg,93,GAI,,Male,15,,800,1.0
male/93/0_GAI_15_1_800.jpg,93,GAI,,Male,15,,800,1.0
male/93/0_GAZ_14_1_695.jpg,93,GAZ,,Male,14,,695,1.0
male/93/0_GAZ_14_1_720.jpg,93,GAZ,,Male,14,,720,1.0
male/93/0_GAZ_14_1_720.jpg,93,GAZ,,Male,14,,720,1.0
male/93/0_GOP_11_1_759.jpg,93,GOP,,Male,11,,759,1.0
male/93/0_GOP_11_1_759.jpg,93,GOP,,Male,11,,759,1.0
male/93/0_GOP_14_1_509.jpg,93,GOP,,Male,14,,509,1.0
male/93/0_GOP_14_1_509.jpg,93,GOP,,Male,14,,509,1.0
male/93/0_GOP_15_1_713.jpg,93,GOP,,Male,15,,713,1.0
male/93/0_GOP_17_2_896.jpg,93,GOP,,Male,17,,896,2.0
male/93/0_GOP_17_2_896.jpg,93,GOP,,Male,17,,896,2.0
male/93/0_HAB_14_1_1249.jpg,93,HAB,,Male,14,,1249,1.0
male/93/0_HAB_14_1_1249.jpg,93,HAB,,Male,14,,1249,1.0
male/93/0_JAM_14_1_354.jpg,93,JAM,,Male,14,,354,1.0
male/93/0_JAM_14_1_354.jpg,93,JAM,,Male,14,,354,1.0
male/93/0_JAM_16_1_1271.jpg,93,JAM,,Male,16,,1271,1.0
male/93/0_JAM_16_2_936.jpg,93,JAM,,Male,16,,936,2.0
male/93/0_JES_14_1_352.jpg,93,JES,,Male,14,,352,1.0
male/93/0_JES_16_2_292.jpg,93,JES,,Male,16,,292,2.0
male/93/0_JES_16_2_292.jpg,93,JES,,Male,16,,292,2.0
male/93/0_JES_16_2_292.jpg,93,JES,,Male,16,,292,2.0
male/93/0_JES_16_2_292.jpg,93,JES,,Male,16,,292,2.0
male/93/0_JES_16_2_323.jpg,93,JES,,Male,16,,323,2.0
male/93/0_JES_16_2_323.jpg,93,JES,,Male,16,,323,2.0
male/93/0_JES_16_2_323.jpg,93,JES,,Male,16,,323,2.0
male/93/0_JES_16_2_323.jpg,93,JES,,Male,16,,323,2.0
male/93/0_KHU_11_1_829.jpg,93,KHU,,Male,11,,829,1.0
male/93/0_KHU_11_1_829.jpg,93,KHU,,Male,11,,829,1.0
male/93/0_KHU_11_1_829.jpg,93,KHU,,Male,11,,829,1.0
male/93/0_KHU_13_1_1236.jpg,93,KHU,,Male,13,,1236,1.0
male/93/0_KHU_15_1_1150.jpg,93,KHU,,Male,15,,1150,1.0
male/93/0_KHU_16_2_7.jpg,93,KHU,,Male,16,,7,2.0
male/93/0_KHU_16_2_7.jpg,93,KHU,,Male,16,,7,2.0
male/93/0_KIS_13_1_770.jpg,93,KIS,,Male,13,,770,1.0
male/93/0_KIS_15_1_1135.jpg,93,KIS,,Male,15,,1135,1.0
male/93/0_KIS_15_1_1135.jpg,93,KIS,,Male,15,,1135,1.0
male/93/0_KIS_15_1_775.jpg,93,KIS,,Male,15,,775,1.0
male/93/0_KIS_15_1_775.jpg,93,KIS,,Male,15,,775,1.0
male/93/0_KIS_16_1_1139.jpg,93,KIS,,Male,16,,1139,1.0
male/93/0_KIS_16_1_1139.jpg,93,KIS,,Male,16,,1139,1.0
male/93/0_KIS_16_1_1139.jpg,93,KIS,,Male,16,,1139,1.0
male/93/0_KIS_17_2_929.jpg,93,KIS,,Male,17,,929,2.0
male/93/0_KIS_17_2_929.jpg,93,KIS,,Male,17,,929,2.0
male/93/0_KIS_17_2_929.jpg,93,KIS,,Male,17,,929,2.0
male/93/0_KIS_17_2_929.jpg,93,KIS,,Male,17,,929,2.0
male/93/0_KIS_17_2_929.jpg,93,KIS,,Male,17,,929,2.0
male/93/0_KUS_14_1_687.jpg,93,KUS,,Male,14,,687,1.0
male/93/0_KUS_14_1_687.jpg,93,KUS,,Male,14,,687,1.0
male/93/0_LAK_12_1_671.jpg,93,LAK,,Male,12,,671,1.0
male/93/0_LAK_16_2_340.jpg,93,LAK,,Male,16,,340,2.0
male/93/0_LAK_16_2_340.jpg,93,LAK,,Male,16,,340,2.0
male/93/0_LAK_18_2_1299.jpg,93,LAK,,Male,18,,1299,2.0
male/93/0_LAK_18_2_1299.jpg,93,LAK,,Male,18,,1299,2.0
male/93/0_LAK_18_2_1299.jpg,93,LAK,,Male,18,,1299,2.0
male/93/0_LAK_18_2_1299.jpg,93,LAK,,Male,18,,1299,2.0
male/93/0_LAK_18_2_1299.jpg,93,LAK,,Male,18,,1299,2.0
male/93/0_MAD_13_1_609.jpg,93,MAD,,Male,13,,609,1.0
male/93/0_MAD_14_1_702.jpg,93,MAD,,Male,14,,702,1.0
male/93/0_MAD_14_1_779.jpg,93,MAD,,Male,14,,779,1.0
male/93/0_MAD_14_1_779.jpg,93,MAD,,Male,14,,779,1.0
male/93/0_MAD_16_1_1038.jpg,93,MAD,,Male,16,,1038,1.0
male/93/0_MAD_16_2_98.jpg,93,MAD,,Male,16,,98,2.0
male/93/0_MAD_17_2_1273.jpg,93,MAD,,Male,17,,1273,2.0
male/93/0_MAD_17_2_151.jpg,93,MAD,,Male,17,,151,2.0
male/93/0_MAD_17_2_249.jpg,93,MAD,,Male,17,,249,2.0
male/93/0_MAD_19_3_342.jpg,93,MAD,,Male,19,,342,3.0
male/93/0_MAD_19_3_342.jpg,93,MAD,,Male,19,,342,3.0
male/93/0_MAD_19_3_342.jpg,93,MAD,,Male,19,,342,3.0
male/93/0_MAG_17_2_75.jpg,93,MAG,,Male,17,,75,2.0
male/93/0_MAG_17_2_75.jpg,93,MAG,,Male,17,,75,2.0
male/93/0_MUN_11_1_647.jpg,93,MUN,,Male,11,,647,1.0
male/93/0_MUN_11_1_647.jpg,93,MUN,,Male,11,,647,1.0
male/93/0_MUN_12_1_667.jpg,93,MUN,,Male,12,,667,1.0
male/93/0_MUN_12_1_667.jpg,93,MUN,,Male,12,,667,1.0
male/93/0_MUN_12_1_676.jpg,93,MUN,,Male,12,,676,1.0
male/93/0_MUN_12_1_676.jpg,93,MUN,,Male,12,,676,1.0
male/93/0_MUN_12_1_761.jpg,93,MUN,,Male,12,,761,1.0
male/93/0_MUN_13_1_1160.jpg,93,MUN,,Male,13,,1160,1.0
male/93/0_MUN_13_1_1168.jpg,93,MUN,,Male,13,,1168,1.0
male/93/0_MUN_14_1_1056.jpg,93,MUN,,Male,14,,1056,1.0
male/93/0_MUN_14_1_1082.jpg,93,MUN,,Male,14,,1082,1.0
male/93/0_MUN_14_1_1082.jpg,93,MUN,,Male,14,,1082,1.0
male/93/0_MUN_14_1_1162.jpg,93,MUN,,Male,14,,1162,1.0
male/93/0_MUN_14_1_1162.jpg,93,MUN,,Male,14,,1162,1.0
male/93/0_MUN_14_1_1165.jpg,93,MUN,,Male,14,,1165,1.0
male/93/0_MUN_14_1_1165.jpg,93,MUN,,Male,14,,1165,1.0
male/93/0_MUN_14_1_1165.jpg,93,MUN,,Male,14,,1165,1.0
male/93/0_MUN_14_1_500.jpg,93,MUN,,Male,14,,500,1.0
male/93/0_MUN_14_1_786.jpg,93,MUN,,Male,14,,786,1.0
male/93/0_MUN_15_1_1140.jpg,93,MUN,,Male,15,,1140,1.0
male/93/0_MUN_15_1_1256.jpg,93,MUN,,Male,15,,1256,1.0
male/93/0_MUN_15_1_367.jpg,93,MUN,,Male,15,,367,1.0
male/93/0_MUN_15_1_367.jpg,93,MUN,,Male,15,,367,1.0
male/93/0_MUN_15_1_502.jpg,93,MUN,,Male,15,,502,1.0
male/93/0_MUN_15_1_697.jpg,93,MUN,,Male,15,,697,1.0
male/93/0_MUN_15_1_701.jpg,93,MUN,,Male,15,,701,1.0
male/93/0_MUN_15_1_716.jpg,93,MUN,,Male,15,,716,1.0
male/93/0_MUN_15_1_716.jpg,93,MUN,,Male,15,,716,1.0
male/93/0_MUN_15_1_716.jpg,93,MUN,,Male,15,,716,1.0
male/93/0_MUN_16_1_1044.jpg,93,MUN,,Male,16,,1044,1.0
male/93/0_MUN_16_1_1066.jpg,93,MUN,,Male,16,,1066,1.0
male/93/0_MUN_16_1_1079.jpg,93,MUN,,Male,16,,1079,1.0
male/93/0_MUN_16_1_780.jpg,93,MUN,,Male,16,,780,1.0
male/93/0_MUN_16_1_780.jpg,93,MUN,,Male,16,,780,1.0
male/93/0_MUN_16_2_101.jpg,93,MUN,,Male,16,,101,2.0
male/93/0_MUN_16_2_1272.jpg,93,MUN,,Male,16,,1272,2.0
male/93/0_MUN_16_2_20.jpg,93,MUN,,Male,16,,20,2.0
male/93/0_MUN_16_2_91.jpg,93,MUN,,Male,16,,91,2.0
male/93/0_MUN_16_2_924.jpg,93,MUN,,Male,16,,924,2.0
male/93/0_MUN_16_2_924.jpg,93,MUN,,Male,16,,924,2.0
male/93/0_MUN_16_2_924.jpg,93,MUN,,Male,16,,924,2.0
male/93/0_MUN_16_2_924.jpg,93,MUN,,Male,16,,924,2.0
male/93/0_MUN_16_2_924.jpg,93,MUN,,Male,16,,924,2.0
male/93/0_MUN_16_2_924.jpg,93,MUN,,Male,16,,924,2.0
male/93/0_MUN_16_2_993.jpg,93,MUN,,Male,16,,993,2.0
male/93/0_MUN_16_2_993.jpg,93,MUN,,Male,16,,993,2.0
male/93/0_MUN_17_2_1279.jpg,93,MUN,,Male,17,,1279,2.0
male/93/0_MUN_17_2_1296.jpg,93,MUN,,Male,17,,1296,2.0
male/93/0_MUN_17_2_1296.jpg,93,MUN,,Male,17,,1296,2.0
male/93/0_MUN_18_2_289.jpg,93,MUN,,Male,18,,289,2.0
male/93/0_MUN_18_2_289.jpg,93,MUN,,Male,18,,289,2.0
male/93/0_MUN_18_2_852.jpg,93,MUN,,Male,18,,852,2.0
male/93/0_MUN_18_2_876.jpg,93,MUN,,Male,18,,876,2.0
male/93/0_MUN_18_2_876.jpg,93,MUN,,Male,18,,876,2.0
male/93/0_MUN_18_2_876.jpg,93,MUN,,Male,18,,876,2.0
male/93/0_MYM_14_1_1157.jpg,93,MYM,,Male,14,,1157,1.0
male/93/0_MYM_14_1_1157.jpg,93,MYM,,Male,14,,1157,1.0
male/93/0_MYM_14_1_688.jpg,93,MYM,,Male,14,,688,1.0
male/93/0_MYM_14_1_688.jpg,93,MYM,,Male,14,,688,1.0
male/93/0_MYM_15_1_958.jpg,93,MYM,,Male,15,,958,1.0
male/93/0_MYM_16_2_296.jpg,93,MYM,,Male,16,,296,2.0
male/93/0_MYM_16_2_296.jpg,93,MYM,,Male,16,,296,2.0
male/93/0_MYM_17_2_222.jpg,93,MYM,,Male,17,,222,2.0
male/93/0_MYM_17_2_222.jpg,93,MYM,,Male,17,,222,2.0
male/93/0_MYM_17_2_875.jpg,93,MYM,,Male,17,,875,2.0
male/93/0_MYM_17_2_875.jpg,93,MYM,,Male,17,,875,2.0
male/93/0_MYM_17_2_875.jpg,93,MYM,,Male,17,,875,2.0
male/93/0_NAR_13_1_674.jpg,93,NAR,,Male,13,,674,1.0
male/93/0_NAR_14_1_515.jpg,93,NAR,,Male,14,,515,1.0
male/93/0_NAR_14_1_772.jpg,93,NAR,,Male,14,,772,1.0
male/93/0_NAR_15_1_1149.jpg,93,NAR,,Male,15,,1149,1.0
male/93/0_NAR_15_1_790.jpg,93,NAR,,Male,15,,790,1.0
male/93/0_NAR_15_1_790.jpg,93,NAR,,Male,15,,790,1.0
male/93/0_NAR_15_2_281.jpg,93,NAR,,Male,15,,281,2.0
male/93/0_NAR_16_2_302.jpg,93,NAR,,Male,16,,302,2.0
male/93/0_NAR_16_2_302.jpg,93,NAR,,Male,16,,302,2.0
male/93/0_NAR_16_2_302.jpg,93,NAR,,Male,16,,302,2.0
male/93/0_NAR_16_2_302.jpg,93,NAR,,Male,16,,302,2.0
male/93/0_NAR_16_2_872.jpg,93,NAR,,Male,16,,872,2.0
male/93/0_NAR_16_2_872.jpg,93,NAR,,Male,16,,872,2.0
male/93/0_NAR_17_1_520.jpg,93,NAR,,Male,17,,520,1.0
male/93/0_NAR_17_1_520.jpg,93,NAR,,Male,17,,520,1.0
male/93/0_NAR_17_2_890.jpg,93,NAR,,Male,17,,890,2.0
male/93/0_NAR_17_2_890.jpg,93,NAR,,Male,17,,890,2.0
male/93/0_NAR_17_2_890.jpg,93,NAR,,Male,17,,890,2.0
male/93/0_NAR_17_2_917.jpg,93,NAR,,Male,17,,917,2.0
male/93/0_NOA_12_1_765.jpg,93,NOA,,Male,12,,765,1.0
male/93/0_NOA_12_1_765.jpg,93,NOA,,Male,12,,765,1.0
male/93/0_NOA_13_1_1097.jpg,93,NOA,,Male,13,,1097,1.0
male/93/0_NOA_13_1_1105.jpg,93,NOA,,Male,13,,1105,1.0
male/93/0_NOA_14_1_1052.jpg,93,NOA,,Male,14,,1052,1.0
male/93/0_NOA_14_1_1052.jpg,93,NOA,,Male,14,,1052,1.0
male/93/0_NOA_14_1_1052.jpg,93,NOA,,Male,14,,1052,1.0
male/93/0_NOA_14_1_1052.jpg,93,NOA,,Male,14,,1052,1.0
male/93/0_NOA_14_1_1164.jpg,93,NOA,,Male,14,,1164,1.0
male/93/0_NOA_14_1_615.jpg,93,NOA,,Male,14,,615,1.0
male/93/0_NOA_14_1_710.jpg,93,NOA,,Male,14,,710,1.0
male/93/0_NOA_16_2_1217.jpg,93,NOA,,Male,16,,1217,2.0
male/93/0_NOA_16_2_259.jpg,93,NOA,,Male,16,,259,2.0
male/93/0_NOA_16_2_303.jpg,93,NOA,,Male,16,,303,2.0
male/93/0_NOA_17_2_242.jpg,93,NOA,,Male,17,,242,2.0
male/93/0_NOA_17_2_242.jpg,93,NOA,,Male,17,,242,2.0
male/93/0_NOA_17_2_25.jpg,93,NOA,,Male,17,,25,2.0
male/93/0_NOA_17_2_25.jpg,93,NOA,,Male,17,,25,2.0
male/93/0_NOA_17_2_25.jpg,93,NOA,,Male,17,,25,2.0
male/93/0_NOA_17_2_311.jpg,93,NOA,,Male,17,,311,2.0
male/93/0_NOA_17_2_79.jpg,93,NOA,,Male,17,,79,2.0
male/93/0_NOA_17_2_79.jpg,93,NOA,,Male,17,,79,2.0
male/93/0_NOA_17_2_79.jpg,93,NOA,,Male,17,,79,2.0
male/93/0_NOA_17_2_982.jpg,93,NOA,,Male,17,,982,2.0
male/93/0_PAB_15_1_557.jpg,93,PAB,,Male,15,,557,1.0
male/93/0_PAB_17_2_883.jpg,93,PAB,,Male,17,,883,2.0
male/93/0_PAB_17_2_883.jpg,93,PAB,,Male,17,,883,2.0
male/93/0_PAT_14_1_712.jpg,93,PAT,,Male,14,,712,1.0
male/93/0_PAT_14_1_712.jpg,93,PAT,,Male,14,,712,1.0
male/93/0_PAT_14_1_712.jpg,93,PAT,,Male,14,,712,1.0
male/93/0_PAT_14_1_712.jpg,93,PAT,,Male,14,,712,1.0
male/93/0_RAJ_14_1_723.jpg,93,RAJ,,Male,14,,723,1.0
male/93/0_RAJ_14_1_723.jpg,93,RAJ,,Male,14,,723,1.0
male/93/0_RAJ_15_1_694.jpg,93,RAJ,,Male,15,,694,1.0
male/93/0_RAJ_15_1_721.jpg,93,RAJ,,Male,15,,721,1.0
male/93/0_RAJ_15_1_721.jpg,93,RAJ,,Male,15,,721,1.0
male/93/0_RAJ_16_2_295.jpg,93,RAJ,,Male,16,,295,2.0
male/93/0_RAJ_17_2_842.jpg,93,RAJ,,Male,17,,842,2.0
male/93/0_RAJ_17_2_842.jpg,93,RAJ,,Male,17,,842,2.0
male/93/0_RAJ_17_2_842.jpg,93,RAJ,,Male,17,,842,2.0
male/93/0_RAJ_17_2_842.jpg,93,RAJ,,Male,17,,842,2.0
male/93/0_RAN_14_1_1084.jpg,93,RAN,,Male,14,,1084,1.0
male/93/0_SAT_12_1_831.jpg,93,SAT,,Male,12,,831,1.0
male/93/0_SAT_12_1_831.jpg,93,SAT,,Male,12,,831,1.0
male/93/0_SHA_12_1_662.jpg,93,SHA,,Male,12,,662,1.0
male/93/0_SHA_12_1_757.jpg,93,SHA,,Male,12,,757,1.0
male/93/0_SHA_12_1_757.jpg,93,SHA,,Male,12,,757,1.0
male/93/0_SHA_12_1_757.jpg,93,SHA,,Male,12,,757,1.0
male/93/0_SHA_12_1_825.jpg,93,SHA,,Male,12,,825,1.0
male/93/0_SHA_13_1_973.jpg,93,SHA,,Male,13,,973,1.0
male/93/0_SHA_13_1_973.jpg,93,SHA,,Male,13,,973,1.0
male/93/0_SHA_14_1_1101.jpg,93,SHA,,Male,14,,1101,1.0
male/93/0_SHA_14_1_519.jpg,93,SHA,,Male,14,,519,1.0
male/93/0_SHA_14_1_519.jpg,93,SHA,,Male,14,,519,1.0
male/93/0_SHA_14_1_519.jpg,93,SHA,,Male,14,,519,1.0
male/93/0_SHA_14_1_704.jpg,93,SHA,,Male,14,,704,1.0
male/93/0_SHA_14_1_704.jpg,93,SHA,,Male,14,,704,1.0
male/93/0_SHA_15_1_550.jpg,93,SHA,,Male,15,,550,1.0
male/93/0_SHA_15_1_771.jpg,93,SHA,,Male,15,,771,1.0
male/93/0_SHA_15_1_959.jpg,93,SHA,,Male,15,,959,1.0
male/93/0_SHA_15_1_959.jpg,93,SHA,,Male,15,,959,1.0
male/93/0_SHA_16_1_1118.jpg,93,SHA,,Male,16,,1118,1.0
male/93/0_SHA_16_2_267.jpg,93,SHA,,Male,16,,267,2.0
male/93/0_SHA_16_2_267.jpg,93,SHA,,Male,16,,267,2.0
male/93/0_SHA_16_2_270.jpg,93,SHA,,Male,16,,270,2.0
male/93/0_SHA_16_2_270.jpg,93,SHA,,Male,16,,270,2.0
male/93/0_SHA_17_1_638.jpg,93,SHA,,Male,17,,638,1.0
male/93/0_SHA_17_2_83.jpg,93,SHA,,Male,17,,83,2.0
male/93/0_SHA_18_2_854.jpg,93,SHA,,Male,18,,854,2.0
male/93/0_SHI_15_1_1116.jpg,93,SHI,,Male,15,,1116,1.0
male/93/0_TAN_16_1_1152.jpg,93,TAN,,Male,16,,1152,1.0
male/93/0_TAN_17_2_855.jpg,93,TAN,,Male,17,,855,2.0
male/95/0_BAR_12_1_14.jpg,95,BAR,,Male,12,,14,1.0
male/95/0_BAR_12_1_14.jpg,95,BAR,,Male,12,,14,1.0
male/95/0_BAR_12_1_14.jpg,95,BAR,,Male,12,,14,1.0
male/95/0_BAR_12_1_14.jpg,95,BAR,,Male,12,,14,1.0
male/95/0_BAR_12_1_14.jpg,95,BAR,,Male,12,,14,1.0
male/95/0_BAR_12_1_14.jpg,95,BAR,,Male,12,,14,1.0
male/95/0_BAR_12_1_14.jpg,95,BAR,,Male,12,,14,1.0
male/95/0_BAR_12_1_14.jpg,95,BAR,,Male,12,,14,1.0
male/95/0_BAR_12_1_14.jpg,95,BAR,,Male,12,,14,1.0
male/95/0_BAR_12_1_14.jpg,95,BAR,,Male,12,,14,1.0
male/95/0_BAR_12_1_14.jpg,95,BAR,,Male,12,,14,1.0
male/95/0_BAR_12_1_14.jpg,95,BAR,,Male,12,,14,1.0
male/95/0_BAR_12_1_14.jpg,95,BAR,,Male,12,,14,1.0
male/95/0_BAR_12_1_14.jpg,95,BAR,,Male,12,,14,1.0
male/95/0_BAR_12_1_14.jpg,95,BAR,,Male,12,,14,1.0
male/95/0_BAR_12_1_14.jpg,95,BAR,,Male,12,,14,1.0
male/95/0_BAR_12_1_14.jpg,95,BAR,,Male,12,,14,1.0
male/95/0_BAR_12_1_14.jpg,95,BAR,,Male,12,,14,1.0
male/95/0_BAR_12_1_14.jpg,95,BAR,,Male,12,,14,1.0
male/95/0_BAR_12_1_14.jpg,95,BAR,,Male,12,,14,1.0
male/95/0_BAR_12_1_14.jpg,95,BAR,,Male,12,,14,1.0
male/95/0_BAR_12_1_14.jpg,95,BAR,,Male,12,,14,1.0
male/95/0_BAR_12_1_14.jpg,95,BAR,,Male,12,,14,1.0
male/95/0_BAR_12_1_14.jpg,95,BAR,,Male,12,,14,1.0
male/95/0_BAR_12_1_14.jpg,95,BAR,,Male,12,,14,1.0
male/95/0_BAR_12_1_14.jpg,95,BAR,,Male,12,,14,1.0
male/95/0_BAR_12_1_14.jpg,95,BAR,,Male,12,,14,1.0
male/95/0_BAR_12_1_14.jpg,95,BAR,,Male,12,,14,1.0
male/95/0_BAR_12_1_14.jpg,95,BAR,,Male,12,,14,1.0
male/95/0_BAR_12_1_14.jpg,95,BAR,,Male,12,,14,1.0
male/95/0_BAR_12_1_14.jpg,95,BAR,,Male,12,,14,1.0
male/95/0_BAR_12_1_14.jpg,95,BAR,,Male,12,,14,1.0
male/95/0_BAR_12_1_14.jpg,95,BAR,,Male,12,,14,1.0
male/95/0_BAR_12_1_14.jpg,95,BAR,,Male,12,,14,1.0
male/95/0_BAR_12_1_14.jpg,95,BAR,,Male,12,,14,1.0
male/95/0_BAR_12_1_14.jpg,95,BAR,,Male,12,,14,1.0
male/95/0_BAR_12_1_14.jpg,95,BAR,,Male,12,,14,1.0
male/95/0_BAR_12_1_14.jpg,95,BAR,,Male,12,,14,1.0
male/95/0_BAR_12_1_14.jpg,95,BAR,,Male,12,,14,1.0
male/95/0_BAR_12_1_14.jpg,95,BAR,,Male,12,,14,1.0
male/95/0_BAR_12_1_14.jpg,95,BAR,,Male,12,,14,1.0
male/95/0_BAR_12_1_14.jpg,95,BAR,,Male,12,,14,1.0
male/95/0_BAR_12_1_14.jpg,95,BAR,,Male,12,,14,1.0
male/95/0_BAR_12_1_14.jpg,95,BAR,,Male,12,,14,1.0
male/95/0_BAR_12_1_14.jpg,95,BAR,,Male,12,,14,1.0
male/95/0_BAR_12_1_14.jpg,95,BAR,,Male,12,,14,1.0
male/95/0_BAR_12_1_14.jpg,95,BAR,,Male,12,,14,1.0
male/95/0_BAR_12_1_14.jpg,95,BAR,,Male,12,,14,1.0
male/95/0_BAR_12_1_14.jpg,95,BAR,,Male,12,,14,1.0
male/95/0_BAR_12_1_14.jpg,95,BAR,,Male,12,,14,1.0
male/95/0_BAR_12_1_14.jpg,95,BAR,,Male,12,,14,1.0
male/95/0_BAR_12_1_14.jpg,95,BAR,,Male,12,,14,1.0
male/95/0_BAR_12_1_14.jpg,95,BAR,,Male,12,,14,1.0
male/95/0_BAR_12_1_14.jpg,95,BAR,,Male,12,,14,1.0
male/95/0_BAR_13_1_628.jpg,95,BAR,,Male,13,,628,1.0
male/95/0_BAR_13_1_628.jpg,95,BAR,,Male,13,,628,1.0
male/95/0_BAR_13_1_628.jpg,95,BAR,,Male,13,,628,1.0
male/95/0_BAR_13_1_628.jpg,95,BAR,,Male,13,,628,1.0
male/95/0_BAR_13_1_628.jpg,95,BAR,,Male,13,,628,1.0
male/95/0_BAR_13_1_628.jpg,95,BAR,,Male,13,,628,1.0
male/95/0_BAR_13_1_628.jpg,95,BAR,,Male,13,,628,1.0
male/95/0_BAR_13_1_628.jpg,95,BAR,,Male,13,,628,1.0
male/95/0_BAR_13_1_628.jpg,95,BAR,,Male,13,,628,1.0
male/95/0_BAR_13_1_628.jpg,95,BAR,,Male,13,,628,1.0
male/95/0_BAR_13_1_628.jpg,95,BAR,,Male,13,,628,1.0
male/95/0_BAR_13_1_628.jpg,95,BAR,,Male,13,,628,1.0
male/95/0_BAR_13_1_628.jpg,95,BAR,,Male,13,,628,1.0
male/95/0_BAR_13_1_628.jpg,95,BAR,,Male,13,,628,1.0
male/95/0_BAR_13_1_628.jpg,95,BAR,,Male,13,,628,1.0
male/95/0_BAR_13_1_628.jpg,95,BAR,,Male,13,,628,1.0
male/95/0_BAR_13_1_628.jpg,95,BAR,,Male,13,,628,1.0
male/95/0_BAR_13_1_628.jpg,95,BAR,,Male,13,,628,1.0
male/95/0_BAR_13_1_628.jpg,95,BAR,,Male,13,,628,1.0
male/95/0_BAR_13_1_628.jpg,95,BAR,,Male,13,,628,1.0
male/95/0_BAR_13_1_628.jpg,95,BAR,,Male,13,,628,1.0
male/95/0_BAR_13_1_628.jpg,95,BAR,,Male,13,,628,1.0
male/95/0_BAR_13_1_628.jpg,95,BAR,,Male,13,,628,1.0
male/95/0_BAR_13_1_628.jpg,95,BAR,,Male,13,,628,1.0
male/95/0_BAR_13_1_628.jpg,95,BAR,,Male,13,,628,1.0
male/95/0_BAR_13_1_628.jpg,95,BAR,,Male,13,,628,1.0
male/95/0_BAR_13_1_628.jpg,95,BAR,,Male,13,,628,1.0
male/95/0_BAR_13_1_628.jpg,95,BAR,,Male,13,,628,1.0
male/95/0_BAR_13_1_628.jpg,95,BAR,,Male,13,,628,1.0
male/95/0_BAR_13_1_628.jpg,95,BAR,,Male,13,,628,1.0
male/95/0_BAR_13_1_628.jpg,95,BAR,,Male,13,,628,1.0
male/95/0_BAR_13_1_628.jpg,95,BAR,,Male,13,,628,1.0
male/95/0_BAR_13_1_628.jpg,95,BAR,,Male,13,,628,1.0
male/95/0_BAR_13_1_628.jpg,95,BAR,,Male,13,,628,1.0
male/95/0_BAR_13_1_628.jpg,95,BAR,,Male,13,,628,1.0
male/95/0_BAR_13_1_628.jpg,95,BAR,,Male,13,,628,1.0
male/95/0_BAR_13_1_628.jpg,95,BAR,,Male,13,,628,1.0
male/95/0_BAR_13_1_628.jpg,95,BAR,,Male,13,,628,1.0
male/95/0_BAR_13_1_628.jpg,95,BAR,,Male,13,,628,1.0
male/95/0_BAR_13_1_628.jpg,95,BAR,,Male,13,,628,1.0
male/95/0_BAR_13_1_628.jpg,95,BAR,,Male,13,,628,1.0
male/95/0_BAR_13_1_628.jpg,95,BAR,,Male,13,,628,1.0
male/95/0_BAR_13_1_628.jpg,95,BAR,,Male,13,,628,1.0
male/95/0_BAR_13_1_628.jpg,95,BAR,,Male,13,,628,1.0
male/95/0_BAR_13_1_628.jpg,95,BAR,,Male,13,,628,1.0
male/95/0_BAR_13_1_628.jpg,95,BAR,,Male,13,,628,1.0
male/95/0_BAR_13_1_628.jpg,95,BAR,,Male,13,,628,1.0
male/95/0_BAR_13_1_628.jpg,95,BAR,,Male,13,,628,1.0
male/95/0_BAR_13_1_628.jpg,95,BAR,,Male,13,,628,1.0
male/95/0_BAR_13_1_628.jpg,95,BAR,,Male,13,,628,1.0
male/95/0_BAR_13_1_628.jpg,95,BAR,,Male,13,,628,1.0
male/95/0_BAR_13_1_628.jpg,95,BAR,,Male,13,,628,1.0
male/95/0_BAR_13_1_628.jpg,95,BAR,,Male,13,,628,1.0
male/95/0_BAR_13_1_628.jpg,95,BAR,,Male,13,,628,1.0
male/95/0_BAR_13_1_628.jpg,95,BAR,,Male,13,,628,1.0
male/95/0_BAR_13_1_628.jpg,95,BAR,,Male,13,,628,1.0
male/95/0_BAR_13_1_628.jpg,95,BAR,,Male,13,,628,1.0
male/95/0_BAR_15_1_497.jpg,95,BAR,,Male,15,,497,1.0
male/95/0_BAR_15_1_497.jpg,95,BAR,,Male,15,,497,1.0
male/95/0_BAR_15_1_497.jpg,95,BAR,,Male,15,,497,1.0
male/95/0_BAR_15_1_497.jpg,95,BAR,,Male,15,,497,1.0
male/95/0_BAR_15_1_497.jpg,95,BAR,,Male,15,,497,1.0
male/95/0_BAR_15_1_497.jpg,95,BAR,,Male,15,,497,1.0
male/95/0_BAR_15_1_497.jpg,95,BAR,,Male,15,,497,1.0
male/95/0_BAR_15_1_497.jpg,95,BAR,,Male,15,,497,1.0
male/95/0_BAR_15_1_497.jpg,95,BAR,,Male,15,,497,1.0
male/95/0_BAR_15_1_497.jpg,95,BAR,,Male,15,,497,1.0
male/95/0_BAR_15_1_497.jpg,95,BAR,,Male,15,,497,1.0
male/95/0_BAR_15_1_497.jpg,95,BAR,,Male,15,,497,1.0
male/95/0_BAR_15_1_497.jpg,95,BAR,,Male,15,,497,1.0
male/95/0_BAR_15_1_497.jpg,95,BAR,,Male,15,,497,1.0
male/95/0_BAR_15_1_497.jpg,95,BAR,,Male,15,,497,1.0
male/95/0_BAR_15_1_497.jpg,95,BAR,,Male,15,,497,1.0
male/95/0_BAR_15_1_497.jpg,95,BAR,,Male,15,,497,1.0
male/95/0_BAR_15_1_497.jpg,95,BAR,,Male,15,,497,1.0
male/95/0_BAR_15_1_497.jpg,95,BAR,,Male,15,,497,1.0
male/95/0_BAR_15_1_497.jpg,95,BAR,,Male,15,,497,1.0
male/95/0_BAR_15_1_497.jpg,95,BAR,,Male,15,,497,1.0
male/95/0_BAR_15_1_497.jpg,95,BAR,,Male,15,,497,1.0
male/95/0_BAR_15_1_497.jpg,95,BAR,,Male,15,,497,1.0
male/95/0_BAR_15_1_497.jpg,95,BAR,,Male,15,,497,1.0
male/95/0_BAR_15_1_497.jpg,95,BAR,,Male,15,,497,1.0
male/95/0_BAR_15_1_497.jpg,95,BAR,,Male,15,,497,1.0
male/95/0_BAR_15_1_497.jpg,95,BAR,,Male,15,,497,1.0
male/95/0_BAR_15_1_497.jpg,95,BAR,,Male,15,,497,1.0
male/95/0_BAR_15_1_497.jpg,95,BAR,,Male,15,,497,1.0
male/95/0_BAR_15_1_497.jpg,95,BAR,,Male,15,,497,1.0
male/95/0_BAR_15_1_497.jpg,95,BAR,,Male,15,,497,1.0
male/95/0_BAR_15_1_497.jpg,95,BAR,,Male,15,,497,1.0
male/95/0_BAR_15_1_497.jpg,95,BAR,,Male,15,,497,1.0
male/95/0_BAR_15_1_497.jpg,95,BAR,,Male,15,,497,1.0
male/95/0_BAR_15_1_497.jpg,95,BAR,,Male,15,,497,1.0
male/95/0_BAR_15_1_497.jpg,95,BAR,,Male,15,,497,1.0
male/95/0_BAR_15_1_497.jpg,95,BAR,,Male,15,,497,1.0
male/95/0_BAR_15_1_497.jpg,95,BAR,,Male,15,,497,1.0
male/95/0_BAR_15_1_497.jpg,95,BAR,,Male,15,,497,1.0
male/95/0_BAR_15_1_497.jpg,95,BAR,,Male,15,,497,1.0
male/95/0_BAR_15_1_497.jpg,95,BAR,,Male,15,,497,1.0
male/95/0_BAR_15_1_497.jpg,95,BAR,,Male,15,,497,1.0
male/95/0_BAR_15_1_497.jpg,95,BAR,,Male,15,,497,1.0
male/95/0_BAR_15_1_497.jpg,95,BAR,,Male,15,,497,1.0
male/95/0_BAR_15_1_497.jpg,95,BAR,,Male,15,,497,1.0
male/95/0_BAR_15_1_497.jpg,95,BAR,,Male,15,,497,1.0
male/95/0_BAR_15_1_497.jpg,95,BAR,,Male,15,,497,1.0
male/95/0_BAR_15_1_497.jpg,95,BAR,,Male,15,,497,1.0
male/95/0_BAR_15_1_497.jpg,95,BAR,,Male,15,,497,1.0
male/95/0_BAR_15_1_497.jpg,95,BAR,,Male,15,,497,1.0
male/95/0_BAR_15_1_497.jpg,95,BAR,,Male,15,,497,1.0
male/95/0_BAR_15_1_497.jpg,95,BAR,,Male,15,,497,1.0
male/95/0_BAR_15_1_497.jpg,95,BAR,,Male,15,,497,1.0
male/95/0_BAR_15_1_497.jpg,95,BAR,,Male,15,,497,1.0
male/95/0_BAR_15_1_497.jpg,95,BAR,,Male,15,,497,1.0
male/95/0_BAR_15_1_497.jpg,95,BAR,,Male,15,,497,1.0
male/95/0_BAR_15_1_497.jpg,95,BAR,,Male,15,,497,1.0
male/95/0_BAR_15_1_497.jpg,95,BAR,,Male,15,,497,1.0
male/95/0_BAR_15_1_497.jpg,95,BAR,,Male,15,,497,1.0
male/95/0_BAR_15_1_497.jpg,95,BAR,,Male,15,,497,1.0
male/95/0_BAR_15_1_497.jpg,95,BAR,,Male,15,,497,1.0
male/95/0_BAR_15_1_497.jpg,95,BAR,,Male,15,,497,1.0
male/95/0_BAR_15_1_497.jpg,95,BAR,,Male,15,,497,1.0
male/95/0_BAR_15_1_497.jpg,95,BAR,,Male,15,,497,1.0
male/95/0_BAR_15_1_497.jpg,95,BAR,,Male,15,,497,1.0
male/95/0_CHA_19_2_1009.jpg,95,CHA,,Male,19,,1009,2.0
male/95/0_CHA_19_2_1009.jpg,95,CHA,,Male,19,,1009,2.0
male/95/0_CHA_19_2_1009.jpg,95,CHA,,Male,19,,1009,2.0
male/95/0_CHA_19_2_1009.jpg,95,CHA,,Male,19,,1009,2.0
male/95/0_CHA_19_2_1009.jpg,95,CHA,,Male,19,,1009,2.0
male/95/0_CHA_19_2_1009.jpg,95,CHA,,Male,19,,1009,2.0
male/95/0_CHA_19_2_1009.jpg,95,CHA,,Male,19,,1009,2.0
male/95/0_CHA_19_2_1009.jpg,95,CHA,,Male,19,,1009,2.0
male/95/0_CHA_19_2_1009.jpg,95,CHA,,Male,19,,1009,2.0
male/95/0_CHA_19_2_1009.jpg,95,CHA,,Male,19,,1009,2.0
male/95/0_CHA_19_2_1009.jpg,95,CHA,,Male,19,,1009,2.0
male/95/0_CHA_19_2_1009.jpg,95,CHA,,Male,19,,1009,2.0
male/95/0_CHA_19_2_1009.jpg,95,CHA,,Male,19,,1009,2.0
male/95/0_CHA_19_2_1009.jpg,95,CHA,,Male,19,,1009,2.0
male/95/0_CHA_19_2_1009.jpg,95,CHA,,Male,19,,1009,2.0
male/95/0_CHA_19_2_1009.jpg,95,CHA,,Male,19,,1009,2.0
male/95/0_CHA_19_2_1009.jpg,95,CHA,,Male,19,,1009,2.0
male/95/0_CHA_19_2_1009.jpg,95,CHA,,Male,19,,1009,2.0
male/95/0_CHA_19_2_1009.jpg,95,CHA,,Male,19,,1009,2.0
male/95/0_CHA_19_2_1009.jpg,95,CHA,,Male,19,,1009,2.0
male/95/0_CHA_19_2_1009.jpg,95,CHA,,Male,19,,1009,2.0
male/95/0_CHA_19_2_1009.jpg,95,CHA,,Male,19,,1009,2.0
male/95/0_CHA_19_2_1009.jpg,95,CHA,,Male,19,,1009,2.0
male/95/0_CHA_19_2_1009.jpg,95,CHA,,Male,19,,1009,2.0
male/95/0_CHA_19_2_1009.jpg,95,CHA,,Male,19,,1009,2.0
male/95/0_CHA_19_2_1009.jpg,95,CHA,,Male,19,,1009,2.0
male/95/0_CHA_19_2_1009.jpg,95,CHA,,Male,19,,1009,2.0
male/95/0_CHA_19_2_1009.jpg,95,CHA,,Male,19,,1009,2.0
male/95/0_CHA_19_2_1009.jpg,95,CHA,,Male,19,,1009,2.0
male/95/0_CHA_19_2_1009.jpg,95,CHA,,Male,19,,1009,2.0
male/95/0_CHA_19_2_1009.jpg,95,CHA,,Male,19,,1009,2.0
male/95/0_CHA_19_2_1009.jpg,95,CHA,,Male,19,,1009,2.0
male/95/0_CHA_19_2_1009.jpg,95,CHA,,Male,19,,1009,2.0
male/95/0_CHA_19_2_1009.jpg,95,CHA,,Male,19,,1009,2.0
male/95/0_CHA_19_2_1009.jpg,95,CHA,,Male,19,,1009,2.0
male/95/0_CHA_19_2_1009.jpg,95,CHA,,Male,19,,1009,2.0
male/95/0_CHA_19_2_1009.jpg,95,CHA,,Male,19,,1009,2.0
male/95/0_CHA_19_2_1009.jpg,95,CHA,,Male,19,,1009,2.0
male/95/0_CHA_19_2_1009.jpg,95,CHA,,Male,19,,1009,2.0
male/95/0_CHA_19_2_1009.jpg,95,CHA,,Male,19,,1009,2.0
male/95/0_CHA_19_2_1009.jpg,95,CHA,,Male,19,,1009,2.0
male/95/0_CHA_19_2_1009.jpg,95,CHA,,Male,19,,1009,2.0
male/95/0_CHA_19_2_1009.jpg,95,CHA,,Male,19,,1009,2.0
male/95/0_CHA_19_2_1009.jpg,95,CHA,,Male,19,,1009,2.0
male/95/0_CHA_19_2_1009.jpg,95,CHA,,Male,19,,1009,2.0
male/95/0_CHA_19_2_1009.jpg,95,CHA,,Male,19,,1009,2.0
male/95/0_CHA_19_2_1009.jpg,95,CHA,,Male,19,,1009,2.0
male/95/0_CHA_19_2_1009.jpg,95,CHA,,Male,19,,1009,2.0
male/95/0_CHA_19_2_1009.jpg,95,CHA,,Male,19,,1009,2.0
male/95/0_CHA_19_2_1009.jpg,95,CHA,,Male,19,,1009,2.0
male/95/0_CHA_19_2_1009.jpg,95,CHA,,Male,19,,1009,2.0
male/95/0_CHA_19_2_1009.jpg,95,CHA,,Male,19,,1009,2.0
male/95/0_CHA_19_2_1009.jpg,95,CHA,,Male,19,,1009,2.0
male/95/0_CHA_19_2_1009.jpg,95,CHA,,Male,19,,1009,2.0
male/95/0_CHA_19_2_1009.jpg,95,CHA,,Male,19,,1009,2.0
male/95/0_CHA_19_2_1009.jpg,95,CHA,,Male,19,,1009,2.0
male/95/0_CHA_19_2_1009.jpg,95,CHA,,Male,19,,1009,2.0
male/95/0_CHA_19_2_1009.jpg,95,CHA,,Male,19,,1009,2.0
male/95/0_CHA_19_2_1009.jpg,95,CHA,,Male,19,,1009,2.0
male/95/0_CHA_19_2_1009.jpg,95,CHA,,Male,19,,1009,2.0
male/95/0_CHA_19_2_1009.jpg,95,CHA,,Male,19,,1009,2.0
male/95/0_CHA_19_2_1009.jpg,95,CHA,,Male,19,,1009,2.0
male/95/0_CHA_19_2_1009.jpg,95,CHA,,Male,19,,1009,2.0
male/95/0_CHA_19_2_1009.jpg,95,CHA,,Male,19,,1009,2.0
male/95/0_CHA_19_2_1009.jpg,95,CHA,,Male,19,,1009,2.0
male/95/0_CHA_19_2_1009.jpg,95,CHA,,Male,19,,1009,2.0
male/95/0_COM_14_1_1288.jpg,95,COM,,Male,14,,1288,1.0
male/95/0_COM_14_1_1288.jpg,95,COM,,Male,14,,1288,1.0
male/95/0_COM_14_1_1288.jpg,95,COM,,Male,14,,1288,1.0
male/95/0_COM_14_1_1288.jpg,95,COM,,Male,14,,1288,1.0
male/95/0_COM_14_1_1288.jpg,95,COM,,Male,14,,1288,1.0
male/95/0_COM_14_1_1288.jpg,95,COM,,Male,14,,1288,1.0
male/95/0_COM_14_1_1288.jpg,95,COM,,Male,14,,1288,1.0
male/95/0_COM_14_1_1288.jpg,95,COM,,Male,14,,1288,1.0
male/95/0_COM_14_1_1288.jpg,95,COM,,Male,14,,1288,1.0
male/95/0_COM_14_1_1288.jpg,95,COM,,Male,14,,1288,1.0
male/95/0_COM_14_1_1288.jpg,95,COM,,Male,14,,1288,1.0
male/95/0_COM_14_1_1288.jpg,95,COM,,Male,14,,1288,1.0
male/95/0_COM_14_1_1288.jpg,95,COM,,Male,14,,1288,1.0
male/95/0_COM_14_1_1288.jpg,95,COM,,Male,14,,1288,1.0
male/95/0_COM_14_1_1288.jpg,95,COM,,Male,14,,1288,1.0
male/95/0_COM_14_1_1288.jpg,95,COM,,Male,14,,1288,1.0
male/95/0_COM_14_1_1288.jpg,95,COM,,Male,14,,1288,1.0
male/95/0_COM_14_1_1288.jpg,95,COM,,Male,14,,1288,1.0
male/95/0_COM_14_1_1288.jpg,95,COM,,Male,14,,1288,1.0
male/95/0_COM_14_1_1288.jpg,95,COM,,Male,14,,1288,1.0
male/95/0_COM_14_1_1288.jpg,95,COM,,Male,14,,1288,1.0
male/95/0_COM_14_1_1288.jpg,95,COM,,Male,14,,1288,1.0
male/95/0_COM_14_1_1288.jpg,95,COM,,Male,14,,1288,1.0
male/95/0_COM_14_1_1288.jpg,95,COM,,Male,14,,1288,1.0
male/95/0_COM_14_1_1288.jpg,95,COM,,Male,14,,1288,1.0
male/95/0_COM_14_1_1288.jpg,95,COM,,Male,14,,1288,1.0
male/95/0_COM_14_1_1288.jpg,95,COM,,Male,14,,1288,1.0
male/95/0_COM_14_1_1288.jpg,95,COM,,Male,14,,1288,1.0
male/95/0_COM_14_1_1288.jpg,95,COM,,Male,14,,1288,1.0
male/95/0_COM_14_1_1288.jpg,95,COM,,Male,14,,1288,1.0
male/95/0_COM_14_1_1288.jpg,95,COM,,Male,14,,1288,1.0
male/95/0_COM_14_1_1288.jpg,95,COM,,Male,14,,1288,1.0
male/95/0_COM_14_1_1288.jpg,95,COM,,Male,14,,1288,1.0
male/95/0_COM_14_1_1288.jpg,95,COM,,Male,14,,1288,1.0
male/95/0_COM_14_1_1288.jpg,95,COM,,Male,14,,1288,1.0
male/95/0_COM_14_1_1288.jpg,95,COM,,Male,14,,1288,1.0
male/95/0_COM_14_1_1288.jpg,95,COM,,Male,14,,1288,1.0
male/95/0_COM_14_1_1288.jpg,95,COM,,Male,14,,1288,1.0
male/95/0_COM_14_1_1288.jpg,95,COM,,Male,14,,1288,1.0
male/95/0_COM_14_1_1288.jpg,95,COM,,Male,14,,1288,1.0
male/95/0_COM_14_1_1288.jpg,95,COM,,Male,14,,1288,1.0
male/95/0_COM_14_1_1288.jpg,95,COM,,Male,14,,1288,1.0
male/95/0_COM_14_1_1288.jpg,95,COM,,Male,14,,1288,1.0
male/95/0_COM_14_1_1288.jpg,95,COM,,Male,14,,1288,1.0
male/95/0_COM_14_1_1288.jpg,95,COM,,Male,14,,1288,1.0
male/95/0_COM_14_1_1288.jpg,95,COM,,Male,14,,1288,1.0
male/95/0_COM_14_1_1288.jpg,95,COM,,Male,14,,1288,1.0
male/95/0_COM_14_1_1288.jpg,95,COM,,Male,14,,1288,1.0
male/95/0_COM_14_1_1288.jpg,95,COM,,Male,14,,1288,1.0
male/95/0_COM_14_1_1288.jpg,95,COM,,Male,14,,1288,1.0
male/95/0_COM_14_1_1288.jpg,95,COM,,Male,14,,1288,1.0
male/95/0_COM_14_1_1288.jpg,95,COM,,Male,14,,1288,1.0
male/95/0_COM_14_1_1288.jpg,95,COM,,Male,14,,1288,1.0
male/95/0_COM_14_1_1288.jpg,95,COM,,Male,14,,1288,1.0
male/95/0_COM_14_1_1288.jpg,95,COM,,Male,14,,1288,1.0
male/95/0_COM_14_1_1288.jpg,95,COM,,Male,14,,1288,1.0
male/95/0_COM_16_2_1040.jpg,95,COM,,Male,16,,1040,2.0
male/95/0_COM_16_2_1040.jpg,95,COM,,Male,16,,1040,2.0
male/95/0_COM_16_2_1040.jpg,95,COM,,Male,16,,1040,2.0
male/95/0_COM_16_2_1040.jpg,95,COM,,Male,16,,1040,2.0
male/95/0_COM_16_2_1040.jpg,95,COM,,Male,16,,1040,2.0
male/95/0_COM_16_2_1040.jpg,95,COM,,Male,16,,1040,2.0
male/95/0_COM_16_2_1040.jpg,95,COM,,Male,16,,1040,2.0
male/95/0_COM_16_2_1040.jpg,95,COM,,Male,16,,1040,2.0
male/95/0_COM_16_2_1040.jpg,95,COM,,Male,16,,1040,2.0
male/95/0_COM_16_2_1040.jpg,95,COM,,Male,16,,1040,2.0
male/95/0_COM_16_2_1040.jpg,95,COM,,Male,16,,1040,2.0
male/95/0_COM_16_2_1040.jpg,95,COM,,Male,16,,1040,2.0
male/95/0_COM_16_2_1040.jpg,95,COM,,Male,16,,1040,2.0
male/95/0_COM_16_2_1040.jpg,95,COM,,Male,16,,1040,2.0
male/95/0_COM_16_2_1040.jpg,95,COM,,Male,16,,1040,2.0
male/95/0_COM_16_2_1040.jpg,95,COM,,Male,16,,1040,2.0
male/95/0_COM_16_2_1040.jpg,95,COM,,Male,16,,1040,2.0
male/95/0_COM_16_2_1040.jpg,95,COM,,Male,16,,1040,2.0
male/95/0_COM_16_2_1040.jpg,95,COM,,Male,16,,1040,2.0
male/95/0_COM_16_2_1040.jpg,95,COM,,Male,16,,1040,2.0
male/95/0_COM_16_2_1040.jpg,95,COM,,Male,16,,1040,2.0
male/95/0_COM_16_2_1040.jpg,95,COM,,Male,16,,1040,2.0
male/95/0_COM_16_2_1040.jpg,95,COM,,Male,16,,1040,2.0
male/95/0_COM_16_2_1040.jpg,95,COM,,Male,16,,1040,2.0
male/95/0_COM_16_2_1040.jpg,95,COM,,Male,16,,1040,2.0
male/95/0_COM_16_2_1040.jpg,95,COM,,Male,16,,1040,2.0
male/95/0_COM_16_2_1040.jpg,95,COM,,Male,16,,1040,2.0
male/95/0_COM_16_2_1040.jpg,95,COM,,Male,16,,1040,2.0
male/95/0_COM_16_2_1040.jpg,95,COM,,Male,16,,1040,2.0
male/95/0_COM_16_2_1040.jpg,95,COM,,Male,16,,1040,2.0
male/95/0_COM_16_2_1040.jpg,95,COM,,Male,16,,1040,2.0
male/95/0_COM_16_2_1040.jpg,95,COM,,Male,16,,1040,2.0
male/95/0_COM_16_2_1040.jpg,95,COM,,Male,16,,1040,2.0
male/95/0_COM_16_2_1040.jpg,95,COM,,Male,16,,1040,2.0
male/95/0_COM_16_2_1040.jpg,95,COM,,Male,16,,1040,2.0
male/95/0_COM_16_2_1040.jpg,95,COM,,Male,16,,1040,2.0
male/95/0_COM_16_2_1040.jpg,95,COM,,Male,16,,1040,2.0
male/95/0_COM_16_2_1040.jpg,95,COM,,Male,16,,1040,2.0
male/95/0_COM_16_2_1040.jpg,95,COM,,Male,16,,1040,2.0
male/95/0_COM_16_2_1040.jpg,95,COM,,Male,16,,1040,2.0
male/95/0_COM_16_2_1040.jpg,95,COM,,Male,16,,1040,2.0
male/95/0_COM_16_2_1040.jpg,95,COM,,Male,16,,1040,2.0
male/95/0_COM_16_2_1040.jpg,95,COM,,Male,16,,1040,2.0
male/95/0_COM_16_2_1040.jpg,95,COM,,Male,16,,1040,2.0
male/95/0_COM_16_2_1040.jpg,95,COM,,Male,16,,1040,2.0
male/95/0_COM_16_2_1040.jpg,95,COM,,Male,16,,1040,2.0
male/95/0_COM_16_2_1040.jpg,95,COM,,Male,16,,1040,2.0
male/95/0_COM_16_2_1040.jpg,95,COM,,Male,16,,1040,2.0
male/95/0_COM_16_2_1040.jpg,95,COM,,Male,16,,1040,2.0
male/95/0_COM_16_2_1040.jpg,95,COM,,Male,16,,1040,2.0
male/95/0_COM_16_2_1040.jpg,95,COM,,Male,16,,1040,2.0
male/95/0_COM_16_2_1040.jpg,95,COM,,Male,16,,1040,2.0
male/95/0_COM_16_2_1040.jpg,95,COM,,Male,16,,1040,2.0
male/95/0_COM_16_2_1040.jpg,95,COM,,Male,16,,1040,2.0
male/95/0_COM_16_2_1040.jpg,95,COM,,Male,16,,1040,2.0
male/95/0_COM_16_2_1040.jpg,95,COM,,Male,16,,1040,2.0
male/95/0_COM_16_2_1040.jpg,95,COM,,Male,16,,1040,2.0
male/95/0_COM_16_2_1040.jpg,95,COM,,Male,16,,1040,2.0
male/95/0_COM_16_2_1040.jpg,95,COM,,Male,16,,1040,2.0
male/95/0_DHA_11_1_629.jpg,95,DHA,,Male,11,,629,1.0
male/95/0_DHA_11_1_629.jpg,95,DHA,,Male,11,,629,1.0
male/95/0_DHA_11_1_629.jpg,95,DHA,,Male,11,,629,1.0
male/95/0_DHA_11_1_629.jpg,95,DHA,,Male,11,,629,1.0
male/95/0_DHA_11_1_629.jpg,95,DHA,,Male,11,,629,1.0
male/95/0_DHA_11_1_629.jpg,95,DHA,,Male,11,,629,1.0
male/95/0_DHA_11_1_629.jpg,95,DHA,,Male,11,,629,1.0
male/95/0_DHA_11_1_629.jpg,95,DHA,,Male,11,,629,1.0
male/95/0_DHA_11_1_629.jpg,95,DHA,,Male,11,,629,1.0
male/95/0_DHA_11_1_629.jpg,95,DHA,,Male,11,,629,1.0
male/95/0_DHA_11_1_629.jpg,95,DHA,,Male,11,,629,1.0
male/95/0_DHA_11_1_629.jpg,95,DHA,,Male,11,,629,1.0
male/95/0_DHA_11_1_629.jpg,95,DHA,,Male,11,,629,1.0
male/95/0_DHA_11_1_629.jpg,95,DHA,,Male,11,,629,1.0
male/95/0_DHA_11_1_629.jpg,95,DHA,,Male,11,,629,1.0
male/95/0_DHA_11_1_629.jpg,95,DHA,,Male,11,,629,1.0
male/95/0_DHA_11_1_629.jpg,95,DHA,,Male,11,,629,1.0
male/95/0_DHA_11_1_629.jpg,95,DHA,,Male,11,,629,1.0
male/95/0_DHA_11_1_629.jpg,95,DHA,,Male,11,,629,1.0
male/95/0_DHA_11_1_629.jpg,95,DHA,,Male,11,,629,1.0
male/95/0_DHA_11_1_629.jpg,95,DHA,,Male,11,,629,1.0
male/95/0_DHA_11_1_629.jpg,95,DHA,,Male,11,,629,1.0
male/95/0_DHA_11_1_629.jpg,95,DHA,,Male,11,,629,1.0
male/95/0_DHA_11_1_629.jpg,95,DHA,,Male,11,,629,1.0
male/95/0_DHA_11_1_629.jpg,95,DHA,,Male,11,,629,1.0
male/95/0_DHA_11_1_629.jpg,95,DHA,,Male,11,,629,1.0
male/95/0_DHA_11_1_629.jpg,95,DHA,,Male,11,,629,1.0
male/95/0_DHA_11_1_629.jpg,95,DHA,,Male,11,,629,1.0
male/95/0_DHA_11_1_629.jpg,95,DHA,,Male,11,,629,1.0
male/95/0_DHA_11_1_629.jpg,95,DHA,,Male,11,,629,1.0
male/95/0_DHA_11_1_629.jpg,95,DHA,,Male,11,,629,1.0
male/95/0_DHA_11_1_629.jpg,95,DHA,,Male,11,,629,1.0
male/95/0_DHA_11_1_629.jpg,95,DHA,,Male,11,,629,1.0
male/95/0_DHA_11_1_629.jpg,95,DHA,,Male,11,,629,1.0
male/95/0_DHA_11_1_629.jpg,95,DHA,,Male,11,,629,1.0
male/95/0_DHA_11_1_629.jpg,95,DHA,,Male,11,,629,1.0
male/95/0_DHA_11_1_629.jpg,95,DHA,,Male,11,,629,1.0
male/95/0_DHA_11_1_629.jpg,95,DHA,,Male,11,,629,1.0
male/95/0_DHA_11_1_629.jpg,95,DHA,,Male,11,,629,1.0
male/95/0_DHA_11_1_629.jpg,95,DHA,,Male,11,,629,1.0
male/95/0_DHA_11_1_629.jpg,95,DHA,,Male,11,,629,1.0
male/95/0_DHA_11_1_629.jpg,95,DHA,,Male,11,,629,1.0
male/95/0_DHA_12_1_183.jpg,95,DHA,,Male,12,,183,1.0
male/95/0_DHA_12_1_183.jpg,95,DHA,,Male,12,,183,1.0
male/95/0_DHA_12_1_183.jpg,95,DHA,,Male,12,,183,1.0
male/95/0_DHA_12_1_183.jpg,95,DHA,,Male,12,,183,1.0
male/95/0_DHA_12_1_183.jpg,95,DHA,,Male,12,,183,1.0
male/95/0_DHA_12_1_183.jpg,95,DHA,,Male,12,,183,1.0
male/95/0_DHA_12_1_183.jpg,95,DHA,,Male,12,,183,1.0
male/95/0_DHA_12_1_183.jpg,95,DHA,,Male,12,,183,1.0
male/95/0_DHA_12_1_183.jpg,95,DHA,,Male,12,,183,1.0
male/95/0_DHA_12_1_183.jpg,95,DHA,,Male,12,,183,1.0
male/95/0_DHA_12_1_183.jpg,95,DHA,,Male,12,,183,1.0
male/95/0_DHA_12_1_183.jpg,95,DHA,,Male,12,,183,1.0
male/95/0_DHA_12_1_183.jpg,95,DHA,,Male,12,,183,1.0
male/95/0_DHA_12_1_183.jpg,95,DHA,,Male,12,,183,1.0
male/95/0_DHA_12_1_183.jpg,95,DHA,,Male,12,,183,1.0
male/95/0_DHA_12_1_183.jpg,95,DHA,,Male,12,,183,1.0
male/95/0_DHA_12_1_183.jpg,95,DHA,,Male,12,,183,1.0
male/95/0_DHA_12_1_183.jpg,95,DHA,,Male,12,,183,1.0
male/95/0_DHA_12_1_183.jpg,95,DHA,,Male,12,,183,1.0
male/95/0_DHA_12_1_183.jpg,95,DHA,,Male,12,,183,1.0
male/95/0_DHA_12_1_183.jpg,95,DHA,,Male,12,,183,1.0
male/95/0_DHA_12_1_183.jpg,95,DHA,,Male,12,,183,1.0
male/95/0_DHA_12_1_183.jpg,95,DHA,,Male,12,,183,1.0
male/95/0_DHA_12_1_183.jpg,95,DHA,,Male,12,,183,1.0
male/95/0_DHA_12_1_183.jpg,95,DHA,,Male,12,,183,1.0
male/95/0_DHA_12_1_183.jpg,95,DHA,,Male,12,,183,1.0
male/95/0_DHA_12_1_183.jpg,95,DHA,,Male,12,,183,1.0
male/95/0_DHA_12_1_183.jpg,95,DHA,,Male,12,,183,1.0
male/95/0_DHA_12_1_183.jpg,95,DHA,,Male,12,,183,1.0
male/95/0_DHA_12_1_183.jpg,95,DHA,,Male,12,,183,1.0
male/95/0_DHA_12_1_183.jpg,95,DHA,,Male,12,,183,1.0
male/95/0_DHA_12_1_183.jpg,95,DHA,,Male,12,,183,1.0
male/95/0_DHA_12_1_183.jpg,95,DHA,,Male,12,,183,1.0
male/95/0_DHA_12_1_183.jpg,95,DHA,,Male,12,,183,1.0
male/95/0_DHA_12_1_183.jpg,95,DHA,,Male,12,,183,1.0
male/95/0_DHA_12_1_183.jpg,95,DHA,,Male,12,,183,1.0
male/95/0_DHA_12_1_183.jpg,95,DHA,,Male,12,,183,1.0
male/95/0_DHA_12_1_183.jpg,95,DHA,,Male,12,,183,1.0
male/95/0_DHA_12_1_183.jpg,95,DHA,,Male,12,,183,1.0
male/95/0_DHA_12_1_183.jpg,95,DHA,,Male,12,,183,1.0
male/95/0_DHA_12_1_183.jpg,95,DHA,,Male,12,,183,1.0
male/95/0_DHA_12_1_183.jpg,95,DHA,,Male,12,,183,1.0
male/95/0_DHA_12_1_183.jpg,95,DHA,,Male,12,,183,1.0
male/95/0_DHA_12_1_183.jpg,95,DHA,,Male,12,,183,1.0
male/95/0_DHA_12_1_183.jpg,95,DHA,,Male,12,,183,1.0
male/95/0_DHA_12_1_183.jpg,95,DHA,,Male,12,,183,1.0
male/95/0_DHA_12_1_183.jpg,95,DHA,,Male,12,,183,1.0
male/95/0_DHA_12_1_183.jpg,95,DHA,,Male,12,,183,1.0
male/95/0_DHA_12_1_183.jpg,95,DHA,,Male,12,,183,1.0
male/95/0_DHA_12_1_183.jpg,95,DHA,,Male,12,,183,1.0
male/95/0_DHA_12_1_183.jpg,95,DHA,,Male,12,,183,1.0
male/95/0_DHA_12_1_183.jpg,95,DHA,,Male,12,,183,1.0
male/95/0_DHA_12_1_183.jpg,95,DHA,,Male,12,,183,1.0
male/95/0_DHA_12_1_183.jpg,95,DHA,,Male,12,,183,1.0
male/95/0_DHA_12_1_183.jpg,95,DHA,,Male,12,,183,1.0
male/95/0_DHA_12_1_183.jpg,95,DHA,,Male,12,,183,1.0
male/95/0_DHA_12_1_183.jpg,95,DHA,,Male,12,,183,1.0
male/95/0_DHA_12_1_183.jpg,95,DHA,,Male,12,,183,1.0
male/95/0_DHA_12_1_183.jpg,95,DHA,,Male,12,,183,1.0
male/95/0_DHA_12_1_183.jpg,95,DHA,,Male,12,,183,1.0
male/95/0_DHA_12_1_183.jpg,95,DHA,,Male,12,,183,1.0
male/95/0_DHA_12_1_183.jpg,95,DHA,,Male,12,,183,1.0
male/95/0_DHA_12_1_183.jpg,95,DHA,,Male,12,,183,1.0
male/95/0_DHA_12_1_183.jpg,95,DHA,,Male,12,,183,1.0
male/95/0_DHA_12_1_183.jpg,95,DHA,,Male,12,,183,1.0
male/95/0_DHA_12_1_183.jpg,95,DHA,,Male,12,,183,1.0
male/95/0_DHA_12_1_46.jpg,95,DHA,,Male,12,,46,1.0
male/95/0_DHA_12_1_46.jpg,95,DHA,,Male,12,,46,1.0
male/95/0_DHA_12_1_46.jpg,95,DHA,,Male,12,,46,1.0
male/95/0_DHA_12_1_46.jpg,95,DHA,,Male,12,,46,1.0
male/95/0_DHA_12_1_46.jpg,95,DHA,,Male,12,,46,1.0
male/95/0_DHA_12_1_46.jpg,95,DHA,,Male,12,,46,1.0
male/95/0_DHA_12_1_46.jpg,95,DHA,,Male,12,,46,1.0
male/95/0_DHA_12_1_46.jpg,95,DHA,,Male,12,,46,1.0
male/95/0_DHA_12_1_46.jpg,95,DHA,,Male,12,,46,1.0
male/95/0_DHA_12_1_46.jpg,95,DHA,,Male,12,,46,1.0
male/95/0_DHA_12_1_46.jpg,95,DHA,,Male,12,,46,1.0
male/95/0_DHA_12_1_46.jpg,95,DHA,,Male,12,,46,1.0
male/95/0_DHA_12_1_46.jpg,95,DHA,,Male,12,,46,1.0
male/95/0_DHA_12_1_46.jpg,95,DHA,,Male,12,,46,1.0
male/95/0_DHA_12_1_46.jpg,95,DHA,,Male,12,,46,1.0
male/95/0_DHA_12_1_46.jpg,95,DHA,,Male,12,,46,1.0
male/95/0_DHA_12_1_46.jpg,95,DHA,,Male,12,,46,1.0
male/95/0_DHA_12_1_46.jpg,95,DHA,,Male,12,,46,1.0
male/95/0_DHA_12_1_46.jpg,95,DHA,,Male,12,,46,1.0
male/95/0_DHA_12_1_46.jpg,95,DHA,,Male,12,,46,1.0
male/95/0_DHA_12_1_46.jpg,95,DHA,,Male,12,,46,1.0
male/95/0_DHA_12_1_46.jpg,95,DHA,,Male,12,,46,1.0
male/95/0_DHA_12_1_46.jpg,95,DHA,,Male,12,,46,1.0
male/95/0_DHA_12_1_46.jpg,95,DHA,,Male,12,,46,1.0
male/95/0_DHA_12_1_46.jpg,95,DHA,,Male,12,,46,1.0
male/95/0_DHA_12_1_46.jpg,95,DHA,,Male,12,,46,1.0
male/95/0_DHA_12_1_46.jpg,95,DHA,,Male,12,,46,1.0
male/95/0_DHA_12_1_46.jpg,95,DHA,,Male,12,,46,1.0
male/95/0_DHA_12_1_46.jpg,95,DHA,,Male,12,,46,1.0
male/95/0_DHA_12_1_46.jpg,95,DHA,,Male,12,,46,1.0
male/95/0_DHA_12_1_46.jpg,95,DHA,,Male,12,,46,1.0
male/95/0_DHA_12_1_46.jpg,95,DHA,,Male,12,,46,1.0
male/95/0_DHA_12_1_46.jpg,95,DHA,,Male,12,,46,1.0
male/95/0_DHA_12_1_46.jpg,95,DHA,,Male,12,,46,1.0
male/95/0_DHA_12_1_46.jpg,95,DHA,,Male,12,,46,1.0
male/95/0_DHA_12_1_46.jpg,95,DHA,,Male,12,,46,1.0
male/95/0_DHA_12_1_46.jpg,95,DHA,,Male,12,,46,1.0
male/95/0_DHA_12_1_46.jpg,95,DHA,,Male,12,,46,1.0
male/95/0_DHA_12_1_46.jpg,95,DHA,,Male,12,,46,1.0
male/95/0_DHA_12_1_46.jpg,95,DHA,,Male,12,,46,1.0
male/95/0_DHA_12_1_46.jpg,95,DHA,,Male,12,,46,1.0
male/95/0_DHA_12_1_46.jpg,95,DHA,,Male,12,,46,1.0
male/95/0_DHA_12_1_46.jpg,95,DHA,,Male,12,,46,1.0
male/95/0_DHA_12_1_46.jpg,95,DHA,,Male,12,,46,1.0
male/95/0_DHA_12_1_46.jpg,95,DHA,,Male,12,,46,1.0
male/95/0_DHA_12_1_46.jpg,95,DHA,,Male,12,,46,1.0
male/95/0_DHA_12_1_46.jpg,95,DHA,,Male,12,,46,1.0
male/95/0_DHA_12_1_46.jpg,95,DHA,,Male,12,,46,1.0
male/95/0_DHA_12_1_46.jpg,95,DHA,,Male,12,,46,1.0
male/95/0_DHA_12_1_46.jpg,95,DHA,,Male,12,,46,1.0
male/95/0_DHA_12_1_46.jpg,95,DHA,,Male,12,,46,1.0
male/95/0_DHA_12_1_46.jpg,95,DHA,,Male,12,,46,1.0
male/95/0_DHA_12_1_46.jpg,95,DHA,,Male,12,,46,1.0
male/95/0_DHA_12_1_46.jpg,95,DHA,,Male,12,,46,1.0
male/95/0_DHA_12_1_46.jpg,95,DHA,,Male,12,,46,1.0
male/95/0_DHA_12_1_46.jpg,95,DHA,,Male,12,,46,1.0
male/95/0_DHA_12_1_46.jpg,95,DHA,,Male,12,,46,1.0
male/95/0_DHA_12_1_46.jpg,95,DHA,,Male,12,,46,1.0
male/95/0_DHA_12_1_46.jpg,95,DHA,,Male,12,,46,1.0
male/95/0_DHA_12_1_46.jpg,95,DHA,,Male,12,,46,1.0
male/95/0_DHA_12_1_46.jpg,95,DHA,,Male,12,,46,1.0
male/95/0_DHA_12_1_46.jpg,95,DHA,,Male,12,,46,1.0
male/95/0_DHA_12_1_46.jpg,95,DHA,,Male,12,,46,1.0
male/95/0_DHA_12_1_46.jpg,95,DHA,,Male,12,,46,1.0
male/95/0_DHA_12_1_46.jpg,95,DHA,,Male,12,,46,1.0
male/95/0_DHA_12_1_46.jpg,95,DHA,,Male,12,,46,1.0
male/95/0_DHA_12_1_46.jpg,95,DHA,,Male,12,,46,1.0
male/95/0_DHA_12_1_655.jpg,95,DHA,,Male,12,,655,1.0
male/95/0_DHA_12_1_655.jpg,95,DHA,,Male,12,,655,1.0
male/95/0_DHA_12_1_655.jpg,95,DHA,,Male,12,,655,1.0
male/95/0_DHA_12_1_655.jpg,95,DHA,,Male,12,,655,1.0
male/95/0_DHA_12_1_655.jpg,95,DHA,,Male,12,,655,1.0
male/95/0_DHA_12_1_655.jpg,95,DHA,,Male,12,,655,1.0
male/95/0_DHA_12_1_655.jpg,95,DHA,,Male,12,,655,1.0
male/95/0_DHA_12_1_655.jpg,95,DHA,,Male,12,,655,1.0
male/95/0_DHA_12_1_655.jpg,95,DHA,,Male,12,,655,1.0
male/95/0_DHA_12_1_655.jpg,95,DHA,,Male,12,,655,1.0
male/95/0_DHA_12_1_655.jpg,95,DHA,,Male,12,,655,1.0
male/95/0_DHA_12_1_655.jpg,95,DHA,,Male,12,,655,1.0
male/95/0_DHA_12_1_655.jpg,95,DHA,,Male,12,,655,1.0
male/95/0_DHA_12_1_655.jpg,95,DHA,,Male,12,,655,1.0
male/95/0_DHA_12_1_655.jpg,95,DHA,,Male,12,,655,1.0
male/95/0_DHA_12_1_655.jpg,95,DHA,,Male,12,,655,1.0
male/95/0_DHA_12_1_655.jpg,95,DHA,,Male,12,,655,1.0
male/95/0_DHA_12_1_655.jpg,95,DHA,,Male,12,,655,1.0
male/95/0_DHA_12_1_655.jpg,95,DHA,,Male,12,,655,1.0
male/95/0_DHA_12_1_655.jpg,95,DHA,,Male,12,,655,1.0
male/95/0_DHA_12_1_655.jpg,95,DHA,,Male,12,,655,1.0
male/95/0_DHA_12_1_655.jpg,95,DHA,,Male,12,,655,1.0
male/95/0_DHA_12_1_655.jpg,95,DHA,,Male,12,,655,1.0
male/95/0_DHA_12_1_655.jpg,95,DHA,,Male,12,,655,1.0
male/95/0_DHA_12_1_655.jpg,95,DHA,,Male,12,,655,1.0
male/95/0_DHA_12_1_655.jpg,95,DHA,,Male,12,,655,1.0
male/95/0_DHA_12_1_655.jpg,95,DHA,,Male,12,,655,1.0
male/95/0_DHA_12_1_655.jpg,95,DHA,,Male,12,,655,1.0
male/95/0_DHA_12_1_655.jpg,95,DHA,,Male,12,,655,1.0
male/95/0_DHA_12_1_655.jpg,95,DHA,,Male,12,,655,1.0
male/95/0_DHA_12_1_655.jpg,95,DHA,,Male,12,,655,1.0
male/95/0_DHA_12_1_655.jpg,95,DHA,,Male,12,,655,1.0
male/95/0_DHA_12_1_655.jpg,95,DHA,,Male,12,,655,1.0
male/95/0_DHA_12_1_655.jpg,95,DHA,,Male,12,,655,1.0
male/95/0_DHA_12_1_655.jpg,95,DHA,,Male,12,,655,1.0
male/95/0_DHA_12_1_655.jpg,95,DHA,,Male,12,,655,1.0
male/95/0_DHA_12_1_655.jpg,95,DHA,,Male,12,,655,1.0
male/95/0_DHA_12_1_655.jpg,95,DHA,,Male,12,,655,1.0
male/95/0_DHA_12_1_655.jpg,95,DHA,,Male,12,,655,1.0
male/95/0_DHA_12_1_727.jpg,95,DHA,,Male,12,,727,1.0
male/95/0_DHA_12_1_727.jpg,95,DHA,,Male,12,,727,1.0
male/95/0_DHA_12_1_727.jpg,95,DHA,,Male,12,,727,1.0
male/95/0_DHA_12_1_727.jpg,95,DHA,,Male,12,,727,1.0
male/95/0_DHA_12_1_727.jpg,95,DHA,,Male,12,,727,1.0
male/95/0_DHA_12_1_727.jpg,95,DHA,,Male,12,,727,1.0
male/95/0_DHA_12_1_727.jpg,95,DHA,,Male,12,,727,1.0
male/95/0_DHA_12_1_727.jpg,95,DHA,,Male,12,,727,1.0
male/95/0_DHA_12_1_727.jpg,95,DHA,,Male,12,,727,1.0
male/95/0_DHA_12_1_727.jpg,95,DHA,,Male,12,,727,1.0
male/95/0_DHA_12_1_727.jpg,95,DHA,,Male,12,,727,1.0
male/95/0_DHA_12_1_727.jpg,95,DHA,,Male,12,,727,1.0
male/95/0_DHA_12_1_727.jpg,95,DHA,,Male,12,,727,1.0
male/95/0_DHA_12_1_727.jpg,95,DHA,,Male,12,,727,1.0
male/95/0_DHA_12_1_727.jpg,95,DHA,,Male,12,,727,1.0
male/95/0_DHA_12_1_727.jpg,95,DHA,,Male,12,,727,1.0
male/95/0_DHA_12_1_727.jpg,95,DHA,,Male,12,,727,1.0
male/95/0_DHA_12_1_727.jpg,95,DHA,,Male,12,,727,1.0
male/95/0_DHA_12_1_727.jpg,95,DHA,,Male,12,,727,1.0
male/95/0_DHA_12_1_727.jpg,95,DHA,,Male,12,,727,1.0
male/95/0_DHA_12_1_727.jpg,95,DHA,,Male,12,,727,1.0
male/95/0_DHA_12_1_727.jpg,95,DHA,,Male,12,,727,1.0
male/95/0_DHA_12_1_727.jpg,95,DHA,,Male,12,,727,1.0
male/95/0_DHA_12_1_727.jpg,95,DHA,,Male,12,,727,1.0
male/95/0_DHA_12_1_727.jpg,95,DHA,,Male,12,,727,1.0
male/95/0_DHA_12_1_727.jpg,95,DHA,,Male,12,,727,1.0
male/95/0_DHA_12_1_727.jpg,95,DHA,,Male,12,,727,1.0
male/95/0_DHA_12_1_727.jpg,95,DHA,,Male,12,,727,1.0
male/95/0_DHA_12_1_727.jpg,95,DHA,,Male,12,,727,1.0
male/95/0_DHA_12_1_727.jpg,95,DHA,,Male,12,,727,1.0
male/95/0_DHA_12_1_727.jpg,95,DHA,,Male,12,,727,1.0
male/95/0_DHA_12_1_727.jpg,95,DHA,,Male,12,,727,1.0
male/95/0_DHA_12_1_727.jpg,95,DHA,,Male,12,,727,1.0
male/95/0_DHA_12_1_727.jpg,95,DHA,,Male,12,,727,1.0
male/95/0_DHA_12_1_727.jpg,95,DHA,,Male,12,,727,1.0
male/95/0_DHA_12_1_727.jpg,95,DHA,,Male,12,,727,1.0
male/95/0_DHA_12_1_727.jpg,95,DHA,,Male,12,,727,1.0
male/95/0_DHA_12_1_727.jpg,95,DHA,,Male,12,,727,1.0
male/95/0_DHA_12_1_727.jpg,95,DHA,,Male,12,,727,1.0
male/95/0_DHA_12_1_727.jpg,95,DHA,,Male,12,,727,1.0
male/95/0_DHA_12_1_727.jpg,95,DHA,,Male,12,,727,1.0
male/95/0_DHA_12_1_727.jpg,95,DHA,,Male,12,,727,1.0
male/95/0_DHA_12_1_727.jpg,95,DHA,,Male,12,,727,1.0
male/95/0_DHA_12_1_727.jpg,95,DHA,,Male,12,,727,1.0
male/95/0_DHA_12_1_727.jpg,95,DHA,,Male,12,,727,1.0
male/95/0_DHA_12_1_727.jpg,95,DHA,,Male,12,,727,1.0
male/95/0_DHA_12_1_727.jpg,95,DHA,,Male,12,,727,1.0
male/95/0_DHA_12_1_727.jpg,95,DHA,,Male,12,,727,1.0
male/95/0_DHA_12_1_727.jpg,95,DHA,,Male,12,,727,1.0
male/95/0_DHA_12_1_727.jpg,95,DHA,,Male,12,,727,1.0
male/95/0_DHA_12_1_727.jpg,95,DHA,,Male,12,,727,1.0
male/95/0_DHA_12_1_727.jpg,95,DHA,,Male,12,,727,1.0
male/95/0_DHA_12_1_727.jpg,95,DHA,,Male,12,,727,1.0
male/95/0_DHA_12_1_727.jpg,95,DHA,,Male,12,,727,1.0
male/95/0_DHA_12_1_727.jpg,95,DHA,,Male,12,,727,1.0
male/95/0_DHA_12_1_727.jpg,95,DHA,,Male,12,,727,1.0
male/95/0_DHA_12_1_727.jpg,95,DHA,,Male,12,,727,1.0
male/95/0_DHA_12_1_727.jpg,95,DHA,,Male,12,,727,1.0
male/95/0_DHA_13_1_32.jpg,95,DHA,,Male,13,,32,1.0
male/95/0_DHA_13_1_32.jpg,95,DHA,,Male,13,,32,1.0
male/95/0_DHA_13_1_32.jpg,95,DHA,,Male,13,,32,1.0
male/95/0_DHA_13_1_32.jpg,95,DHA,,Male,13,,32,1.0
male/95/0_DHA_13_1_32.jpg,95,DHA,,Male,13,,32,1.0
male/95/0_DHA_13_1_32.jpg,95,DHA,,Male,13,,32,1.0
male/95/0_DHA_13_1_32.jpg,95,DHA,,Male,13,,32,1.0
male/95/0_DHA_13_1_32.jpg,95,DHA,,Male,13,,32,1.0
male/95/0_DHA_13_1_32.jpg,95,DHA,,Male,13,,32,1.0
male/95/0_DHA_13_1_32.jpg,95,DHA,,Male,13,,32,1.0
male/95/0_DHA_13_1_32.jpg,95,DHA,,Male,13,,32,1.0
male/95/0_DHA_13_1_32.jpg,95,DHA,,Male,13,,32,1.0
male/95/0_DHA_13_1_32.jpg,95,DHA,,Male,13,,32,1.0
male/95/0_DHA_13_1_32.jpg,95,DHA,,Male,13,,32,1.0
male/95/0_DHA_13_1_32.jpg,95,DHA,,Male,13,,32,1.0
male/95/0_DHA_13_1_32.jpg,95,DHA,,Male,13,,32,1.0
male/95/0_DHA_13_1_32.jpg,95,DHA,,Male,13,,32,1.0
male/95/0_DHA_13_1_32.jpg,95,DHA,,Male,13,,32,1.0
male/95/0_DHA_13_1_32.jpg,95,DHA,,Male,13,,32,1.0
male/95/0_DHA_13_1_32.jpg,95,DHA,,Male,13,,32,1.0
male/95/0_DHA_13_1_32.jpg,95,DHA,,Male,13,,32,1.0
male/95/0_DHA_13_1_32.jpg,95,DHA,,Male,13,,32,1.0
male/95/0_DHA_13_1_32.jpg,95,DHA,,Male,13,,32,1.0
male/95/0_DHA_13_1_32.jpg,95,DHA,,Male,13,,32,1.0
male/95/0_DHA_13_1_32.jpg,95,DHA,,Male,13,,32,1.0
male/95/0_DHA_13_1_32.jpg,95,DHA,,Male,13,,32,1.0
male/95/0_DHA_13_1_32.jpg,95,DHA,,Male,13,,32,1.0
male/95/0_DHA_13_1_32.jpg,95,DHA,,Male,13,,32,1.0
male/95/0_DHA_13_1_32.jpg,95,DHA,,Male,13,,32,1.0
male/95/0_DHA_13_1_32.jpg,95,DHA,,Male,13,,32,1.0
male/95/0_DHA_13_1_32.jpg,95,DHA,,Male,13,,32,1.0
male/95/0_DHA_13_1_32.jpg,95,DHA,,Male,13,,32,1.0
male/95/0_DHA_13_1_32.jpg,95,DHA,,Male,13,,32,1.0
male/95/0_DHA_13_1_32.jpg,95,DHA,,Male,13,,32,1.0
male/95/0_DHA_13_1_32.jpg,95,DHA,,Male,13,,32,1.0
male/95/0_DHA_13_1_32.jpg,95,DHA,,Male,13,,32,1.0
male/95/0_DHA_13_1_32.jpg,95,DHA,,Male,13,,32,1.0
male/95/0_DHA_13_1_32.jpg,95,DHA,,Male,13,,32,1.0
male/95/0_DHA_13_1_32.jpg,95,DHA,,Male,13,,32,1.0
male/95/0_DHA_13_1_32.jpg,95,DHA,,Male,13,,32,1.0
male/95/0_DHA_13_1_32.jpg,95,DHA,,Male,13,,32,1.0
male/95/0_DHA_13_1_32.jpg,95,DHA,,Male,13,,32,1.0
male/95/0_DHA_13_1_32.jpg,95,DHA,,Male,13,,32,1.0
male/95/0_DHA_13_1_32.jpg,95,DHA,,Male,13,,32,1.0
male/95/0_DHA_13_1_32.jpg,95,DHA,,Male,13,,32,1.0
male/95/0_DHA_13_1_32.jpg,95,DHA,,Male,13,,32,1.0
male/95/0_DHA_13_1_32.jpg,95,DHA,,Male,13,,32,1.0
male/95/0_DHA_13_1_32.jpg,95,DHA,,Male,13,,32,1.0
male/95/0_DHA_13_1_32.jpg,95,DHA,,Male,13,,32,1.0
male/95/0_DHA_13_1_32.jpg,95,DHA,,Male,13,,32,1.0
male/95/0_DHA_13_1_32.jpg,95,DHA,,Male,13,,32,1.0
male/95/0_DHA_13_1_32.jpg,95,DHA,,Male,13,,32,1.0
male/95/0_DHA_13_1_32.jpg,95,DHA,,Male,13,,32,1.0
male/95/0_DHA_13_1_32.jpg,95,DHA,,Male,13,,32,1.0
male/95/0_DHA_13_1_32.jpg,95,DHA,,Male,13,,32,1.0
male/95/0_DHA_13_1_32.jpg,95,DHA,,Male,13,,32,1.0
male/95/0_DHA_13_1_32.jpg,95,DHA,,Male,13,,32,1.0
male/95/0_DHA_13_1_32.jpg,95,DHA,,Male,13,,32,1.0
male/95/0_DHA_13_1_32.jpg,95,DHA,,Male,13,,32,1.0
male/95/0_DHA_13_1_521.jpg,95,DHA,,Male,13,,521,1.0
male/95/0_DHA_13_1_521.jpg,95,DHA,,Male,13,,521,1.0
male/95/0_DHA_13_1_521.jpg,95,DHA,,Male,13,,521,1.0
male/95/0_DHA_13_1_521.jpg,95,DHA,,Male,13,,521,1.0
male/95/0_DHA_13_1_521.jpg,95,DHA,,Male,13,,521,1.0
male/95/0_DHA_13_1_521.jpg,95,DHA,,Male,13,,521,1.0
male/95/0_DHA_13_1_521.jpg,95,DHA,,Male,13,,521,1.0
male/95/0_DHA_13_1_521.jpg,95,DHA,,Male,13,,521,1.0
male/95/0_DHA_13_1_521.jpg,95,DHA,,Male,13,,521,1.0
male/95/0_DHA_13_1_521.jpg,95,DHA,,Male,13,,521,1.0
male/95/0_DHA_13_1_521.jpg,95,DHA,,Male,13,,521,1.0
male/95/0_DHA_13_1_521.jpg,95,DHA,,Male,13,,521,1.0
male/95/0_DHA_13_1_521.jpg,95,DHA,,Male,13,,521,1.0
male/95/0_DHA_13_1_521.jpg,95,DHA,,Male,13,,521,1.0
male/95/0_DHA_13_1_521.jpg,95,DHA,,Male,13,,521,1.0
male/95/0_DHA_13_1_521.jpg,95,DHA,,Male,13,,521,1.0
male/95/0_DHA_13_1_521.jpg,95,DHA,,Male,13,,521,1.0
male/95/0_DHA_13_1_521.jpg,95,DHA,,Male,13,,521,1.0
male/95/0_DHA_13_1_521.jpg,95,DHA,,Male,13,,521,1.0
male/95/0_DHA_13_1_521.jpg,95,DHA,,Male,13,,521,1.0
male/95/0_DHA_13_1_521.jpg,95,DHA,,Male,13,,521,1.0
male/95/0_DHA_13_1_521.jpg,95,DHA,,Male,13,,521,1.0
male/95/0_DHA_13_1_521.jpg,95,DHA,,Male,13,,521,1.0
male/95/0_DHA_13_1_521.jpg,95,DHA,,Male,13,,521,1.0
male/95/0_DHA_13_1_521.jpg,95,DHA,,Male,13,,521,1.0
male/95/0_DHA_13_1_521.jpg,95,DHA,,Male,13,,521,1.0
male/95/0_DHA_13_1_521.jpg,95,DHA,,Male,13,,521,1.0
male/95/0_DHA_13_1_521.jpg,95,DHA,,Male,13,,521,1.0
male/95/0_DHA_13_1_521.jpg,95,DHA,,Male,13,,521,1.0
male/95/0_DHA_13_1_521.jpg,95,DHA,,Male,13,,521,1.0
male/95/0_DHA_13_1_521.jpg,95,DHA,,Male,13,,521,1.0
male/95/0_DHA_13_1_521.jpg,95,DHA,,Male,13,,521,1.0
male/95/0_DHA_13_1_521.jpg,95,DHA,,Male,13,,521,1.0
male/95/0_DHA_13_1_521.jpg,95,DHA,,Male,13,,521,1.0
male/95/0_DHA_13_1_521.jpg,95,DHA,,Male,13,,521,1.0
male/95/0_DHA_13_1_521.jpg,95,DHA,,Male,13,,521,1.0
male/95/0_DHA_13_1_521.jpg,95,DHA,,Male,13,,521,1.0
male/95/0_DHA_13_1_521.jpg,95,DHA,,Male,13,,521,1.0
male/95/0_DHA_13_1_521.jpg,95,DHA,,Male,13,,521,1.0
male/95/0_DHA_13_1_521.jpg,95,DHA,,Male,13,,521,1.0
male/95/0_DHA_13_1_521.jpg,95,DHA,,Male,13,,521,1.0
male/95/0_DHA_13_1_521.jpg,95,DHA,,Male,13,,521,1.0
male/95/0_DHA_13_1_521.jpg,95,DHA,,Male,13,,521,1.0
male/95/0_DHA_13_1_521.jpg,95,DHA,,Male,13,,521,1.0
male/95/0_DHA_13_1_521.jpg,95,DHA,,Male,13,,521,1.0
male/95/0_DHA_13_1_521.jpg,95,DHA,,Male,13,,521,1.0
male/95/0_DHA_13_1_521.jpg,95,DHA,,Male,13,,521,1.0
male/95/0_DHA_13_1_521.jpg,95,DHA,,Male,13,,521,1.0
male/95/0_DHA_13_1_521.jpg,95,DHA,,Male,13,,521,1.0
male/95/0_DHA_13_1_521.jpg,95,DHA,,Male,13,,521,1.0
male/95/0_DHA_13_1_521.jpg,95,DHA,,Male,13,,521,1.0
male/95/0_DHA_13_1_521.jpg,95,DHA,,Male,13,,521,1.0
male/95/0_DHA_13_1_521.jpg,95,DHA,,Male,13,,521,1.0
male/95/0_DHA_13_1_521.jpg,95,DHA,,Male,13,,521,1.0
male/95/0_DHA_13_1_521.jpg,95,DHA,,Male,13,,521,1.0
male/95/0_DHA_13_1_521.jpg,95,DHA,,Male,13,,521,1.0
male/95/0_DHA_13_1_521.jpg,95,DHA,,Male,13,,521,1.0
male/95/0_DHA_13_1_521.jpg,95,DHA,,Male,13,,521,1.0
male/95/0_DHA_13_1_521.jpg,95,DHA,,Male,13,,521,1.0
male/95/0_DHA_13_1_521.jpg,95,DHA,,Male,13,,521,1.0
male/95/0_DHA_13_1_521.jpg,95,DHA,,Male,13,,521,1.0
male/95/0_DHA_13_1_521.jpg,95,DHA,,Male,13,,521,1.0
male/95/0_DHA_13_1_521.jpg,95,DHA,,Male,13,,521,1.0
male/95/0_DHA_13_1_521.jpg,95,DHA,,Male,13,,521,1.0
male/95/0_DHA_13_1_521.jpg,95,DHA,,Male,13,,521,1.0
male/95/0_DHA_13_1_521.jpg,95,DHA,,Male,13,,521,1.0
male/95/0_DHA_13_1_521.jpg,95,DHA,,Male,13,,521,1.0
male/95/0_DHA_13_1_521.jpg,95,DHA,,Male,13,,521,1.0
male/95/0_DHA_14_1_1169.jpg,95,DHA,,Male,14,,1169,1.0
male/95/0_DHA_14_1_1169.jpg,95,DHA,,Male,14,,1169,1.0
male/95/0_DHA_14_1_1169.jpg,95,DHA,,Male,14,,1169,1.0
male/95/0_DHA_14_1_1169.jpg,95,DHA,,Male,14,,1169,1.0
male/95/0_DHA_14_1_1169.jpg,95,DHA,,Male,14,,1169,1.0
male/95/0_DHA_14_1_1169.jpg,95,DHA,,Male,14,,1169,1.0
male/95/0_DHA_14_1_1169.jpg,95,DHA,,Male,14,,1169,1.0
male/95/0_DHA_14_1_1169.jpg,95,DHA,,Male,14,,1169,1.0
male/95/0_DHA_14_1_1169.jpg,95,DHA,,Male,14,,1169,1.0
male/95/0_DHA_14_1_1169.jpg,95,DHA,,Male,14,,1169,1.0
male/95/0_DHA_14_1_1169.jpg,95,DHA,,Male,14,,1169,1.0
male/95/0_DHA_14_1_1169.jpg,95,DHA,,Male,14,,1169,1.0
male/95/0_DHA_14_1_1169.jpg,95,DHA,,Male,14,,1169,1.0
male/95/0_DHA_14_1_1169.jpg,95,DHA,,Male,14,,1169,1.0
male/95/0_DHA_14_1_1169.jpg,95,DHA,,Male,14,,1169,1.0
male/95/0_DHA_14_1_1169.jpg,95,DHA,,Male,14,,1169,1.0
male/95/0_DHA_14_1_1169.jpg,95,DHA,,Male,14,,1169,1.0
male/95/0_DHA_14_1_1169.jpg,95,DHA,,Male,14,,1169,1.0
male/95/0_DHA_14_1_1169.jpg,95,DHA,,Male,14,,1169,1.0
male/95/0_DHA_14_1_1169.jpg,95,DHA,,Male,14,,1169,1.0
male/95/0_DHA_14_1_1169.jpg,95,DHA,,Male,14,,1169,1.0
male/95/0_DHA_14_1_1169.jpg,95,DHA,,Male,14,,1169,1.0
male/95/0_DHA_14_1_1169.jpg,95,DHA,,Male,14,,1169,1.0
male/95/0_DHA_14_1_1169.jpg,95,DHA,,Male,14,,1169,1.0
male/95/0_DHA_14_1_1169.jpg,95,DHA,,Male,14,,1169,1.0
male/95/0_DHA_14_1_1169.jpg,95,DHA,,Male,14,,1169,1.0
male/95/0_DHA_14_1_1169.jpg,95,DHA,,Male,14,,1169,1.0
male/95/0_DHA_14_1_1169.jpg,95,DHA,,Male,14,,1169,1.0
male/95/0_DHA_14_1_1169.jpg,95,DHA,,Male,14,,1169,1.0
male/95/0_DHA_14_1_1169.jpg,95,DHA,,Male,14,,1169,1.0
male/95/0_DHA_14_1_1169.jpg,95,DHA,,Male,14,,1169,1.0
male/95/0_DHA_14_1_1169.jpg,95,DHA,,Male,14,,1169,1.0
male/95/0_DHA_14_1_1169.jpg,95,DHA,,Male,14,,1169,1.0
male/95/0_DHA_14_1_1169.jpg,95,DHA,,Male,14,,1169,1.0
male/95/0_DHA_14_1_1169.jpg,95,DHA,,Male,14,,1169,1.0
male/95/0_DHA_14_1_1169.jpg,95,DHA,,Male,14,,1169,1.0
male/95/0_DHA_14_1_1169.jpg,95,DHA,,Male,14,,1169,1.0
male/95/0_DHA_14_1_1169.jpg,95,DHA,,Male,14,,1169,1.0
male/95/0_DHA_14_1_1169.jpg,95,DHA,,Male,14,,1169,1.0
male/95/0_DHA_14_1_1169.jpg,95,DHA,,Male,14,,1169,1.0
male/95/0_DHA_14_1_1169.jpg,95,DHA,,Male,14,,1169,1.0
male/95/0_DHA_14_1_1169.jpg,95,DHA,,Male,14,,1169,1.0
male/95/0_DHA_14_1_1169.jpg,95,DHA,,Male,14,,1169,1.0
male/95/0_DHA_14_1_1169.jpg,95,DHA,,Male,14,,1169,1.0
male/95/0_DHA_14_1_1169.jpg,95,DHA,,Male,14,,1169,1.0
male/95/0_DHA_14_1_1169.jpg,95,DHA,,Male,14,,1169,1.0
male/95/0_DHA_14_1_1169.jpg,95,DHA,,Male,14,,1169,1.0
male/95/0_DHA_14_1_1169.jpg,95,DHA,,Male,14,,1169,1.0
male/95/0_DHA_14_1_1169.jpg,95,DHA,,Male,14,,1169,1.0
male/95/0_DHA_14_1_1169.jpg,95,DHA,,Male,14,,1169,1.0
male/95/0_DHA_15_1_590.jpg,95,DHA,,Male,15,,590,1.0
male/95/0_DHA_15_1_590.jpg,95,DHA,,Male,15,,590,1.0
male/95/0_DHA_15_1_590.jpg,95,DHA,,Male,15,,590,1.0
male/95/0_DHA_15_1_590.jpg,95,DHA,,Male,15,,590,1.0
male/95/0_DHA_15_1_590.jpg,95,DHA,,Male,15,,590,1.0
male/95/0_DHA_15_1_590.jpg,95,DHA,,Male,15,,590,1.0
male/95/0_DHA_15_1_590.jpg,95,DHA,,Male,15,,590,1.0
male/95/0_DHA_15_1_590.jpg,95,DHA,,Male,15,,590,1.0
male/95/0_DHA_15_1_590.jpg,95,DHA,,Male,15,,590,1.0
male/95/0_DHA_15_1_590.jpg,95,DHA,,Male,15,,590,1.0
male/95/0_DHA_15_1_590.jpg,95,DHA,,Male,15,,590,1.0
male/95/0_DHA_15_1_590.jpg,95,DHA,,Male,15,,590,1.0
male/95/0_DHA_15_1_590.jpg,95,DHA,,Male,15,,590,1.0
male/95/0_DHA_15_1_590.jpg,95,DHA,,Male,15,,590,1.0
male/95/0_DHA_15_1_590.jpg,95,DHA,,Male,15,,590,1.0
male/95/0_DHA_15_1_590.jpg,95,DHA,,Male,15,,590,1.0
male/95/0_DHA_15_1_590.jpg,95,DHA,,Male,15,,590,1.0
male/95/0_DHA_15_1_590.jpg,95,DHA,,Male,15,,590,1.0
male/95/0_DHA_15_1_590.jpg,95,DHA,,Male,15,,590,1.0
male/95/0_DHA_15_1_590.jpg,95,DHA,,Male,15,,590,1.0
male/95/0_DHA_15_1_590.jpg,95,DHA,,Male,15,,590,1.0
male/95/0_DHA_15_1_590.jpg,95,DHA,,Male,15,,590,1.0
male/95/0_DHA_15_1_590.jpg,95,DHA,,Male,15,,590,1.0
male/95/0_DHA_15_1_590.jpg,95,DHA,,Male,15,,590,1.0
male/95/0_DHA_15_1_590.jpg,95,DHA,,Male,15,,590,1.0
male/95/0_DHA_15_1_590.jpg,95,DHA,,Male,15,,590,1.0
male/95/0_DHA_15_1_590.jpg,95,DHA,,Male,15,,590,1.0
male/95/0_DHA_15_1_590.jpg,95,DHA,,Male,15,,590,1.0
male/95/0_DHA_15_1_590.jpg,95,DHA,,Male,15,,590,1.0
male/95/0_DHA_15_1_590.jpg,95,DHA,,Male,15,,590,1.0
male/95/0_DHA_15_1_590.jpg,95,DHA,,Male,15,,590,1.0
male/95/0_DHA_15_1_590.jpg,95,DHA,,Male,15,,590,1.0
male/95/0_DHA_15_1_590.jpg,95,DHA,,Male,15,,590,1.0
male/95/0_DHA_15_1_590.jpg,95,DHA,,Male,15,,590,1.0
male/95/0_DHA_15_1_590.jpg,95,DHA,,Male,15,,590,1.0
male/95/0_DHA_15_1_590.jpg,95,DHA,,Male,15,,590,1.0
male/95/0_DHA_15_1_590.jpg,95,DHA,,Male,15,,590,1.0
male/95/0_DHA_15_1_590.jpg,95,DHA,,Male,15,,590,1.0
male/95/0_DHA_15_1_590.jpg,95,DHA,,Male,15,,590,1.0
male/95/0_DHA_15_1_590.jpg,95,DHA,,Male,15,,590,1.0
male/95/0_DHA_15_1_590.jpg,95,DHA,,Male,15,,590,1.0
male/95/0_DHA_15_1_590.jpg,95,DHA,,Male,15,,590,1.0
male/95/0_DHA_15_1_590.jpg,95,DHA,,Male,15,,590,1.0
male/95/0_DHA_15_1_590.jpg,95,DHA,,Male,15,,590,1.0
male/95/0_DHA_15_1_590.jpg,95,DHA,,Male,15,,590,1.0
male/95/0_DHA_15_1_590.jpg,95,DHA,,Male,15,,590,1.0
male/95/0_DHA_15_1_590.jpg,95,DHA,,Male,15,,590,1.0
male/95/0_DHA_15_1_590.jpg,95,DHA,,Male,15,,590,1.0
male/95/0_DHA_15_1_590.jpg,95,DHA,,Male,15,,590,1.0
male/95/0_DHA_15_1_590.jpg,95,DHA,,Male,15,,590,1.0
male/95/0_DHA_15_1_590.jpg,95,DHA,,Male,15,,590,1.0
male/95/0_DHA_15_1_590.jpg,95,DHA,,Male,15,,590,1.0
male/95/0_DHA_15_1_590.jpg,95,DHA,,Male,15,,590,1.0
male/95/0_DHA_15_1_590.jpg,95,DHA,,Male,15,,590,1.0
male/95/0_DHA_15_1_590.jpg,95,DHA,,Male,15,,590,1.0
male/95/0_DHA_15_1_590.jpg,95,DHA,,Male,15,,590,1.0
male/95/0_DHA_15_1_590.jpg,95,DHA,,Male,15,,590,1.0
male/95/0_DHA_15_1_590.jpg,95,DHA,,Male,15,,590,1.0
male/95/0_DHA_15_1_590.jpg,95,DHA,,Male,15,,590,1.0
male/95/0_DHA_15_1_590.jpg,95,DHA,,Male,15,,590,1.0
male/95/0_DHA_15_1_590.jpg,95,DHA,,Male,15,,590,1.0
male/95/0_DHA_15_1_590.jpg,95,DHA,,Male,15,,590,1.0
male/95/0_DHA_15_1_595.jpg,95,DHA,,Male,15,,595,1.0
male/95/0_DHA_15_1_595.jpg,95,DHA,,Male,15,,595,1.0
male/95/0_DHA_15_1_595.jpg,95,DHA,,Male,15,,595,1.0
male/95/0_DHA_15_1_595.jpg,95,DHA,,Male,15,,595,1.0
male/95/0_DHA_15_1_595.jpg,95,DHA,,Male,15,,595,1.0
male/95/0_DHA_15_1_595.jpg,95,DHA,,Male,15,,595,1.0
male/95/0_DHA_15_1_595.jpg,95,DHA,,Male,15,,595,1.0
male/95/0_DHA_15_1_595.jpg,95,DHA,,Male,15,,595,1.0
male/95/0_DHA_15_1_595.jpg,95,DHA,,Male,15,,595,1.0
male/95/0_DHA_15_1_595.jpg,95,DHA,,Male,15,,595,1.0
male/95/0_DHA_15_1_595.jpg,95,DHA,,Male,15,,595,1.0
male/95/0_DHA_15_1_595.jpg,95,DHA,,Male,15,,595,1.0
male/95/0_DHA_15_1_595.jpg,95,DHA,,Male,15,,595,1.0
male/95/0_DHA_15_1_595.jpg,95,DHA,,Male,15,,595,1.0
male/95/0_DHA_15_1_595.jpg,95,DHA,,Male,15,,595,1.0
male/95/0_DHA_15_1_595.jpg,95,DHA,,Male,15,,595,1.0
male/95/0_DHA_15_1_595.jpg,95,DHA,,Male,15,,595,1.0
male/95/0_DHA_15_1_595.jpg,95,DHA,,Male,15,,595,1.0
male/95/0_DHA_15_1_595.jpg,95,DHA,,Male,15,,595,1.0
male/95/0_DHA_15_1_595.jpg,95,DHA,,Male,15,,595,1.0
male/95/0_DHA_15_1_595.jpg,95,DHA,,Male,15,,595,1.0
male/95/0_DHA_15_1_595.jpg,95,DHA,,Male,15,,595,1.0
male/95/0_DHA_15_1_595.jpg,95,DHA,,Male,15,,595,1.0
male/95/0_DHA_15_1_595.jpg,95,DHA,,Male,15,,595,1.0
male/95/0_DHA_15_1_595.jpg,95,DHA,,Male,15,,595,1.0
male/95/0_DHA_15_1_595.jpg,95,DHA,,Male,15,,595,1.0
male/95/0_DHA_15_1_595.jpg,95,DHA,,Male,15,,595,1.0
male/95/0_DHA_15_1_595.jpg,95,DHA,,Male,15,,595,1.0
male/95/0_DHA_15_1_595.jpg,95,DHA,,Male,15,,595,1.0
male/95/0_DHA_15_1_595.jpg,95,DHA,,Male,15,,595,1.0
male/95/0_DHA_15_1_595.jpg,95,DHA,,Male,15,,595,1.0
male/95/0_DHA_15_1_595.jpg,95,DHA,,Male,15,,595,1.0
male/95/0_DHA_15_1_595.jpg,95,DHA,,Male,15,,595,1.0
male/95/0_DHA_15_1_595.jpg,95,DHA,,Male,15,,595,1.0
male/95/0_DHA_15_1_595.jpg,95,DHA,,Male,15,,595,1.0
male/95/0_DHA_15_1_595.jpg,95,DHA,,Male,15,,595,1.0
male/95/0_DHA_15_1_595.jpg,95,DHA,,Male,15,,595,1.0
male/95/0_DHA_15_1_595.jpg,95,DHA,,Male,15,,595,1.0
male/95/0_DHA_15_1_595.jpg,95,DHA,,Male,15,,595,1.0
male/95/0_DHA_15_1_595.jpg,95,DHA,,Male,15,,595,1.0
male/95/0_DHA_15_1_595.jpg,95,DHA,,Male,15,,595,1.0
male/95/0_DHA_15_1_595.jpg,95,DHA,,Male,15,,595,1.0
male/95/0_DHA_15_1_595.jpg,95,DHA,,Male,15,,595,1.0
male/95/0_DHA_15_1_595.jpg,95,DHA,,Male,15,,595,1.0
male/95/0_DHA_15_1_595.jpg,95,DHA,,Male,15,,595,1.0
male/95/0_DHA_15_1_595.jpg,95,DHA,,Male,15,,595,1.0
male/95/0_DHA_15_1_595.jpg,95,DHA,,Male,15,,595,1.0
male/95/0_DHA_15_1_595.jpg,95,DHA,,Male,15,,595,1.0
male/95/0_DHA_15_1_825.jpg,95,DHA,,Male,15,,825,1.0
male/95/0_DHA_15_1_825.jpg,95,DHA,,Male,15,,825,1.0
male/95/0_DHA_15_1_825.jpg,95,DHA,,Male,15,,825,1.0
male/95/0_DHA_15_1_825.jpg,95,DHA,,Male,15,,825,1.0
male/95/0_DHA_15_1_825.jpg,95,DHA,,Male,15,,825,1.0
male/95/0_DHA_15_1_825.jpg,95,DHA,,Male,15,,825,1.0
male/95/0_DHA_15_1_825.jpg,95,DHA,,Male,15,,825,1.0
male/95/0_DHA_15_1_825.jpg,95,DHA,,Male,15,,825,1.0
male/95/0_DHA_15_1_825.jpg,95,DHA,,Male,15,,825,1.0
male/95/0_DHA_15_1_825.jpg,95,DHA,,Male,15,,825,1.0
male/95/0_DHA_15_1_825.jpg,95,DHA,,Male,15,,825,1.0
male/95/0_DHA_15_1_825.jpg,95,DHA,,Male,15,,825,1.0
male/95/0_DHA_15_1_825.jpg,95,DHA,,Male,15,,825,1.0
male/95/0_DHA_15_1_825.jpg,95,DHA,,Male,15,,825,1.0
male/95/0_DHA_15_1_825.jpg,95,DHA,,Male,15,,825,1.0
male/95/0_DHA_15_1_825.jpg,95,DHA,,Male,15,,825,1.0
male/95/0_DHA_15_1_825.jpg,95,DHA,,Male,15,,825,1.0
male/95/0_DHA_15_1_825.jpg,95,DHA,,Male,15,,825,1.0
male/95/0_DHA_15_1_825.jpg,95,DHA,,Male,15,,825,1.0
male/95/0_DHA_15_1_825.jpg,95,DHA,,Male,15,,825,1.0
male/95/0_DHA_15_1_825.jpg,95,DHA,,Male,15,,825,1.0
male/95/0_DHA_15_1_825.jpg,95,DHA,,Male,15,,825,1.0
male/95/0_DHA_15_1_825.jpg,95,DHA,,Male,15,,825,1.0
male/95/0_DHA_15_1_825.jpg,95,DHA,,Male,15,,825,1.0
male/95/0_DHA_15_1_825.jpg,95,DHA,,Male,15,,825,1.0
male/95/0_DHA_15_1_825.jpg,95,DHA,,Male,15,,825,1.0
male/95/0_DHA_15_1_825.jpg,95,DHA,,Male,15,,825,1.0
male/95/0_DHA_15_1_825.jpg,95,DHA,,Male,15,,825,1.0
male/95/0_DHA_15_1_825.jpg,95,DHA,,Male,15,,825,1.0
male/95/0_DHA_15_1_825.jpg,95,DHA,,Male,15,,825,1.0
male/95/0_DHA_15_1_825.jpg,95,DHA,,Male,15,,825,1.0
male/95/0_DHA_15_1_825.jpg,95,DHA,,Male,15,,825,1.0
male/95/0_DHA_15_1_825.jpg,95,DHA,,Male,15,,825,1.0
male/95/0_DHA_15_1_825.jpg,95,DHA,,Male,15,,825,1.0
male/95/0_DHA_15_1_825.jpg,95,DHA,,Male,15,,825,1.0
male/95/0_DHA_15_1_825.jpg,95,DHA,,Male,15,,825,1.0
male/95/0_DHA_15_1_825.jpg,95,DHA,,Male,15,,825,1.0
male/95/0_DHA_15_1_825.jpg,95,DHA,,Male,15,,825,1.0
male/95/0_DHA_15_1_825.jpg,95,DHA,,Male,15,,825,1.0
male/95/0_DHA_15_1_825.jpg,95,DHA,,Male,15,,825,1.0
male/95/0_DHA_15_1_825.jpg,95,DHA,,Male,15,,825,1.0
male/95/0_DHA_15_1_825.jpg,95,DHA,,Male,15,,825,1.0
male/95/0_DHA_15_1_825.jpg,95,DHA,,Male,15,,825,1.0
male/95/0_DHA_15_1_825.jpg,95,DHA,,Male,15,,825,1.0
male/95/0_DHA_15_1_825.jpg,95,DHA,,Male,15,,825,1.0
male/95/0_DHA_15_1_825.jpg,95,DHA,,Male,15,,825,1.0
male/95/0_DHA_15_1_825.jpg,95,DHA,,Male,15,,825,1.0
male/95/0_DHA_15_1_825.jpg,95,DHA,,Male,15,,825,1.0
male/95/0_DHA_15_1_825.jpg,95,DHA,,Male,15,,825,1.0
male/95/0_DHA_15_1_825.jpg,95,DHA,,Male,15,,825,1.0
male/95/0_DHA_15_1_825.jpg,95,DHA,,Male,15,,825,1.0
male/95/0_DHA_15_1_825.jpg,95,DHA,,Male,15,,825,1.0
male/95/0_DHA_15_1_825.jpg,95,DHA,,Male,15,,825,1.0
male/95/0_DHA_15_1_825.jpg,95,DHA,,Male,15,,825,1.0
male/95/0_DHA_15_1_825.jpg,95,DHA,,Male,15,,825,1.0
male/95/0_DHA_15_1_825.jpg,95,DHA,,Male,15,,825,1.0
male/95/0_DHA_15_1_825.jpg,95,DHA,,Male,15,,825,1.0
male/95/0_DHA_15_1_825.jpg,95,DHA,,Male,15,,825,1.0
male/95/0_DHA_15_1_825.jpg,95,DHA,,Male,15,,825,1.0
male/95/0_DHA_15_1_825.jpg,95,DHA,,Male,15,,825,1.0
male/95/0_DHA_15_1_825.jpg,95,DHA,,Male,15,,825,1.0
male/95/0_DHA_15_1_825.jpg,95,DHA,,Male,15,,825,1.0
male/95/0_DHA_15_1_825.jpg,95,DHA,,Male,15,,825,1.0
male/95/0_DHA_15_1_825.jpg,95,DHA,,Male,15,,825,1.0
male/95/0_DHA_15_1_825.jpg,95,DHA,,Male,15,,825,1.0
male/95/0_DHA_15_1_825.jpg,95,DHA,,Male,15,,825,1.0
male/95/0_DHA_15_1_825.jpg,95,DHA,,Male,15,,825,1.0
male/95/0_DHA_15_1_825.jpg,95,DHA,,Male,15,,825,1.0
male/95/0_DHA_15_1_825.jpg,95,DHA,,Male,15,,825,1.0
male/95/0_DHA_15_1_825.jpg,95,DHA,,Male,15,,825,1.0
male/95/0_DHA_17_2_144.jpg,95,DHA,,Male,17,,144,2.0
male/95/0_DHA_17_2_144.jpg,95,DHA,,Male,17,,144,2.0
male/95/0_DHA_17_2_144.jpg,95,DHA,,Male,17,,144,2.0
male/95/0_DHA_17_2_144.jpg,95,DHA,,Male,17,,144,2.0
male/95/0_DHA_17_2_144.jpg,95,DHA,,Male,17,,144,2.0
male/95/0_DHA_17_2_144.jpg,95,DHA,,Male,17,,144,2.0
male/95/0_DHA_17_2_144.jpg,95,DHA,,Male,17,,144,2.0
male/95/0_DHA_17_2_144.jpg,95,DHA,,Male,17,,144,2.0
male/95/0_DHA_17_2_144.jpg,95,DHA,,Male,17,,144,2.0
male/95/0_DHA_17_2_144.jpg,95,DHA,,Male,17,,144,2.0
male/95/0_DHA_17_2_144.jpg,95,DHA,,Male,17,,144,2.0
male/95/0_DHA_17_2_144.jpg,95,DHA,,Male,17,,144,2.0
male/95/0_DHA_17_2_144.jpg,95,DHA,,Male,17,,144,2.0
male/95/0_DHA_17_2_144.jpg,95,DHA,,Male,17,,144,2.0
male/95/0_DHA_17_2_144.jpg,95,DHA,,Male,17,,144,2.0
male/95/0_DHA_17_2_144.jpg,95,DHA,,Male,17,,144,2.0
male/95/0_DHA_17_2_144.jpg,95,DHA,,Male,17,,144,2.0
male/95/0_DHA_17_2_144.jpg,95,DHA,,Male,17,,144,2.0
male/95/0_DHA_17_2_144.jpg,95,DHA,,Male,17,,144,2.0
male/95/0_DHA_17_2_144.jpg,95,DHA,,Male,17,,144,2.0
male/95/0_DHA_17_2_144.jpg,95,DHA,,Male,17,,144,2.0
male/95/0_DHA_17_2_144.jpg,95,DHA,,Male,17,,144,2.0
male/95/0_DHA_17_2_144.jpg,95,DHA,,Male,17,,144,2.0
male/95/0_DHA_17_2_144.jpg,95,DHA,,Male,17,,144,2.0
male/95/0_DHA_17_2_144.jpg,95,DHA,,Male,17,,144,2.0
male/95/0_DHA_17_2_144.jpg,95,DHA,,Male,17,,144,2.0
male/95/0_DHA_17_2_144.jpg,95,DHA,,Male,17,,144,2.0
male/95/0_DHA_17_2_144.jpg,95,DHA,,Male,17,,144,2.0
male/95/0_DHA_17_2_144.jpg,95,DHA,,Male,17,,144,2.0
male/95/0_DHA_17_2_144.jpg,95,DHA,,Male,17,,144,2.0
male/95/0_DHA_17_2_144.jpg,95,DHA,,Male,17,,144,2.0
male/95/0_DHA_17_2_144.jpg,95,DHA,,Male,17,,144,2.0
male/95/0_DHA_17_2_144.jpg,95,DHA,,Male,17,,144,2.0
male/95/0_DHA_17_2_144.jpg,95,DHA,,Male,17,,144,2.0
male/95/0_DHA_17_2_144.jpg,95,DHA,,Male,17,,144,2.0
male/95/0_DHA_17_2_144.jpg,95,DHA,,Male,17,,144,2.0
male/95/0_DHA_17_2_144.jpg,95,DHA,,Male,17,,144,2.0
male/95/0_DHA_17_2_144.jpg,95,DHA,,Male,17,,144,2.0
male/95/0_DHA_17_2_144.jpg,95,DHA,,Male,17,,144,2.0
male/95/0_DHA_17_2_144.jpg,95,DHA,,Male,17,,144,2.0
male/95/0_DHA_17_2_144.jpg,95,DHA,,Male,17,,144,2.0
male/95/0_DHA_17_2_144.jpg,95,DHA,,Male,17,,144,2.0
male/95/0_DHA_17_2_144.jpg,95,DHA,,Male,17,,144,2.0
male/95/0_DHA_17_2_144.jpg,95,DHA,,Male,17,,144,2.0
male/95/0_DHA_17_2_144.jpg,95,DHA,,Male,17,,144,2.0
male/95/0_DHA_17_2_144.jpg,95,DHA,,Male,17,,144,2.0
male/95/0_DHA_17_2_144.jpg,95,DHA,,Male,17,,144,2.0
male/95/0_DHA_17_2_144.jpg,95,DHA,,Male,17,,144,2.0
male/95/0_DHA_17_2_144.jpg,95,DHA,,Male,17,,144,2.0
male/95/0_DHA_18_1_447.jpg,95,DHA,,Male,18,,447,1.0
male/95/0_DHA_18_1_447.jpg,95,DHA,,Male,18,,447,1.0
male/95/0_DHA_18_1_447.jpg,95,DHA,,Male,18,,447,1.0
male/95/0_DHA_18_1_447.jpg,95,DHA,,Male,18,,447,1.0
male/95/0_DHA_18_1_447.jpg,95,DHA,,Male,18,,447,1.0
male/95/0_DHA_18_1_447.jpg,95,DHA,,Male,18,,447,1.0
male/95/0_DHA_18_1_447.jpg,95,DHA,,Male,18,,447,1.0
male/95/0_DHA_18_1_447.jpg,95,DHA,,Male,18,,447,1.0
male/95/0_DHA_18_1_447.jpg,95,DHA,,Male,18,,447,1.0
male/95/0_DHA_18_1_447.jpg,95,DHA,,Male,18,,447,1.0
male/95/0_DHA_18_1_447.jpg,95,DHA,,Male,18,,447,1.0
male/95/0_DHA_18_1_447.jpg,95,DHA,,Male,18,,447,1.0
male/95/0_DHA_18_1_447.jpg,95,DHA,,Male,18,,447,1.0
male/95/0_DHA_18_1_447.jpg,95,DHA,,Male,18,,447,1.0
male/95/0_DHA_18_1_447.jpg,95,DHA,,Male,18,,447,1.0
male/95/0_DHA_18_1_447.jpg,95,DHA,,Male,18,,447,1.0
male/95/0_DHA_18_1_447.jpg,95,DHA,,Male,18,,447,1.0
male/95/0_DHA_18_1_447.jpg,95,DHA,,Male,18,,447,1.0
male/95/0_DHA_18_1_447.jpg,95,DHA,,Male,18,,447,1.0
male/95/0_DHA_18_1_447.jpg,95,DHA,,Male,18,,447,1.0
male/95/0_DHA_18_1_447.jpg,95,DHA,,Male,18,,447,1.0
male/95/0_DHA_18_1_447.jpg,95,DHA,,Male,18,,447,1.0
male/95/0_DHA_18_1_447.jpg,95,DHA,,Male,18,,447,1.0
male/95/0_DHA_18_1_447.jpg,95,DHA,,Male,18,,447,1.0
male/95/0_DHA_18_1_447.jpg,95,DHA,,Male,18,,447,1.0
male/95/0_DHA_18_1_447.jpg,95,DHA,,Male,18,,447,1.0
male/95/0_DHA_18_1_447.jpg,95,DHA,,Male,18,,447,1.0
male/95/0_DHA_18_1_447.jpg,95,DHA,,Male,18,,447,1.0
male/95/0_DHA_18_1_447.jpg,95,DHA,,Male,18,,447,1.0
male/95/0_DHA_18_1_447.jpg,95,DHA,,Male,18,,447,1.0
male/95/0_DHA_18_1_447.jpg,95,DHA,,Male,18,,447,1.0
male/95/0_DHA_18_1_447.jpg,95,DHA,,Male,18,,447,1.0
male/95/0_DHA_18_1_447.jpg,95,DHA,,Male,18,,447,1.0
male/95/0_DHA_18_1_447.jpg,95,DHA,,Male,18,,447,1.0
male/95/0_DHA_18_1_447.jpg,95,DHA,,Male,18,,447,1.0
male/95/0_DHA_18_1_447.jpg,95,DHA,,Male,18,,447,1.0
male/95/0_DHA_18_1_447.jpg,95,DHA,,Male,18,,447,1.0
male/95/0_DHA_18_1_447.jpg,95,DHA,,Male,18,,447,1.0
male/95/0_DHA_18_1_447.jpg,95,DHA,,Male,18,,447,1.0
male/95/0_DHA_18_1_447.jpg,95,DHA,,Male,18,,447,1.0
male/95/0_DHA_18_1_447.jpg,95,DHA,,Male,18,,447,1.0
male/95/0_DHA_18_1_447.jpg,95,DHA,,Male,18,,447,1.0
male/95/0_DHA_18_1_447.jpg,95,DHA,,Male,18,,447,1.0
male/95/0_DHA_18_1_447.jpg,95,DHA,,Male,18,,447,1.0
male/95/0_DHA_18_1_447.jpg,95,DHA,,Male,18,,447,1.0
male/95/0_DHA_18_1_447.jpg,95,DHA,,Male,18,,447,1.0
male/95/0_DHA_18_1_447.jpg,95,DHA,,Male,18,,447,1.0
male/95/0_DHA_18_1_447.jpg,95,DHA,,Male,18,,447,1.0
male/95/0_DHA_18_1_447.jpg,95,DHA,,Male,18,,447,1.0
male/95/0_DHA_18_1_447.jpg,95,DHA,,Male,18,,447,1.0
male/95/0_DHA_18_1_447.jpg,95,DHA,,Male,18,,447,1.0
male/95/0_DHA_18_1_447.jpg,95,DHA,,Male,18,,447,1.0
male/95/0_DHA_18_1_447.jpg,95,DHA,,Male,18,,447,1.0
male/95/0_DHA_18_1_447.jpg,95,DHA,,Male,18,,447,1.0
male/95/0_DHA_18_1_447.jpg,95,DHA,,Male,18,,447,1.0
male/95/0_DHA_18_1_447.jpg,95,DHA,,Male,18,,447,1.0
male/95/0_DHA_18_1_447.jpg,95,DHA,,Male,18,,447,1.0
male/95/0_DHA_18_1_447.jpg,95,DHA,,Male,18,,447,1.0
male/95/0_DHA_18_1_447.jpg,95,DHA,,Male,18,,447,1.0
male/95/0_DHA_18_1_447.jpg,95,DHA,,Male,18,,447,1.0
male/95/0_DHA_18_1_447.jpg,95,DHA,,Male,18,,447,1.0
male/95/0_DHA_18_1_447.jpg,95,DHA,,Male,18,,447,1.0
male/95/0_DHA_18_1_447.jpg,95,DHA,,Male,18,,447,1.0
male/95/0_DHA_18_1_447.jpg,95,DHA,,Male,18,,447,1.0
male/95/0_DHA_18_1_447.jpg,95,DHA,,Male,18,,447,1.0
male/95/0_DHA_18_1_447.jpg,95,DHA,,Male,18,,447,1.0
male/95/0_DHA_18_2_166.jpg,95,DHA,,Male,18,,166,2.0
male/95/0_DHA_18_2_166.jpg,95,DHA,,Male,18,,166,2.0
male/95/0_DHA_18_2_166.jpg,95,DHA,,Male,18,,166,2.0
male/95/0_DHA_18_2_166.jpg,95,DHA,,Male,18,,166,2.0
male/95/0_DHA_18_2_166.jpg,95,DHA,,Male,18,,166,2.0
male/95/0_DHA_18_2_166.jpg,95,DHA,,Male,18,,166,2.0
male/95/0_DHA_18_2_166.jpg,95,DHA,,Male,18,,166,2.0
male/95/0_DHA_18_2_166.jpg,95,DHA,,Male,18,,166,2.0
male/95/0_DHA_18_2_166.jpg,95,DHA,,Male,18,,166,2.0
male/95/0_DHA_18_2_166.jpg,95,DHA,,Male,18,,166,2.0
male/95/0_DHA_18_2_166.jpg,95,DHA,,Male,18,,166,2.0
male/95/0_DHA_18_2_166.jpg,95,DHA,,Male,18,,166,2.0
male/95/0_DHA_18_2_166.jpg,95,DHA,,Male,18,,166,2.0
male/95/0_DHA_18_2_166.jpg,95,DHA,,Male,18,,166,2.0
male/95/0_DHA_18_2_166.jpg,95,DHA,,Male,18,,166,2.0
male/95/0_DHA_18_2_166.jpg,95,DHA,,Male,18,,166,2.0
male/95/0_DHA_18_2_166.jpg,95,DHA,,Male,18,,166,2.0
male/95/0_DHA_18_2_166.jpg,95,DHA,,Male,18,,166,2.0
male/95/0_DHA_18_2_166.jpg,95,DHA,,Male,18,,166,2.0
male/95/0_DHA_18_2_166.jpg,95,DHA,,Male,18,,166,2.0
male/95/0_DHA_18_2_166.jpg,95,DHA,,Male,18,,166,2.0
male/95/0_DHA_18_2_166.jpg,95,DHA,,Male,18,,166,2.0
male/95/0_DHA_18_2_166.jpg,95,DHA,,Male,18,,166,2.0
male/95/0_DHA_18_2_166.jpg,95,DHA,,Male,18,,166,2.0
male/95/0_DHA_18_2_166.jpg,95,DHA,,Male,18,,166,2.0
male/95/0_DHA_18_2_166.jpg,95,DHA,,Male,18,,166,2.0
male/95/0_DHA_18_2_166.jpg,95,DHA,,Male,18,,166,2.0
male/95/0_DHA_18_2_166.jpg,95,DHA,,Male,18,,166,2.0
male/95/0_DHA_18_2_166.jpg,95,DHA,,Male,18,,166,2.0
male/95/0_DHA_18_2_166.jpg,95,DHA,,Male,18,,166,2.0
male/95/0_DHA_18_2_166.jpg,95,DHA,,Male,18,,166,2.0
male/95/0_DHA_18_2_166.jpg,95,DHA,,Male,18,,166,2.0
male/95/0_DHA_18_2_166.jpg,95,DHA,,Male,18,,166,2.0
male/95/0_DHA_18_2_166.jpg,95,DHA,,Male,18,,166,2.0
male/95/0_DHA_18_2_166.jpg,95,DHA,,Male,18,,166,2.0
male/95/0_DHA_18_2_166.jpg,95,DHA,,Male,18,,166,2.0
male/95/0_DHA_18_2_166.jpg,95,DHA,,Male,18,,166,2.0
male/95/0_DHA_18_2_166.jpg,95,DHA,,Male,18,,166,2.0
male/95/0_DHA_18_2_166.jpg,95,DHA,,Male,18,,166,2.0
male/95/0_DHA_18_2_166.jpg,95,DHA,,Male,18,,166,2.0
male/95/0_DHA_18_2_166.jpg,95,DHA,,Male,18,,166,2.0
male/95/0_DHA_18_2_166.jpg,95,DHA,,Male,18,,166,2.0
male/95/0_DHA_18_2_166.jpg,95,DHA,,Male,18,,166,2.0
male/95/0_DHA_18_2_166.jpg,95,DHA,,Male,18,,166,2.0
male/95/0_DHA_18_2_166.jpg,95,DHA,,Male,18,,166,2.0
male/95/0_DHA_18_2_166.jpg,95,DHA,,Male,18,,166,2.0
male/95/0_DHA_18_2_166.jpg,95,DHA,,Male,18,,166,2.0
male/95/0_DHA_18_2_166.jpg,95,DHA,,Male,18,,166,2.0
male/95/0_DHA_18_2_166.jpg,95,DHA,,Male,18,,166,2.0
male/95/0_DHA_18_2_166.jpg,95,DHA,,Male,18,,166,2.0
male/95/0_DHA_18_2_166.jpg,95,DHA,,Male,18,,166,2.0
male/95/0_DHA_18_2_166.jpg,95,DHA,,Male,18,,166,2.0
male/95/0_DHA_18_2_166.jpg,95,DHA,,Male,18,,166,2.0
male/95/0_DHA_18_2_166.jpg,95,DHA,,Male,18,,166,2.0
male/95/0_DHA_18_2_379.jpg,95,DHA,,Male,18,,379,2.0
male/95/0_DHA_18_2_379.jpg,95,DHA,,Male,18,,379,2.0
male/95/0_DHA_18_2_379.jpg,95,DHA,,Male,18,,379,2.0
male/95/0_DHA_18_2_379.jpg,95,DHA,,Male,18,,379,2.0
male/95/0_DHA_18_2_379.jpg,95,DHA,,Male,18,,379,2.0
male/95/0_DHA_18_2_379.jpg,95,DHA,,Male,18,,379,2.0
male/95/0_DHA_18_2_379.jpg,95,DHA,,Male,18,,379,2.0
male/95/0_DHA_18_2_379.jpg,95,DHA,,Male,18,,379,2.0
male/95/0_DHA_18_2_379.jpg,95,DHA,,Male,18,,379,2.0
male/95/0_DHA_18_2_379.jpg,95,DHA,,Male,18,,379,2.0
male/95/0_DHA_18_2_379.jpg,95,DHA,,Male,18,,379,2.0
male/95/0_DHA_18_2_379.jpg,95,DHA,,Male,18,,379,2.0
male/95/0_DHA_18_2_379.jpg,95,DHA,,Male,18,,379,2.0
male/95/0_DHA_18_2_379.jpg,95,DHA,,Male,18,,379,2.0
male/95/0_DHA_18_2_379.jpg,95,DHA,,Male,18,,379,2.0
male/95/0_DHA_18_2_379.jpg,95,DHA,,Male,18,,379,2.0
male/95/0_DHA_18_2_379.jpg,95,DHA,,Male,18,,379,2.0
male/95/0_DHA_18_2_379.jpg,95,DHA,,Male,18,,379,2.0
male/95/0_DHA_18_2_379.jpg,95,DHA,,Male,18,,379,2.0
male/95/0_DHA_18_2_379.jpg,95,DHA,,Male,18,,379,2.0
male/95/0_DHA_18_2_379.jpg,95,DHA,,Male,18,,379,2.0
male/95/0_DHA_18_2_379.jpg,95,DHA,,Male,18,,379,2.0
male/95/0_DHA_18_2_379.jpg,95,DHA,,Male,18,,379,2.0
male/95/0_DHA_18_2_379.jpg,95,DHA,,Male,18,,379,2.0
male/95/0_DHA_18_2_379.jpg,95,DHA,,Male,18,,379,2.0
male/95/0_DHA_18_2_379.jpg,95,DHA,,Male,18,,379,2.0
male/95/0_DHA_18_2_379.jpg,95,DHA,,Male,18,,379,2.0
male/95/0_DHA_18_2_379.jpg,95,DHA,,Male,18,,379,2.0
male/95/0_DHA_18_2_379.jpg,95,DHA,,Male,18,,379,2.0
male/95/0_DHA_18_2_379.jpg,95,DHA,,Male,18,,379,2.0
male/95/0_DHA_18_2_379.jpg,95,DHA,,Male,18,,379,2.0
male/95/0_DHA_18_2_379.jpg,95,DHA,,Male,18,,379,2.0
male/95/0_DHA_18_2_379.jpg,95,DHA,,Male,18,,379,2.0
male/95/0_DHA_18_2_379.jpg,95,DHA,,Male,18,,379,2.0
male/95/0_DHA_18_2_379.jpg,95,DHA,,Male,18,,379,2.0
male/95/0_DHA_18_2_379.jpg,95,DHA,,Male,18,,379,2.0
male/95/0_DHA_18_2_379.jpg,95,DHA,,Male,18,,379,2.0
male/95/0_DHA_18_2_379.jpg,95,DHA,,Male,18,,379,2.0
male/95/0_DHA_18_2_379.jpg,95,DHA,,Male,18,,379,2.0
male/95/0_DHA_18_2_379.jpg,95,DHA,,Male,18,,379,2.0
male/95/0_DHA_18_2_379.jpg,95,DHA,,Male,18,,379,2.0
male/95/0_DHA_18_2_379.jpg,95,DHA,,Male,18,,379,2.0
male/95/0_DHA_18_2_379.jpg,95,DHA,,Male,18,,379,2.0
male/95/0_DHA_18_2_379.jpg,95,DHA,,Male,18,,379,2.0
male/95/0_DHA_18_2_379.jpg,95,DHA,,Male,18,,379,2.0
male/95/0_DHA_18_2_379.jpg,95,DHA,,Male,18,,379,2.0
male/95/0_DHA_18_2_379.jpg,95,DHA,,Male,18,,379,2.0
male/95/0_DHA_18_2_379.jpg,95,DHA,,Male,18,,379,2.0
male/95/0_DHA_18_2_379.jpg,95,DHA,,Male,18,,379,2.0
male/95/0_DHA_18_2_379.jpg,95,DHA,,Male,18,,379,2.0
male/95/0_DHA_18_2_379.jpg,95,DHA,,Male,18,,379,2.0
male/95/0_DHA_18_2_379.jpg,95,DHA,,Male,18,,379,2.0
male/95/0_DHA_18_2_379.jpg,95,DHA,,Male,18,,379,2.0
male/95/0_DHA_18_2_379.jpg,95,DHA,,Male,18,,379,2.0
male/95/0_DHA_18_2_379.jpg,95,DHA,,Male,18,,379,2.0
male/95/0_DHA_18_2_379.jpg,95,DHA,,Male,18,,379,2.0
male/95/0_DHA_18_2_379.jpg,95,DHA,,Male,18,,379,2.0
male/95/0_DHA_18_2_379.jpg,95,DHA,,Male,18,,379,2.0
male/95/0_DHA_18_2_379.jpg,95,DHA,,Male,18,,379,2.0
male/95/0_DHA_18_2_379.jpg,95,DHA,,Male,18,,379,2.0
male/95/0_DHA_18_2_379.jpg,95,DHA,,Male,18,,379,2.0
male/95/0_DHA_18_2_379.jpg,95,DHA,,Male,18,,379,2.0
male/95/0_DHA_18_2_379.jpg,95,DHA,,Male,18,,379,2.0
male/95/0_DHA_18_2_379.jpg,95,DHA,,Male,18,,379,2.0
male/95/0_DHA_19_2_92.jpg,95,DHA,,Male,19,,92,2.0
male/95/0_DHA_19_2_92.jpg,95,DHA,,Male,19,,92,2.0
male/95/0_DHA_19_2_92.jpg,95,DHA,,Male,19,,92,2.0
male/95/0_DHA_19_2_92.jpg,95,DHA,,Male,19,,92,2.0
male/95/0_DHA_19_2_92.jpg,95,DHA,,Male,19,,92,2.0
male/95/0_DHA_19_2_92.jpg,95,DHA,,Male,19,,92,2.0
male/95/0_DHA_19_2_92.jpg,95,DHA,,Male,19,,92,2.0
male/95/0_DHA_19_2_92.jpg,95,DHA,,Male,19,,92,2.0
male/95/0_DHA_19_2_92.jpg,95,DHA,,Male,19,,92,2.0
male/95/0_DHA_19_2_92.jpg,95,DHA,,Male,19,,92,2.0
male/95/0_DHA_19_2_92.jpg,95,DHA,,Male,19,,92,2.0
male/95/0_DHA_19_2_92.jpg,95,DHA,,Male,19,,92,2.0
male/95/0_DHA_19_2_92.jpg,95,DHA,,Male,19,,92,2.0
male/95/0_DHA_19_2_92.jpg,95,DHA,,Male,19,,92,2.0
male/95/0_DHA_19_2_92.jpg,95,DHA,,Male,19,,92,2.0
male/95/0_DHA_19_2_92.jpg,95,DHA,,Male,19,,92,2.0
male/95/0_DHA_19_2_92.jpg,95,DHA,,Male,19,,92,2.0
male/95/0_DHA_19_2_92.jpg,95,DHA,,Male,19,,92,2.0
male/95/0_DHA_19_2_92.jpg,95,DHA,,Male,19,,92,2.0
male/95/0_DHA_19_2_92.jpg,95,DHA,,Male,19,,92,2.0
male/95/0_DHA_19_2_92.jpg,95,DHA,,Male,19,,92,2.0
male/95/0_DHA_19_2_92.jpg,95,DHA,,Male,19,,92,2.0
male/95/0_DHA_19_2_92.jpg,95,DHA,,Male,19,,92,2.0
male/95/0_DHA_19_2_92.jpg,95,DHA,,Male,19,,92,2.0
male/95/0_DHA_19_2_92.jpg,95,DHA,,Male,19,,92,2.0
male/95/0_DHA_19_2_92.jpg,95,DHA,,Male,19,,92,2.0
male/95/0_DHA_19_2_92.jpg,95,DHA,,Male,19,,92,2.0
male/95/0_DHA_19_2_92.jpg,95,DHA,,Male,19,,92,2.0
male/95/0_DHA_19_2_92.jpg,95,DHA,,Male,19,,92,2.0
male/95/0_DHA_19_2_92.jpg,95,DHA,,Male,19,,92,2.0
male/95/0_DHA_19_2_92.jpg,95,DHA,,Male,19,,92,2.0
male/95/0_DHA_19_2_92.jpg,95,DHA,,Male,19,,92,2.0
male/95/0_DHA_19_2_92.jpg,95,DHA,,Male,19,,92,2.0
male/95/0_DHA_19_2_92.jpg,95,DHA,,Male,19,,92,2.0
male/95/0_DHA_19_2_92.jpg,95,DHA,,Male,19,,92,2.0
male/95/0_DHA_19_2_92.jpg,95,DHA,,Male,19,,92,2.0
male/95/0_DHA_19_2_92.jpg,95,DHA,,Male,19,,92,2.0
male/95/0_DHA_19_2_92.jpg,95,DHA,,Male,19,,92,2.0
male/95/0_DHA_19_2_92.jpg,95,DHA,,Male,19,,92,2.0
male/95/0_DHA_19_2_92.jpg,95,DHA,,Male,19,,92,2.0
male/95/0_DHA_19_2_92.jpg,95,DHA,,Male,19,,92,2.0
male/95/0_DHA_19_2_92.jpg,95,DHA,,Male,19,,92,2.0
male/95/0_DHA_19_2_92.jpg,95,DHA,,Male,19,,92,2.0
male/95/0_DHA_19_2_92.jpg,95,DHA,,Male,19,,92,2.0
male/95/0_DHA_19_2_92.jpg,95,DHA,,Male,19,,92,2.0
male/95/0_DHA_19_2_92.jpg,95,DHA,,Male,19,,92,2.0
male/95/0_DHA_19_2_92.jpg,95,DHA,,Male,19,,92,2.0
male/95/0_DHA_19_2_92.jpg,95,DHA,,Male,19,,92,2.0
male/95/0_DHA_19_2_92.jpg,95,DHA,,Male,19,,92,2.0
male/95/0_DHA_19_2_92.jpg,95,DHA,,Male,19,,92,2.0
male/95/0_DHA_19_2_92.jpg,95,DHA,,Male,19,,92,2.0
male/95/0_DHA_19_2_92.jpg,95,DHA,,Male,19,,92,2.0
male/95/0_DHA_19_2_92.jpg,95,DHA,,Male,19,,92,2.0
male/95/0_DHA_19_2_92.jpg,95,DHA,,Male,19,,92,2.0
male/95/0_DHA_19_2_92.jpg,95,DHA,,Male,19,,92,2.0
male/95/0_DHA_19_2_92.jpg,95,DHA,,Male,19,,92,2.0
male/95/0_DHA_19_2_92.jpg,95,DHA,,Male,19,,92,2.0
male/95/0_DHA_19_2_92.jpg,95,DHA,,Male,19,,92,2.0
