filepath,label,district,institution,gender,age,date,serial_number,character_class
female/0/1_DHA_17_2_176.jpg,0,DHA,,Female,17,,176,2.0
female/0/1_DHA_17_2_176.jpg,0,DHA,,Female,17,,176,2.0
female/0/1_DHA_17_2_176.jpg,0,DHA,,Female,17,,176,2.0
female/0/1_DHA_17_2_176.jpg,0,DHA,,Female,17,,176,2.0
female/0/1_DHA_17_2_176.jpg,0,DHA,,Female,17,,176,2.0
female/0/1_DHA_17_2_176.jpg,0,DHA,,Female,17,,176,2.0
female/0/1_DHA_17_2_176.jpg,0,DHA,,Female,17,,176,2.0
female/0/1_DHA_17_2_176.jpg,0,DHA,,Female,17,,176,2.0
female/0/1_DHA_17_2_176.jpg,0,DHA,,Female,17,,176,2.0
female/0/1_DHA_17_2_176.jpg,0,DHA,,Female,17,,176,2.0
female/0/1_DHA_17_2_176.jpg,0,DHA,,Female,17,,176,2.0
female/0/1_DHA_17_2_176.jpg,0,DHA,,Female,17,,176,2.0
female/0/1_DHA_17_2_176.jpg,0,DHA,,Female,17,,176,2.0
female/0/1_DHA_17_2_176.jpg,0,DHA,,Female,17,,176,2.0
female/0/1_DHA_17_2_176.jpg,0,DHA,,Female,17,,176,2.0
female/0/1_DHA_17_2_176.jpg,0,DHA,,Female,17,,176,2.0
female/0/1_DHA_17_2_176.jpg,0,DHA,,Female,17,,176,2.0
female/0/1_DHA_17_2_176.jpg,0,DHA,,Female,17,,176,2.0
female/0/1_DHA_17_2_176.jpg,0,DHA,,Female,17,,176,2.0
female/0/1_DHA_17_2_176.jpg,0,DHA,,Female,17,,176,2.0
female/0/1_DHA_17_2_176.jpg,0,DHA,,Female,17,,176,2.0
female/0/1_DHA_17_2_176.jpg,0,DHA,,Female,17,,176,2.0
female/0/1_DHA_17_2_176.jpg,0,DHA,,Female,17,,176,2.0
female/0/1_DHA_17_2_176.jpg,0,DHA,,Female,17,,176,2.0
female/0/1_DHA_17_2_176.jpg,0,DHA,,Female,17,,176,2.0
female/0/1_DHA_17_2_176.jpg,0,DHA,,Female,17,,176,2.0
female/0/1_DHA_17_2_176.jpg,0,DHA,,Female,17,,176,2.0
female/0/1_DHA_17_2_176.jpg,0,DHA,,Female,17,,176,2.0
female/0/1_DHA_17_2_176.jpg,0,DHA,,Female,17,,176,2.0
female/0/1_DHA_17_2_176.jpg,0,DHA,,Female,17,,176,2.0
female/0/1_DHA_17_2_176.jpg,0,DHA,,Female,17,,176,2.0
female/0/1_DHA_17_2_176.jpg,0,DHA,,Female,17,,176,2.0
female/0/1_DHA_17_2_176.jpg,0,DHA,,Female,17,,176,2.0
female/0/1_DHA_17_2_176.jpg,0,DHA,,Female,17,,176,2.0
female/0/1_DHA_17_2_176.jpg,0,DHA,,Female,17,,176,2.0
female/0/1_DHA_17_2_176.jpg,0,DHA,,Female,17,,176,2.0
female/0/1_DHA_17_2_176.jpg,0,DHA,,Female,17,,176,2.0
female/0/1_DHA_17_2_176.jpg,0,DHA,,Female,17,,176,2.0
female/0/1_DHA_17_2_176.jpg,0,DHA,,Female,17,,176,2.0
female/0/1_DHA_17_2_176.jpg,0,DHA,,Female,17,,176,2.0
female/0/1_DHA_17_2_176.jpg,0,DHA,,Female,17,,176,2.0
female/0/1_DHA_17_2_176.jpg,0,DHA,,Female,17,,176,2.0
female/0/1_DHA_17_2_176.jpg,0,DHA,,Female,17,,176,2.0
female/0/1_DHA_17_2_176.jpg,0,DHA,,Female,17,,176,2.0
female/0/1_DHA_17_2_176.jpg,0,DHA,,Female,17,,176,2.0
female/0/1_DHA_17_2_176.jpg,0,DHA,,Female,17,,176,2.0
female/0/1_DHA_17_2_176.jpg,0,DHA,,Female,17,,176,2.0
female/0/1_DHA_17_2_176.jpg,0,DHA,,Female,17,,176,2.0
female/0/1_DHA_17_2_176.jpg,0,DHA,,Female,17,,176,2.0
female/0/1_DHA_17_2_176.jpg,0,DHA,,Female,17,,176,2.0
female/0/1_DHA_17_2_176.jpg,0,DHA,,Female,17,,176,2.0
female/0/1_DHA_17_2_176.jpg,0,DHA,,Female,17,,176,2.0
female/0/1_DHA_17_2_176.jpg,0,DHA,,Female,17,,176,2.0
female/0/1_DHA_17_2_176.jpg,0,DHA,,Female,17,,176,2.0
female/0/1_DHA_17_2_176.jpg,0,DHA,,Female,17,,176,2.0
female/0/1_DHA_17_2_176.jpg,0,DHA,,Female,17,,176,2.0
female/0/1_DHA_17_2_176.jpg,0,DHA,,Female,17,,176,2.0
female/0/1_DHA_17_2_176.jpg,0,DHA,,Female,17,,176,2.0
female/0/1_DHA_17_2_176.jpg,0,DHA,,Female,17,,176,2.0
female/0/1_DHA_17_2_176.jpg,0,DHA,,Female,17,,176,2.0
female/0/1_DHA_17_2_176.jpg,0,DHA,,Female,17,,176,2.0
female/0/1_DHA_17_2_176.jpg,0,DHA,,Female,17,,176,2.0
female/0/1_DHA_17_2_176.jpg,0,DHA,,Female,17,,176,2.0
female/0/1_DHA_17_2_176.jpg,0,DHA,,Female,17,,176,2.0
female/0/1_DHA_17_2_176.jpg,0,DHA,,Female,17,,176,2.0
female/0/1_DHA_17_2_176.jpg,0,DHA,,Female,17,,176,2.0
female/0/1_DHA_17_2_176.jpg,0,DHA,,Female,17,,176,2.0
female/0/1_DHA_17_2_176.jpg,0,DHA,,Female,17,,176,2.0
female/0/1_DHA_17_2_176.jpg,0,DHA,,Female,17,,176,2.0
female/0/1_DHA_17_2_176.jpg,0,DHA,,Female,17,,176,2.0
female/0/1_DHA_17_2_176.jpg,0,DHA,,Female,17,,176,2.0
female/0/1_DHA_17_2_176.jpg,0,DHA,,Female,17,,176,2.0
female/0/1_DHA_17_2_176.jpg,0,DHA,,Female,17,,176,2.0
female/0/1_DHA_17_2_176.jpg,0,DHA,,Female,17,,176,2.0
female/0/1_DHA_17_2_176.jpg,0,DHA,,Female,17,,176,2.0
female/0/1_DHA_17_2_176.jpg,0,DHA,,Female,17,,176,2.0
female/0/1_DHA_17_2_176.jpg,0,DHA,,Female,17,,176,2.0
female/0/1_DHA_17_2_176.jpg,0,DHA,,Female,17,,176,2.0
female/0/1_DHA_17_2_176.jpg,0,DHA,,Female,17,,176,2.0
female/0/1_DHA_17_2_176.jpg,0,DHA,,Female,17,,176,2.0
female/0/1_DHA_17_2_176.jpg,0,DHA,,Female,17,,176,2.0
female/0/1_DHA_17_2_176.jpg,0,DHA,,Female,17,,176,2.0
female/0/1_DHA_17_2_176.jpg,0,DHA,,Female,17,,176,2.0
female/0/1_DHA_17_2_176.jpg,0,DHA,,Female,17,,176,2.0
female/0/1_DHA_17_2_176.jpg,0,DHA,,Female,17,,176,2.0
female/0/1_DHA_17_2_176.jpg,0,DHA,,Female,17,,176,2.0
female/0/1_DHA_17_2_176.jpg,0,DHA,,Female,17,,176,2.0
female/0/1_DHA_17_2_176.jpg,0,DHA,,Female,17,,176,2.0
female/0/1_DHA_17_2_176.jpg,0,DHA,,Female,17,,176,2.0
female/0/1_DHA_17_2_176.jpg,0,DHA,,Female,17,,176,2.0
female/0/1_DHA_17_2_176.jpg,0,DHA,,Female,17,,176,2.0
female/0/1_DHA_17_2_176.jpg,0,DHA,,Female,17,,176,2.0
female/0/1_DHA_17_2_176.jpg,0,DHA,,Female,17,,176,2.0
female/0/1_DHA_17_2_176.jpg,0,DHA,,Female,17,,176,2.0
female/0/1_DHA_17_2_176.jpg,0,DHA,,Female,17,,176,2.0
female/0/1_DHA_17_2_176.jpg,0,DHA,,Female,17,,176,2.0
female/0/1_DHA_17_2_176.jpg,0,DHA,,Female,17,,176,2.0
female/0/1_DHA_17_2_176.jpg,0,DHA,,Female,17,,176,2.0
female/0/1_DHA_17_2_176.jpg,0,DHA,,Female,17,,176,2.0
female/0/1_DHA_17_2_176.jpg,0,DHA,,Female,17,,176,2.0
female/0/1_DHA_17_2_176.jpg,0,DHA,,Female,17,,176,2.0
female/0/1_DHA_17_2_176.jpg,0,DHA,,Female,17,,176,2.0
female/0/1_DHA_17_2_176.jpg,0,DHA,,Female,17,,176,2.0
female/0/1_DHA_17_2_176.jpg,0,DHA,,Female,17,,176,2.0
female/0/1_DHA_17_2_176.jpg,0,DHA,,Female,17,,176,2.0
female/0/1_DHA_17_2_176.jpg,0,DHA,,Female,17,,176,2.0
female/0/1_DHA_17_2_176.jpg,0,DHA,,Female,17,,176,2.0
female/0/1_DHA_17_2_176.jpg,0,DHA,,Female,17,,176,2.0
female/0/1_DHA_17_2_176.jpg,0,DHA,,Female,17,,176,2.0
female/0/1_DHA_17_2_176.jpg,0,DHA,,Female,17,,176,2.0
female/0/1_DHA_17_2_176.jpg,0,DHA,,Female,17,,176,2.0
female/0/1_DHA_17_2_176.jpg,0,DHA,,Female,17,,176,2.0
female/0/1_DHA_17_2_176.jpg,0,DHA,,Female,17,,176,2.0
female/0/1_DHA_17_2_176.jpg,0,DHA,,Female,17,,176,2.0
female/0/1_DHA_17_2_176.jpg,0,DHA,,Female,17,,176,2.0
female/0/1_DHA_17_2_176.jpg,0,DHA,,Female,17,,176,2.0
female/0/1_DHA_17_2_176.jpg,0,DHA,,Female,17,,176,2.0
female/0/1_DHA_17_2_176.jpg,0,DHA,,Female,17,,176,2.0
female/0/1_DHA_17_2_176.jpg,0,DHA,,Female,17,,176,2.0
female/0/1_DHA_17_2_176.jpg,0,DHA,,Female,17,,176,2.0
female/0/1_DHA_17_2_176.jpg,0,DHA,,Female,17,,176,2.0
female/0/1_DHA_17_2_176.jpg,0,DHA,,Female,17,,176,2.0
female/0/1_DHA_17_2_176.jpg,0,DHA,,Female,17,,176,2.0
female/0/1_DHA_17_2_176.jpg,0,DHA,,Female,17,,176,2.0
female/0/1_DHA_17_2_176.jpg,0,DHA,,Female,17,,176,2.0
female/0/1_DHA_17_2_176.jpg,0,DHA,,Female,17,,176,2.0
female/0/1_DHA_17_2_176.jpg,0,DHA,,Female,17,,176,2.0
female/0/1_DHA_17_2_176.jpg,0,DHA,,Female,17,,176,2.0
female/0/1_DHA_17_2_176.jpg,0,DHA,,Female,17,,176,2.0
female/0/1_DHA_17_2_176.jpg,0,DHA,,Female,17,,176,2.0
female/0/1_DHA_17_2_176.jpg,0,DHA,,Female,17,,176,2.0
female/0/1_DHA_17_2_176.jpg,0,DHA,,Female,17,,176,2.0
female/0/1_DHA_17_2_176.jpg,0,DHA,,Female,17,,176,2.0
female/0/1_DHA_17_2_176.jpg,0,DHA,,Female,17,,176,2.0
female/0/1_DHA_17_2_176.jpg,0,DHA,,Female,17,,176,2.0
female/0/1_DHA_17_2_176.jpg,0,DHA,,Female,17,,176,2.0
female/0/1_DHA_17_2_176.jpg,0,DHA,,Female,17,,176,2.0
female/0/1_DHA_17_2_176.jpg,0,DHA,,Female,17,,176,2.0
female/0/1_DHA_17_2_176.jpg,0,DHA,,Female,17,,176,2.0
female/0/1_DHA_17_2_176.jpg,0,DHA,,Female,17,,176,2.0
female/0/1_DHA_17_2_176.jpg,0,DHA,,Female,17,,176,2.0
female/0/1_DHA_17_2_176.jpg,0,DHA,,Female,17,,176,2.0
female/0/1_DHA_17_2_176.jpg,0,DHA,,Female,17,,176,2.0
female/0/1_DHA_17_2_176.jpg,0,DHA,,Female,17,,176,2.0
female/0/1_DHA_17_2_176.jpg,0,DHA,,Female,17,,176,2.0
female/0/1_DHA_17_2_176.jpg,0,DHA,,Female,17,,176,2.0
female/0/1_DHA_17_2_176.jpg,0,DHA,,Female,17,,176,2.0
female/0/1_DHA_17_2_176.jpg,0,DHA,,Female,17,,176,2.0
female/0/1_DHA_17_2_176.jpg,0,DHA,,Female,17,,176,2.0
female/0/1_DHA_17_2_176.jpg,0,DHA,,Female,17,,176,2.0
female/0/1_DHA_17_2_176.jpg,0,DHA,,Female,17,,176,2.0
female/0/1_DHA_17_2_176.jpg,0,DHA,,Female,17,,176,2.0
female/0/1_DHA_17_2_176.jpg,0,DHA,,Female,17,,176,2.0
female/0/1_DHA_17_2_176.jpg,0,DHA,,Female,17,,176,2.0
female/0/1_DHA_17_2_176.jpg,0,DHA,,Female,17,,176,2.0
female/0/1_DHA_17_2_176.jpg,0,DHA,,Female,17,,176,2.0
female/0/1_DHA_17_2_176.jpg,0,DHA,,Female,17,,176,2.0
female/0/1_DHA_17_2_176.jpg,0,DHA,,Female,17,,176,2.0
female/0/1_DHA_17_2_176.jpg,0,DHA,,Female,17,,176,2.0
female/0/1_DHA_17_2_176.jpg,0,DHA,,Female,17,,176,2.0
female/0/1_DHA_17_2_176.jpg,0,DHA,,Female,17,,176,2.0
female/0/1_DHA_17_2_176.jpg,0,DHA,,Female,17,,176,2.0
female/0/1_DHA_17_2_176.jpg,0,DHA,,Female,17,,176,2.0
female/0/1_DHA_17_2_176.jpg,0,DHA,,Female,17,,176,2.0
female/0/1_DHA_17_2_176.jpg,0,DHA,,Female,17,,176,2.0
female/0/1_DHA_17_2_176.jpg,0,DHA,,Female,17,,176,2.0
female/0/1_DHA_17_2_176.jpg,0,DHA,,Female,17,,176,2.0
female/0/1_DHA_17_2_176.jpg,0,DHA,,Female,17,,176,2.0
female/0/1_DHA_17_2_176.jpg,0,DHA,,Female,17,,176,2.0
female/0/1_DHA_17_2_176.jpg,0,DHA,,Female,17,,176,2.0
female/0/1_DHA_17_2_176.jpg,0,DHA,,Female,17,,176,2.0
female/0/1_DHA_17_2_176.jpg,0,DHA,,Female,17,,176,2.0
female/0/1_DHA_17_2_176.jpg,0,DHA,,Female,17,,176,2.0
female/0/1_DHA_17_2_176.jpg,0,DHA,,Female,17,,176,2.0
female/0/1_DHA_17_2_176.jpg,0,DHA,,Female,17,,176,2.0
female/0/1_DHA_17_2_176.jpg,0,DHA,,Female,17,,176,2.0
female/0/1_DHA_17_2_176.jpg,0,DHA,,Female,17,,176,2.0
female/0/1_DHA_17_2_176.jpg,0,DHA,,Female,17,,176,2.0
female/0/1_DHA_17_2_176.jpg,0,DHA,,Female,17,,176,2.0
female/0/1_DHA_17_2_176.jpg,0,DHA,,Female,17,,176,2.0
female/0/1_DHA_17_2_176.jpg,0,DHA,,Female,17,,176,2.0
female/0/1_DHA_17_2_176.jpg,0,DHA,,Female,17,,176,2.0
female/0/1_DHA_17_2_176.jpg,0,DHA,,Female,17,,176,2.0
female/0/1_DHA_17_2_176.jpg,0,DHA,,Female,17,,176,2.0
female/0/1_DHA_17_2_176.jpg,0,DHA,,Female,17,,176,2.0
female/0/1_DHA_17_2_176.jpg,0,DHA,,Female,17,,176,2.0
female/0/1_DHA_17_2_176.jpg,0,DHA,,Female,17,,176,2.0
female/0/1_DHA_17_2_176.jpg,0,DHA,,Female,17,,176,2.0
female/0/1_DHA_17_2_176.jpg,0,DHA,,Female,17,,176,2.0
female/0/1_DHA_17_2_176.jpg,0,DHA,,Female,17,,176,2.0
female/0/1_DHA_17_2_176.jpg,0,DHA,,Female,17,,176,2.0
female/0/1_DHA_17_2_176.jpg,0,DHA,,Female,17,,176,2.0
female/0/1_DHA_17_2_176.jpg,0,DHA,,Female,17,,176,2.0
female/0/1_DHA_17_2_176.jpg,0,DHA,,Female,17,,176,2.0
female/0/1_DHA_17_2_176.jpg,0,DHA,,Female,17,,176,2.0
female/0/1_DHA_17_2_176.jpg,0,DHA,,Female,17,,176,2.0
female/0/1_DHA_17_2_176.jpg,0,DHA,,Female,17,,176,2.0
female/0/1_DHA_17_2_176.jpg,0,DHA,,Female,17,,176,2.0
female/0/1_DHA_17_2_176.jpg,0,DHA,,Female,17,,176,2.0
female/0/1_DHA_17_2_176.jpg,0,DHA,,Female,17,,176,2.0
female/0/1_DHA_17_2_176.jpg,0,DHA,,Female,17,,176,2.0
female/0/1_DHA_17_2_176.jpg,0,DHA,,Female,17,,176,2.0
female/0/1_DHA_17_2_176.jpg,0,DHA,,Female,17,,176,2.0
female/0/1_DHA_17_2_176.jpg,0,DHA,,Female,17,,176,2.0
female/0/1_DHA_17_2_176.jpg,0,DHA,,Female,17,,176,2.0
female/0/1_DHA_17_2_176.jpg,0,DHA,,Female,17,,176,2.0
female/0/1_DHA_17_2_176.jpg,0,DHA,,Female,17,,176,2.0
female/0/1_DHA_17_2_176.jpg,0,DHA,,Female,17,,176,2.0
female/0/1_DHA_17_2_176.jpg,0,DHA,,Female,17,,176,2.0
female/0/1_DHA_17_2_176.jpg,0,DHA,,Female,17,,176,2.0
female/0/1_DHA_17_2_176.jpg,0,DHA,,Female,17,,176,2.0
female/0/1_DHA_17_2_176.jpg,0,DHA,,Female,17,,176,2.0
female/0/1_DHA_17_2_176.jpg,0,DHA,,Female,17,,176,2.0
female/0/1_DHA_17_2_176.jpg,0,DHA,,Female,17,,176,2.0
female/0/1_DHA_17_2_176.jpg,0,DHA,,Female,17,,176,2.0
female/0/1_DHA_17_2_176.jpg,0,DHA,,Female,17,,176,2.0
female/0/1_DHA_17_2_176.jpg,0,DHA,,Female,17,,176,2.0
female/0/1_DHA_17_2_176.jpg,0,DHA,,Female,17,,176,2.0
female/0/1_DHA_17_2_176.jpg,0,DHA,,Female,17,,176,2.0
female/0/1_DHA_17_2_176.jpg,0,DHA,,Female,17,,176,2.0
female/0/1_DHA_17_2_176.jpg,0,DHA,,Female,17,,176,2.0
female/0/1_DHA_17_2_176.jpg,0,DHA,,Female,17,,176,2.0
female/0/1_DHA_17_2_176.jpg,0,DHA,,Female,17,,176,2.0
female/0/1_DHA_17_2_176.jpg,0,DHA,,Female,17,,176,2.0
female/0/1_DHA_17_2_176.jpg,0,DHA,,Female,17,,176,2.0
female/0/1_DHA_17_2_176.jpg,0,DHA,,Female,17,,176,2.0
female/0/1_DHA_17_2_176.jpg,0,DHA,,Female,17,,176,2.0
female/0/1_DHA_17_2_176.jpg,0,DHA,,Female,17,,176,2.0
female/0/1_DHA_17_2_176.jpg,0,DHA,,Female,17,,176,2.0
female/0/1_DHA_17_2_176.jpg,0,DHA,,Female,17,,176,2.0
female/0/1_DHA_17_2_176.jpg,0,DHA,,Female,17,,176,2.0
female/0/1_DHA_17_2_176.jpg,0,DHA,,Female,17,,176,2.0
female/0/1_DHA_17_2_176.jpg,0,DHA,,Female,17,,176,2.0
female/0/1_DHA_17_2_176.jpg,0,DHA,,Female,17,,176,2.0
female/0/1_DHA_17_2_176.jpg,0,DHA,,Female,17,,176,2.0
female/0/1_DHA_17_2_176.jpg,0,DHA,,Female,17,,176,2.0
female/0/1_DHA_17_2_176.jpg,0,DHA,,Female,17,,176,2.0
female/0/1_DHA_17_2_176.jpg,0,DHA,,Female,17,,176,2.0
female/0/1_DHA_17_2_176.jpg,0,DHA,,Female,17,,176,2.0
female/0/1_DHA_17_2_176.jpg,0,DHA,,Female,17,,176,2.0
female/0/1_DHA_17_2_176.jpg,0,DHA,,Female,17,,176,2.0
female/0/1_DHA_17_2_176.jpg,0,DHA,,Female,17,,176,2.0
female/0/1_DHA_17_2_176.jpg,0,DHA,,Female,17,,176,2.0
female/0/1_DHA_17_2_176.jpg,0,DHA,,Female,17,,176,2.0
female/0/1_DHA_17_2_176.jpg,0,DHA,,Female,17,,176,2.0
female/0/1_DHA_17_2_176.jpg,0,DHA,,Female,17,,176,2.0
female/0/1_DHA_17_2_176.jpg,0,DHA,,Female,17,,176,2.0
female/0/1_DHA_17_2_176.jpg,0,DHA,,Female,17,,176,2.0
female/0/1_DHA_17_2_176.jpg,0,DHA,,Female,17,,176,2.0
female/0/1_DHA_17_2_176.jpg,0,DHA,,Female,17,,176,2.0
female/0/1_DHA_17_2_176.jpg,0,DHA,,Female,17,,176,2.0
female/0/1_DHA_17_2_176.jpg,0,DHA,,Female,17,,176,2.0
female/0/1_DHA_17_2_176.jpg,0,DHA,,Female,17,,176,2.0
female/0/1_DHA_17_2_176.jpg,0,DHA,,Female,17,,176,2.0
female/0/1_DHA_17_2_176.jpg,0,DHA,,Female,17,,176,2.0
female/0/1_DHA_17_2_176.jpg,0,DHA,,Female,17,,176,2.0
female/0/1_DHA_17_2_176.jpg,0,DHA,,Female,17,,176,2.0
female/0/1_DHA_17_2_176.jpg,0,DHA,,Female,17,,176,2.0
female/0/1_DHA_17_2_176.jpg,0,DHA,,Female,17,,176,2.0
female/0/1_DHA_17_2_176.jpg,0,DHA,,Female,17,,176,2.0
female/0/1_DHA_17_2_176.jpg,0,DHA,,Female,17,,176,2.0
female/0/1_DHA_17_2_176.jpg,0,DHA,,Female,17,,176,2.0
female/0/1_DHA_17_2_176.jpg,0,DHA,,Female,17,,176,2.0
female/0/1_DHA_17_2_176.jpg,0,DHA,,Female,17,,176,2.0
female/0/1_DHA_17_2_176.jpg,0,DHA,,Female,17,,176,2.0
female/0/1_DHA_17_2_176.jpg,0,DHA,,Female,17,,176,2.0
female/0/1_DHA_17_2_176.jpg,0,DHA,,Female,17,,176,2.0
female/0/1_DHA_17_2_176.jpg,0,DHA,,Female,17,,176,2.0
female/0/1_DHA_17_2_176.jpg,0,DHA,,Female,17,,176,2.0
female/0/1_DHA_17_2_176.jpg,0,DHA,,Female,17,,176,2.0
female/0/1_DHA_17_2_176.jpg,0,DHA,,Female,17,,176,2.0
female/0/1_DHA_17_2_176.jpg,0,DHA,,Female,17,,176,2.0
female/0/1_DHA_17_2_176.jpg,0,DHA,,Female,17,,176,2.0
female/0/1_DHA_17_2_176.jpg,0,DHA,,Female,17,,176,2.0
female/0/1_DHA_17_2_176.jpg,0,DHA,,Female,17,,176,2.0
female/0/1_DHA_17_2_176.jpg,0,DHA,,Female,17,,176,2.0
female/0/1_DHA_17_2_176.jpg,0,DHA,,Female,17,,176,2.0
female/0/1_DHA_17_2_176.jpg,0,DHA,,Female,17,,176,2.0
female/0/1_DHA_17_2_176.jpg,0,DHA,,Female,17,,176,2.0
female/0/1_DHA_17_2_176.jpg,0,DHA,,Female,17,,176,2.0
female/0/1_DHA_17_2_176.jpg,0,DHA,,Female,17,,176,2.0
female/0/1_DHA_17_2_176.jpg,0,DHA,,Female,17,,176,2.0
female/0/1_DHA_17_2_176.jpg,0,DHA,,Female,17,,176,2.0
female/0/1_DHA_17_2_176.jpg,0,DHA,,Female,17,,176,2.0
female/0/1_DHA_17_2_176.jpg,0,DHA,,Female,17,,176,2.0
female/0/1_DHA_17_2_176.jpg,0,DHA,,Female,17,,176,2.0
female/0/1_DHA_17_2_176.jpg,0,DHA,,Female,17,,176,2.0
female/0/1_DHA_17_2_176.jpg,0,DHA,,Female,17,,176,2.0
female/0/1_DHA_17_2_176.jpg,0,DHA,,Female,17,,176,2.0
female/0/1_DHA_17_2_176.jpg,0,DHA,,Female,17,,176,2.0
female/0/1_DHA_17_2_176.jpg,0,DHA,,Female,17,,176,2.0
female/0/1_DHA_17_2_176.jpg,0,DHA,,Female,17,,176,2.0
female/0/1_DHA_17_2_176.jpg,0,DHA,,Female,17,,176,2.0
female/0/1_DHA_17_2_176.jpg,0,DHA,,Female,17,,176,2.0
female/0/1_DHA_17_2_176.jpg,0,DHA,,Female,17,,176,2.0
female/0/1_DHA_17_2_176.jpg,0,DHA,,Female,17,,176,2.0
female/0/1_DHA_17_2_176.jpg,0,DHA,,Female,17,,176,2.0
female/0/1_DHA_17_2_176.jpg,0,DHA,,Female,17,,176,2.0
female/0/1_DHA_17_2_176.jpg,0,DHA,,Female,17,,176,2.0
female/0/1_DHA_17_2_176.jpg,0,DHA,,Female,17,,176,2.0
female/0/1_DHA_17_2_176.jpg,0,DHA,,Female,17,,176,2.0
female/0/1_DHA_17_2_176.jpg,0,DHA,,Female,17,,176,2.0
female/0/1_DHA_17_2_176.jpg,0,DHA,,Female,17,,176,2.0
female/0/1_DHA_17_2_176.jpg,0,DHA,,Female,17,,176,2.0
female/0/1_DHA_17_2_176.jpg,0,DHA,,Female,17,,176,2.0
female/0/1_DHA_17_2_176.jpg,0,DHA,,Female,17,,176,2.0
female/0/1_DHA_17_2_176.jpg,0,DHA,,Female,17,,176,2.0
female/0/1_DHA_17_2_176.jpg,0,DHA,,Female,17,,176,2.0
female/0/1_DHA_17_2_176.jpg,0,DHA,,Female,17,,176,2.0
female/0/1_DHA_17_2_176.jpg,0,DHA,,Female,17,,176,2.0
female/0/1_DHA_17_2_176.jpg,0,DHA,,Female,17,,176,2.0
female/0/1_DHA_17_2_176.jpg,0,DHA,,Female,17,,176,2.0
female/0/1_DHA_17_2_176.jpg,0,DHA,,Female,17,,176,2.0
female/0/1_DHA_17_2_176.jpg,0,DHA,,Female,17,,176,2.0
female/0/1_DHA_17_2_176.jpg,0,DHA,,Female,17,,176,2.0
female/0/1_DHA_17_2_176.jpg,0,DHA,,Female,17,,176,2.0
female/0/1_DHA_17_2_176.jpg,0,DHA,,Female,17,,176,2.0
female/0/1_DHA_17_2_176.jpg,0,DHA,,Female,17,,176,2.0
female/0/1_DHA_17_2_176.jpg,0,DHA,,Female,17,,176,2.0
female/0/1_DHA_17_2_176.jpg,0,DHA,,Female,17,,176,2.0
female/0/1_DHA_17_2_176.jpg,0,DHA,,Female,17,,176,2.0
female/0/1_DHA_17_2_176.jpg,0,DHA,,Female,17,,176,2.0
female/0/1_DHA_17_2_176.jpg,0,DHA,,Female,17,,176,2.0
female/0/1_DHA_17_2_176.jpg,0,DHA,,Female,17,,176,2.0
female/0/1_DHA_17_2_176.jpg,0,DHA,,Female,17,,176,2.0
female/0/1_DHA_17_2_176.jpg,0,DHA,,Female,17,,176,2.0
female/0/1_DHA_17_2_176.jpg,0,DHA,,Female,17,,176,2.0
female/0/1_DHA_17_2_176.jpg,0,DHA,,Female,17,,176,2.0
female/0/1_DHA_17_2_176.jpg,0,DHA,,Female,17,,176,2.0
female/0/1_DHA_17_2_176.jpg,0,DHA,,Female,17,,176,2.0
female/0/1_DHA_17_2_176.jpg,0,DHA,,Female,17,,176,2.0
female/0/1_DHA_17_2_176.jpg,0,DHA,,Female,17,,176,2.0
female/0/1_DHA_17_2_176.jpg,0,DHA,,Female,17,,176,2.0
female/0/1_DHA_17_2_176.jpg,0,DHA,,Female,17,,176,2.0
female/0/1_DHA_17_2_176.jpg,0,DHA,,Female,17,,176,2.0
female/0/1_DHA_17_2_176.jpg,0,DHA,,Female,17,,176,2.0
female/0/1_DHA_17_2_176.jpg,0,DHA,,Female,17,,176,2.0
female/0/1_DHA_17_2_176.jpg,0,DHA,,Female,17,,176,2.0
female/0/1_DHA_17_2_176.jpg,0,DHA,,Female,17,,176,2.0
female/0/1_DHA_17_2_176.jpg,0,DHA,,Female,17,,176,2.0
female/0/1_DHA_17_2_176.jpg,0,DHA,,Female,17,,176,2.0
female/0/1_DHA_17_2_176.jpg,0,DHA,,Female,17,,176,2.0
female/0/1_DHA_17_2_176.jpg,0,DHA,,Female,17,,176,2.0
female/0/1_DHA_17_2_176.jpg,0,DHA,,Female,17,,176,2.0
female/0/1_DHA_17_2_176.jpg,0,DHA,,Female,17,,176,2.0
female/0/1_DHA_17_2_176.jpg,0,DHA,,Female,17,,176,2.0
female/0/1_DHA_17_2_176.jpg,0,DHA,,Female,17,,176,2.0
female/0/1_DHA_17_2_176.jpg,0,DHA,,Female,17,,176,2.0
female/0/1_DHA_17_2_176.jpg,0,DHA,,Female,17,,176,2.0
female/0/1_DHA_17_2_176.jpg,0,DHA,,Female,17,,176,2.0
female/0/1_DHA_17_2_176.jpg,0,DHA,,Female,17,,176,2.0
female/0/1_DHA_17_2_176.jpg,0,DHA,,Female,17,,176,2.0
female/0/1_DHA_17_2_176.jpg,0,DHA,,Female,17,,176,2.0
female/0/1_DHA_17_2_176.jpg,0,DHA,,Female,17,,176,2.0
female/0/1_DHA_17_2_176.jpg,0,DHA,,Female,17,,176,2.0
female/0/1_DHA_17_2_176.jpg,0,DHA,,Female,17,,176,2.0
female/0/1_DHA_17_2_176.jpg,0,DHA,,Female,17,,176,2.0
female/0/1_DHA_17_2_176.jpg,0,DHA,,Female,17,,176,2.0
female/0/1_DHA_17_2_176.jpg,0,DHA,,Female,17,,176,2.0
female/0/1_DHA_17_2_176.jpg,0,DHA,,Female,17,,176,2.0
female/0/1_DHA_17_2_176.jpg,0,DHA,,Female,17,,176,2.0
female/0/1_DHA_17_2_176.jpg,0,DHA,,Female,17,,176,2.0
female/0/1_DHA_17_2_176.jpg,0,DHA,,Female,17,,176,2.0
female/0/1_DHA_17_2_176.jpg,0,DHA,,Female,17,,176,2.0
female/0/1_DHA_17_2_176.jpg,0,DHA,,Female,17,,176,2.0
female/0/1_DHA_17_2_176.jpg,0,DHA,,Female,17,,176,2.0
female/0/1_DHA_17_2_176.jpg,0,DHA,,Female,17,,176,2.0
female/0/1_DHA_17_2_176.jpg,0,DHA,,Female,17,,176,2.0
female/0/1_DHA_17_2_176.jpg,0,DHA,,Female,17,,176,2.0
female/0/1_DHA_17_2_176.jpg,0,DHA,,Female,17,,176,2.0
female/0/1_DHA_17_2_176.jpg,0,DHA,,Female,17,,176,2.0
female/0/1_DHA_17_2_176.jpg,0,DHA,,Female,17,,176,2.0
female/0/1_DHA_17_2_176.jpg,0,DHA,,Female,17,,176,2.0
female/0/1_DHA_17_2_176.jpg,0,DHA,,Female,17,,176,2.0
female/0/1_DHA_17_2_176.jpg,0,DHA,,Female,17,,176,2.0
female/0/1_DHA_17_2_176.jpg,0,DHA,,Female,17,,176,2.0
female/0/1_DHA_17_2_176.jpg,0,DHA,,Female,17,,176,2.0
female/0/1_DHA_17_2_176.jpg,0,DHA,,Female,17,,176,2.0
female/0/1_DHA_17_2_176.jpg,0,DHA,,Female,17,,176,2.0
female/0/1_DHA_17_2_176.jpg,0,DHA,,Female,17,,176,2.0
female/0/1_DHA_17_2_176.jpg,0,DHA,,Female,17,,176,2.0
female/0/1_DHA_17_2_176.jpg,0,DHA,,Female,17,,176,2.0
female/0/1_DHA_17_2_176.jpg,0,DHA,,Female,17,,176,2.0
female/0/1_DHA_17_2_176.jpg,0,DHA,,Female,17,,176,2.0
female/0/1_DHA_17_2_176.jpg,0,DHA,,Female,17,,176,2.0
female/0/1_DHA_17_2_176.jpg,0,DHA,,Female,17,,176,2.0
female/0/1_DHA_17_2_176.jpg,0,DHA,,Female,17,,176,2.0
female/0/1_DHA_17_2_176.jpg,0,DHA,,Female,17,,176,2.0
female/0/1_DHA_17_2_176.jpg,0,DHA,,Female,17,,176,2.0
female/0/1_DHA_17_2_176.jpg,0,DHA,,Female,17,,176,2.0
female/0/1_DHA_17_2_176.jpg,0,DHA,,Female,17,,176,2.0
female/0/1_DHA_17_2_176.jpg,0,DHA,,Female,17,,176,2.0
female/0/1_DHA_17_2_176.jpg,0,DHA,,Female,17,,176,2.0
female/0/1_DHA_17_2_176.jpg,0,DHA,,Female,17,,176,2.0
female/0/1_DHA_17_2_176.jpg,0,DHA,,Female,17,,176,2.0
female/0/1_DHA_17_2_176.jpg,0,DHA,,Female,17,,176,2.0
female/0/1_DHA_17_2_176.jpg,0,DHA,,Female,17,,176,2.0
female/0/1_DHA_17_2_176.jpg,0,DHA,,Female,17,,176,2.0
female/0/1_DHA_17_2_176.jpg,0,DHA,,Female,17,,176,2.0
female/0/1_DHA_17_2_176.jpg,0,DHA,,Female,17,,176,2.0
female/0/1_DHA_17_2_176.jpg,0,DHA,,Female,17,,176,2.0
female/0/1_DHA_17_2_176.jpg,0,DHA,,Female,17,,176,2.0
female/0/1_DHA_17_2_176.jpg,0,DHA,,Female,17,,176,2.0
female/0/1_DHA_17_2_176.jpg,0,DHA,,Female,17,,176,2.0
female/0/1_DHA_17_2_176.jpg,0,DHA,,Female,17,,176,2.0
female/0/1_DHA_17_2_176.jpg,0,DHA,,Female,17,,176,2.0
female/0/1_DHA_17_2_176.jpg,0,DHA,,Female,17,,176,2.0
female/0/1_DHA_17_2_176.jpg,0,DHA,,Female,17,,176,2.0
female/0/1_DHA_17_2_176.jpg,0,DHA,,Female,17,,176,2.0
female/0/1_DHA_17_2_176.jpg,0,DHA,,Female,17,,176,2.0
female/0/1_DHA_17_2_176.jpg,0,DHA,,Female,17,,176,2.0
female/0/1_DHA_17_2_176.jpg,0,DHA,,Female,17,,176,2.0
female/0/1_DHA_17_2_176.jpg,0,DHA,,Female,17,,176,2.0
female/0/1_DHA_17_2_176.jpg,0,DHA,,Female,17,,176,2.0
female/0/1_DHA_17_2_176.jpg,0,DHA,,Female,17,,176,2.0
female/0/1_DHA_17_2_176.jpg,0,DHA,,Female,17,,176,2.0
female/0/1_DHA_17_2_176.jpg,0,DHA,,Female,17,,176,2.0
female/0/1_DHA_17_2_176.jpg,0,DHA,,Female,17,,176,2.0
female/0/1_DHA_17_2_176.jpg,0,DHA,,Female,17,,176,2.0
female/0/1_DHA_17_2_176.jpg,0,DHA,,Female,17,,176,2.0
female/0/1_DHA_17_2_176.jpg,0,DHA,,Female,17,,176,2.0
female/0/1_DHA_17_2_176.jpg,0,DHA,,Female,17,,176,2.0
female/0/1_DHA_17_2_176.jpg,0,DHA,,Female,17,,176,2.0
female/0/1_DHA_17_2_176.jpg,0,DHA,,Female,17,,176,2.0
female/0/1_DHA_17_2_176.jpg,0,DHA,,Female,17,,176,2.0
female/0/1_DHA_17_2_176.jpg,0,DHA,,Female,17,,176,2.0
female/0/1_DHA_17_2_176.jpg,0,DHA,,Female,17,,176,2.0
female/0/1_DHA_17_2_176.jpg,0,DHA,,Female,17,,176,2.0
female/0/1_DHA_17_2_176.jpg,0,DHA,,Female,17,,176,2.0
female/0/1_DHA_17_2_176.jpg,0,DHA,,Female,17,,176,2.0
female/0/1_DHA_17_2_176.jpg,0,DHA,,Female,17,,176,2.0
female/0/1_DHA_17_2_176.jpg,0,DHA,,Female,17,,176,2.0
female/0/1_DHA_17_2_176.jpg,0,DHA,,Female,17,,176,2.0
female/0/1_DHA_17_2_176.jpg,0,DHA,,Female,17,,176,2.0
female/0/1_DHA_17_2_176.jpg,0,DHA,,Female,17,,176,2.0
female/0/1_DHA_17_2_176.jpg,0,DHA,,Female,17,,176,2.0
female/0/1_DHA_17_2_176.jpg,0,DHA,,Female,17,,176,2.0
female/0/1_DHA_17_2_176.jpg,0,DHA,,Female,17,,176,2.0
female/0/1_DHA_17_2_176.jpg,0,DHA,,Female,17,,176,2.0
female/0/1_DHA_17_2_176.jpg,0,DHA,,Female,17,,176,2.0
female/0/1_DHA_17_2_176.jpg,0,DHA,,Female,17,,176,2.0
female/0/1_DHA_17_2_176.jpg,0,DHA,,Female,17,,176,2.0
female/0/1_DHA_17_2_176.jpg,0,DHA,,Female,17,,176,2.0
female/0/1_DHA_17_2_176.jpg,0,DHA,,Female,17,,176,2.0
female/0/1_DHA_17_2_176.jpg,0,DHA,,Female,17,,176,2.0
female/0/1_DHA_17_2_176.jpg,0,DHA,,Female,17,,176,2.0
female/0/1_DHA_17_2_176.jpg,0,DHA,,Female,17,,176,2.0
female/0/1_DHA_17_2_176.jpg,0,DHA,,Female,17,,176,2.0
female/0/1_DHA_17_2_176.jpg,0,DHA,,Female,17,,176,2.0
female/0/1_DHA_17_2_176.jpg,0,DHA,,Female,17,,176,2.0
female/0/1_DHA_17_2_176.jpg,0,DHA,,Female,17,,176,2.0
female/0/1_DHA_17_2_176.jpg,0,DHA,,Female,17,,176,2.0
female/0/1_DHA_17_2_176.jpg,0,DHA,,Female,17,,176,2.0
female/0/1_DHA_17_2_176.jpg,0,DHA,,Female,17,,176,2.0
female/0/1_DHA_17_2_176.jpg,0,DHA,,Female,17,,176,2.0
female/0/1_DHA_17_2_176.jpg,0,DHA,,Female,17,,176,2.0
female/0/1_DHA_17_2_176.jpg,0,DHA,,Female,17,,176,2.0
female/0/1_DHA_17_2_176.jpg,0,DHA,,Female,17,,176,2.0
female/0/1_DHA_17_2_176.jpg,0,DHA,,Female,17,,176,2.0
female/0/1_DHA_17_2_176.jpg,0,DHA,,Female,17,,176,2.0
female/0/1_DHA_17_2_176.jpg,0,DHA,,Female,17,,176,2.0
female/0/1_DHA_17_2_176.jpg,0,DHA,,Female,17,,176,2.0
female/0/1_DHA_17_2_176.jpg,0,DHA,,Female,17,,176,2.0
female/0/1_DHA_17_2_176.jpg,0,DHA,,Female,17,,176,2.0
female/0/1_DHA_17_2_176.jpg,0,DHA,,Female,17,,176,2.0
female/0/1_DHA_17_2_176.jpg,0,DHA,,Female,17,,176,2.0
female/0/1_DHA_17_2_176.jpg,0,DHA,,Female,17,,176,2.0
female/0/1_DHA_17_2_176.jpg,0,DHA,,Female,17,,176,2.0
female/0/1_DHA_17_2_176.jpg,0,DHA,,Female,17,,176,2.0
female/0/1_DHA_17_2_176.jpg,0,DHA,,Female,17,,176,2.0
female/0/1_DHA_17_2_176.jpg,0,DHA,,Female,17,,176,2.0
female/0/1_DHA_17_2_176.jpg,0,DHA,,Female,17,,176,2.0
female/0/1_DHA_17_2_176.jpg,0,DHA,,Female,17,,176,2.0
female/0/1_DHA_17_2_176.jpg,0,DHA,,Female,17,,176,2.0
female/0/1_DHA_17_2_176.jpg,0,DHA,,Female,17,,176,2.0
female/0/1_DHA_17_2_176.jpg,0,DHA,,Female,17,,176,2.0
female/0/1_DHA_17_2_176.jpg,0,DHA,,Female,17,,176,2.0
female/0/1_DHA_17_2_176.jpg,0,DHA,,Female,17,,176,2.0
female/0/1_DHA_17_2_176.jpg,0,DHA,,Female,17,,176,2.0
female/0/1_DHA_17_2_176.jpg,0,DHA,,Female,17,,176,2.0
female/0/1_DHA_17_2_176.jpg,0,DHA,,Female,17,,176,2.0
female/0/1_DHA_17_2_176.jpg,0,DHA,,Female,17,,176,2.0
female/0/1_DHA_17_2_176.jpg,0,DHA,,Female,17,,176,2.0
female/0/1_DHA_17_2_176.jpg,0,DHA,,Female,17,,176,2.0
female/0/1_DHA_17_2_176.jpg,0,DHA,,Female,17,,176,2.0
female/0/1_DHA_17_2_176.jpg,0,DHA,,Female,17,,176,2.0
female/0/1_DHA_17_2_176.jpg,0,DHA,,Female,17,,176,2.0
female/0/1_DHA_17_2_176.jpg,0,DHA,,Female,17,,176,2.0
female/0/1_DHA_17_2_176.jpg,0,DHA,,Female,17,,176,2.0
female/0/1_DHA_17_2_176.jpg,0,DHA,,Female,17,,176,2.0
female/0/1_DHA_17_2_176.jpg,0,DHA,,Female,17,,176,2.0
female/0/1_DHA_17_2_176.jpg,0,DHA,,Female,17,,176,2.0
female/0/1_DHA_17_2_176.jpg,0,DHA,,Female,17,,176,2.0
female/0/1_DHA_17_2_176.jpg,0,DHA,,Female,17,,176,2.0
female/0/1_DHA_17_2_176.jpg,0,DHA,,Female,17,,176,2.0
female/0/1_DHA_17_2_176.jpg,0,DHA,,Female,17,,176,2.0
female/0/1_DHA_17_2_176.jpg,0,DHA,,Female,17,,176,2.0
female/0/1_DHA_17_2_176.jpg,0,DHA,,Female,17,,176,2.0
female/0/1_DHA_17_2_176.jpg,0,DHA,,Female,17,,176,2.0
female/0/1_DHA_17_2_176.jpg,0,DHA,,Female,17,,176,2.0
female/0/1_DHA_17_2_176.jpg,0,DHA,,Female,17,,176,2.0
female/0/1_DHA_17_2_176.jpg,0,DHA,,Female,17,,176,2.0
female/0/1_DHA_17_2_176.jpg,0,DHA,,Female,17,,176,2.0
female/0/1_DHA_17_2_176.jpg,0,DHA,,Female,17,,176,2.0
female/0/1_DHA_17_2_176.jpg,0,DHA,,Female,17,,176,2.0
female/0/1_DHA_17_2_176.jpg,0,DHA,,Female,17,,176,2.0
female/0/1_DHA_17_2_176.jpg,0,DHA,,Female,17,,176,2.0
female/0/1_DHA_17_2_176.jpg,0,DHA,,Female,17,,176,2.0
female/0/1_DHA_17_2_176.jpg,0,DHA,,Female,17,,176,2.0
female/0/1_DHA_17_2_176.jpg,0,DHA,,Female,17,,176,2.0
female/0/1_DHA_17_2_176.jpg,0,DHA,,Female,17,,176,2.0
female/0/1_DHA_17_2_176.jpg,0,DHA,,Female,17,,176,2.0
female/0/1_DHA_17_2_176.jpg,0,DHA,,Female,17,,176,2.0
female/0/1_DHA_17_2_176.jpg,0,DHA,,Female,17,,176,2.0
female/0/1_DHA_17_2_176.jpg,0,DHA,,Female,17,,176,2.0
female/0/1_DHA_17_2_176.jpg,0,DHA,,Female,17,,176,2.0
female/0/1_DHA_17_2_176.jpg,0,DHA,,Female,17,,176,2.0
female/0/1_DHA_17_2_176.jpg,0,DHA,,Female,17,,176,2.0
female/0/1_DHA_17_2_176.jpg,0,DHA,,Female,17,,176,2.0
female/0/1_DHA_17_2_176.jpg,0,DHA,,Female,17,,176,2.0
female/0/1_DHA_17_2_176.jpg,0,DHA,,Female,17,,176,2.0
female/0/1_DHA_17_2_176.jpg,0,DHA,,Female,17,,176,2.0
female/0/1_DHA_17_2_176.jpg,0,DHA,,Female,17,,176,2.0
female/0/1_DHA_17_2_176.jpg,0,DHA,,Female,17,,176,2.0
female/0/1_DHA_17_2_176.jpg,0,DHA,,Female,17,,176,2.0
female/0/1_DHA_17_2_176.jpg,0,DHA,,Female,17,,176,2.0
female/0/1_DHA_17_2_176.jpg,0,DHA,,Female,17,,176,2.0
female/0/1_DHA_17_2_176.jpg,0,DHA,,Female,17,,176,2.0
female/0/1_DHA_17_2_176.jpg,0,DHA,,Female,17,,176,2.0
female/0/1_DHA_17_2_176.jpg,0,DHA,,Female,17,,176,2.0
female/0/1_DHA_17_2_176.jpg,0,DHA,,Female,17,,176,2.0
female/0/1_DHA_17_2_176.jpg,0,DHA,,Female,17,,176,2.0
female/0/1_DHA_17_2_176.jpg,0,DHA,,Female,17,,176,2.0
female/0/1_DHA_17_2_176.jpg,0,DHA,,Female,17,,176,2.0
female/0/1_DHA_17_2_176.jpg,0,DHA,,Female,17,,176,2.0
female/0/1_DHA_17_2_176.jpg,0,DHA,,Female,17,,176,2.0
female/0/1_DHA_17_2_176.jpg,0,DHA,,Female,17,,176,2.0
female/0/1_DHA_17_2_176.jpg,0,DHA,,Female,17,,176,2.0
female/0/1_DHA_17_2_176.jpg,0,DHA,,Female,17,,176,2.0
female/0/1_DHA_17_2_176.jpg,0,DHA,,Female,17,,176,2.0
female/0/1_DHA_17_2_176.jpg,0,DHA,,Female,17,,176,2.0
female/0/1_DHA_17_2_176.jpg,0,DHA,,Female,17,,176,2.0
female/0/1_DHA_17_2_176.jpg,0,DHA,,Female,17,,176,2.0
female/0/1_DHA_17_2_176.jpg,0,DHA,,Female,17,,176,2.0
female/0/1_DHA_17_2_176.jpg,0,DHA,,Female,17,,176,2.0
female/0/1_DHA_17_2_176.jpg,0,DHA,,Female,17,,176,2.0
female/0/1_DHA_17_2_176.jpg,0,DHA,,Female,17,,176,2.0
female/0/1_DHA_17_2_176.jpg,0,DHA,,Female,17,,176,2.0
female/0/1_DHA_17_2_176.jpg,0,DHA,,Female,17,,176,2.0
female/0/1_DHA_17_2_176.jpg,0,DHA,,Female,17,,176,2.0
female/0/1_DHA_17_2_176.jpg,0,DHA,,Female,17,,176,2.0
female/0/1_DHA_17_2_176.jpg,0,DHA,,Female,17,,176,2.0
female/0/1_DHA_17_2_176.jpg,0,DHA,,Female,17,,176,2.0
female/0/1_DHA_17_2_176.jpg,0,DHA,,Female,17,,176,2.0
female/0/1_DHA_17_2_176.jpg,0,DHA,,Female,17,,176,2.0
female/0/1_DHA_17_2_176.jpg,0,DHA,,Female,17,,176,2.0
female/0/1_DHA_17_2_176.jpg,0,DHA,,Female,17,,176,2.0
female/0/1_DHA_17_2_176.jpg,0,DHA,,Female,17,,176,2.0
female/0/1_DHA_17_2_176.jpg,0,DHA,,Female,17,,176,2.0
female/0/1_DHA_17_2_176.jpg,0,DHA,,Female,17,,176,2.0
female/0/1_DHA_17_2_176.jpg,0,DHA,,Female,17,,176,2.0
female/0/1_DHA_17_2_176.jpg,0,DHA,,Female,17,,176,2.0
female/0/1_DHA_17_2_176.jpg,0,DHA,,Female,17,,176,2.0
female/0/1_DHA_17_2_176.jpg,0,DHA,,Female,17,,176,2.0
female/0/1_DHA_17_2_176.jpg,0,DHA,,Female,17,,176,2.0
female/0/1_DHA_17_2_176.jpg,0,DHA,,Female,17,,176,2.0
female/0/1_DHA_17_2_176.jpg,0,DHA,,Female,17,,176,2.0
female/0/1_DHA_17_2_176.jpg,0,DHA,,Female,17,,176,2.0
female/0/1_DHA_17_2_176.jpg,0,DHA,,Female,17,,176,2.0
female/0/1_DHA_17_2_176.jpg,0,DHA,,Female,17,,176,2.0
female/0/1_DHA_17_2_176.jpg,0,DHA,,Female,17,,176,2.0
female/0/1_DHA_17_2_176.jpg,0,DHA,,Female,17,,176,2.0
female/0/1_DHA_17_2_176.jpg,0,DHA,,Female,17,,176,2.0
female/0/1_DHA_17_2_176.jpg,0,DHA,,Female,17,,176,2.0
female/0/1_DHA_17_2_176.jpg,0,DHA,,Female,17,,176,2.0
female/0/1_DHA_17_2_176.jpg,0,DHA,,Female,17,,176,2.0
female/0/1_DHA_17_2_176.jpg,0,DHA,,Female,17,,176,2.0
female/0/1_DHA_17_2_176.jpg,0,DHA,,Female,17,,176,2.0
female/0/1_DHA_17_2_176.jpg,0,DHA,,Female,17,,176,2.0
female/0/1_DHA_17_2_176.jpg,0,DHA,,Female,17,,176,2.0
female/0/1_DHA_17_2_176.jpg,0,DHA,,Female,17,,176,2.0
female/0/1_DHA_17_2_176.jpg,0,DHA,,Female,17,,176,2.0
female/0/1_DHA_17_2_176.jpg,0,DHA,,Female,17,,176,2.0
female/0/1_DHA_17_2_176.jpg,0,DHA,,Female,17,,176,2.0
female/0/1_DHA_17_2_176.jpg,0,DHA,,Female,17,,176,2.0
female/0/1_DHA_17_2_176.jpg,0,DHA,,Female,17,,176,2.0
female/0/1_DHA_17_2_176.jpg,0,DHA,,Female,17,,176,2.0
female/0/1_DHA_17_2_176.jpg,0,DHA,,Female,17,,176,2.0
female/0/1_DHA_17_2_176.jpg,0,DHA,,Female,17,,176,2.0
female/0/1_DHA_17_2_176.jpg,0,DHA,,Female,17,,176,2.0
female/0/1_DHA_17_2_176.jpg,0,DHA,,Female,17,,176,2.0
female/0/1_DHA_17_2_176.jpg,0,DHA,,Female,17,,176,2.0
female/0/1_DHA_17_2_176.jpg,0,DHA,,Female,17,,176,2.0
female/0/1_DHA_17_2_176.jpg,0,DHA,,Female,17,,176,2.0
female/0/1_DHA_17_2_176.jpg,0,DHA,,Female,17,,176,2.0
female/0/1_DHA_17_2_176.jpg,0,DHA,,Female,17,,176,2.0
female/0/1_DHA_17_2_176.jpg,0,DHA,,Female,17,,176,2.0
female/0/1_DHA_17_2_176.jpg,0,DHA,,Female,17,,176,2.0
female/0/1_DHA_17_2_176.jpg,0,DHA,,Female,17,,176,2.0
female/0/1_DHA_17_2_176.jpg,0,DHA,,Female,17,,176,2.0
female/0/1_DHA_17_2_176.jpg,0,DHA,,Female,17,,176,2.0
female/0/1_DHA_17_2_176.jpg,0,DHA,,Female,17,,176,2.0
female/0/1_DHA_17_2_176.jpg,0,DHA,,Female,17,,176,2.0
female/0/1_DHA_17_2_176.jpg,0,DHA,,Female,17,,176,2.0
female/0/1_DHA_17_2_176.jpg,0,DHA,,Female,17,,176,2.0
female/0/1_DHA_17_2_176.jpg,0,DHA,,Female,17,,176,2.0
female/0/1_DHA_17_2_176.jpg,0,DHA,,Female,17,,176,2.0
female/0/1_DHA_17_2_176.jpg,0,DHA,,Female,17,,176,2.0
female/0/1_DHA_17_2_176.jpg,0,DHA,,Female,17,,176,2.0
female/0/1_DHA_17_2_176.jpg,0,DHA,,Female,17,,176,2.0
female/0/1_DHA_17_2_176.jpg,0,DHA,,Female,17,,176,2.0
female/0/1_DHA_17_2_176.jpg,0,DHA,,Female,17,,176,2.0
female/0/1_DHA_17_2_176.jpg,0,DHA,,Female,17,,176,2.0
female/0/1_DHA_17_2_176.jpg,0,DHA,,Female,17,,176,2.0
female/0/1_DHA_17_2_176.jpg,0,DHA,,Female,17,,176,2.0
female/0/1_DHA_17_2_176.jpg,0,DHA,,Female,17,,176,2.0
female/0/1_DHA_17_2_176.jpg,0,DHA,,Female,17,,176,2.0
female/0/1_DHA_17_2_176.jpg,0,DHA,,Female,17,,176,2.0
female/0/1_DHA_17_2_176.jpg,0,DHA,,Female,17,,176,2.0
female/0/1_DHA_17_2_176.jpg,0,DHA,,Female,17,,176,2.0
female/0/1_DHA_17_2_176.jpg,0,DHA,,Female,17,,176,2.0
female/0/1_DHA_17_2_176.jpg,0,DHA,,Female,17,,176,2.0
female/0/1_DHA_17_2_176.jpg,0,DHA,,Female,17,,176,2.0
female/0/1_DHA_17_2_176.jpg,0,DHA,,Female,17,,176,2.0
female/0/1_DHA_17_2_176.jpg,0,DHA,,Female,17,,176,2.0
female/0/1_DHA_17_2_176.jpg,0,DHA,,Female,17,,176,2.0
female/0/1_DHA_17_2_176.jpg,0,DHA,,Female,17,,176,2.0
female/0/1_DHA_17_2_176.jpg,0,DHA,,Female,17,,176,2.0
female/0/1_DHA_17_2_176.jpg,0,DHA,,Female,17,,176,2.0
female/0/1_DHA_17_2_176.jpg,0,DHA,,Female,17,,176,2.0
female/0/1_DHA_17_2_176.jpg,0,DHA,,Female,17,,176,2.0
female/0/1_DHA_17_2_176.jpg,0,DHA,,Female,17,,176,2.0
female/0/1_DHA_17_2_176.jpg,0,DHA,,Female,17,,176,2.0
female/0/1_DHA_17_2_176.jpg,0,DHA,,Female,17,,176,2.0
female/0/1_DHA_17_2_176.jpg,0,DHA,,Female,17,,176,2.0
female/0/1_DHA_17_2_176.jpg,0,DHA,,Female,17,,176,2.0
female/0/1_DHA_17_2_176.jpg,0,DHA,,Female,17,,176,2.0
female/0/1_DHA_17_2_176.jpg,0,DHA,,Female,17,,176,2.0
female/0/1_DHA_17_2_176.jpg,0,DHA,,Female,17,,176,2.0
female/0/1_DHA_17_2_176.jpg,0,DHA,,Female,17,,176,2.0
female/0/1_DHA_17_2_176.jpg,0,DHA,,Female,17,,176,2.0
female/0/1_DHA_17_2_176.jpg,0,DHA,,Female,17,,176,2.0
female/0/1_DHA_17_2_176.jpg,0,DHA,,Female,17,,176,2.0
female/0/1_DHA_17_2_176.jpg,0,DHA,,Female,17,,176,2.0
female/0/1_DHA_17_2_176.jpg,0,DHA,,Female,17,,176,2.0
female/0/1_DHA_17_2_176.jpg,0,DHA,,Female,17,,176,2.0
female/0/1_DHA_17_2_176.jpg,0,DHA,,Female,17,,176,2.0
female/0/1_DHA_17_2_176.jpg,0,DHA,,Female,17,,176,2.0
female/0/1_DHA_17_2_176.jpg,0,DHA,,Female,17,,176,2.0
female/0/1_DHA_17_2_176.jpg,0,DHA,,Female,17,,176,2.0
female/0/1_DHA_17_2_176.jpg,0,DHA,,Female,17,,176,2.0
female/0/1_DHA_17_2_176.jpg,0,DHA,,Female,17,,176,2.0
female/0/1_DHA_17_2_176.jpg,0,DHA,,Female,17,,176,2.0
female/0/1_DHA_17_2_176.jpg,0,DHA,,Female,17,,176,2.0
female/0/1_DHA_17_2_176.jpg,0,DHA,,Female,17,,176,2.0
female/0/1_DHA_17_2_176.jpg,0,DHA,,Female,17,,176,2.0
female/0/1_DHA_17_2_176.jpg,0,DHA,,Female,17,,176,2.0
female/0/1_DHA_17_2_176.jpg,0,DHA,,Female,17,,176,2.0
female/0/1_DHA_17_2_176.jpg,0,DHA,,Female,17,,176,2.0
female/0/1_DHA_17_2_176.jpg,0,DHA,,Female,17,,176,2.0
female/0/1_DHA_17_2_176.jpg,0,DHA,,Female,17,,176,2.0
female/0/1_DHA_17_2_176.jpg,0,DHA,,Female,17,,176,2.0
female/0/1_DHA_17_2_176.jpg,0,DHA,,Female,17,,176,2.0
female/0/1_DHA_17_2_176.jpg,0,DHA,,Female,17,,176,2.0
female/0/1_DHA_17_2_176.jpg,0,DHA,,Female,17,,176,2.0
female/0/1_DHA_17_2_176.jpg,0,DHA,,Female,17,,176,2.0
female/0/1_DHA_17_2_176.jpg,0,DHA,,Female,17,,176,2.0
female/0/1_DHA_17_2_176.jpg,0,DHA,,Female,17,,176,2.0
female/0/1_DHA_17_2_176.jpg,0,DHA,,Female,17,,176,2.0
female/0/1_DHA_17_2_176.jpg,0,DHA,,Female,17,,176,2.0
female/0/1_DHA_17_2_176.jpg,0,DHA,,Female,17,,176,2.0
female/0/1_DHA_17_2_176.jpg,0,DHA,,Female,17,,176,2.0
female/0/1_DHA_17_2_176.jpg,0,DHA,,Female,17,,176,2.0
female/0/1_DHA_17_2_176.jpg,0,DHA,,Female,17,,176,2.0
female/0/1_DHA_17_2_176.jpg,0,DHA,,Female,17,,176,2.0
female/0/1_DHA_17_2_176.jpg,0,DHA,,Female,17,,176,2.0
female/0/1_DHA_17_2_176.jpg,0,DHA,,Female,17,,176,2.0
female/0/1_DHA_17_2_176.jpg,0,DHA,,Female,17,,176,2.0
female/0/1_DHA_17_2_176.jpg,0,DHA,,Female,17,,176,2.0
female/0/1_DHA_17_2_176.jpg,0,DHA,,Female,17,,176,2.0
female/0/1_DHA_17_2_176.jpg,0,DHA,,Female,17,,176,2.0
female/0/1_DHA_17_2_176.jpg,0,DHA,,Female,17,,176,2.0
female/0/1_DHA_17_2_176.jpg,0,DHA,,Female,17,,176,2.0
female/0/1_DHA_17_2_176.jpg,0,DHA,,Female,17,,176,2.0
female/0/1_DHA_17_2_176.jpg,0,DHA,,Female,17,,176,2.0
female/0/1_DHA_17_2_176.jpg,0,DHA,,Female,17,,176,2.0
female/0/1_DHA_17_2_176.jpg,0,DHA,,Female,17,,176,2.0
female/0/1_DHA_17_2_176.jpg,0,DHA,,Female,17,,176,2.0
female/0/1_DHA_17_2_176.jpg,0,DHA,,Female,17,,176,2.0
female/0/1_DHA_17_2_176.jpg,0,DHA,,Female,17,,176,2.0
female/0/1_DHA_17_2_176.jpg,0,DHA,,Female,17,,176,2.0
female/0/1_DHA_17_2_176.jpg,0,DHA,,Female,17,,176,2.0
female/0/1_DHA_17_2_176.jpg,0,DHA,,Female,17,,176,2.0
female/0/1_DHA_17_2_176.jpg,0,DHA,,Female,17,,176,2.0
female/0/1_DHA_17_2_176.jpg,0,DHA,,Female,17,,176,2.0
female/0/1_DHA_17_2_176.jpg,0,DHA,,Female,17,,176,2.0
female/0/1_DHA_17_2_176.jpg,0,DHA,,Female,17,,176,2.0
female/0/1_DHA_17_2_176.jpg,0,DHA,,Female,17,,176,2.0
female/0/1_DHA_17_2_176.jpg,0,DHA,,Female,17,,176,2.0
female/0/1_DHA_17_2_176.jpg,0,DHA,,Female,17,,176,2.0
female/0/1_DHA_17_2_176.jpg,0,DHA,,Female,17,,176,2.0
female/0/1_DHA_17_2_176.jpg,0,DHA,,Female,17,,176,2.0
female/0/1_DHA_17_2_176.jpg,0,DHA,,Female,17,,176,2.0
female/0/1_DHA_17_2_176.jpg,0,DHA,,Female,17,,176,2.0
female/0/1_DHA_17_2_176.jpg,0,DHA,,Female,17,,176,2.0
female/0/1_DHA_17_2_176.jpg,0,DHA,,Female,17,,176,2.0
female/0/1_DHA_17_2_176.jpg,0,DHA,,Female,17,,176,2.0
female/0/1_DHA_17_2_176.jpg,0,DHA,,Female,17,,176,2.0
female/0/1_DHA_17_2_176.jpg,0,DHA,,Female,17,,176,2.0
female/0/1_DHA_17_2_176.jpg,0,DHA,,Female,17,,176,2.0
female/0/1_DHA_17_2_176.jpg,0,DHA,,Female,17,,176,2.0
female/0/1_DHA_17_2_176.jpg,0,DHA,,Female,17,,176,2.0
female/0/1_DHA_17_2_176.jpg,0,DHA,,Female,17,,176,2.0
female/0/1_DHA_17_2_176.jpg,0,DHA,,Female,17,,176,2.0
female/0/1_DHA_17_2_176.jpg,0,DHA,,Female,17,,176,2.0
female/0/1_DHA_17_2_176.jpg,0,DHA,,Female,17,,176,2.0
female/0/1_DHA_17_2_176.jpg,0,DHA,,Female,17,,176,2.0
female/0/1_DHA_17_2_176.jpg,0,DHA,,Female,17,,176,2.0
female/0/1_DHA_17_2_176.jpg,0,DHA,,Female,17,,176,2.0
female/0/1_DHA_17_2_176.jpg,0,DHA,,Female,17,,176,2.0
female/0/1_DHA_17_2_176.jpg,0,DHA,,Female,17,,176,2.0
female/0/1_DHA_17_2_176.jpg,0,DHA,,Female,17,,176,2.0
female/0/1_DHA_17_2_176.jpg,0,DHA,,Female,17,,176,2.0
female/0/1_DHA_17_2_176.jpg,0,DHA,,Female,17,,176,2.0
female/0/1_DHA_17_2_176.jpg,0,DHA,,Female,17,,176,2.0
female/0/1_DHA_17_2_176.jpg,0,DHA,,Female,17,,176,2.0
female/0/1_DHA_17_2_176.jpg,0,DHA,,Female,17,,176,2.0
female/0/1_DHA_17_2_176.jpg,0,DHA,,Female,17,,176,2.0
female/0/1_DHA_17_2_176.jpg,0,DHA,,Female,17,,176,2.0
female/0/1_DHA_17_2_176.jpg,0,DHA,,Female,17,,176,2.0
female/0/1_DHA_17_2_176.jpg,0,DHA,,Female,17,,176,2.0
female/0/1_DHA_17_2_176.jpg,0,DHA,,Female,17,,176,2.0
female/0/1_DHA_17_2_176.jpg,0,DHA,,Female,17,,176,2.0
female/0/1_DHA_17_2_176.jpg,0,DHA,,Female,17,,176,2.0
female/0/1_DHA_17_2_176.jpg,0,DHA,,Female,17,,176,2.0
female/0/1_DHA_17_2_176.jpg,0,DHA,,Female,17,,176,2.0
female/0/1_DHA_17_2_176.jpg,0,DHA,,Female,17,,176,2.0
female/0/1_DHA_17_2_176.jpg,0,DHA,,Female,17,,176,2.0
female/0/1_DHA_17_2_176.jpg,0,DHA,,Female,17,,176,2.0
female/0/1_DHA_17_2_176.jpg,0,DHA,,Female,17,,176,2.0
female/0/1_DHA_17_2_176.jpg,0,DHA,,Female,17,,176,2.0
female/0/1_DHA_17_2_176.jpg,0,DHA,,Female,17,,176,2.0
female/0/1_DHA_17_2_176.jpg,0,DHA,,Female,17,,176,2.0
female/0/1_DHA_17_2_176.jpg,0,DHA,,Female,17,,176,2.0
female/0/1_DHA_17_2_176.jpg,0,DHA,,Female,17,,176,2.0
female/0/1_DHA_17_2_176.jpg,0,DHA,,Female,17,,176,2.0
female/0/1_DHA_17_2_176.jpg,0,DHA,,Female,17,,176,2.0
female/0/1_DHA_17_2_176.jpg,0,DHA,,Female,17,,176,2.0
female/0/1_DHA_17_2_176.jpg,0,DHA,,Female,17,,176,2.0
female/0/1_DHA_17_2_176.jpg,0,DHA,,Female,17,,176,2.0
female/0/1_DHA_17_2_176.jpg,0,DHA,,Female,17,,176,2.0
female/0/1_DHA_17_2_176.jpg,0,DHA,,Female,17,,176,2.0
female/0/1_DHA_17_2_176.jpg,0,DHA,,Female,17,,176,2.0
female/0/1_DHA_17_2_176.jpg,0,DHA,,Female,17,,176,2.0
female/0/1_DHA_17_2_176.jpg,0,DHA,,Female,17,,176,2.0
female/0/1_DHA_17_2_176.jpg,0,DHA,,Female,17,,176,2.0
female/0/1_DHA_17_2_176.jpg,0,DHA,,Female,17,,176,2.0
female/0/1_DHA_17_2_176.jpg,0,DHA,,Female,17,,176,2.0
female/0/1_DHA_17_2_176.jpg,0,DHA,,Female,17,,176,2.0
female/0/1_DHA_17_2_176.jpg,0,DHA,,Female,17,,176,2.0
female/0/1_DHA_17_2_176.jpg,0,DHA,,Female,17,,176,2.0
female/0/1_DHA_17_2_176.jpg,0,DHA,,Female,17,,176,2.0
female/0/1_DHA_17_2_176.jpg,0,DHA,,Female,17,,176,2.0
female/0/1_DHA_17_2_176.jpg,0,DHA,,Female,17,,176,2.0
female/0/1_DHA_17_2_176.jpg,0,DHA,,Female,17,,176,2.0
female/0/1_DHA_17_2_176.jpg,0,DHA,,Female,17,,176,2.0
female/0/1_DHA_17_2_176.jpg,0,DHA,,Female,17,,176,2.0
female/0/1_DHA_17_2_176.jpg,0,DHA,,Female,17,,176,2.0
female/0/1_DHA_17_2_176.jpg,0,DHA,,Female,17,,176,2.0
female/0/1_DHA_17_2_176.jpg,0,DHA,,Female,17,,176,2.0
female/0/1_DHA_17_2_176.jpg,0,DHA,,Female,17,,176,2.0
female/0/1_DHA_17_2_176.jpg,0,DHA,,Female,17,,176,2.0
female/0/1_DHA_17_2_176.jpg,0,DHA,,Female,17,,176,2.0
female/0/1_DHA_17_2_176.jpg,0,DHA,,Female,17,,176,2.0
female/0/1_DHA_17_2_176.jpg,0,DHA,,Female,17,,176,2.0
female/0/1_DHA_17_2_176.jpg,0,DHA,,Female,17,,176,2.0
female/0/1_DHA_17_2_176.jpg,0,DHA,,Female,17,,176,2.0
female/0/1_DHA_17_2_176.jpg,0,DHA,,Female,17,,176,2.0
female/0/1_DHA_17_2_176.jpg,0,DHA,,Female,17,,176,2.0
female/0/1_DHA_17_2_176.jpg,0,DHA,,Female,17,,176,2.0
female/0/1_DHA_17_2_176.jpg,0,DHA,,Female,17,,176,2.0
female/0/1_DHA_17_2_176.jpg,0,DHA,,Female,17,,176,2.0
female/0/1_DHA_17_2_176.jpg,0,DHA,,Female,17,,176,2.0
female/0/1_DHA_17_2_176.jpg,0,DHA,,Female,17,,176,2.0
female/0/1_DHA_17_2_176.jpg,0,DHA,,Female,17,,176,2.0
female/0/1_DHA_17_2_176.jpg,0,DHA,,Female,17,,176,2.0
female/0/1_DHA_17_2_176.jpg,0,DHA,,Female,17,,176,2.0
female/0/1_DHA_17_2_176.jpg,0,DHA,,Female,17,,176,2.0
female/0/1_DHA_17_2_176.jpg,0,DHA,,Female,17,,176,2.0
female/0/1_DHA_17_2_176.jpg,0,DHA,,Female,17,,176,2.0
female/0/1_DHA_17_2_176.jpg,0,DHA,,Female,17,,176,2.0
female/0/1_DHA_17_2_176.jpg,0,DHA,,Female,17,,176,2.0
female/0/1_DHA_17_2_176.jpg,0,DHA,,Female,17,,176,2.0
female/0/1_DHA_17_2_176.jpg,0,DHA,,Female,17,,176,2.0
female/0/1_DHA_17_2_176.jpg,0,DHA,,Female,17,,176,2.0
female/0/1_DHA_17_2_176.jpg,0,DHA,,Female,17,,176,2.0
female/0/1_DHA_17_2_176.jpg,0,DHA,,Female,17,,176,2.0
female/0/1_DHA_17_2_176.jpg,0,DHA,,Female,17,,176,2.0
female/0/1_DHA_17_2_176.jpg,0,DHA,,Female,17,,176,2.0
female/0/1_DHA_17_2_176.jpg,0,DHA,,Female,17,,176,2.0
female/0/1_DHA_17_2_176.jpg,0,DHA,,Female,17,,176,2.0
female/0/1_DHA_17_2_176.jpg,0,DHA,,Female,17,,176,2.0
female/0/1_DHA_17_2_176.jpg,0,DHA,,Female,17,,176,2.0
female/0/1_DHA_17_2_176.jpg,0,DHA,,Female,17,,176,2.0
female/0/1_DHA_17_2_176.jpg,0,DHA,,Female,17,,176,2.0
female/0/1_DHA_17_2_176.jpg,0,DHA,,Female,17,,176,2.0
female/0/1_DHA_17_2_176.jpg,0,DHA,,Female,17,,176,2.0
female/0/1_DHA_17_2_176.jpg,0,DHA,,Female,17,,176,2.0
female/0/1_DHA_17_2_176.jpg,0,DHA,,Female,17,,176,2.0
female/0/1_DHA_17_2_176.jpg,0,DHA,,Female,17,,176,2.0
female/0/1_DHA_17_2_176.jpg,0,DHA,,Female,17,,176,2.0
female/0/1_DHA_17_2_176.jpg,0,DHA,,Female,17,,176,2.0
female/0/1_DHA_17_2_176.jpg,0,DHA,,Female,17,,176,2.0
female/0/1_DHA_17_2_176.jpg,0,DHA,,Female,17,,176,2.0
female/0/1_DHA_17_2_176.jpg,0,DHA,,Female,17,,176,2.0
female/0/1_DHA_17_2_176.jpg,0,DHA,,Female,17,,176,2.0
female/0/1_DHA_17_2_176.jpg,0,DHA,,Female,17,,176,2.0
female/0/1_DHA_17_2_176.jpg,0,DHA,,Female,17,,176,2.0
female/0/1_DHA_17_2_176.jpg,0,DHA,,Female,17,,176,2.0
female/0/1_DHA_17_2_176.jpg,0,DHA,,Female,17,,176,2.0
female/0/1_DHA_17_2_176.jpg,0,DHA,,Female,17,,176,2.0
female/0/1_DHA_17_2_176.jpg,0,DHA,,Female,17,,176,2.0
female/0/1_DHA_17_2_176.jpg,0,DHA,,Female,17,,176,2.0
female/0/1_DHA_17_2_176.jpg,0,DHA,,Female,17,,176,2.0
female/0/1_DHA_17_2_176.jpg,0,DHA,,Female,17,,176,2.0
female/0/1_DHA_17_2_176.jpg,0,DHA,,Female,17,,176,2.0
female/0/1_DHA_17_2_176.jpg,0,DHA,,Female,17,,176,2.0
female/0/1_DHA_17_2_176.jpg,0,DHA,,Female,17,,176,2.0
female/0/1_DHA_17_2_176.jpg,0,DHA,,Female,17,,176,2.0
female/0/1_DHA_17_2_176.jpg,0,DHA,,Female,17,,176,2.0
female/0/1_DHA_17_2_176.jpg,0,DHA,,Female,17,,176,2.0
female/0/1_DHA_17_2_176.jpg,0,DHA,,Female,17,,176,2.0
female/0/1_DHA_17_2_176.jpg,0,DHA,,Female,17,,176,2.0
female/0/1_DHA_17_2_176.jpg,0,DHA,,Female,17,,176,2.0
female/0/1_DHA_17_2_176.jpg,0,DHA,,Female,17,,176,2.0
female/0/1_DHA_17_2_176.jpg,0,DHA,,Female,17,,176,2.0
female/0/1_DHA_17_2_176.jpg,0,DHA,,Female,17,,176,2.0
female/0/1_DHA_17_2_176.jpg,0,DHA,,Female,17,,176,2.0
female/0/1_DHA_17_2_176.jpg,0,DHA,,Female,17,,176,2.0
female/0/1_DHA_17_2_176.jpg,0,DHA,,Female,17,,176,2.0
female/0/1_DHA_17_2_176.jpg,0,DHA,,Female,17,,176,2.0
female/0/1_DHA_17_2_176.jpg,0,DHA,,Female,17,,176,2.0
female/0/1_DHA_17_2_176.jpg,0,DHA,,Female,17,,176,2.0
female/0/1_DHA_17_2_176.jpg,0,DHA,,Female,17,,176,2.0
female/0/1_DHA_17_2_176.jpg,0,DHA,,Female,17,,176,2.0
female/0/1_DHA_17_2_176.jpg,0,DHA,,Female,17,,176,2.0
female/0/1_DHA_17_2_176.jpg,0,DHA,,Female,17,,176,2.0
female/0/1_DHA_17_2_176.jpg,0,DHA,,Female,17,,176,2.0
female/0/1_DHA_17_2_176.jpg,0,DHA,,Female,17,,176,2.0
female/0/1_DHA_17_2_176.jpg,0,DHA,,Female,17,,176,2.0
female/0/1_DHA_17_2_176.jpg,0,DHA,,Female,17,,176,2.0
female/0/1_DHA_17_2_176.jpg,0,DHA,,Female,17,,176,2.0
female/0/1_DHA_17_2_176.jpg,0,DHA,,Female,17,,176,2.0
female/0/1_DHA_17_2_176.jpg,0,DHA,,Female,17,,176,2.0
female/0/1_DHA_17_2_176.jpg,0,DHA,,Female,17,,176,2.0
female/0/1_DHA_17_2_176.jpg,0,DHA,,Female,17,,176,2.0
female/0/1_DHA_17_2_176.jpg,0,DHA,,Female,17,,176,2.0
female/0/1_DHA_17_2_176.jpg,0,DHA,,Female,17,,176,2.0
female/0/1_DHA_17_2_176.jpg,0,DHA,,Female,17,,176,2.0
female/0/1_DHA_17_2_176.jpg,0,DHA,,Female,17,,176,2.0
female/0/1_DHA_17_2_176.jpg,0,DHA,,Female,17,,176,2.0
female/0/1_DHA_17_2_176.jpg,0,DHA,,Female,17,,176,2.0
female/0/1_DHA_17_2_176.jpg,0,DHA,,Female,17,,176,2.0
female/0/1_DHA_17_2_176.jpg,0,DHA,,Female,17,,176,2.0
female/0/1_DHA_17_2_176.jpg,0,DHA,,Female,17,,176,2.0
female/0/1_DHA_17_2_176.jpg,0,DHA,,Female,17,,176,2.0
female/0/1_DHA_17_2_176.jpg,0,DHA,,Female,17,,176,2.0
female/0/1_DHA_17_2_176.jpg,0,DHA,,Female,17,,176,2.0
female/0/1_DHA_17_2_176.jpg,0,DHA,,Female,17,,176,2.0
female/0/1_DHA_17_2_176.jpg,0,DHA,,Female,17,,176,2.0
female/0/1_DHA_17_2_176.jpg,0,DHA,,Female,17,,176,2.0
female/0/1_DHA_17_2_176.jpg,0,DHA,,Female,17,,176,2.0
female/0/1_DHA_17_2_176.jpg,0,DHA,,Female,17,,176,2.0
female/0/1_DHA_17_2_176.jpg,0,DHA,,Female,17,,176,2.0
female/0/1_DHA_17_2_176.jpg,0,DHA,,Female,17,,176,2.0
female/0/1_DHA_17_2_176.jpg,0,DHA,,Female,17,,176,2.0
female/0/1_DHA_17_2_176.jpg,0,DHA,,Female,17,,176,2.0
female/0/1_DHA_17_2_176.jpg,0,DHA,,Female,17,,176,2.0
female/0/1_DHA_17_2_176.jpg,0,DHA,,Female,17,,176,2.0
female/0/1_DHA_17_2_176.jpg,0,DHA,,Female,17,,176,2.0
female/0/1_DHA_17_2_176.jpg,0,DHA,,Female,17,,176,2.0
female/0/1_DHA_17_2_176.jpg,0,DHA,,Female,17,,176,2.0
female/0/1_DHA_17_2_176.jpg,0,DHA,,Female,17,,176,2.0
female/0/1_DHA_17_2_176.jpg,0,DHA,,Female,17,,176,2.0
female/0/1_DHA_17_2_176.jpg,0,DHA,,Female,17,,176,2.0
female/0/1_DHA_17_2_176.jpg,0,DHA,,Female,17,,176,2.0
female/0/1_DHA_17_2_176.jpg,0,DHA,,Female,17,,176,2.0
female/0/1_DHA_17_2_176.jpg,0,DHA,,Female,17,,176,2.0
female/0/1_DHA_17_2_176.jpg,0,DHA,,Female,17,,176,2.0
female/0/1_DHA_17_2_176.jpg,0,DHA,,Female,17,,176,2.0
female/0/1_DHA_17_2_176.jpg,0,DHA,,Female,17,,176,2.0
female/0/1_DHA_17_2_176.jpg,0,DHA,,Female,17,,176,2.0
female/0/1_DHA_17_2_176.jpg,0,DHA,,Female,17,,176,2.0
female/0/1_DHA_17_2_176.jpg,0,DHA,,Female,17,,176,2.0
female/0/1_DHA_17_2_176.jpg,0,DHA,,Female,17,,176,2.0
female/0/1_DHA_17_2_176.jpg,0,DHA,,Female,17,,176,2.0
female/0/1_DHA_17_2_176.jpg,0,DHA,,Female,17,,176,2.0
female/0/1_DHA_17_2_176.jpg,0,DHA,,Female,17,,176,2.0
female/0/1_DHA_17_2_176.jpg,0,DHA,,Female,17,,176,2.0
female/0/1_DHA_17_2_176.jpg,0,DHA,,Female,17,,176,2.0
female/0/1_DHA_17_2_176.jpg,0,DHA,,Female,17,,176,2.0
female/0/1_DHA_17_2_176.jpg,0,DHA,,Female,17,,176,2.0
female/0/1_DHA_17_2_176.jpg,0,DHA,,Female,17,,176,2.0
female/0/1_DHA_17_2_176.jpg,0,DHA,,Female,17,,176,2.0
female/0/1_DHA_17_2_176.jpg,0,DHA,,Female,17,,176,2.0
female/0/1_DHA_17_2_176.jpg,0,DHA,,Female,17,,176,2.0
female/0/1_DHA_17_2_176.jpg,0,DHA,,Female,17,,176,2.0
female/0/1_DHA_17_2_176.jpg,0,DHA,,Female,17,,176,2.0
female/0/1_DHA_17_2_176.jpg,0,DHA,,Female,17,,176,2.0
female/0/1_DHA_17_2_176.jpg,0,DHA,,Female,17,,176,2.0
female/0/1_DHA_17_2_176.jpg,0,DHA,,Female,17,,176,2.0
female/0/1_DHA_17_2_176.jpg,0,DHA,,Female,17,,176,2.0
female/0/1_DHA_17_2_176.jpg,0,DHA,,Female,17,,176,2.0
female/0/1_DHA_17_2_176.jpg,0,DHA,,Female,17,,176,2.0
female/0/1_DHA_17_2_176.jpg,0,DHA,,Female,17,,176,2.0
female/0/1_DHA_17_2_176.jpg,0,DHA,,Female,17,,176,2.0
female/0/1_DHA_17_2_176.jpg,0,DHA,,Female,17,,176,2.0
female/0/1_DHA_17_2_176.jpg,0,DHA,,Female,17,,176,2.0
female/0/1_DHA_17_2_176.jpg,0,DHA,,Female,17,,176,2.0
female/0/1_DHA_17_2_176.jpg,0,DHA,,Female,17,,176,2.0
female/0/1_DHA_17_2_176.jpg,0,DHA,,Female,17,,176,2.0
female/0/1_DHA_17_2_176.jpg,0,DHA,,Female,17,,176,2.0
female/0/1_DHA_17_2_176.jpg,0,DHA,,Female,17,,176,2.0
female/0/1_DHA_17_2_176.jpg,0,DHA,,Female,17,,176,2.0
female/0/1_DHA_17_2_176.jpg,0,DHA,,Female,17,,176,2.0
female/0/1_DHA_17_2_176.jpg,0,DHA,,Female,17,,176,2.0
female/0/1_DHA_17_2_176.jpg,0,DHA,,Female,17,,176,2.0
female/0/1_DHA_17_2_176.jpg,0,DHA,,Female,17,,176,2.0
female/0/1_DHA_17_2_176.jpg,0,DHA,,Female,17,,176,2.0
female/0/1_DHA_17_2_176.jpg,0,DHA,,Female,17,,176,2.0
female/0/1_DHA_17_2_176.jpg,0,DHA,,Female,17,,176,2.0
female/0/1_DHA_17_2_176.jpg,0,DHA,,Female,17,,176,2.0
female/0/1_DHA_17_2_176.jpg,0,DHA,,Female,17,,176,2.0
female/0/1_DHA_17_2_176.jpg,0,DHA,,Female,17,,176,2.0
female/0/1_DHA_17_2_176.jpg,0,DHA,,Female,17,,176,2.0
female/0/1_DHA_17_2_176.jpg,0,DHA,,Female,17,,176,2.0
female/0/1_DHA_17_2_176.jpg,0,DHA,,Female,17,,176,2.0
female/0/1_DHA_17_2_176.jpg,0,DHA,,Female,17,,176,2.0
female/0/1_DHA_17_2_176.jpg,0,DHA,,Female,17,,176,2.0
female/0/1_DHA_17_2_176.jpg,0,DHA,,Female,17,,176,2.0
female/0/1_DHA_17_2_176.jpg,0,DHA,,Female,17,,176,2.0
female/0/1_DHA_17_2_176.jpg,0,DHA,,Female,17,,176,2.0
female/0/1_DHA_17_2_176.jpg,0,DHA,,Female,17,,176,2.0
female/0/1_DHA_17_2_176.jpg,0,DHA,,Female,17,,176,2.0
female/0/1_DHA_17_2_176.jpg,0,DHA,,Female,17,,176,2.0
female/0/1_DHA_17_2_176.jpg,0,DHA,,Female,17,,176,2.0
female/0/1_DHA_17_2_176.jpg,0,DHA,,Female,17,,176,2.0
female/0/1_DHA_17_2_176.jpg,0,DHA,,Female,17,,176,2.0
female/0/1_DHA_17_2_176.jpg,0,DHA,,Female,17,,176,2.0
female/0/1_DHA_17_2_176.jpg,0,DHA,,Female,17,,176,2.0
female/0/1_DHA_17_2_176.jpg,0,DHA,,Female,17,,176,2.0
female/0/1_DHA_17_2_176.jpg,0,DHA,,Female,17,,176,2.0
female/0/1_DHA_17_2_176.jpg,0,DHA,,Female,17,,176,2.0
female/0/1_DHA_17_2_176.jpg,0,DHA,,Female,17,,176,2.0
female/0/1_DHA_17_2_176.jpg,0,DHA,,Female,17,,176,2.0
female/0/1_DHA_17_2_176.jpg,0,DHA,,Female,17,,176,2.0
female/0/1_DHA_17_2_176.jpg,0,DHA,,Female,17,,176,2.0
female/0/1_DHA_17_2_176.jpg,0,DHA,,Female,17,,176,2.0
female/0/1_DHA_17_2_176.jpg,0,DHA,,Female,17,,176,2.0
female/0/1_DHA_17_2_176.jpg,0,DHA,,Female,17,,176,2.0
female/0/1_DHA_17_2_176.jpg,0,DHA,,Female,17,,176,2.0
female/0/1_DHA_17_2_176.jpg,0,DHA,,Female,17,,176,2.0
female/0/1_DHA_17_2_176.jpg,0,DHA,,Female,17,,176,2.0
female/0/1_DHA_17_2_176.jpg,0,DHA,,Female,17,,176,2.0
female/0/1_DHA_17_2_176.jpg,0,DHA,,Female,17,,176,2.0
female/0/1_DHA_17_2_176.jpg,0,DHA,,Female,17,,176,2.0
female/0/1_DHA_17_2_176.jpg,0,DHA,,Female,17,,176,2.0
female/0/1_DHA_17_2_176.jpg,0,DHA,,Female,17,,176,2.0
female/0/1_DHA_17_2_176.jpg,0,DHA,,Female,17,,176,2.0
female/0/1_DHA_17_2_176.jpg,0,DHA,,Female,17,,176,2.0
female/0/1_DHA_17_2_176.jpg,0,DHA,,Female,17,,176,2.0
female/0/1_DHA_17_2_176.jpg,0,DHA,,Female,17,,176,2.0
female/0/1_DHA_17_2_176.jpg,0,DHA,,Female,17,,176,2.0
female/0/1_DHA_17_2_176.jpg,0,DHA,,Female,17,,176,2.0
female/0/1_DHA_17_2_176.jpg,0,DHA,,Female,17,,176,2.0
female/0/1_DHA_17_2_176.jpg,0,DHA,,Female,17,,176,2.0
female/0/1_DHA_17_2_176.jpg,0,DHA,,Female,17,,176,2.0
female/0/1_DHA_17_2_176.jpg,0,DHA,,Female,17,,176,2.0
female/0/1_DHA_17_2_176.jpg,0,DHA,,Female,17,,176,2.0
female/0/1_DHA_17_2_176.jpg,0,DHA,,Female,17,,176,2.0
female/0/1_DHA_17_2_176.jpg,0,DHA,,Female,17,,176,2.0
female/0/1_DHA_17_2_176.jpg,0,DHA,,Female,17,,176,2.0
female/0/1_DHA_17_2_176.jpg,0,DHA,,Female,17,,176,2.0
female/0/1_DHA_17_2_176.jpg,0,DHA,,Female,17,,176,2.0
female/0/1_DHA_17_2_176.jpg,0,DHA,,Female,17,,176,2.0
female/0/1_DHA_17_2_176.jpg,0,DHA,,Female,17,,176,2.0
female/0/1_DHA_17_2_176.jpg,0,DHA,,Female,17,,176,2.0
female/0/1_DHA_17_2_176.jpg,0,DHA,,Female,17,,176,2.0
female/0/1_DHA_17_2_176.jpg,0,DHA,,Female,17,,176,2.0
female/0/1_DHA_17_2_176.jpg,0,DHA,,Female,17,,176,2.0
female/0/1_DHA_17_2_176.jpg,0,DHA,,Female,17,,176,2.0
female/0/1_DHA_17_2_176.jpg,0,DHA,,Female,17,,176,2.0
female/0/1_DHA_17_2_176.jpg,0,DHA,,Female,17,,176,2.0
female/0/1_DHA_17_2_176.jpg,0,DHA,,Female,17,,176,2.0
female/0/1_DHA_17_2_176.jpg,0,DHA,,Female,17,,176,2.0
female/0/1_DHA_17_2_176.jpg,0,DHA,,Female,17,,176,2.0
female/0/1_DHA_17_2_176.jpg,0,DHA,,Female,17,,176,2.0
female/0/1_DHA_17_2_176.jpg,0,DHA,,Female,17,,176,2.0
female/0/1_DHA_17_2_176.jpg,0,DHA,,Female,17,,176,2.0
female/0/1_DHA_17_2_176.jpg,0,DHA,,Female,17,,176,2.0
female/0/1_DHA_17_2_176.jpg,0,DHA,,Female,17,,176,2.0
female/0/1_DHA_17_2_176.jpg,0,DHA,,Female,17,,176,2.0
female/0/1_DHA_17_2_176.jpg,0,DHA,,Female,17,,176,2.0
female/0/1_DHA_17_2_176.jpg,0,DHA,,Female,17,,176,2.0
female/0/1_DHA_17_2_176.jpg,0,DHA,,Female,17,,176,2.0
female/0/1_DHA_17_2_176.jpg,0,DHA,,Female,17,,176,2.0
female/0/1_DHA_17_2_176.jpg,0,DHA,,Female,17,,176,2.0
female/0/1_DHA_17_2_176.jpg,0,DHA,,Female,17,,176,2.0
female/0/1_DHA_17_2_176.jpg,0,DHA,,Female,17,,176,2.0
female/0/1_DHA_17_2_176.jpg,0,DHA,,Female,17,,176,2.0
female/0/1_DHA_17_2_176.jpg,0,DHA,,Female,17,,176,2.0
female/0/1_DHA_17_2_176.jpg,0,DHA,,Female,17,,176,2.0
female/0/1_DHA_17_2_176.jpg,0,DHA,,Female,17,,176,2.0
female/0/1_DHA_17_2_176.jpg,0,DHA,,Female,17,,176,2.0
female/0/1_DHA_17_2_176.jpg,0,DHA,,Female,17,,176,2.0
female/0/1_DHA_17_2_176.jpg,0,DHA,,Female,17,,176,2.0
female/0/1_DHA_17_2_176.jpg,0,DHA,,Female,17,,176,2.0
female/0/1_DHA_17_2_176.jpg,0,DHA,,Female,17,,176,2.0
female/0/1_DHA_17_2_176.jpg,0,DHA,,Female,17,,176,2.0
female/0/1_DHA_17_2_176.jpg,0,DHA,,Female,17,,176,2.0
female/0/1_DHA_17_2_176.jpg,0,DHA,,Female,17,,176,2.0
female/0/1_DHA_17_2_176.jpg,0,DHA,,Female,17,,176,2.0
female/0/1_DHA_17_2_176.jpg,0,DHA,,Female,17,,176,2.0
female/0/1_DHA_17_2_176.jpg,0,DHA,,Female,17,,176,2.0
female/0/1_DHA_17_2_176.jpg,0,DHA,,Female,17,,176,2.0
female/0/1_DHA_17_2_176.jpg,0,DHA,,Female,17,,176,2.0
female/0/1_DHA_17_2_176.jpg,0,DHA,,Female,17,,176,2.0
female/0/1_DHA_17_2_176.jpg,0,DHA,,Female,17,,176,2.0
female/0/1_DHA_17_2_176.jpg,0,DHA,,Female,17,,176,2.0
female/0/1_DHA_17_2_176.jpg,0,DHA,,Female,17,,176,2.0
female/0/1_DHA_17_2_176.jpg,0,DHA,,Female,17,,176,2.0
female/0/1_DHA_17_2_176.jpg,0,DHA,,Female,17,,176,2.0
female/0/1_DHA_17_2_176.jpg,0,DHA,,Female,17,,176,2.0
female/0/1_DHA_17_2_176.jpg,0,DHA,,Female,17,,176,2.0
female/0/1_DHA_17_2_176.jpg,0,DHA,,Female,17,,176,2.0
female/0/1_DHA_17_2_176.jpg,0,DHA,,Female,17,,176,2.0
female/0/1_DHA_17_2_176.jpg,0,DHA,,Female,17,,176,2.0
female/0/1_DHA_17_2_176.jpg,0,DHA,,Female,17,,176,2.0
female/0/1_DHA_17_2_176.jpg,0,DHA,,Female,17,,176,2.0
female/0/1_DHA_17_2_176.jpg,0,DHA,,Female,17,,176,2.0
female/0/1_DHA_17_2_176.jpg,0,DHA,,Female,17,,176,2.0
female/0/1_DHA_17_2_176.jpg,0,DHA,,Female,17,,176,2.0
female/0/1_DHA_17_2_176.jpg,0,DHA,,Female,17,,176,2.0
female/0/1_DHA_17_2_176.jpg,0,DHA,,Female,17,,176,2.0
female/0/1_DHA_17_2_176.jpg,0,DHA,,Female,17,,176,2.0
female/0/1_DHA_17_2_176.jpg,0,DHA,,Female,17,,176,2.0
female/0/1_DHA_17_2_176.jpg,0,DHA,,Female,17,,176,2.0
female/0/1_DHA_17_2_176.jpg,0,DHA,,Female,17,,176,2.0
female/0/1_DHA_17_2_176.jpg,0,DHA,,Female,17,,176,2.0
female/0/1_DHA_17_2_176.jpg,0,DHA,,Female,17,,176,2.0
female/0/1_DHA_17_2_176.jpg,0,DHA,,Female,17,,176,2.0
female/0/1_DHA_17_2_176.jpg,0,DHA,,Female,17,,176,2.0
female/0/1_DHA_17_2_176.jpg,0,DHA,,Female,17,,176,2.0
female/0/1_DHA_17_2_176.jpg,0,DHA,,Female,17,,176,2.0
female/0/1_DHA_17_2_176.jpg,0,DHA,,Female,17,,176,2.0
female/0/1_DHA_17_2_176.jpg,0,DHA,,Female,17,,176,2.0
female/0/1_DHA_17_2_176.jpg,0,DHA,,Female,17,,176,2.0
female/0/1_DHA_17_2_176.jpg,0,DHA,,Female,17,,176,2.0
female/0/1_DHA_17_2_176.jpg,0,DHA,,Female,17,,176,2.0
female/0/1_DHA_17_2_176.jpg,0,DHA,,Female,17,,176,2.0
female/0/1_DHA_17_2_176.jpg,0,DHA,,Female,17,,176,2.0
female/0/1_DHA_17_2_176.jpg,0,DHA,,Female,17,,176,2.0
female/0/1_DHA_17_2_176.jpg,0,DHA,,Female,17,,176,2.0
female/0/1_DHA_17_2_176.jpg,0,DHA,,Female,17,,176,2.0
female/0/1_DHA_17_2_176.jpg,0,DHA,,Female,17,,176,2.0
female/0/1_DHA_17_2_176.jpg,0,DHA,,Female,17,,176,2.0
female/0/1_DHA_17_2_176.jpg,0,DHA,,Female,17,,176,2.0
female/0/1_DHA_17_2_176.jpg,0,DHA,,Female,17,,176,2.0
female/0/1_DHA_17_2_176.jpg,0,DHA,,Female,17,,176,2.0
female/0/1_DHA_17_2_176.jpg,0,DHA,,Female,17,,176,2.0
female/0/1_DHA_17_2_176.jpg,0,DHA,,Female,17,,176,2.0
female/0/1_DHA_17_2_176.jpg,0,DHA,,Female,17,,176,2.0
female/0/1_DHA_17_2_176.jpg,0,DHA,,Female,17,,176,2.0
female/0/1_DHA_17_2_176.jpg,0,DHA,,Female,17,,176,2.0
female/0/1_DHA_17_2_176.jpg,0,DHA,,Female,17,,176,2.0
female/0/1_DHA_17_2_176.jpg,0,DHA,,Female,17,,176,2.0
female/0/1_DHA_17_2_176.jpg,0,DHA,,Female,17,,176,2.0
female/0/1_DHA_17_2_176.jpg,0,DHA,,Female,17,,176,2.0
female/0/1_DHA_17_2_176.jpg,0,DHA,,Female,17,,176,2.0
female/0/1_DHA_17_2_176.jpg,0,DHA,,Female,17,,176,2.0
female/0/1_DHA_17_2_176.jpg,0,DHA,,Female,17,,176,2.0
female/0/1_DHA_17_2_176.jpg,0,DHA,,Female,17,,176,2.0
female/0/1_DHA_17_2_176.jpg,0,DHA,,Female,17,,176,2.0
female/0/1_DHA_17_2_176.jpg,0,DHA,,Female,17,,176,2.0
female/0/1_DHA_17_2_176.jpg,0,DHA,,Female,17,,176,2.0
female/0/1_DHA_17_2_176.jpg,0,DHA,,Female,17,,176,2.0
female/0/1_DHA_17_2_176.jpg,0,DHA,,Female,17,,176,2.0
female/0/1_DHA_17_2_176.jpg,0,DHA,,Female,17,,176,2.0
female/0/1_DHA_17_2_176.jpg,0,DHA,,Female,17,,176,2.0
female/0/1_DHA_17_2_176.jpg,0,DHA,,Female,17,,176,2.0
female/0/1_DHA_17_2_176.jpg,0,DHA,,Female,17,,176,2.0
female/0/1_DHA_17_2_176.jpg,0,DHA,,Female,17,,176,2.0
female/0/1_DHA_17_2_176.jpg,0,DHA,,Female,17,,176,2.0
female/0/1_DHA_17_2_176.jpg,0,DHA,,Female,17,,176,2.0
female/0/1_DHA_17_2_176.jpg,0,DHA,,Female,17,,176,2.0
female/0/1_DHA_17_2_176.jpg,0,DHA,,Female,17,,176,2.0
female/0/1_DHA_17_2_176.jpg,0,DHA,,Female,17,,176,2.0
female/0/1_DHA_17_2_176.jpg,0,DHA,,Female,17,,176,2.0
female/0/1_DHA_17_2_176.jpg,0,DHA,,Female,17,,176,2.0
female/0/1_DHA_17_2_176.jpg,0,DHA,,Female,17,,176,2.0
female/0/1_DHA_17_2_176.jpg,0,DHA,,Female,17,,176,2.0
female/0/1_DHA_17_2_176.jpg,0,DHA,,Female,17,,176,2.0
female/0/1_DHA_17_2_176.jpg,0,DHA,,Female,17,,176,2.0
female/0/1_DHA_17_2_176.jpg,0,DHA,,Female,17,,176,2.0
female/0/1_DHA_17_2_176.jpg,0,DHA,,Female,17,,176,2.0
female/0/1_DHA_17_2_176.jpg,0,DHA,,Female,17,,176,2.0
female/0/1_DHA_17_2_176.jpg,0,DHA,,Female,17,,176,2.0
female/0/1_DHA_17_2_176.jpg,0,DHA,,Female,17,,176,2.0
female/0/1_DHA_17_2_176.jpg,0,DHA,,Female,17,,176,2.0
female/0/1_DHA_17_2_176.jpg,0,DHA,,Female,17,,176,2.0
female/0/1_DHA_17_2_176.jpg,0,DHA,,Female,17,,176,2.0
female/0/1_DHA_17_2_176.jpg,0,DHA,,Female,17,,176,2.0
female/0/1_DHA_17_2_176.jpg,0,DHA,,Female,17,,176,2.0
female/0/1_DHA_17_2_176.jpg,0,DHA,,Female,17,,176,2.0
female/0/1_DHA_17_2_176.jpg,0,DHA,,Female,17,,176,2.0
female/0/1_DHA_17_2_176.jpg,0,DHA,,Female,17,,176,2.0
female/0/1_DHA_17_2_176.jpg,0,DHA,,Female,17,,176,2.0
female/0/1_DHA_17_2_176.jpg,0,DHA,,Female,17,,176,2.0
female/0/1_DHA_17_2_176.jpg,0,DHA,,Female,17,,176,2.0
female/0/1_DHA_17_2_176.jpg,0,DHA,,Female,17,,176,2.0
female/0/1_DHA_17_2_176.jpg,0,DHA,,Female,17,,176,2.0
female/0/1_DHA_17_2_176.jpg,0,DHA,,Female,17,,176,2.0
female/0/1_DHA_17_2_176.jpg,0,DHA,,Female,17,,176,2.0
female/0/1_DHA_17_2_176.jpg,0,DHA,,Female,17,,176,2.0
female/0/1_DHA_17_2_176.jpg,0,DHA,,Female,17,,176,2.0
female/0/1_DHA_17_2_176.jpg,0,DHA,,Female,17,,176,2.0
female/0/1_DHA_17_2_176.jpg,0,DHA,,Female,17,,176,2.0
female/0/1_DHA_17_2_176.jpg,0,DHA,,Female,17,,176,2.0
female/0/1_DHA_17_2_176.jpg,0,DHA,,Female,17,,176,2.0
female/0/1_DHA_17_2_176.jpg,0,DHA,,Female,17,,176,2.0
female/0/1_DHA_17_2_176.jpg,0,DHA,,Female,17,,176,2.0
female/0/1_DHA_17_2_176.jpg,0,DHA,,Female,17,,176,2.0
female/0/1_DHA_17_2_176.jpg,0,DHA,,Female,17,,176,2.0
female/0/1_DHA_17_2_176.jpg,0,DHA,,Female,17,,176,2.0
female/0/1_DHA_17_2_176.jpg,0,DHA,,Female,17,,176,2.0
female/0/1_DHA_17_2_176.jpg,0,DHA,,Female,17,,176,2.0
female/0/1_DHA_17_2_176.jpg,0,DHA,,Female,17,,176,2.0
female/0/1_DHA_17_2_176.jpg,0,DHA,,Female,17,,176,2.0
female/0/1_DHA_17_2_176.jpg,0,DHA,,Female,17,,176,2.0
female/0/1_DHA_17_2_176.jpg,0,DHA,,Female,17,,176,2.0
female/0/1_DHA_17_2_176.jpg,0,DHA,,Female,17,,176,2.0
female/0/1_DHA_17_2_176.jpg,0,DHA,,Female,17,,176,2.0
female/0/1_DHA_17_2_176.jpg,0,DHA,,Female,17,,176,2.0
female/0/1_DHA_17_2_176.jpg,0,DHA,,Female,17,,176,2.0
female/0/1_DHA_17_2_176.jpg,0,DHA,,Female,17,,176,2.0
female/0/1_DHA_17_2_176.jpg,0,DHA,,Female,17,,176,2.0
female/0/1_DHA_17_2_176.jpg,0,DHA,,Female,17,,176,2.0
female/0/1_DHA_17_2_176.jpg,0,DHA,,Female,17,,176,2.0
female/0/1_DHA_17_2_176.jpg,0,DHA,,Female,17,,176,2.0
female/0/1_DHA_17_2_176.jpg,0,DHA,,Female,17,,176,2.0
female/0/1_DHA_17_2_176.jpg,0,DHA,,Female,17,,176,2.0
female/0/1_DHA_17_2_176.jpg,0,DHA,,Female,17,,176,2.0
female/0/1_DHA_17_2_176.jpg,0,DHA,,Female,17,,176,2.0
female/0/1_DHA_17_2_176.jpg,0,DHA,,Female,17,,176,2.0
female/0/1_DHA_17_2_176.jpg,0,DHA,,Female,17,,176,2.0
female/0/1_DHA_17_2_176.jpg,0,DHA,,Female,17,,176,2.0
female/0/1_DHA_17_2_176.jpg,0,DHA,,Female,17,,176,2.0
female/0/1_DHA_17_2_176.jpg,0,DHA,,Female,17,,176,2.0
female/0/1_DHA_17_2_176.jpg,0,DHA,,Female,17,,176,2.0
female/0/1_DHA_17_2_176.jpg,0,DHA,,Female,17,,176,2.0
female/0/1_DHA_17_2_176.jpg,0,DHA,,Female,17,,176,2.0
female/0/1_DHA_17_2_176.jpg,0,DHA,,Female,17,,176,2.0
female/0/1_DHA_17_2_176.jpg,0,DHA,,Female,17,,176,2.0
female/0/1_DHA_17_2_176.jpg,0,DHA,,Female,17,,176,2.0
female/0/1_DHA_17_2_176.jpg,0,DHA,,Female,17,,176,2.0
female/0/1_DHA_17_2_176.jpg,0,DHA,,Female,17,,176,2.0
female/0/1_DHA_17_2_176.jpg,0,DHA,,Female,17,,176,2.0
female/0/1_DHA_17_2_176.jpg,0,DHA,,Female,17,,176,2.0
female/0/1_DHA_17_2_176.jpg,0,DHA,,Female,17,,176,2.0
female/0/1_DHA_17_2_176.jpg,0,DHA,,Female,17,,176,2.0
female/0/1_DHA_17_2_176.jpg,0,DHA,,Female,17,,176,2.0
female/0/1_DHA_17_2_176.jpg,0,DHA,,Female,17,,176,2.0
female/0/1_DHA_17_2_176.jpg,0,DHA,,Female,17,,176,2.0
female/0/1_DHA_17_2_176.jpg,0,DHA,,Female,17,,176,2.0
female/0/1_DHA_17_2_176.jpg,0,DHA,,Female,17,,176,2.0
female/0/1_DHA_17_2_176.jpg,0,DHA,,Female,17,,176,2.0
female/0/1_DHA_17_2_176.jpg,0,DHA,,Female,17,,176,2.0
female/0/1_DHA_17_2_176.jpg,0,DHA,,Female,17,,176,2.0
female/0/1_DHA_17_2_176.jpg,0,DHA,,Female,17,,176,2.0
female/0/1_DHA_17_2_176.jpg,0,DHA,,Female,17,,176,2.0
female/0/1_DHA_17_2_176.jpg,0,DHA,,Female,17,,176,2.0
female/0/1_DHA_17_2_176.jpg,0,DHA,,Female,17,,176,2.0
female/0/1_DHA_17_2_176.jpg,0,DHA,,Female,17,,176,2.0
female/0/1_DHA_17_2_176.jpg,0,DHA,,Female,17,,176,2.0
female/0/1_DHA_17_2_176.jpg,0,DHA,,Female,17,,176,2.0
female/0/1_DHA_17_2_176.jpg,0,DHA,,Female,17,,176,2.0
female/0/1_DHA_17_2_176.jpg,0,DHA,,Female,17,,176,2.0
female/0/1_DHA_17_2_176.jpg,0,DHA,,Female,17,,176,2.0
female/0/1_DHA_17_2_176.jpg,0,DHA,,Female,17,,176,2.0
female/0/1_DHA_17_2_176.jpg,0,DHA,,Female,17,,176,2.0
female/0/1_DHA_17_2_176.jpg,0,DHA,,Female,17,,176,2.0
female/0/1_DHA_17_2_176.jpg,0,DHA,,Female,17,,176,2.0
female/0/1_DHA_17_2_176.jpg,0,DHA,,Female,17,,176,2.0
female/0/1_DHA_17_2_176.jpg,0,DHA,,Female,17,,176,2.0
female/0/1_DHA_17_2_176.jpg,0,DHA,,Female,17,,176,2.0
female/0/1_DHA_17_2_176.jpg,0,DHA,,Female,17,,176,2.0
female/0/1_DHA_17_2_176.jpg,0,DHA,,Female,17,,176,2.0
female/0/1_DHA_17_2_176.jpg,0,DHA,,Female,17,,176,2.0
female/0/1_DHA_17_2_176.jpg,0,DHA,,Female,17,,176,2.0
female/0/1_DHA_17_2_176.jpg,0,DHA,,Female,17,,176,2.0
female/0/1_DHA_17_2_176.jpg,0,DHA,,Female,17,,176,2.0
female/0/1_DHA_17_2_176.jpg,0,DHA,,Female,17,,176,2.0
female/0/1_DHA_17_2_176.jpg,0,DHA,,Female,17,,176,2.0
female/0/1_DHA_17_2_176.jpg,0,DHA,,Female,17,,176,2.0
female/0/1_DHA_17_2_176.jpg,0,DHA,,Female,17,,176,2.0
female/0/1_DHA_17_2_176.jpg,0,DHA,,Female,17,,176,2.0
female/0/1_DHA_17_2_176.jpg,0,DHA,,Female,17,,176,2.0
female/0/1_DHA_17_2_176.jpg,0,DHA,,Female,17,,176,2.0
female/0/1_DHA_17_2_176.jpg,0,DHA,,Female,17,,176,2.0
female/0/1_DHA_17_2_176.jpg,0,DHA,,Female,17,,176,2.0
female/0/1_DHA_17_2_176.jpg,0,DHA,,Female,17,,176,2.0
female/0/1_DHA_17_2_176.jpg,0,DHA,,Female,17,,176,2.0
female/0/1_DHA_17_2_176.jpg,0,DHA,,Female,17,,176,2.0
female/0/1_DHA_17_2_176.jpg,0,DHA,,Female,17,,176,2.0
female/0/1_DHA_17_2_176.jpg,0,DHA,,Female,17,,176,2.0
female/0/1_DHA_17_2_176.jpg,0,DHA,,Female,17,,176,2.0
female/0/1_DHA_17_2_176.jpg,0,DHA,,Female,17,,176,2.0
female/0/1_DHA_17_2_176.jpg,0,DHA,,Female,17,,176,2.0
female/0/1_DHA_17_2_176.jpg,0,DHA,,Female,17,,176,2.0
female/0/1_DHA_17_2_176.jpg,0,DHA,,Female,17,,176,2.0
female/0/1_DHA_17_2_176.jpg,0,DHA,,Female,17,,176,2.0
female/0/1_DHA_17_2_176.jpg,0,DHA,,Female,17,,176,2.0
female/0/1_DHA_17_2_176.jpg,0,DHA,,Female,17,,176,2.0
female/0/1_DHA_17_2_176.jpg,0,DHA,,Female,17,,176,2.0
female/0/1_DHA_17_2_176.jpg,0,DHA,,Female,17,,176,2.0
female/0/1_DHA_17_2_176.jpg,0,DHA,,Female,17,,176,2.0
female/0/1_DHA_17_2_176.jpg,0,DHA,,Female,17,,176,2.0
female/0/1_DHA_17_2_176.jpg,0,DHA,,Female,17,,176,2.0
female/0/1_DHA_17_2_176.jpg,0,DHA,,Female,17,,176,2.0
female/0/1_DHA_17_2_176.jpg,0,DHA,,Female,17,,176,2.0
female/0/1_DHA_17_2_176.jpg,0,DHA,,Female,17,,176,2.0
female/0/1_DHA_17_2_176.jpg,0,DHA,,Female,17,,176,2.0
female/0/1_DHA_17_2_176.jpg,0,DHA,,Female,17,,176,2.0
female/0/1_DHA_17_2_176.jpg,0,DHA,,Female,17,,176,2.0
female/0/1_DHA_17_2_176.jpg,0,DHA,,Female,17,,176,2.0
female/0/1_DHA_17_2_176.jpg,0,DHA,,Female,17,,176,2.0
female/0/1_DHA_17_2_176.jpg,0,DHA,,Female,17,,176,2.0
female/0/1_DHA_17_2_176.jpg,0,DHA,,Female,17,,176,2.0
female/0/1_DHA_17_2_176.jpg,0,DHA,,Female,17,,176,2.0
female/0/1_DHA_17_2_176.jpg,0,DHA,,Female,17,,176,2.0
female/0/1_DHA_17_2_176.jpg,0,DHA,,Female,17,,176,2.0
female/0/1_DHA_17_2_176.jpg,0,DHA,,Female,17,,176,2.0
female/0/1_DHA_17_2_176.jpg,0,DHA,,Female,17,,176,2.0
female/0/1_DHA_17_2_176.jpg,0,DHA,,Female,17,,176,2.0
female/0/1_DHA_17_2_176.jpg,0,DHA,,Female,17,,176,2.0
female/0/1_DHA_17_2_176.jpg,0,DHA,,Female,17,,176,2.0
female/0/1_DHA_17_2_176.jpg,0,DHA,,Female,17,,176,2.0
female/0/1_DHA_17_2_176.jpg,0,DHA,,Female,17,,176,2.0
female/0/1_DHA_17_2_176.jpg,0,DHA,,Female,17,,176,2.0
female/0/1_DHA_17_2_176.jpg,0,DHA,,Female,17,,176,2.0
female/0/1_DHA_17_2_176.jpg,0,DHA,,Female,17,,176,2.0
female/0/1_DHA_17_2_176.jpg,0,DHA,,Female,17,,176,2.0
female/0/1_DHA_17_2_176.jpg,0,DHA,,Female,17,,176,2.0
female/0/1_DHA_17_2_176.jpg,0,DHA,,Female,17,,176,2.0
female/0/1_DHA_17_2_176.jpg,0,DHA,,Female,17,,176,2.0
female/0/1_DHA_17_2_176.jpg,0,DHA,,Female,17,,176,2.0
female/0/1_DHA_17_2_176.jpg,0,DHA,,Female,17,,176,2.0
female/0/1_DHA_17_2_176.jpg,0,DHA,,Female,17,,176,2.0
female/0/1_DHA_17_2_176.jpg,0,DHA,,Female,17,,176,2.0
female/0/1_DHA_17_2_176.jpg,0,DHA,,Female,17,,176,2.0
female/0/1_DHA_17_2_176.jpg,0,DHA,,Female,17,,176,2.0
female/0/1_DHA_17_2_176.jpg,0,DHA,,Female,17,,176,2.0
female/0/1_DHA_17_2_176.jpg,0,DHA,,Female,17,,176,2.0
female/0/1_DHA_17_2_176.jpg,0,DHA,,Female,17,,176,2.0
female/0/1_DHA_17_2_176.jpg,0,DHA,,Female,17,,176,2.0
female/0/1_DHA_17_2_176.jpg,0,DHA,,Female,17,,176,2.0
female/0/1_DHA_17_2_176.jpg,0,DHA,,Female,17,,176,2.0
female/0/1_DHA_17_2_176.jpg,0,DHA,,Female,17,,176,2.0
female/0/1_DHA_17_2_176.jpg,0,DHA,,Female,17,,176,2.0
female/0/1_DHA_17_2_176.jpg,0,DHA,,Female,17,,176,2.0
female/0/1_DHA_17_2_176.jpg,0,DHA,,Female,17,,176,2.0
female/0/1_DHA_17_2_176.jpg,0,DHA,,Female,17,,176,2.0
female/0/1_DHA_17_2_176.jpg,0,DHA,,Female,17,,176,2.0
female/0/1_DHA_17_2_176.jpg,0,DHA,,Female,17,,176,2.0
female/0/1_DHA_17_2_176.jpg,0,DHA,,Female,17,,176,2.0
female/0/1_DHA_17_2_176.jpg,0,DHA,,Female,17,,176,2.0
female/0/1_DHA_17_2_176.jpg,0,DHA,,Female,17,,176,2.0
female/7/1_KIS_17_2_109.jpg,7,KIS,,Female,17,,109,2.0
female/7/1_KIS_17_2_109.jpg,7,KIS,,Female,17,,109,2.0
female/7/1_KIS_17_2_109.jpg,7,KIS,,Female,17,,109,2.0
female/7/1_KIS_17_2_109.jpg,7,KIS,,Female,17,,109,2.0
female/7/1_KIS_17_2_109.jpg,7,KIS,,Female,17,,109,2.0
female/7/1_KIS_17_2_109.jpg,7,KIS,,Female,17,,109,2.0
female/7/1_KIS_17_2_109.jpg,7,KIS,,Female,17,,109,2.0
female/7/1_KIS_17_2_109.jpg,7,KIS,,Female,17,,109,2.0
female/7/1_KIS_17_2_109.jpg,7,KIS,,Female,17,,109,2.0
female/7/1_KIS_17_2_109.jpg,7,KIS,,Female,17,,109,2.0
female/7/1_KIS_17_2_109.jpg,7,KIS,,Female,17,,109,2.0
female/7/1_KIS_17_2_109.jpg,7,KIS,,Female,17,,109,2.0
female/7/1_KIS_17_2_109.jpg,7,KIS,,Female,17,,109,2.0
female/7/1_KIS_17_2_109.jpg,7,KIS,,Female,17,,109,2.0
female/7/1_KIS_17_2_109.jpg,7,KIS,,Female,17,,109,2.0
female/7/1_KIS_17_2_109.jpg,7,KIS,,Female,17,,109,2.0
female/7/1_KIS_17_2_109.jpg,7,KIS,,Female,17,,109,2.0
female/7/1_KIS_17_2_109.jpg,7,KIS,,Female,17,,109,2.0
female/7/1_KIS_17_2_109.jpg,7,KIS,,Female,17,,109,2.0
female/7/1_KIS_17_2_109.jpg,7,KIS,,Female,17,,109,2.0
female/7/1_KIS_17_2_109.jpg,7,KIS,,Female,17,,109,2.0
female/7/1_KIS_17_2_109.jpg,7,KIS,,Female,17,,109,2.0
female/7/1_KIS_17_2_109.jpg,7,KIS,,Female,17,,109,2.0
female/7/1_KIS_17_2_109.jpg,7,KIS,,Female,17,,109,2.0
female/7/1_KIS_17_2_109.jpg,7,KIS,,Female,17,,109,2.0
female/7/1_KIS_17_2_109.jpg,7,KIS,,Female,17,,109,2.0
female/7/1_KIS_17_2_109.jpg,7,KIS,,Female,17,,109,2.0
female/7/1_KIS_17_2_109.jpg,7,KIS,,Female,17,,109,2.0
female/7/1_KIS_17_2_109.jpg,7,KIS,,Female,17,,109,2.0
female/7/1_KIS_17_2_109.jpg,7,KIS,,Female,17,,109,2.0
female/7/1_KIS_17_2_109.jpg,7,KIS,,Female,17,,109,2.0
female/7/1_KIS_17_2_109.jpg,7,KIS,,Female,17,,109,2.0
female/7/1_KIS_17_2_109.jpg,7,KIS,,Female,17,,109,2.0
female/7/1_KIS_17_2_109.jpg,7,KIS,,Female,17,,109,2.0
female/7/1_KIS_17_2_109.jpg,7,KIS,,Female,17,,109,2.0
female/7/1_KIS_17_2_109.jpg,7,KIS,,Female,17,,109,2.0
female/7/1_KIS_17_2_109.jpg,7,KIS,,Female,17,,109,2.0
female/7/1_KIS_17_2_109.jpg,7,KIS,,Female,17,,109,2.0
female/7/1_KIS_17_2_109.jpg,7,KIS,,Female,17,,109,2.0
female/7/1_KIS_17_2_109.jpg,7,KIS,,Female,17,,109,2.0
female/7/1_KIS_17_2_109.jpg,7,KIS,,Female,17,,109,2.0
female/7/1_KIS_17_2_109.jpg,7,KIS,,Female,17,,109,2.0
female/7/1_KIS_17_2_109.jpg,7,KIS,,Female,17,,109,2.0
female/7/1_KIS_17_2_109.jpg,7,KIS,,Female,17,,109,2.0
female/7/1_KIS_17_2_109.jpg,7,KIS,,Female,17,,109,2.0
female/7/1_KIS_17_2_109.jpg,7,KIS,,Female,17,,109,2.0
female/7/1_KIS_17_2_109.jpg,7,KIS,,Female,17,,109,2.0
female/7/1_KIS_17_2_109.jpg,7,KIS,,Female,17,,109,2.0
female/7/1_KIS_17_2_109.jpg,7,KIS,,Female,17,,109,2.0
female/7/1_KIS_17_2_109.jpg,7,KIS,,Female,17,,109,2.0
female/7/1_KIS_17_2_109.jpg,7,KIS,,Female,17,,109,2.0
female/7/1_KIS_17_2_109.jpg,7,KIS,,Female,17,,109,2.0
female/7/1_KIS_17_2_109.jpg,7,KIS,,Female,17,,109,2.0
female/7/1_KIS_17_2_109.jpg,7,KIS,,Female,17,,109,2.0
female/7/1_KIS_17_2_109.jpg,7,KIS,,Female,17,,109,2.0
female/7/1_KIS_17_2_109.jpg,7,KIS,,Female,17,,109,2.0
female/7/1_KIS_17_2_109.jpg,7,KIS,,Female,17,,109,2.0
female/7/1_KIS_17_2_109.jpg,7,KIS,,Female,17,,109,2.0
female/7/1_KIS_17_2_109.jpg,7,KIS,,Female,17,,109,2.0
female/7/1_KIS_17_2_109.jpg,7,KIS,,Female,17,,109,2.0
female/7/1_KIS_17_2_109.jpg,7,KIS,,Female,17,,109,2.0
female/7/1_KIS_17_2_109.jpg,7,KIS,,Female,17,,109,2.0
female/7/1_KIS_17_2_109.jpg,7,KIS,,Female,17,,109,2.0
female/7/1_KIS_17_2_109.jpg,7,KIS,,Female,17,,109,2.0
female/7/1_KIS_17_2_109.jpg,7,KIS,,Female,17,,109,2.0
female/7/1_KIS_17_2_109.jpg,7,KIS,,Female,17,,109,2.0
female/7/1_KIS_17_2_109.jpg,7,KIS,,Female,17,,109,2.0
female/7/1_KIS_17_2_109.jpg,7,KIS,,Female,17,,109,2.0
female/7/1_KIS_17_2_109.jpg,7,KIS,,Female,17,,109,2.0
female/7/1_KIS_17_2_109.jpg,7,KIS,,Female,17,,109,2.0
female/7/1_KIS_17_2_109.jpg,7,KIS,,Female,17,,109,2.0
female/7/1_KIS_17_2_109.jpg,7,KIS,,Female,17,,109,2.0
female/7/1_KIS_17_2_109.jpg,7,KIS,,Female,17,,109,2.0
female/7/1_KIS_17_2_109.jpg,7,KIS,,Female,17,,109,2.0
female/7/1_KIS_17_2_109.jpg,7,KIS,,Female,17,,109,2.0
female/7/1_KIS_17_2_109.jpg,7,KIS,,Female,17,,109,2.0
female/7/1_KIS_17_2_109.jpg,7,KIS,,Female,17,,109,2.0
female/7/1_KIS_17_2_109.jpg,7,KIS,,Female,17,,109,2.0
female/7/1_KIS_17_2_109.jpg,7,KIS,,Female,17,,109,2.0
female/7/1_KIS_17_2_109.jpg,7,KIS,,Female,17,,109,2.0
female/7/1_KIS_17_2_109.jpg,7,KIS,,Female,17,,109,2.0
female/7/1_KIS_17_2_109.jpg,7,KIS,,Female,17,,109,2.0
female/7/1_KIS_17_2_109.jpg,7,KIS,,Female,17,,109,2.0
female/7/1_KIS_17_2_109.jpg,7,KIS,,Female,17,,109,2.0
female/7/1_KIS_17_2_109.jpg,7,KIS,,Female,17,,109,2.0
female/7/1_KIS_17_2_109.jpg,7,KIS,,Female,17,,109,2.0
female/7/1_KIS_17_2_109.jpg,7,KIS,,Female,17,,109,2.0
female/7/1_KIS_17_2_109.jpg,7,KIS,,Female,17,,109,2.0
female/7/1_KIS_17_2_109.jpg,7,KIS,,Female,17,,109,2.0
female/7/1_KIS_17_2_109.jpg,7,KIS,,Female,17,,109,2.0
female/7/1_KIS_17_2_109.jpg,7,KIS,,Female,17,,109,2.0
female/7/1_KIS_17_2_109.jpg,7,KIS,,Female,17,,109,2.0
female/7/1_KIS_17_2_109.jpg,7,KIS,,Female,17,,109,2.0
female/7/1_KIS_17_2_109.jpg,7,KIS,,Female,17,,109,2.0
female/7/1_KIS_17_2_109.jpg,7,KIS,,Female,17,,109,2.0
female/7/1_KIS_17_2_109.jpg,7,KIS,,Female,17,,109,2.0
female/7/1_KIS_17_2_109.jpg,7,KIS,,Female,17,,109,2.0
female/7/1_KIS_17_2_109.jpg,7,KIS,,Female,17,,109,2.0
female/7/1_KIS_17_2_109.jpg,7,KIS,,Female,17,,109,2.0
female/7/1_KIS_17_2_109.jpg,7,KIS,,Female,17,,109,2.0
female/7/1_KIS_17_2_109.jpg,7,KIS,,Female,17,,109,2.0
female/7/1_KIS_17_2_109.jpg,7,KIS,,Female,17,,109,2.0
female/7/1_KIS_17_2_109.jpg,7,KIS,,Female,17,,109,2.0
female/7/1_KIS_17_2_109.jpg,7,KIS,,Female,17,,109,2.0
female/7/1_KIS_17_2_109.jpg,7,KIS,,Female,17,,109,2.0
female/7/1_KIS_17_2_109.jpg,7,KIS,,Female,17,,109,2.0
female/7/1_KIS_17_2_109.jpg,7,KIS,,Female,17,,109,2.0
female/7/1_KIS_17_2_109.jpg,7,KIS,,Female,17,,109,2.0
female/7/1_KIS_17_2_109.jpg,7,KIS,,Female,17,,109,2.0
female/7/1_KIS_17_2_109.jpg,7,KIS,,Female,17,,109,2.0
female/7/1_KIS_17_2_109.jpg,7,KIS,,Female,17,,109,2.0
female/7/1_KIS_17_2_109.jpg,7,KIS,,Female,17,,109,2.0
female/7/1_KIS_17_2_109.jpg,7,KIS,,Female,17,,109,2.0
female/7/1_KIS_17_2_109.jpg,7,KIS,,Female,17,,109,2.0
female/7/1_KIS_17_2_109.jpg,7,KIS,,Female,17,,109,2.0
female/7/1_KIS_17_2_109.jpg,7,KIS,,Female,17,,109,2.0
female/7/1_KIS_17_2_109.jpg,7,KIS,,Female,17,,109,2.0
female/7/1_KIS_17_2_109.jpg,7,KIS,,Female,17,,109,2.0
female/7/1_KIS_17_2_109.jpg,7,KIS,,Female,17,,109,2.0
female/7/1_KIS_17_2_109.jpg,7,KIS,,Female,17,,109,2.0
female/7/1_KIS_17_2_109.jpg,7,KIS,,Female,17,,109,2.0
female/7/1_KIS_17_2_109.jpg,7,KIS,,Female,17,,109,2.0
female/7/1_KIS_17_2_109.jpg,7,KIS,,Female,17,,109,2.0
female/7/1_KIS_17_2_109.jpg,7,KIS,,Female,17,,109,2.0
female/7/1_KIS_17_2_109.jpg,7,KIS,,Female,17,,109,2.0
female/7/1_KIS_17_2_109.jpg,7,KIS,,Female,17,,109,2.0
female/7/1_KIS_17_2_109.jpg,7,KIS,,Female,17,,109,2.0
female/7/1_KIS_17_2_109.jpg,7,KIS,,Female,17,,109,2.0
female/7/1_KIS_17_2_109.jpg,7,KIS,,Female,17,,109,2.0
female/7/1_KIS_17_2_109.jpg,7,KIS,,Female,17,,109,2.0
female/7/1_KIS_17_2_109.jpg,7,KIS,,Female,17,,109,2.0
female/7/1_KIS_17_2_109.jpg,7,KIS,,Female,17,,109,2.0
female/7/1_KIS_17_2_109.jpg,7,KIS,,Female,17,,109,2.0
female/7/1_KIS_17_2_109.jpg,7,KIS,,Female,17,,109,2.0
female/7/1_KIS_17_2_109.jpg,7,KIS,,Female,17,,109,2.0
female/7/1_KIS_17_2_109.jpg,7,KIS,,Female,17,,109,2.0
female/7/1_KIS_17_2_109.jpg,7,KIS,,Female,17,,109,2.0
female/7/1_KIS_17_2_109.jpg,7,KIS,,Female,17,,109,2.0
female/7/1_KIS_17_2_109.jpg,7,KIS,,Female,17,,109,2.0
female/7/1_KIS_17_2_109.jpg,7,KIS,,Female,17,,109,2.0
female/7/1_KIS_17_2_109.jpg,7,KIS,,Female,17,,109,2.0
female/7/1_KIS_17_2_109.jpg,7,KIS,,Female,17,,109,2.0
female/7/1_KIS_17_2_109.jpg,7,KIS,,Female,17,,109,2.0
female/7/1_KIS_17_2_109.jpg,7,KIS,,Female,17,,109,2.0
female/7/1_KIS_17_2_109.jpg,7,KIS,,Female,17,,109,2.0
female/7/1_KIS_17_2_109.jpg,7,KIS,,Female,17,,109,2.0
female/7/1_KIS_17_2_109.jpg,7,KIS,,Female,17,,109,2.0
female/7/1_KIS_17_2_109.jpg,7,KIS,,Female,17,,109,2.0
female/7/1_KIS_17_2_109.jpg,7,KIS,,Female,17,,109,2.0
female/7/1_KIS_17_2_109.jpg,7,KIS,,Female,17,,109,2.0
female/7/1_KIS_17_2_109.jpg,7,KIS,,Female,17,,109,2.0
female/7/1_KIS_17_2_109.jpg,7,KIS,,Female,17,,109,2.0
female/7/1_KIS_17_2_109.jpg,7,KIS,,Female,17,,109,2.0
female/7/1_KIS_17_2_109.jpg,7,KIS,,Female,17,,109,2.0
female/7/1_KIS_17_2_109.jpg,7,KIS,,Female,17,,109,2.0
female/7/1_KIS_17_2_109.jpg,7,KIS,,Female,17,,109,2.0
female/7/1_KIS_17_2_109.jpg,7,KIS,,Female,17,,109,2.0
female/7/1_KIS_17_2_109.jpg,7,KIS,,Female,17,,109,2.0
female/7/1_KIS_17_2_109.jpg,7,KIS,,Female,17,,109,2.0
female/7/1_KIS_17_2_109.jpg,7,KIS,,Female,17,,109,2.0
female/7/1_KIS_17_2_109.jpg,7,KIS,,Female,17,,109,2.0
female/7/1_KIS_17_2_109.jpg,7,KIS,,Female,17,,109,2.0
female/7/1_KIS_17_2_109.jpg,7,KIS,,Female,17,,109,2.0
female/7/1_KIS_17_2_109.jpg,7,KIS,,Female,17,,109,2.0
female/7/1_KIS_17_2_109.jpg,7,KIS,,Female,17,,109,2.0
female/7/1_KIS_17_2_109.jpg,7,KIS,,Female,17,,109,2.0
female/7/1_KIS_17_2_109.jpg,7,KIS,,Female,17,,109,2.0
female/7/1_KIS_17_2_109.jpg,7,KIS,,Female,17,,109,2.0
female/7/1_KIS_17_2_109.jpg,7,KIS,,Female,17,,109,2.0
female/7/1_KIS_17_2_109.jpg,7,KIS,,Female,17,,109,2.0
female/7/1_KIS_17_2_109.jpg,7,KIS,,Female,17,,109,2.0
female/7/1_KIS_17_2_109.jpg,7,KIS,,Female,17,,109,2.0
female/7/1_KIS_17_2_109.jpg,7,KIS,,Female,17,,109,2.0
female/7/1_KIS_17_2_109.jpg,7,KIS,,Female,17,,109,2.0
female/7/1_KIS_17_2_109.jpg,7,KIS,,Female,17,,109,2.0
female/7/1_KIS_17_2_109.jpg,7,KIS,,Female,17,,109,2.0
female/7/1_KIS_17_2_109.jpg,7,KIS,,Female,17,,109,2.0
female/7/1_KIS_17_2_109.jpg,7,KIS,,Female,17,,109,2.0
female/7/1_KIS_17_2_109.jpg,7,KIS,,Female,17,,109,2.0
female/7/1_KIS_17_2_109.jpg,7,KIS,,Female,17,,109,2.0
female/7/1_KIS_17_2_109.jpg,7,KIS,,Female,17,,109,2.0
female/7/1_KIS_17_2_109.jpg,7,KIS,,Female,17,,109,2.0
female/7/1_KIS_17_2_109.jpg,7,KIS,,Female,17,,109,2.0
female/7/1_KIS_17_2_109.jpg,7,KIS,,Female,17,,109,2.0
female/7/1_KIS_17_2_109.jpg,7,KIS,,Female,17,,109,2.0
female/7/1_KIS_17_2_109.jpg,7,KIS,,Female,17,,109,2.0
female/7/1_KIS_17_2_109.jpg,7,KIS,,Female,17,,109,2.0
female/7/1_KIS_17_2_109.jpg,7,KIS,,Female,17,,109,2.0
female/7/1_KIS_17_2_109.jpg,7,KIS,,Female,17,,109,2.0
female/7/1_KIS_17_2_109.jpg,7,KIS,,Female,17,,109,2.0
female/7/1_KIS_17_2_109.jpg,7,KIS,,Female,17,,109,2.0
female/7/1_KIS_17_2_109.jpg,7,KIS,,Female,17,,109,2.0
female/7/1_KIS_17_2_109.jpg,7,KIS,,Female,17,,109,2.0
female/7/1_KIS_17_2_109.jpg,7,KIS,,Female,17,,109,2.0
female/7/1_KIS_17_2_109.jpg,7,KIS,,Female,17,,109,2.0
female/7/1_KIS_17_2_109.jpg,7,KIS,,Female,17,,109,2.0
female/7/1_KIS_17_2_109.jpg,7,KIS,,Female,17,,109,2.0
female/7/1_KIS_17_2_109.jpg,7,KIS,,Female,17,,109,2.0
female/7/1_KIS_17_2_109.jpg,7,KIS,,Female,17,,109,2.0
female/7/1_KIS_17_2_109.jpg,7,KIS,,Female,17,,109,2.0
female/7/1_KIS_17_2_109.jpg,7,KIS,,Female,17,,109,2.0
female/7/1_KIS_17_2_109.jpg,7,KIS,,Female,17,,109,2.0
female/7/1_KIS_17_2_109.jpg,7,KIS,,Female,17,,109,2.0
female/7/1_KIS_17_2_109.jpg,7,KIS,,Female,17,,109,2.0
female/7/1_KIS_17_2_109.jpg,7,KIS,,Female,17,,109,2.0
female/7/1_KIS_17_2_109.jpg,7,KIS,,Female,17,,109,2.0
female/7/1_KIS_17_2_109.jpg,7,KIS,,Female,17,,109,2.0
female/7/1_KIS_17_2_109.jpg,7,KIS,,Female,17,,109,2.0
female/7/1_KIS_17_2_109.jpg,7,KIS,,Female,17,,109,2.0
female/7/1_KIS_17_2_109.jpg,7,KIS,,Female,17,,109,2.0
female/7/1_KIS_17_2_109.jpg,7,KIS,,Female,17,,109,2.0
female/7/1_KIS_17_2_109.jpg,7,KIS,,Female,17,,109,2.0
female/7/1_KIS_17_2_109.jpg,7,KIS,,Female,17,,109,2.0
female/7/1_KIS_17_2_109.jpg,7,KIS,,Female,17,,109,2.0
female/7/1_KIS_17_2_109.jpg,7,KIS,,Female,17,,109,2.0
female/7/1_KIS_17_2_109.jpg,7,KIS,,Female,17,,109,2.0
female/7/1_KIS_17_2_109.jpg,7,KIS,,Female,17,,109,2.0
female/7/1_KIS_17_2_109.jpg,7,KIS,,Female,17,,109,2.0
female/7/1_KIS_17_2_109.jpg,7,KIS,,Female,17,,109,2.0
female/7/1_KIS_17_2_109.jpg,7,KIS,,Female,17,,109,2.0
female/7/1_KIS_17_2_109.jpg,7,KIS,,Female,17,,109,2.0
female/7/1_KIS_17_2_109.jpg,7,KIS,,Female,17,,109,2.0
female/7/1_KIS_17_2_109.jpg,7,KIS,,Female,17,,109,2.0
female/7/1_KIS_17_2_109.jpg,7,KIS,,Female,17,,109,2.0
female/7/1_KIS_17_2_109.jpg,7,KIS,,Female,17,,109,2.0
female/7/1_KIS_17_2_109.jpg,7,KIS,,Female,17,,109,2.0
female/7/1_KIS_17_2_109.jpg,7,KIS,,Female,17,,109,2.0
female/7/1_KIS_17_2_109.jpg,7,KIS,,Female,17,,109,2.0
female/7/1_KIS_17_2_109.jpg,7,KIS,,Female,17,,109,2.0
female/7/1_KIS_17_2_109.jpg,7,KIS,,Female,17,,109,2.0
female/7/1_KIS_17_2_109.jpg,7,KIS,,Female,17,,109,2.0
female/7/1_KIS_17_2_109.jpg,7,KIS,,Female,17,,109,2.0
female/7/1_KIS_17_2_109.jpg,7,KIS,,Female,17,,109,2.0
female/7/1_KIS_17_2_109.jpg,7,KIS,,Female,17,,109,2.0
female/7/1_KIS_17_2_109.jpg,7,KIS,,Female,17,,109,2.0
female/7/1_KIS_17_2_109.jpg,7,KIS,,Female,17,,109,2.0
female/7/1_KIS_17_2_109.jpg,7,KIS,,Female,17,,109,2.0
female/7/1_KIS_17_2_109.jpg,7,KIS,,Female,17,,109,2.0
female/7/1_KIS_17_2_109.jpg,7,KIS,,Female,17,,109,2.0
female/7/1_KIS_17_2_109.jpg,7,KIS,,Female,17,,109,2.0
female/7/1_KIS_17_2_109.jpg,7,KIS,,Female,17,,109,2.0
female/7/1_KIS_17_2_109.jpg,7,KIS,,Female,17,,109,2.0
female/7/1_KIS_17_2_109.jpg,7,KIS,,Female,17,,109,2.0
female/7/1_KIS_17_2_109.jpg,7,KIS,,Female,17,,109,2.0
female/7/1_KIS_17_2_109.jpg,7,KIS,,Female,17,,109,2.0
female/7/1_KIS_17_2_109.jpg,7,KIS,,Female,17,,109,2.0
female/7/1_KIS_17_2_109.jpg,7,KIS,,Female,17,,109,2.0
female/7/1_KIS_17_2_109.jpg,7,KIS,,Female,17,,109,2.0
female/7/1_KIS_17_2_109.jpg,7,KIS,,Female,17,,109,2.0
female/7/1_KIS_17_2_109.jpg,7,KIS,,Female,17,,109,2.0
female/7/1_KIS_17_2_109.jpg,7,KIS,,Female,17,,109,2.0
female/7/1_KIS_17_2_109.jpg,7,KIS,,Female,17,,109,2.0
female/7/1_KIS_17_2_109.jpg,7,KIS,,Female,17,,109,2.0
female/7/1_KIS_17_2_109.jpg,7,KIS,,Female,17,,109,2.0
female/7/1_KIS_17_2_109.jpg,7,KIS,,Female,17,,109,2.0
female/7/1_KIS_17_2_109.jpg,7,KIS,,Female,17,,109,2.0
female/7/1_KIS_17_2_109.jpg,7,KIS,,Female,17,,109,2.0
female/7/1_KIS_17_2_109.jpg,7,KIS,,Female,17,,109,2.0
female/7/1_KIS_17_2_109.jpg,7,KIS,,Female,17,,109,2.0
female/7/1_KIS_17_2_109.jpg,7,KIS,,Female,17,,109,2.0
female/7/1_KIS_17_2_109.jpg,7,KIS,,Female,17,,109,2.0
female/7/1_KIS_17_2_109.jpg,7,KIS,,Female,17,,109,2.0
female/7/1_KIS_17_2_109.jpg,7,KIS,,Female,17,,109,2.0
female/7/1_KIS_17_2_109.jpg,7,KIS,,Female,17,,109,2.0
female/7/1_KIS_17_2_109.jpg,7,KIS,,Female,17,,109,2.0
female/7/1_KIS_17_2_109.jpg,7,KIS,,Female,17,,109,2.0
female/7/1_KIS_17_2_109.jpg,7,KIS,,Female,17,,109,2.0
female/7/1_KIS_17_2_109.jpg,7,KIS,,Female,17,,109,2.0
female/7/1_KIS_17_2_109.jpg,7,KIS,,Female,17,,109,2.0
female/7/1_KIS_17_2_109.jpg,7,KIS,,Female,17,,109,2.0
female/7/1_KIS_17_2_109.jpg,7,KIS,,Female,17,,109,2.0
female/7/1_KIS_17_2_109.jpg,7,KIS,,Female,17,,109,2.0
female/7/1_KIS_17_2_109.jpg,7,KIS,,Female,17,,109,2.0
female/7/1_KIS_17_2_109.jpg,7,KIS,,Female,17,,109,2.0
female/7/1_KIS_17_2_109.jpg,7,KIS,,Female,17,,109,2.0
female/7/1_KIS_17_2_109.jpg,7,KIS,,Female,17,,109,2.0
female/7/1_KIS_17_2_109.jpg,7,KIS,,Female,17,,109,2.0
female/7/1_KIS_17_2_109.jpg,7,KIS,,Female,17,,109,2.0
female/7/1_KIS_17_2_109.jpg,7,KIS,,Female,17,,109,2.0
female/7/1_KIS_17_2_109.jpg,7,KIS,,Female,17,,109,2.0
female/7/1_KIS_17_2_109.jpg,7,KIS,,Female,17,,109,2.0
female/7/1_KIS_17_2_109.jpg,7,KIS,,Female,17,,109,2.0
female/7/1_KIS_17_2_109.jpg,7,KIS,,Female,17,,109,2.0
female/7/1_KIS_17_2_109.jpg,7,KIS,,Female,17,,109,2.0
female/7/1_KIS_17_2_109.jpg,7,KIS,,Female,17,,109,2.0
female/7/1_KIS_17_2_109.jpg,7,KIS,,Female,17,,109,2.0
female/7/1_KIS_17_2_109.jpg,7,KIS,,Female,17,,109,2.0
female/7/1_KIS_17_2_109.jpg,7,KIS,,Female,17,,109,2.0
female/7/1_KIS_17_2_109.jpg,7,KIS,,Female,17,,109,2.0
female/7/1_KIS_17_2_109.jpg,7,KIS,,Female,17,,109,2.0
female/7/1_KIS_17_2_109.jpg,7,KIS,,Female,17,,109,2.0
female/7/1_KIS_17_2_109.jpg,7,KIS,,Female,17,,109,2.0
female/7/1_KIS_17_2_109.jpg,7,KIS,,Female,17,,109,2.0
female/7/1_KIS_17_2_109.jpg,7,KIS,,Female,17,,109,2.0
female/7/1_KIS_17_2_109.jpg,7,KIS,,Female,17,,109,2.0
female/7/1_KIS_17_2_109.jpg,7,KIS,,Female,17,,109,2.0
female/7/1_KIS_17_2_109.jpg,7,KIS,,Female,17,,109,2.0
female/7/1_KIS_17_2_109.jpg,7,KIS,,Female,17,,109,2.0
female/7/1_KIS_17_2_109.jpg,7,KIS,,Female,17,,109,2.0
female/7/1_KIS_17_2_109.jpg,7,KIS,,Female,17,,109,2.0
female/7/1_KIS_17_2_109.jpg,7,KIS,,Female,17,,109,2.0
female/7/1_KIS_17_2_109.jpg,7,KIS,,Female,17,,109,2.0
female/7/1_KIS_17_2_109.jpg,7,KIS,,Female,17,,109,2.0
female/7/1_KIS_17_2_109.jpg,7,KIS,,Female,17,,109,2.0
female/7/1_KIS_17_2_109.jpg,7,KIS,,Female,17,,109,2.0
female/7/1_KIS_17_2_109.jpg,7,KIS,,Female,17,,109,2.0
female/7/1_KIS_17_2_109.jpg,7,KIS,,Female,17,,109,2.0
female/7/1_KIS_17_2_109.jpg,7,KIS,,Female,17,,109,2.0
female/7/1_KIS_17_2_109.jpg,7,KIS,,Female,17,,109,2.0
female/7/1_KIS_17_2_109.jpg,7,KIS,,Female,17,,109,2.0
female/7/1_KIS_17_2_109.jpg,7,KIS,,Female,17,,109,2.0
female/7/1_KIS_17_2_109.jpg,7,KIS,,Female,17,,109,2.0
female/7/1_KIS_17_2_109.jpg,7,KIS,,Female,17,,109,2.0
female/7/1_KIS_17_2_109.jpg,7,KIS,,Female,17,,109,2.0
female/7/1_KIS_17_2_109.jpg,7,KIS,,Female,17,,109,2.0
female/7/1_KIS_17_2_109.jpg,7,KIS,,Female,17,,109,2.0
female/7/1_KIS_17_2_109.jpg,7,KIS,,Female,17,,109,2.0
female/7/1_KIS_17_2_109.jpg,7,KIS,,Female,17,,109,2.0
female/7/1_KIS_17_2_109.jpg,7,KIS,,Female,17,,109,2.0
female/7/1_KIS_17_2_109.jpg,7,KIS,,Female,17,,109,2.0
female/7/1_KIS_17_2_109.jpg,7,KIS,,Female,17,,109,2.0
female/7/1_KIS_17_2_109.jpg,7,KIS,,Female,17,,109,2.0
female/7/1_KIS_17_2_109.jpg,7,KIS,,Female,17,,109,2.0
female/7/1_KIS_17_2_109.jpg,7,KIS,,Female,17,,109,2.0
female/7/1_KIS_17_2_109.jpg,7,KIS,,Female,17,,109,2.0
female/7/1_KIS_17_2_109.jpg,7,KIS,,Female,17,,109,2.0
female/7/1_KIS_17_2_109.jpg,7,KIS,,Female,17,,109,2.0
female/7/1_KIS_17_2_109.jpg,7,KIS,,Female,17,,109,2.0
female/7/1_KIS_17_2_109.jpg,7,KIS,,Female,17,,109,2.0
female/7/1_KIS_17_2_109.jpg,7,KIS,,Female,17,,109,2.0
female/7/1_KIS_17_2_109.jpg,7,KIS,,Female,17,,109,2.0
female/7/1_KIS_17_2_109.jpg,7,KIS,,Female,17,,109,2.0
female/7/1_KIS_17_2_109.jpg,7,KIS,,Female,17,,109,2.0
female/7/1_KIS_17_2_109.jpg,7,KIS,,Female,17,,109,2.0
female/7/1_KIS_17_2_109.jpg,7,KIS,,Female,17,,109,2.0
female/7/1_KIS_17_2_109.jpg,7,KIS,,Female,17,,109,2.0
female/7/1_KIS_17_2_109.jpg,7,KIS,,Female,17,,109,2.0
female/7/1_KIS_17_2_109.jpg,7,KIS,,Female,17,,109,2.0
female/7/1_KIS_17_2_109.jpg,7,KIS,,Female,17,,109,2.0
female/7/1_KIS_17_2_109.jpg,7,KIS,,Female,17,,109,2.0
female/7/1_KIS_17_2_109.jpg,7,KIS,,Female,17,,109,2.0
female/7/1_KIS_17_2_109.jpg,7,KIS,,Female,17,,109,2.0
female/7/1_KIS_17_2_109.jpg,7,KIS,,Female,17,,109,2.0
female/7/1_KIS_17_2_109.jpg,7,KIS,,Female,17,,109,2.0
female/7/1_KIS_17_2_109.jpg,7,KIS,,Female,17,,109,2.0
female/7/1_KIS_17_2_109.jpg,7,KIS,,Female,17,,109,2.0
female/7/1_KIS_17_2_109.jpg,7,KIS,,Female,17,,109,2.0
female/7/1_KIS_17_2_109.jpg,7,KIS,,Female,17,,109,2.0
female/7/1_KIS_17_2_109.jpg,7,KIS,,Female,17,,109,2.0
female/7/1_KIS_17_2_109.jpg,7,KIS,,Female,17,,109,2.0
female/7/1_KIS_17_2_109.jpg,7,KIS,,Female,17,,109,2.0
female/7/1_KIS_17_2_109.jpg,7,KIS,,Female,17,,109,2.0
female/7/1_KIS_17_2_109.jpg,7,KIS,,Female,17,,109,2.0
female/7/1_KIS_17_2_109.jpg,7,KIS,,Female,17,,109,2.0
female/7/1_KIS_17_2_109.jpg,7,KIS,,Female,17,,109,2.0
female/7/1_KIS_17_2_109.jpg,7,KIS,,Female,17,,109,2.0
female/7/1_KIS_17_2_109.jpg,7,KIS,,Female,17,,109,2.0
female/7/1_KIS_17_2_109.jpg,7,KIS,,Female,17,,109,2.0
female/7/1_KIS_17_2_109.jpg,7,KIS,,Female,17,,109,2.0
female/7/1_KIS_17_2_109.jpg,7,KIS,,Female,17,,109,2.0
female/7/1_KIS_17_2_109.jpg,7,KIS,,Female,17,,109,2.0
female/7/1_KIS_17_2_109.jpg,7,KIS,,Female,17,,109,2.0
female/7/1_KIS_17_2_109.jpg,7,KIS,,Female,17,,109,2.0
female/7/1_KIS_17_2_109.jpg,7,KIS,,Female,17,,109,2.0
female/7/1_KIS_17_2_109.jpg,7,KIS,,Female,17,,109,2.0
female/7/1_KIS_17_2_109.jpg,7,KIS,,Female,17,,109,2.0
female/7/1_KIS_17_2_109.jpg,7,KIS,,Female,17,,109,2.0
female/7/1_KIS_17_2_109.jpg,7,KIS,,Female,17,,109,2.0
female/7/1_KIS_17_2_109.jpg,7,KIS,,Female,17,,109,2.0
female/7/1_KIS_17_2_109.jpg,7,KIS,,Female,17,,109,2.0
female/7/1_KIS_17_2_109.jpg,7,KIS,,Female,17,,109,2.0
female/7/1_KIS_17_2_109.jpg,7,KIS,,Female,17,,109,2.0
female/7/1_KIS_17_2_109.jpg,7,KIS,,Female,17,,109,2.0
female/7/1_KIS_17_2_109.jpg,7,KIS,,Female,17,,109,2.0
female/7/1_KIS_17_2_109.jpg,7,KIS,,Female,17,,109,2.0
female/7/1_KIS_17_2_109.jpg,7,KIS,,Female,17,,109,2.0
female/7/1_KIS_17_2_109.jpg,7,KIS,,Female,17,,109,2.0
female/7/1_KIS_17_2_109.jpg,7,KIS,,Female,17,,109,2.0
female/7/1_KIS_17_2_109.jpg,7,KIS,,Female,17,,109,2.0
female/7/1_KIS_17_2_109.jpg,7,KIS,,Female,17,,109,2.0
female/7/1_KIS_17_2_109.jpg,7,KIS,,Female,17,,109,2.0
female/7/1_KIS_17_2_109.jpg,7,KIS,,Female,17,,109,2.0
female/7/1_KIS_17_2_109.jpg,7,KIS,,Female,17,,109,2.0
female/7/1_KIS_17_2_109.jpg,7,KIS,,Female,17,,109,2.0
female/7/1_KIS_17_2_109.jpg,7,KIS,,Female,17,,109,2.0
female/7/1_KIS_17_2_109.jpg,7,KIS,,Female,17,,109,2.0
female/7/1_KIS_17_2_109.jpg,7,KIS,,Female,17,,109,2.0
female/7/1_KIS_17_2_109.jpg,7,KIS,,Female,17,,109,2.0
female/7/1_KIS_17_2_109.jpg,7,KIS,,Female,17,,109,2.0
female/7/1_KIS_17_2_109.jpg,7,KIS,,Female,17,,109,2.0
female/7/1_KIS_17_2_109.jpg,7,KIS,,Female,17,,109,2.0
female/7/1_KIS_17_2_109.jpg,7,KIS,,Female,17,,109,2.0
female/7/1_KIS_17_2_109.jpg,7,KIS,,Female,17,,109,2.0
female/7/1_KIS_17_2_109.jpg,7,KIS,,Female,17,,109,2.0
female/7/1_KIS_17_2_109.jpg,7,KIS,,Female,17,,109,2.0
female/7/1_KIS_17_2_109.jpg,7,KIS,,Female,17,,109,2.0
female/7/1_KIS_17_2_109.jpg,7,KIS,,Female,17,,109,2.0
female/7/1_KIS_17_2_109.jpg,7,KIS,,Female,17,,109,2.0
female/7/1_KIS_17_2_109.jpg,7,KIS,,Female,17,,109,2.0
female/7/1_KIS_17_2_109.jpg,7,KIS,,Female,17,,109,2.0
female/7/1_KIS_17_2_109.jpg,7,KIS,,Female,17,,109,2.0
female/7/1_KIS_17_2_109.jpg,7,KIS,,Female,17,,109,2.0
female/7/1_KIS_17_2_109.jpg,7,KIS,,Female,17,,109,2.0
female/7/1_KIS_17_2_109.jpg,7,KIS,,Female,17,,109,2.0
female/7/1_KIS_17_2_109.jpg,7,KIS,,Female,17,,109,2.0
female/7/1_KIS_17_2_109.jpg,7,KIS,,Female,17,,109,2.0
female/7/1_KIS_17_2_109.jpg,7,KIS,,Female,17,,109,2.0
female/7/1_KIS_17_2_109.jpg,7,KIS,,Female,17,,109,2.0
female/7/1_KIS_17_2_109.jpg,7,KIS,,Female,17,,109,2.0
female/7/1_KIS_17_2_109.jpg,7,KIS,,Female,17,,109,2.0
female/7/1_KIS_17_2_109.jpg,7,KIS,,Female,17,,109,2.0
female/7/1_KIS_17_2_109.jpg,7,KIS,,Female,17,,109,2.0
female/7/1_KIS_17_2_109.jpg,7,KIS,,Female,17,,109,2.0
female/7/1_KIS_17_2_109.jpg,7,KIS,,Female,17,,109,2.0
female/7/1_KIS_17_2_109.jpg,7,KIS,,Female,17,,109,2.0
female/7/1_KIS_17_2_109.jpg,7,KIS,,Female,17,,109,2.0
female/7/1_KIS_17_2_109.jpg,7,KIS,,Female,17,,109,2.0
female/7/1_KIS_17_2_109.jpg,7,KIS,,Female,17,,109,2.0
female/7/1_KIS_17_2_109.jpg,7,KIS,,Female,17,,109,2.0
female/7/1_KIS_17_2_109.jpg,7,KIS,,Female,17,,109,2.0
female/7/1_KIS_17_2_109.jpg,7,KIS,,Female,17,,109,2.0
female/7/1_KIS_17_2_109.jpg,7,KIS,,Female,17,,109,2.0
female/7/1_KIS_17_2_109.jpg,7,KIS,,Female,17,,109,2.0
female/7/1_KIS_17_2_109.jpg,7,KIS,,Female,17,,109,2.0
female/7/1_KIS_17_2_109.jpg,7,KIS,,Female,17,,109,2.0
female/7/1_KIS_17_2_109.jpg,7,KIS,,Female,17,,109,2.0
female/7/1_KIS_17_2_109.jpg,7,KIS,,Female,17,,109,2.0
female/7/1_KIS_17_2_109.jpg,7,KIS,,Female,17,,109,2.0
female/7/1_KIS_17_2_109.jpg,7,KIS,,Female,17,,109,2.0
female/7/1_KIS_17_2_109.jpg,7,KIS,,Female,17,,109,2.0
female/7/1_KIS_17_2_109.jpg,7,KIS,,Female,17,,109,2.0
female/7/1_KIS_17_2_109.jpg,7,KIS,,Female,17,,109,2.0
female/7/1_KIS_17_2_109.jpg,7,KIS,,Female,17,,109,2.0
female/7/1_KIS_17_2_109.jpg,7,KIS,,Female,17,,109,2.0
female/7/1_KIS_17_2_109.jpg,7,KIS,,Female,17,,109,2.0
female/7/1_KIS_17_2_109.jpg,7,KIS,,Female,17,,109,2.0
female/7/1_KIS_17_2_109.jpg,7,KIS,,Female,17,,109,2.0
female/7/1_KIS_17_2_109.jpg,7,KIS,,Female,17,,109,2.0
female/7/1_KIS_17_2_109.jpg,7,KIS,,Female,17,,109,2.0
female/7/1_KIS_17_2_109.jpg,7,KIS,,Female,17,,109,2.0
female/7/1_KIS_17_2_109.jpg,7,KIS,,Female,17,,109,2.0
female/7/1_KIS_17_2_109.jpg,7,KIS,,Female,17,,109,2.0
female/7/1_KIS_17_2_109.jpg,7,KIS,,Female,17,,109,2.0
female/7/1_KIS_17_2_109.jpg,7,KIS,,Female,17,,109,2.0
female/7/1_KIS_17_2_109.jpg,7,KIS,,Female,17,,109,2.0
female/7/1_KIS_17_2_109.jpg,7,KIS,,Female,17,,109,2.0
female/7/1_KIS_17_2_109.jpg,7,KIS,,Female,17,,109,2.0
female/7/1_KIS_17_2_109.jpg,7,KIS,,Female,17,,109,2.0
female/7/1_KIS_17_2_109.jpg,7,KIS,,Female,17,,109,2.0
female/7/1_KIS_17_2_109.jpg,7,KIS,,Female,17,,109,2.0
female/7/1_KIS_17_2_109.jpg,7,KIS,,Female,17,,109,2.0
female/7/1_KIS_17_2_109.jpg,7,KIS,,Female,17,,109,2.0
female/7/1_KIS_17_2_109.jpg,7,KIS,,Female,17,,109,2.0
female/7/1_KIS_17_2_109.jpg,7,KIS,,Female,17,,109,2.0
female/7/1_KIS_17_2_109.jpg,7,KIS,,Female,17,,109,2.0
female/7/1_KIS_17_2_109.jpg,7,KIS,,Female,17,,109,2.0
female/7/1_KIS_17_2_109.jpg,7,KIS,,Female,17,,109,2.0
female/7/1_KIS_17_2_109.jpg,7,KIS,,Female,17,,109,2.0
female/7/1_KIS_17_2_109.jpg,7,KIS,,Female,17,,109,2.0
female/7/1_KIS_17_2_109.jpg,7,KIS,,Female,17,,109,2.0
female/7/1_KIS_17_2_109.jpg,7,KIS,,Female,17,,109,2.0
female/7/1_KIS_17_2_109.jpg,7,KIS,,Female,17,,109,2.0
female/7/1_KIS_17_2_109.jpg,7,KIS,,Female,17,,109,2.0
female/7/1_KIS_17_2_109.jpg,7,KIS,,Female,17,,109,2.0
female/7/1_KIS_17_2_109.jpg,7,KIS,,Female,17,,109,2.0
female/7/1_KIS_17_2_109.jpg,7,KIS,,Female,17,,109,2.0
female/7/1_KIS_17_2_109.jpg,7,KIS,,Female,17,,109,2.0
female/7/1_KIS_17_2_109.jpg,7,KIS,,Female,17,,109,2.0
female/7/1_KIS_17_2_109.jpg,7,KIS,,Female,17,,109,2.0
female/7/1_KIS_17_2_109.jpg,7,KIS,,Female,17,,109,2.0
female/7/1_KIS_17_2_109.jpg,7,KIS,,Female,17,,109,2.0
female/7/1_KIS_17_2_109.jpg,7,KIS,,Female,17,,109,2.0
female/7/1_KIS_17_2_109.jpg,7,KIS,,Female,17,,109,2.0
female/7/1_KIS_17_2_109.jpg,7,KIS,,Female,17,,109,2.0
female/7/1_KIS_17_2_109.jpg,7,KIS,,Female,17,,109,2.0
female/7/1_KIS_17_2_109.jpg,7,KIS,,Female,17,,109,2.0
female/7/1_KIS_17_2_109.jpg,7,KIS,,Female,17,,109,2.0
female/7/1_KIS_17_2_109.jpg,7,KIS,,Female,17,,109,2.0
female/7/1_KIS_17_2_109.jpg,7,KIS,,Female,17,,109,2.0
female/7/1_KIS_17_2_109.jpg,7,KIS,,Female,17,,109,2.0
female/7/1_KIS_17_2_109.jpg,7,KIS,,Female,17,,109,2.0
female/7/1_KIS_17_2_109.jpg,7,KIS,,Female,17,,109,2.0
female/7/1_KIS_17_2_109.jpg,7,KIS,,Female,17,,109,2.0
female/7/1_KIS_17_2_109.jpg,7,KIS,,Female,17,,109,2.0
female/7/1_KIS_17_2_109.jpg,7,KIS,,Female,17,,109,2.0
female/7/1_KIS_17_2_109.jpg,7,KIS,,Female,17,,109,2.0
female/7/1_KIS_17_2_109.jpg,7,KIS,,Female,17,,109,2.0
female/7/1_KIS_17_2_109.jpg,7,KIS,,Female,17,,109,2.0
female/7/1_KIS_17_2_109.jpg,7,KIS,,Female,17,,109,2.0
female/7/1_KIS_17_2_109.jpg,7,KIS,,Female,17,,109,2.0
female/7/1_KIS_17_2_109.jpg,7,KIS,,Female,17,,109,2.0
female/7/1_KIS_17_2_109.jpg,7,KIS,,Female,17,,109,2.0
female/7/1_KIS_17_2_109.jpg,7,KIS,,Female,17,,109,2.0
female/7/1_KIS_17_2_109.jpg,7,KIS,,Female,17,,109,2.0
female/7/1_KIS_17_2_109.jpg,7,KIS,,Female,17,,109,2.0
female/7/1_KIS_17_2_109.jpg,7,KIS,,Female,17,,109,2.0
female/7/1_KIS_17_2_109.jpg,7,KIS,,Female,17,,109,2.0
female/7/1_KIS_17_2_109.jpg,7,KIS,,Female,17,,109,2.0
female/7/1_KIS_17_2_109.jpg,7,KIS,,Female,17,,109,2.0
female/7/1_KIS_17_2_109.jpg,7,KIS,,Female,17,,109,2.0
female/7/1_KIS_17_2_109.jpg,7,KIS,,Female,17,,109,2.0
female/7/1_KIS_17_2_109.jpg,7,KIS,,Female,17,,109,2.0
female/7/1_KIS_17_2_109.jpg,7,KIS,,Female,17,,109,2.0
female/7/1_KIS_17_2_109.jpg,7,KIS,,Female,17,,109,2.0
female/7/1_KIS_17_2_109.jpg,7,KIS,,Female,17,,109,2.0
female/7/1_KIS_17_2_109.jpg,7,KIS,,Female,17,,109,2.0
female/7/1_KIS_17_2_109.jpg,7,KIS,,Female,17,,109,2.0
female/7/1_KIS_17_2_109.jpg,7,KIS,,Female,17,,109,2.0
female/7/1_KIS_17_2_109.jpg,7,KIS,,Female,17,,109,2.0
female/7/1_KIS_17_2_109.jpg,7,KIS,,Female,17,,109,2.0
female/7/1_KIS_17_2_109.jpg,7,KIS,,Female,17,,109,2.0
female/7/1_KIS_17_2_109.jpg,7,KIS,,Female,17,,109,2.0
female/7/1_KIS_17_2_109.jpg,7,KIS,,Female,17,,109,2.0
female/7/1_KIS_17_2_109.jpg,7,KIS,,Female,17,,109,2.0
female/7/1_KIS_17_2_109.jpg,7,KIS,,Female,17,,109,2.0
female/7/1_KIS_17_2_109.jpg,7,KIS,,Female,17,,109,2.0
female/7/1_KIS_17_2_109.jpg,7,KIS,,Female,17,,109,2.0
female/7/1_KIS_17_2_109.jpg,7,KIS,,Female,17,,109,2.0
female/7/1_KIS_17_2_109.jpg,7,KIS,,Female,17,,109,2.0
female/7/1_KIS_17_2_109.jpg,7,KIS,,Female,17,,109,2.0
female/7/1_KIS_17_2_109.jpg,7,KIS,,Female,17,,109,2.0
female/7/1_KIS_17_2_109.jpg,7,KIS,,Female,17,,109,2.0
female/7/1_KIS_17_2_109.jpg,7,KIS,,Female,17,,109,2.0
female/7/1_KIS_17_2_109.jpg,7,KIS,,Female,17,,109,2.0
female/7/1_KIS_17_2_109.jpg,7,KIS,,Female,17,,109,2.0
female/7/1_KIS_17_2_109.jpg,7,KIS,,Female,17,,109,2.0
female/7/1_KIS_17_2_109.jpg,7,KIS,,Female,17,,109,2.0
female/7/1_KIS_17_2_109.jpg,7,KIS,,Female,17,,109,2.0
female/7/1_KIS_17_2_109.jpg,7,KIS,,Female,17,,109,2.0
female/7/1_KIS_17_2_109.jpg,7,KIS,,Female,17,,109,2.0
female/7/1_KIS_17_2_109.jpg,7,KIS,,Female,17,,109,2.0
female/7/1_KIS_17_2_109.jpg,7,KIS,,Female,17,,109,2.0
female/7/1_KIS_17_2_109.jpg,7,KIS,,Female,17,,109,2.0
female/7/1_KIS_17_2_109.jpg,7,KIS,,Female,17,,109,2.0
female/7/1_KIS_17_2_109.jpg,7,KIS,,Female,17,,109,2.0
female/7/1_KIS_17_2_109.jpg,7,KIS,,Female,17,,109,2.0
female/7/1_KIS_17_2_109.jpg,7,KIS,,Female,17,,109,2.0
female/7/1_KIS_17_2_109.jpg,7,KIS,,Female,17,,109,2.0
female/7/1_KIS_17_2_109.jpg,7,KIS,,Female,17,,109,2.0
female/7/1_KIS_17_2_109.jpg,7,KIS,,Female,17,,109,2.0
female/7/1_KIS_17_2_109.jpg,7,KIS,,Female,17,,109,2.0
female/7/1_KIS_17_2_109.jpg,7,KIS,,Female,17,,109,2.0
female/7/1_KIS_17_2_109.jpg,7,KIS,,Female,17,,109,2.0
female/7/1_KIS_17_2_109.jpg,7,KIS,,Female,17,,109,2.0
female/7/1_KIS_17_2_109.jpg,7,KIS,,Female,17,,109,2.0
female/7/1_KIS_17_2_109.jpg,7,KIS,,Female,17,,109,2.0
female/7/1_KIS_17_2_109.jpg,7,KIS,,Female,17,,109,2.0
female/7/1_KIS_17_2_109.jpg,7,KIS,,Female,17,,109,2.0
female/7/1_KIS_17_2_109.jpg,7,KIS,,Female,17,,109,2.0
female/7/1_KIS_17_2_109.jpg,7,KIS,,Female,17,,109,2.0
female/7/1_KIS_17_2_109.jpg,7,KIS,,Female,17,,109,2.0
female/7/1_KIS_17_2_109.jpg,7,KIS,,Female,17,,109,2.0
female/7/1_KIS_17_2_109.jpg,7,KIS,,Female,17,,109,2.0
female/7/1_KIS_17_2_109.jpg,7,KIS,,Female,17,,109,2.0
female/7/1_KIS_17_2_109.jpg,7,KIS,,Female,17,,109,2.0
female/7/1_KIS_17_2_109.jpg,7,KIS,,Female,17,,109,2.0
female/7/1_KIS_17_2_109.jpg,7,KIS,,Female,17,,109,2.0
female/7/1_KIS_17_2_109.jpg,7,KIS,,Female,17,,109,2.0
female/7/1_KIS_17_2_109.jpg,7,KIS,,Female,17,,109,2.0
female/7/1_KIS_17_2_109.jpg,7,KIS,,Female,17,,109,2.0
female/7/1_KIS_17_2_109.jpg,7,KIS,,Female,17,,109,2.0
female/7/1_KIS_17_2_109.jpg,7,KIS,,Female,17,,109,2.0
female/7/1_KIS_17_2_109.jpg,7,KIS,,Female,17,,109,2.0
female/7/1_KIS_17_2_109.jpg,7,KIS,,Female,17,,109,2.0
female/7/1_KIS_17_2_109.jpg,7,KIS,,Female,17,,109,2.0
female/7/1_KIS_17_2_109.jpg,7,KIS,,Female,17,,109,2.0
female/7/1_KIS_17_2_109.jpg,7,KIS,,Female,17,,109,2.0
female/7/1_KIS_17_2_109.jpg,7,KIS,,Female,17,,109,2.0
female/7/1_KIS_17_2_109.jpg,7,KIS,,Female,17,,109,2.0
female/7/1_KIS_17_2_109.jpg,7,KIS,,Female,17,,109,2.0
female/7/1_KIS_17_2_109.jpg,7,KIS,,Female,17,,109,2.0
female/7/1_KIS_17_2_109.jpg,7,KIS,,Female,17,,109,2.0
female/7/1_KIS_17_2_109.jpg,7,KIS,,Female,17,,109,2.0
female/7/1_KIS_17_2_109.jpg,7,KIS,,Female,17,,109,2.0
female/7/1_KIS_17_2_109.jpg,7,KIS,,Female,17,,109,2.0
female/7/1_KIS_17_2_109.jpg,7,KIS,,Female,17,,109,2.0
female/7/1_KIS_17_2_109.jpg,7,KIS,,Female,17,,109,2.0
female/7/1_KIS_17_2_109.jpg,7,KIS,,Female,17,,109,2.0
female/7/1_KIS_17_2_109.jpg,7,KIS,,Female,17,,109,2.0
female/7/1_KIS_17_2_109.jpg,7,KIS,,Female,17,,109,2.0
female/7/1_KIS_17_2_109.jpg,7,KIS,,Female,17,,109,2.0
female/7/1_KIS_17_2_109.jpg,7,KIS,,Female,17,,109,2.0
female/7/1_KIS_17_2_109.jpg,7,KIS,,Female,17,,109,2.0
female/7/1_KIS_17_2_109.jpg,7,KIS,,Female,17,,109,2.0
female/7/1_KIS_17_2_109.jpg,7,KIS,,Female,17,,109,2.0
female/7/1_KIS_17_2_109.jpg,7,KIS,,Female,17,,109,2.0
female/7/1_KIS_17_2_109.jpg,7,KIS,,Female,17,,109,2.0
female/7/1_KIS_17_2_109.jpg,7,KIS,,Female,17,,109,2.0
female/7/1_KIS_17_2_109.jpg,7,KIS,,Female,17,,109,2.0
female/7/1_KIS_17_2_109.jpg,7,KIS,,Female,17,,109,2.0
female/7/1_KIS_17_2_109.jpg,7,KIS,,Female,17,,109,2.0
female/7/1_KIS_17_2_109.jpg,7,KIS,,Female,17,,109,2.0
female/7/1_KIS_17_2_109.jpg,7,KIS,,Female,17,,109,2.0
female/7/1_KIS_17_2_109.jpg,7,KIS,,Female,17,,109,2.0
female/7/1_KIS_17_2_109.jpg,7,KIS,,Female,17,,109,2.0
female/7/1_KIS_17_2_109.jpg,7,KIS,,Female,17,,109,2.0
female/7/1_KIS_17_2_109.jpg,7,KIS,,Female,17,,109,2.0
female/7/1_KIS_17_2_109.jpg,7,KIS,,Female,17,,109,2.0
female/7/1_KIS_17_2_109.jpg,7,KIS,,Female,17,,109,2.0
female/7/1_KIS_17_2_109.jpg,7,KIS,,Female,17,,109,2.0
female/7/1_KIS_17_2_109.jpg,7,KIS,,Female,17,,109,2.0
female/7/1_KIS_17_2_109.jpg,7,KIS,,Female,17,,109,2.0
female/7/1_KIS_17_2_109.jpg,7,KIS,,Female,17,,109,2.0
female/7/1_KIS_17_2_109.jpg,7,KIS,,Female,17,,109,2.0
female/7/1_KIS_17_2_109.jpg,7,KIS,,Female,17,,109,2.0
female/7/1_KIS_17_2_109.jpg,7,KIS,,Female,17,,109,2.0
female/7/1_KIS_17_2_109.jpg,7,KIS,,Female,17,,109,2.0
female/7/1_KIS_17_2_109.jpg,7,KIS,,Female,17,,109,2.0
female/7/1_KIS_17_2_109.jpg,7,KIS,,Female,17,,109,2.0
female/7/1_KIS_17_2_109.jpg,7,KIS,,Female,17,,109,2.0
female/7/1_KIS_17_2_109.jpg,7,KIS,,Female,17,,109,2.0
female/7/1_KIS_17_2_109.jpg,7,KIS,,Female,17,,109,2.0
female/7/1_KIS_17_2_109.jpg,7,KIS,,Female,17,,109,2.0
female/7/1_KIS_17_2_109.jpg,7,KIS,,Female,17,,109,2.0
female/7/1_KIS_17_2_109.jpg,7,KIS,,Female,17,,109,2.0
female/7/1_KIS_17_2_109.jpg,7,KIS,,Female,17,,109,2.0
female/7/1_KIS_17_2_109.jpg,7,KIS,,Female,17,,109,2.0
female/7/1_KIS_17_2_109.jpg,7,KIS,,Female,17,,109,2.0
female/7/1_KIS_17_2_109.jpg,7,KIS,,Female,17,,109,2.0
female/7/1_KIS_17_2_109.jpg,7,KIS,,Female,17,,109,2.0
female/7/1_KIS_17_2_109.jpg,7,KIS,,Female,17,,109,2.0
female/7/1_KIS_17_2_109.jpg,7,KIS,,Female,17,,109,2.0
female/7/1_KIS_17_2_109.jpg,7,KIS,,Female,17,,109,2.0
female/7/1_KIS_17_2_109.jpg,7,KIS,,Female,17,,109,2.0
female/7/1_KIS_17_2_109.jpg,7,KIS,,Female,17,,109,2.0
female/7/1_KIS_17_2_109.jpg,7,KIS,,Female,17,,109,2.0
female/7/1_KIS_17_2_109.jpg,7,KIS,,Female,17,,109,2.0
female/7/1_KIS_17_2_109.jpg,7,KIS,,Female,17,,109,2.0
female/7/1_KIS_17_2_109.jpg,7,KIS,,Female,17,,109,2.0
female/7/1_KIS_17_2_109.jpg,7,KIS,,Female,17,,109,2.0
female/7/1_KIS_17_2_109.jpg,7,KIS,,Female,17,,109,2.0
female/7/1_KIS_17_2_109.jpg,7,KIS,,Female,17,,109,2.0
female/7/1_KIS_17_2_109.jpg,7,KIS,,Female,17,,109,2.0
female/7/1_KIS_17_2_109.jpg,7,KIS,,Female,17,,109,2.0
female/7/1_KIS_17_2_109.jpg,7,KIS,,Female,17,,109,2.0
female/7/1_KIS_17_2_109.jpg,7,KIS,,Female,17,,109,2.0
female/7/1_KIS_17_2_109.jpg,7,KIS,,Female,17,,109,2.0
female/7/1_KIS_17_2_109.jpg,7,KIS,,Female,17,,109,2.0
female/7/1_KIS_17_2_109.jpg,7,KIS,,Female,17,,109,2.0
female/7/1_KIS_17_2_109.jpg,7,KIS,,Female,17,,109,2.0
female/7/1_KIS_17_2_109.jpg,7,KIS,,Female,17,,109,2.0
female/7/1_KIS_17_2_109.jpg,7,KIS,,Female,17,,109,2.0
female/7/1_KIS_17_2_109.jpg,7,KIS,,Female,17,,109,2.0
female/7/1_KIS_17_2_109.jpg,7,KIS,,Female,17,,109,2.0
female/7/1_KIS_17_2_109.jpg,7,KIS,,Female,17,,109,2.0
female/7/1_KIS_17_2_109.jpg,7,KIS,,Female,17,,109,2.0
female/7/1_KIS_17_2_109.jpg,7,KIS,,Female,17,,109,2.0
female/7/1_KIS_17_2_109.jpg,7,KIS,,Female,17,,109,2.0
female/7/1_KIS_17_2_109.jpg,7,KIS,,Female,17,,109,2.0
female/7/1_KIS_17_2_109.jpg,7,KIS,,Female,17,,109,2.0
female/7/1_KIS_17_2_109.jpg,7,KIS,,Female,17,,109,2.0
female/7/1_KIS_17_2_109.jpg,7,KIS,,Female,17,,109,2.0
female/7/1_KIS_17_2_109.jpg,7,KIS,,Female,17,,109,2.0
female/7/1_KIS_17_2_109.jpg,7,KIS,,Female,17,,109,2.0
female/7/1_KIS_17_2_109.jpg,7,KIS,,Female,17,,109,2.0
female/7/1_KIS_17_2_109.jpg,7,KIS,,Female,17,,109,2.0
female/7/1_KIS_17_2_109.jpg,7,KIS,,Female,17,,109,2.0
female/7/1_KIS_17_2_109.jpg,7,KIS,,Female,17,,109,2.0
female/7/1_KIS_17_2_109.jpg,7,KIS,,Female,17,,109,2.0
female/7/1_KIS_17_2_109.jpg,7,KIS,,Female,17,,109,2.0
female/7/1_KIS_17_2_109.jpg,7,KIS,,Female,17,,109,2.0
female/7/1_KIS_17_2_109.jpg,7,KIS,,Female,17,,109,2.0
female/7/1_KIS_17_2_109.jpg,7,KIS,,Female,17,,109,2.0
female/7/1_KIS_17_2_109.jpg,7,KIS,,Female,17,,109,2.0
female/7/1_KIS_17_2_109.jpg,7,KIS,,Female,17,,109,2.0
female/7/1_KIS_17_2_109.jpg,7,KIS,,Female,17,,109,2.0
female/7/1_KIS_17_2_109.jpg,7,KIS,,Female,17,,109,2.0
female/7/1_KIS_17_2_109.jpg,7,KIS,,Female,17,,109,2.0
female/7/1_KIS_17_2_109.jpg,7,KIS,,Female,17,,109,2.0
female/7/1_KIS_17_2_109.jpg,7,KIS,,Female,17,,109,2.0
female/7/1_KIS_17_2_109.jpg,7,KIS,,Female,17,,109,2.0
female/7/1_KIS_17_2_109.jpg,7,KIS,,Female,17,,109,2.0
female/7/1_KIS_17_2_109.jpg,7,KIS,,Female,17,,109,2.0
female/7/1_KIS_17_2_109.jpg,7,KIS,,Female,17,,109,2.0
female/7/1_KIS_17_2_109.jpg,7,KIS,,Female,17,,109,2.0
female/7/1_KIS_17_2_109.jpg,7,KIS,,Female,17,,109,2.0
female/7/1_KIS_17_2_109.jpg,7,KIS,,Female,17,,109,2.0
female/7/1_KIS_17_2_109.jpg,7,KIS,,Female,17,,109,2.0
female/7/1_KIS_17_2_109.jpg,7,KIS,,Female,17,,109,2.0
female/7/1_KIS_17_2_109.jpg,7,KIS,,Female,17,,109,2.0
female/7/1_KIS_17_2_109.jpg,7,KIS,,Female,17,,109,2.0
female/7/1_KIS_17_2_109.jpg,7,KIS,,Female,17,,109,2.0
female/7/1_KIS_17_2_109.jpg,7,KIS,,Female,17,,109,2.0
female/7/1_KIS_17_2_109.jpg,7,KIS,,Female,17,,109,2.0
female/7/1_KIS_17_2_109.jpg,7,KIS,,Female,17,,109,2.0
female/7/1_KIS_17_2_109.jpg,7,KIS,,Female,17,,109,2.0
female/7/1_KIS_17_2_109.jpg,7,KIS,,Female,17,,109,2.0
female/7/1_KIS_17_2_109.jpg,7,KIS,,Female,17,,109,2.0
female/7/1_KIS_17_2_109.jpg,7,KIS,,Female,17,,109,2.0
female/7/1_KIS_17_2_109.jpg,7,KIS,,Female,17,,109,2.0
female/7/1_KIS_17_2_109.jpg,7,KIS,,Female,17,,109,2.0
female/7/1_KIS_17_2_109.jpg,7,KIS,,Female,17,,109,2.0
female/7/1_KIS_17_2_109.jpg,7,KIS,,Female,17,,109,2.0
female/7/1_KIS_17_2_109.jpg,7,KIS,,Female,17,,109,2.0
female/7/1_KIS_17_2_109.jpg,7,KIS,,Female,17,,109,2.0
female/7/1_KIS_17_2_109.jpg,7,KIS,,Female,17,,109,2.0
female/7/1_KIS_17_2_109.jpg,7,KIS,,Female,17,,109,2.0
female/7/1_KIS_17_2_109.jpg,7,KIS,,Female,17,,109,2.0
female/7/1_KIS_17_2_109.jpg,7,KIS,,Female,17,,109,2.0
female/7/1_KIS_17_2_109.jpg,7,KIS,,Female,17,,109,2.0
female/7/1_KIS_17_2_109.jpg,7,KIS,,Female,17,,109,2.0
female/7/1_KIS_17_2_109.jpg,7,KIS,,Female,17,,109,2.0
female/7/1_KIS_17_2_109.jpg,7,KIS,,Female,17,,109,2.0
female/7/1_KIS_17_2_109.jpg,7,KIS,,Female,17,,109,2.0
female/7/1_KIS_17_2_109.jpg,7,KIS,,Female,17,,109,2.0
female/7/1_KIS_17_2_109.jpg,7,KIS,,Female,17,,109,2.0
female/7/1_KIS_17_2_109.jpg,7,KIS,,Female,17,,109,2.0
female/7/1_KIS_17_2_109.jpg,7,KIS,,Female,17,,109,2.0
female/7/1_KIS_17_2_109.jpg,7,KIS,,Female,17,,109,2.0
female/7/1_KIS_17_2_109.jpg,7,KIS,,Female,17,,109,2.0
female/7/1_KIS_17_2_109.jpg,7,KIS,,Female,17,,109,2.0
female/7/1_KIS_17_2_109.jpg,7,KIS,,Female,17,,109,2.0
female/7/1_KIS_17_2_109.jpg,7,KIS,,Female,17,,109,2.0
female/7/1_KIS_17_2_109.jpg,7,KIS,,Female,17,,109,2.0
female/7/1_KIS_17_2_109.jpg,7,KIS,,Female,17,,109,2.0
female/7/1_KIS_17_2_109.jpg,7,KIS,,Female,17,,109,2.0
female/7/1_KIS_17_2_109.jpg,7,KIS,,Female,17,,109,2.0
female/7/1_KIS_17_2_109.jpg,7,KIS,,Female,17,,109,2.0
female/7/1_KIS_17_2_109.jpg,7,KIS,,Female,17,,109,2.0
female/7/1_KIS_17_2_109.jpg,7,KIS,,Female,17,,109,2.0
female/7/1_KIS_17_2_109.jpg,7,KIS,,Female,17,,109,2.0
female/7/1_KIS_17_2_109.jpg,7,KIS,,Female,17,,109,2.0
female/7/1_KIS_17_2_109.jpg,7,KIS,,Female,17,,109,2.0
female/7/1_KIS_17_2_109.jpg,7,KIS,,Female,17,,109,2.0
female/7/1_KIS_17_2_109.jpg,7,KIS,,Female,17,,109,2.0
female/7/1_KIS_17_2_109.jpg,7,KIS,,Female,17,,109,2.0
female/7/1_KIS_17_2_109.jpg,7,KIS,,Female,17,,109,2.0
female/7/1_KIS_17_2_109.jpg,7,KIS,,Female,17,,109,2.0
female/7/1_KIS_17_2_109.jpg,7,KIS,,Female,17,,109,2.0
female/7/1_KIS_17_2_109.jpg,7,KIS,,Female,17,,109,2.0
female/7/1_KIS_17_2_109.jpg,7,KIS,,Female,17,,109,2.0
female/7/1_KIS_17_2_109.jpg,7,KIS,,Female,17,,109,2.0
female/7/1_KIS_17_2_109.jpg,7,KIS,,Female,17,,109,2.0
female/7/1_KIS_17_2_109.jpg,7,KIS,,Female,17,,109,2.0
female/7/1_KIS_17_2_109.jpg,7,KIS,,Female,17,,109,2.0
female/7/1_KIS_17_2_109.jpg,7,KIS,,Female,17,,109,2.0
female/7/1_KIS_17_2_109.jpg,7,KIS,,Female,17,,109,2.0
female/7/1_KIS_17_2_109.jpg,7,KIS,,Female,17,,109,2.0
female/7/1_KIS_17_2_109.jpg,7,KIS,,Female,17,,109,2.0
female/7/1_KIS_17_2_109.jpg,7,KIS,,Female,17,,109,2.0
female/7/1_KIS_17_2_109.jpg,7,KIS,,Female,17,,109,2.0
female/7/1_KIS_17_2_109.jpg,7,KIS,,Female,17,,109,2.0
female/7/1_KIS_17_2_109.jpg,7,KIS,,Female,17,,109,2.0
female/7/1_KIS_17_2_109.jpg,7,KIS,,Female,17,,109,2.0
female/7/1_KIS_17_2_109.jpg,7,KIS,,Female,17,,109,2.0
female/7/1_KIS_17_2_109.jpg,7,KIS,,Female,17,,109,2.0
female/7/1_KIS_17_2_109.jpg,7,KIS,,Female,17,,109,2.0
female/7/1_KIS_17_2_109.jpg,7,KIS,,Female,17,,109,2.0
female/7/1_KIS_17_2_109.jpg,7,KIS,,Female,17,,109,2.0
female/7/1_KIS_17_2_109.jpg,7,KIS,,Female,17,,109,2.0
female/7/1_KIS_17_2_109.jpg,7,KIS,,Female,17,,109,2.0
female/7/1_KIS_17_2_109.jpg,7,KIS,,Female,17,,109,2.0
female/7/1_KIS_17_2_109.jpg,7,KIS,,Female,17,,109,2.0
female/7/1_KIS_17_2_109.jpg,7,KIS,,Female,17,,109,2.0
female/7/1_KIS_17_2_109.jpg,7,KIS,,Female,17,,109,2.0
female/7/1_KIS_17_2_109.jpg,7,KIS,,Female,17,,109,2.0
female/7/1_KIS_17_2_109.jpg,7,KIS,,Female,17,,109,2.0
female/7/1_KIS_17_2_109.jpg,7,KIS,,Female,17,,109,2.0
female/7/1_KIS_17_2_109.jpg,7,KIS,,Female,17,,109,2.0
female/7/1_KIS_17_2_109.jpg,7,KIS,,Female,17,,109,2.0
female/7/1_KIS_17_2_109.jpg,7,KIS,,Female,17,,109,2.0
female/7/1_KIS_17_2_109.jpg,7,KIS,,Female,17,,109,2.0
female/7/1_KIS_17_2_109.jpg,7,KIS,,Female,17,,109,2.0
female/7/1_KIS_17_2_109.jpg,7,KIS,,Female,17,,109,2.0
female/7/1_KIS_17_2_109.jpg,7,KIS,,Female,17,,109,2.0
female/7/1_KIS_17_2_109.jpg,7,KIS,,Female,17,,109,2.0
female/7/1_KIS_17_2_109.jpg,7,KIS,,Female,17,,109,2.0
female/7/1_KIS_17_2_109.jpg,7,KIS,,Female,17,,109,2.0
female/7/1_KIS_17_2_109.jpg,7,KIS,,Female,17,,109,2.0
female/7/1_KIS_17_2_109.jpg,7,KIS,,Female,17,,109,2.0
female/7/1_KIS_17_2_109.jpg,7,KIS,,Female,17,,109,2.0
female/7/1_KIS_17_2_109.jpg,7,KIS,,Female,17,,109,2.0
female/7/1_KIS_17_2_109.jpg,7,KIS,,Female,17,,109,2.0
female/7/1_KIS_17_2_109.jpg,7,KIS,,Female,17,,109,2.0
female/7/1_KIS_17_2_109.jpg,7,KIS,,Female,17,,109,2.0
female/7/1_KIS_17_2_109.jpg,7,KIS,,Female,17,,109,2.0
female/7/1_KIS_17_2_109.jpg,7,KIS,,Female,17,,109,2.0
female/7/1_KIS_17_2_109.jpg,7,KIS,,Female,17,,109,2.0
female/7/1_KIS_17_2_109.jpg,7,KIS,,Female,17,,109,2.0
female/7/1_KIS_17_2_109.jpg,7,KIS,,Female,17,,109,2.0
female/7/1_KIS_17_2_109.jpg,7,KIS,,Female,17,,109,2.0
female/7/1_KIS_17_2_109.jpg,7,KIS,,Female,17,,109,2.0
female/7/1_KIS_17_2_109.jpg,7,KIS,,Female,17,,109,2.0
female/7/1_KIS_17_2_109.jpg,7,KIS,,Female,17,,109,2.0
female/7/1_KIS_17_2_109.jpg,7,KIS,,Female,17,,109,2.0
female/7/1_KIS_17_2_109.jpg,7,KIS,,Female,17,,109,2.0
female/7/1_KIS_17_2_109.jpg,7,KIS,,Female,17,,109,2.0
female/7/1_KIS_17_2_109.jpg,7,KIS,,Female,17,,109,2.0
female/7/1_KIS_17_2_109.jpg,7,KIS,,Female,17,,109,2.0
female/7/1_KIS_17_2_109.jpg,7,KIS,,Female,17,,109,2.0
female/7/1_KIS_17_2_109.jpg,7,KIS,,Female,17,,109,2.0
female/7/1_KIS_17_2_109.jpg,7,KIS,,Female,17,,109,2.0
female/7/1_KIS_17_2_109.jpg,7,KIS,,Female,17,,109,2.0
female/7/1_KIS_17_2_109.jpg,7,KIS,,Female,17,,109,2.0
female/7/1_KIS_17_2_109.jpg,7,KIS,,Female,17,,109,2.0
female/7/1_KIS_17_2_109.jpg,7,KIS,,Female,17,,109,2.0
female/7/1_KIS_17_2_109.jpg,7,KIS,,Female,17,,109,2.0
female/7/1_KIS_17_2_109.jpg,7,KIS,,Female,17,,109,2.0
female/7/1_KIS_17_2_109.jpg,7,KIS,,Female,17,,109,2.0
female/7/1_KIS_17_2_109.jpg,7,KIS,,Female,17,,109,2.0
female/7/1_KIS_17_2_109.jpg,7,KIS,,Female,17,,109,2.0
female/7/1_KIS_17_2_109.jpg,7,KIS,,Female,17,,109,2.0
female/7/1_KIS_17_2_109.jpg,7,KIS,,Female,17,,109,2.0
female/7/1_KIS_17_2_109.jpg,7,KIS,,Female,17,,109,2.0
female/7/1_KIS_17_2_109.jpg,7,KIS,,Female,17,,109,2.0
female/7/1_KIS_17_2_109.jpg,7,KIS,,Female,17,,109,2.0
female/7/1_KIS_17_2_109.jpg,7,KIS,,Female,17,,109,2.0
female/7/1_KIS_17_2_109.jpg,7,KIS,,Female,17,,109,2.0
female/7/1_KIS_17_2_109.jpg,7,KIS,,Female,17,,109,2.0
female/7/1_KIS_17_2_109.jpg,7,KIS,,Female,17,,109,2.0
female/7/1_KIS_17_2_109.jpg,7,KIS,,Female,17,,109,2.0
female/7/1_KIS_17_2_109.jpg,7,KIS,,Female,17,,109,2.0
female/7/1_KIS_17_2_109.jpg,7,KIS,,Female,17,,109,2.0
female/7/1_KIS_17_2_109.jpg,7,KIS,,Female,17,,109,2.0
female/7/1_KIS_17_2_109.jpg,7,KIS,,Female,17,,109,2.0
female/7/1_KIS_17_2_109.jpg,7,KIS,,Female,17,,109,2.0
female/7/1_KIS_17_2_109.jpg,7,KIS,,Female,17,,109,2.0
female/7/1_KIS_17_2_109.jpg,7,KIS,,Female,17,,109,2.0
female/7/1_KIS_17_2_109.jpg,7,KIS,,Female,17,,109,2.0
female/7/1_KIS_17_2_109.jpg,7,KIS,,Female,17,,109,2.0
female/7/1_KIS_17_2_109.jpg,7,KIS,,Female,17,,109,2.0
female/7/1_KIS_17_2_109.jpg,7,KIS,,Female,17,,109,2.0
female/7/1_KIS_17_2_109.jpg,7,KIS,,Female,17,,109,2.0
female/7/1_KIS_17_2_109.jpg,7,KIS,,Female,17,,109,2.0
female/7/1_KIS_17_2_109.jpg,7,KIS,,Female,17,,109,2.0
female/7/1_KIS_17_2_109.jpg,7,KIS,,Female,17,,109,2.0
female/7/1_KIS_17_2_109.jpg,7,KIS,,Female,17,,109,2.0
female/7/1_KIS_17_2_109.jpg,7,KIS,,Female,17,,109,2.0
female/7/1_KIS_17_2_109.jpg,7,KIS,,Female,17,,109,2.0
female/7/1_KIS_17_2_109.jpg,7,KIS,,Female,17,,109,2.0
female/7/1_KIS_17_2_109.jpg,7,KIS,,Female,17,,109,2.0
female/7/1_KIS_17_2_109.jpg,7,KIS,,Female,17,,109,2.0
female/7/1_KIS_17_2_109.jpg,7,KIS,,Female,17,,109,2.0
female/7/1_KIS_17_2_109.jpg,7,KIS,,Female,17,,109,2.0
female/7/1_KIS_17_2_109.jpg,7,KIS,,Female,17,,109,2.0
female/7/1_KIS_17_2_109.jpg,7,KIS,,Female,17,,109,2.0
female/7/1_KIS_17_2_109.jpg,7,KIS,,Female,17,,109,2.0
female/7/1_KIS_17_2_109.jpg,7,KIS,,Female,17,,109,2.0
female/7/1_KIS_17_2_109.jpg,7,KIS,,Female,17,,109,2.0
female/7/1_KIS_17_2_109.jpg,7,KIS,,Female,17,,109,2.0
female/7/1_KIS_17_2_109.jpg,7,KIS,,Female,17,,109,2.0
female/7/1_KIS_17_2_109.jpg,7,KIS,,Female,17,,109,2.0
female/7/1_KIS_17_2_109.jpg,7,KIS,,Female,17,,109,2.0
female/7/1_KIS_17_2_109.jpg,7,KIS,,Female,17,,109,2.0
female/7/1_KIS_17_2_109.jpg,7,KIS,,Female,17,,109,2.0
female/7/1_KIS_17_2_109.jpg,7,KIS,,Female,17,,109,2.0
female/7/1_KIS_17_2_109.jpg,7,KIS,,Female,17,,109,2.0
female/7/1_KIS_17_2_109.jpg,7,KIS,,Female,17,,109,2.0
female/7/1_KIS_17_2_109.jpg,7,KIS,,Female,17,,109,2.0
female/7/1_KIS_17_2_109.jpg,7,KIS,,Female,17,,109,2.0
female/7/1_KIS_17_2_109.jpg,7,KIS,,Female,17,,109,2.0
female/7/1_KIS_17_2_109.jpg,7,KIS,,Female,17,,109,2.0
female/7/1_KIS_17_2_109.jpg,7,KIS,,Female,17,,109,2.0
female/7/1_KIS_17_2_109.jpg,7,KIS,,Female,17,,109,2.0
female/7/1_KIS_17_2_109.jpg,7,KIS,,Female,17,,109,2.0
female/7/1_KIS_17_2_109.jpg,7,KIS,,Female,17,,109,2.0
female/7/1_KIS_17_2_109.jpg,7,KIS,,Female,17,,109,2.0
female/7/1_KIS_17_2_109.jpg,7,KIS,,Female,17,,109,2.0
female/7/1_KIS_17_2_109.jpg,7,KIS,,Female,17,,109,2.0
female/7/1_KIS_17_2_109.jpg,7,KIS,,Female,17,,109,2.0
female/7/1_KIS_17_2_109.jpg,7,KIS,,Female,17,,109,2.0
female/7/1_KIS_17_2_109.jpg,7,KIS,,Female,17,,109,2.0
female/7/1_KIS_17_2_109.jpg,7,KIS,,Female,17,,109,2.0
female/7/1_KIS_17_2_109.jpg,7,KIS,,Female,17,,109,2.0
female/7/1_KIS_17_2_109.jpg,7,KIS,,Female,17,,109,2.0
female/7/1_KIS_17_2_109.jpg,7,KIS,,Female,17,,109,2.0
female/7/1_KIS_17_2_109.jpg,7,KIS,,Female,17,,109,2.0
female/7/1_KIS_17_2_109.jpg,7,KIS,,Female,17,,109,2.0
female/7/1_KIS_17_2_109.jpg,7,KIS,,Female,17,,109,2.0
female/7/1_KIS_17_2_109.jpg,7,KIS,,Female,17,,109,2.0
female/7/1_KIS_17_2_109.jpg,7,KIS,,Female,17,,109,2.0
female/7/1_KIS_17_2_109.jpg,7,KIS,,Female,17,,109,2.0
female/7/1_KIS_17_2_109.jpg,7,KIS,,Female,17,,109,2.0
female/7/1_KIS_17_2_109.jpg,7,KIS,,Female,17,,109,2.0
female/7/1_KIS_17_2_109.jpg,7,KIS,,Female,17,,109,2.0
female/7/1_KIS_17_2_109.jpg,7,KIS,,Female,17,,109,2.0
female/7/1_KIS_17_2_109.jpg,7,KIS,,Female,17,,109,2.0
female/7/1_KIS_17_2_109.jpg,7,KIS,,Female,17,,109,2.0
female/7/1_KIS_17_2_109.jpg,7,KIS,,Female,17,,109,2.0
female/7/1_KIS_17_2_109.jpg,7,KIS,,Female,17,,109,2.0
female/7/1_KIS_17_2_109.jpg,7,KIS,,Female,17,,109,2.0
female/7/1_KIS_17_2_109.jpg,7,KIS,,Female,17,,109,2.0
female/7/1_KIS_17_2_109.jpg,7,KIS,,Female,17,,109,2.0
female/7/1_KIS_17_2_109.jpg,7,KIS,,Female,17,,109,2.0
female/7/1_KIS_17_2_109.jpg,7,KIS,,Female,17,,109,2.0
female/7/1_KIS_17_2_109.jpg,7,KIS,,Female,17,,109,2.0
female/7/1_KIS_17_2_109.jpg,7,KIS,,Female,17,,109,2.0
female/7/1_KIS_17_2_109.jpg,7,KIS,,Female,17,,109,2.0
female/7/1_KIS_17_2_109.jpg,7,KIS,,Female,17,,109,2.0
female/7/1_KIS_17_2_109.jpg,7,KIS,,Female,17,,109,2.0
female/7/1_KIS_17_2_109.jpg,7,KIS,,Female,17,,109,2.0
female/7/1_KIS_17_2_109.jpg,7,KIS,,Female,17,,109,2.0
female/7/1_KIS_17_2_109.jpg,7,KIS,,Female,17,,109,2.0
female/7/1_KIS_17_2_109.jpg,7,KIS,,Female,17,,109,2.0
female/7/1_KIS_17_2_109.jpg,7,KIS,,Female,17,,109,2.0
female/7/1_KIS_17_2_109.jpg,7,KIS,,Female,17,,109,2.0
female/7/1_KIS_17_2_109.jpg,7,KIS,,Female,17,,109,2.0
female/7/1_KIS_17_2_109.jpg,7,KIS,,Female,17,,109,2.0
female/7/1_KIS_17_2_109.jpg,7,KIS,,Female,17,,109,2.0
female/7/1_KIS_17_2_109.jpg,7,KIS,,Female,17,,109,2.0
female/7/1_KIS_17_2_109.jpg,7,KIS,,Female,17,,109,2.0
female/7/1_KIS_17_2_109.jpg,7,KIS,,Female,17,,109,2.0
female/7/1_KIS_17_2_109.jpg,7,KIS,,Female,17,,109,2.0
female/7/1_KIS_17_2_109.jpg,7,KIS,,Female,17,,109,2.0
female/7/1_KIS_17_2_109.jpg,7,KIS,,Female,17,,109,2.0
female/7/1_KIS_17_2_109.jpg,7,KIS,,Female,17,,109,2.0
female/7/1_KIS_17_2_109.jpg,7,KIS,,Female,17,,109,2.0
female/7/1_KIS_17_2_109.jpg,7,KIS,,Female,17,,109,2.0
female/7/1_KIS_17_2_109.jpg,7,KIS,,Female,17,,109,2.0
female/7/1_KIS_17_2_109.jpg,7,KIS,,Female,17,,109,2.0
female/7/1_KIS_17_2_109.jpg,7,KIS,,Female,17,,109,2.0
female/7/1_KIS_17_2_109.jpg,7,KIS,,Female,17,,109,2.0
female/7/1_KIS_17_2_109.jpg,7,KIS,,Female,17,,109,2.0
female/7/1_KIS_17_2_109.jpg,7,KIS,,Female,17,,109,2.0
female/7/1_KIS_17_2_109.jpg,7,KIS,,Female,17,,109,2.0
female/7/1_KIS_17_2_109.jpg,7,KIS,,Female,17,,109,2.0
female/7/1_KIS_17_2_109.jpg,7,KIS,,Female,17,,109,2.0
female/7/1_KIS_17_2_109.jpg,7,KIS,,Female,17,,109,2.0
female/7/1_KIS_17_2_109.jpg,7,KIS,,Female,17,,109,2.0
female/7/1_KIS_17_2_109.jpg,7,KIS,,Female,17,,109,2.0
female/7/1_KIS_17_2_109.jpg,7,KIS,,Female,17,,109,2.0
female/7/1_KIS_17_2_109.jpg,7,KIS,,Female,17,,109,2.0
female/7/1_KIS_17_2_109.jpg,7,KIS,,Female,17,,109,2.0
female/7/1_KIS_17_2_109.jpg,7,KIS,,Female,17,,109,2.0
female/7/1_KIS_17_2_109.jpg,7,KIS,,Female,17,,109,2.0
female/7/1_KIS_17_2_109.jpg,7,KIS,,Female,17,,109,2.0
female/7/1_KIS_17_2_109.jpg,7,KIS,,Female,17,,109,2.0
female/7/1_KIS_17_2_109.jpg,7,KIS,,Female,17,,109,2.0
female/7/1_KIS_17_2_109.jpg,7,KIS,,Female,17,,109,2.0
female/7/1_KIS_17_2_109.jpg,7,KIS,,Female,17,,109,2.0
female/7/1_KIS_17_2_109.jpg,7,KIS,,Female,17,,109,2.0
female/7/1_KIS_17_2_109.jpg,7,KIS,,Female,17,,109,2.0
female/7/1_KIS_17_2_109.jpg,7,KIS,,Female,17,,109,2.0
female/7/1_KIS_17_2_109.jpg,7,KIS,,Female,17,,109,2.0
female/7/1_KIS_17_2_109.jpg,7,KIS,,Female,17,,109,2.0
female/7/1_KIS_17_2_109.jpg,7,KIS,,Female,17,,109,2.0
female/7/1_KIS_17_2_109.jpg,7,KIS,,Female,17,,109,2.0
female/7/1_KIS_17_2_109.jpg,7,KIS,,Female,17,,109,2.0
female/7/1_KIS_17_2_109.jpg,7,KIS,,Female,17,,109,2.0
female/7/1_KIS_17_2_109.jpg,7,KIS,,Female,17,,109,2.0
female/7/1_KIS_17_2_109.jpg,7,KIS,,Female,17,,109,2.0
female/7/1_KIS_17_2_109.jpg,7,KIS,,Female,17,,109,2.0
female/7/1_KIS_17_2_109.jpg,7,KIS,,Female,17,,109,2.0
female/7/1_KIS_17_2_109.jpg,7,KIS,,Female,17,,109,2.0
female/7/1_KIS_17_2_109.jpg,7,KIS,,Female,17,,109,2.0
female/7/1_KIS_17_2_109.jpg,7,KIS,,Female,17,,109,2.0
female/7/1_KIS_17_2_109.jpg,7,KIS,,Female,17,,109,2.0
female/7/1_KIS_17_2_109.jpg,7,KIS,,Female,17,,109,2.0
female/7/1_KIS_17_2_109.jpg,7,KIS,,Female,17,,109,2.0
female/7/1_KIS_17_2_109.jpg,7,KIS,,Female,17,,109,2.0
female/7/1_KIS_17_2_109.jpg,7,KIS,,Female,17,,109,2.0
female/7/1_KIS_17_2_109.jpg,7,KIS,,Female,17,,109,2.0
female/7/1_KIS_17_2_109.jpg,7,KIS,,Female,17,,109,2.0
female/7/1_KIS_17_2_109.jpg,7,KIS,,Female,17,,109,2.0
female/7/1_KIS_17_2_109.jpg,7,KIS,,Female,17,,109,2.0
female/7/1_KIS_17_2_109.jpg,7,KIS,,Female,17,,109,2.0
female/7/1_KIS_17_2_109.jpg,7,KIS,,Female,17,,109,2.0
female/7/1_KIS_17_2_109.jpg,7,KIS,,Female,17,,109,2.0
female/7/1_KIS_17_2_109.jpg,7,KIS,,Female,17,,109,2.0
female/7/1_KIS_17_2_109.jpg,7,KIS,,Female,17,,109,2.0
female/7/1_KIS_17_2_109.jpg,7,KIS,,Female,17,,109,2.0
female/7/1_KIS_17_2_109.jpg,7,KIS,,Female,17,,109,2.0
female/7/1_KIS_17_2_109.jpg,7,KIS,,Female,17,,109,2.0
female/7/1_KIS_17_2_109.jpg,7,KIS,,Female,17,,109,2.0
female/7/1_KIS_17_2_109.jpg,7,KIS,,Female,17,,109,2.0
female/7/1_KIS_17_2_109.jpg,7,KIS,,Female,17,,109,2.0
female/7/1_KIS_17_2_109.jpg,7,KIS,,Female,17,,109,2.0
female/7/1_KIS_17_2_109.jpg,7,KIS,,Female,17,,109,2.0
female/7/1_KIS_17_2_109.jpg,7,KIS,,Female,17,,109,2.0
female/7/1_KIS_17_2_109.jpg,7,KIS,,Female,17,,109,2.0
female/7/1_KIS_17_2_109.jpg,7,KIS,,Female,17,,109,2.0
female/7/1_KIS_17_2_109.jpg,7,KIS,,Female,17,,109,2.0
female/7/1_KIS_17_2_109.jpg,7,KIS,,Female,17,,109,2.0
female/7/1_KIS_17_2_109.jpg,7,KIS,,Female,17,,109,2.0
female/7/1_KIS_17_2_109.jpg,7,KIS,,Female,17,,109,2.0
female/7/1_KIS_17_2_109.jpg,7,KIS,,Female,17,,109,2.0
female/7/1_KIS_17_2_109.jpg,7,KIS,,Female,17,,109,2.0
female/7/1_KIS_17_2_109.jpg,7,KIS,,Female,17,,109,2.0
female/7/1_KIS_17_2_109.jpg,7,KIS,,Female,17,,109,2.0
female/7/1_KIS_17_2_109.jpg,7,KIS,,Female,17,,109,2.0
female/7/1_KIS_17_2_109.jpg,7,KIS,,Female,17,,109,2.0
female/7/1_KIS_17_2_109.jpg,7,KIS,,Female,17,,109,2.0
female/7/1_KIS_17_2_109.jpg,7,KIS,,Female,17,,109,2.0
female/7/1_KIS_17_2_109.jpg,7,KIS,,Female,17,,109,2.0
female/7/1_KIS_17_2_109.jpg,7,KIS,,Female,17,,109,2.0
female/7/1_KIS_17_2_109.jpg,7,KIS,,Female,17,,109,2.0
female/7/1_KIS_17_2_109.jpg,7,KIS,,Female,17,,109,2.0
female/7/1_KIS_17_2_109.jpg,7,KIS,,Female,17,,109,2.0
female/7/1_KIS_17_2_109.jpg,7,KIS,,Female,17,,109,2.0
female/7/1_KIS_17_2_109.jpg,7,KIS,,Female,17,,109,2.0
female/7/1_KIS_17_2_109.jpg,7,KIS,,Female,17,,109,2.0
female/7/1_KIS_17_2_109.jpg,7,KIS,,Female,17,,109,2.0
female/7/1_KIS_17_2_109.jpg,7,KIS,,Female,17,,109,2.0
female/7/1_KIS_17_2_109.jpg,7,KIS,,Female,17,,109,2.0
female/7/1_KIS_17_2_109.jpg,7,KIS,,Female,17,,109,2.0
female/7/1_KIS_17_2_109.jpg,7,KIS,,Female,17,,109,2.0
female/7/1_KIS_17_2_109.jpg,7,KIS,,Female,17,,109,2.0
female/7/1_KIS_17_2_109.jpg,7,KIS,,Female,17,,109,2.0
female/7/1_KIS_17_2_109.jpg,7,KIS,,Female,17,,109,2.0
female/7/1_KIS_17_2_109.jpg,7,KIS,,Female,17,,109,2.0
female/7/1_KIS_17_2_109.jpg,7,KIS,,Female,17,,109,2.0
female/7/1_KIS_17_2_109.jpg,7,KIS,,Female,17,,109,2.0
female/7/1_KIS_17_2_109.jpg,7,KIS,,Female,17,,109,2.0
female/7/1_KIS_17_2_109.jpg,7,KIS,,Female,17,,109,2.0
female/7/1_KIS_17_2_109.jpg,7,KIS,,Female,17,,109,2.0
female/7/1_KIS_17_2_109.jpg,7,KIS,,Female,17,,109,2.0
female/7/1_KIS_17_2_109.jpg,7,KIS,,Female,17,,109,2.0
female/7/1_KIS_17_2_109.jpg,7,KIS,,Female,17,,109,2.0
female/7/1_KIS_17_2_109.jpg,7,KIS,,Female,17,,109,2.0
female/7/1_KIS_17_2_109.jpg,7,KIS,,Female,17,,109,2.0
female/7/1_KIS_17_2_109.jpg,7,KIS,,Female,17,,109,2.0
female/7/1_KIS_17_2_109.jpg,7,KIS,,Female,17,,109,2.0
female/7/1_KIS_17_2_109.jpg,7,KIS,,Female,17,,109,2.0
female/7/1_KIS_17_2_109.jpg,7,KIS,,Female,17,,109,2.0
female/7/1_KIS_17_2_109.jpg,7,KIS,,Female,17,,109,2.0
female/7/1_KIS_17_2_109.jpg,7,KIS,,Female,17,,109,2.0
female/7/1_KIS_17_2_109.jpg,7,KIS,,Female,17,,109,2.0
female/7/1_KIS_17_2_109.jpg,7,KIS,,Female,17,,109,2.0
female/7/1_KIS_17_2_109.jpg,7,KIS,,Female,17,,109,2.0
female/7/1_KIS_17_2_109.jpg,7,KIS,,Female,17,,109,2.0
female/7/1_KIS_17_2_109.jpg,7,KIS,,Female,17,,109,2.0
female/7/1_KIS_17_2_109.jpg,7,KIS,,Female,17,,109,2.0
female/7/1_KIS_17_2_109.jpg,7,KIS,,Female,17,,109,2.0
female/7/1_KIS_17_2_109.jpg,7,KIS,,Female,17,,109,2.0
female/7/1_KIS_17_2_109.jpg,7,KIS,,Female,17,,109,2.0
female/7/1_KIS_17_2_109.jpg,7,KIS,,Female,17,,109,2.0
female/7/1_KIS_17_2_109.jpg,7,KIS,,Female,17,,109,2.0
female/7/1_KIS_17_2_109.jpg,7,KIS,,Female,17,,109,2.0
female/7/1_KIS_17_2_109.jpg,7,KIS,,Female,17,,109,2.0
female/7/1_KIS_17_2_109.jpg,7,KIS,,Female,17,,109,2.0
female/7/1_KIS_17_2_109.jpg,7,KIS,,Female,17,,109,2.0
female/7/1_KIS_17_2_109.jpg,7,KIS,,Female,17,,109,2.0
female/7/1_KIS_17_2_109.jpg,7,KIS,,Female,17,,109,2.0
female/7/1_KIS_17_2_109.jpg,7,KIS,,Female,17,,109,2.0
female/7/1_KIS_17_2_109.jpg,7,KIS,,Female,17,,109,2.0
female/7/1_KIS_17_2_109.jpg,7,KIS,,Female,17,,109,2.0
female/7/1_KIS_17_2_109.jpg,7,KIS,,Female,17,,109,2.0
female/7/1_KIS_17_2_109.jpg,7,KIS,,Female,17,,109,2.0
female/7/1_KIS_17_2_109.jpg,7,KIS,,Female,17,,109,2.0
female/7/1_KIS_17_2_109.jpg,7,KIS,,Female,17,,109,2.0
female/7/1_KIS_17_2_109.jpg,7,KIS,,Female,17,,109,2.0
female/7/1_KIS_17_2_109.jpg,7,KIS,,Female,17,,109,2.0
female/7/1_KIS_17_2_109.jpg,7,KIS,,Female,17,,109,2.0
female/7/1_KIS_17_2_109.jpg,7,KIS,,Female,17,,109,2.0
female/7/1_KIS_17_2_109.jpg,7,KIS,,Female,17,,109,2.0
female/7/1_KIS_17_2_109.jpg,7,KIS,,Female,17,,109,2.0
female/7/1_KIS_17_2_109.jpg,7,KIS,,Female,17,,109,2.0
female/7/1_KIS_17_2_109.jpg,7,KIS,,Female,17,,109,2.0
female/7/1_KIS_17_2_109.jpg,7,KIS,,Female,17,,109,2.0
female/7/1_KIS_17_2_109.jpg,7,KIS,,Female,17,,109,2.0
female/7/1_KIS_17_2_109.jpg,7,KIS,,Female,17,,109,2.0
female/7/1_KIS_17_2_109.jpg,7,KIS,,Female,17,,109,2.0
female/7/1_KIS_17_2_109.jpg,7,KIS,,Female,17,,109,2.0
female/7/1_KIS_17_2_109.jpg,7,KIS,,Female,17,,109,2.0
female/7/1_KIS_17_2_109.jpg,7,KIS,,Female,17,,109,2.0
female/7/1_KIS_17_2_109.jpg,7,KIS,,Female,17,,109,2.0
female/7/1_KIS_17_2_109.jpg,7,KIS,,Female,17,,109,2.0
female/7/1_KIS_17_2_109.jpg,7,KIS,,Female,17,,109,2.0
female/7/1_KIS_17_2_109.jpg,7,KIS,,Female,17,,109,2.0
female/7/1_KIS_17_2_109.jpg,7,KIS,,Female,17,,109,2.0
female/7/1_KIS_17_2_109.jpg,7,KIS,,Female,17,,109,2.0
female/7/1_KIS_17_2_109.jpg,7,KIS,,Female,17,,109,2.0
female/7/1_KIS_17_2_109.jpg,7,KIS,,Female,17,,109,2.0
female/7/1_KIS_17_2_109.jpg,7,KIS,,Female,17,,109,2.0
female/7/1_KIS_17_2_109.jpg,7,KIS,,Female,17,,109,2.0
female/7/1_KIS_17_2_109.jpg,7,KIS,,Female,17,,109,2.0
female/7/1_KIS_17_2_109.jpg,7,KIS,,Female,17,,109,2.0
female/7/1_KIS_17_2_109.jpg,7,KIS,,Female,17,,109,2.0
female/7/1_KIS_17_2_109.jpg,7,KIS,,Female,17,,109,2.0
female/7/1_KIS_17_2_109.jpg,7,KIS,,Female,17,,109,2.0
female/7/1_KIS_17_2_109.jpg,7,KIS,,Female,17,,109,2.0
female/7/1_KIS_17_2_109.jpg,7,KIS,,Female,17,,109,2.0
female/7/1_KIS_17_2_109.jpg,7,KIS,,Female,17,,109,2.0
female/7/1_KIS_17_2_109.jpg,7,KIS,,Female,17,,109,2.0
female/7/1_KIS_17_2_109.jpg,7,KIS,,Female,17,,109,2.0
female/7/1_KIS_17_2_109.jpg,7,KIS,,Female,17,,109,2.0
female/7/1_KIS_17_2_109.jpg,7,KIS,,Female,17,,109,2.0
female/7/1_KIS_17_2_109.jpg,7,KIS,,Female,17,,109,2.0
female/7/1_KIS_17_2_109.jpg,7,KIS,,Female,17,,109,2.0
female/7/1_KIS_17_2_109.jpg,7,KIS,,Female,17,,109,2.0
female/7/1_KIS_17_2_109.jpg,7,KIS,,Female,17,,109,2.0
female/7/1_KIS_17_2_109.jpg,7,KIS,,Female,17,,109,2.0
female/7/1_KIS_17_2_109.jpg,7,KIS,,Female,17,,109,2.0
female/7/1_KIS_17_2_109.jpg,7,KIS,,Female,17,,109,2.0
female/7/1_KIS_17_2_109.jpg,7,KIS,,Female,17,,109,2.0
female/7/1_KIS_17_2_109.jpg,7,KIS,,Female,17,,109,2.0
female/7/1_KIS_17_2_109.jpg,7,KIS,,Female,17,,109,2.0
female/7/1_KIS_17_2_109.jpg,7,KIS,,Female,17,,109,2.0
female/7/1_KIS_17_2_109.jpg,7,KIS,,Female,17,,109,2.0
female/7/1_KIS_17_2_109.jpg,7,KIS,,Female,17,,109,2.0
female/7/1_KIS_17_2_109.jpg,7,KIS,,Female,17,,109,2.0
female/7/1_KIS_17_2_109.jpg,7,KIS,,Female,17,,109,2.0
female/7/1_KIS_17_2_109.jpg,7,KIS,,Female,17,,109,2.0
female/7/1_KIS_17_2_109.jpg,7,KIS,,Female,17,,109,2.0
female/7/1_KIS_17_2_109.jpg,7,KIS,,Female,17,,109,2.0
female/7/1_KIS_17_2_109.jpg,7,KIS,,Female,17,,109,2.0
female/7/1_KIS_17_2_109.jpg,7,KIS,,Female,17,,109,2.0
female/7/1_KIS_17_2_109.jpg,7,KIS,,Female,17,,109,2.0
female/7/1_KIS_17_2_109.jpg,7,KIS,,Female,17,,109,2.0
female/7/1_KIS_17_2_109.jpg,7,KIS,,Female,17,,109,2.0
female/7/1_KIS_17_2_109.jpg,7,KIS,,Female,17,,109,2.0
female/7/1_KIS_17_2_109.jpg,7,KIS,,Female,17,,109,2.0
female/7/1_KIS_17_2_109.jpg,7,KIS,,Female,17,,109,2.0
female/7/1_KIS_17_2_109.jpg,7,KIS,,Female,17,,109,2.0
female/7/1_KIS_17_2_109.jpg,7,KIS,,Female,17,,109,2.0
female/7/1_KIS_17_2_109.jpg,7,KIS,,Female,17,,109,2.0
female/7/1_KIS_17_2_109.jpg,7,KIS,,Female,17,,109,2.0
female/7/1_KIS_17_2_109.jpg,7,KIS,,Female,17,,109,2.0
female/7/1_KIS_17_2_109.jpg,7,KIS,,Female,17,,109,2.0
female/7/1_KIS_17_2_109.jpg,7,KIS,,Female,17,,109,2.0
female/7/1_KIS_17_2_109.jpg,7,KIS,,Female,17,,109,2.0
female/7/1_KIS_17_2_109.jpg,7,KIS,,Female,17,,109,2.0
female/7/1_KIS_17_2_109.jpg,7,KIS,,Female,17,,109,2.0
female/7/1_KIS_17_2_109.jpg,7,KIS,,Female,17,,109,2.0
female/7/1_KIS_17_2_109.jpg,7,KIS,,Female,17,,109,2.0
female/7/1_KIS_17_2_109.jpg,7,KIS,,Female,17,,109,2.0
female/7/1_KIS_17_2_109.jpg,7,KIS,,Female,17,,109,2.0
female/7/1_KIS_17_2_109.jpg,7,KIS,,Female,17,,109,2.0
female/7/1_KIS_17_2_109.jpg,7,KIS,,Female,17,,109,2.0
female/7/1_KIS_17_2_109.jpg,7,KIS,,Female,17,,109,2.0
female/7/1_KIS_17_2_109.jpg,7,KIS,,Female,17,,109,2.0
female/7/1_KIS_17_2_109.jpg,7,KIS,,Female,17,,109,2.0
female/7/1_KIS_17_2_109.jpg,7,KIS,,Female,17,,109,2.0
female/7/1_KIS_17_2_109.jpg,7,KIS,,Female,17,,109,2.0
female/7/1_KIS_17_2_109.jpg,7,KIS,,Female,17,,109,2.0
female/7/1_KIS_17_2_109.jpg,7,KIS,,Female,17,,109,2.0
female/7/1_KIS_17_2_109.jpg,7,KIS,,Female,17,,109,2.0
female/7/1_KIS_17_2_109.jpg,7,KIS,,Female,17,,109,2.0
female/7/1_KIS_17_2_109.jpg,7,KIS,,Female,17,,109,2.0
female/7/1_KIS_17_2_109.jpg,7,KIS,,Female,17,,109,2.0
female/7/1_KIS_17_2_109.jpg,7,KIS,,Female,17,,109,2.0
female/7/1_KIS_17_2_109.jpg,7,KIS,,Female,17,,109,2.0
female/7/1_KIS_17_2_109.jpg,7,KIS,,Female,17,,109,2.0
female/7/1_KIS_17_2_109.jpg,7,KIS,,Female,17,,109,2.0
female/7/1_KIS_17_2_109.jpg,7,KIS,,Female,17,,109,2.0
female/7/1_KIS_17_2_109.jpg,7,KIS,,Female,17,,109,2.0
female/7/1_KIS_17_2_109.jpg,7,KIS,,Female,17,,109,2.0
female/7/1_KIS_17_2_109.jpg,7,KIS,,Female,17,,109,2.0
female/7/1_KIS_17_2_109.jpg,7,KIS,,Female,17,,109,2.0
female/7/1_KIS_17_2_109.jpg,7,KIS,,Female,17,,109,2.0
female/7/1_KIS_17_2_109.jpg,7,KIS,,Female,17,,109,2.0
female/7/1_KIS_17_2_109.jpg,7,KIS,,Female,17,,109,2.0
female/7/1_KIS_17_2_109.jpg,7,KIS,,Female,17,,109,2.0
female/7/1_KIS_17_2_109.jpg,7,KIS,,Female,17,,109,2.0
female/7/1_KIS_17_2_109.jpg,7,KIS,,Female,17,,109,2.0
female/7/1_KIS_17_2_109.jpg,7,KIS,,Female,17,,109,2.0
female/7/1_KIS_17_2_109.jpg,7,KIS,,Female,17,,109,2.0
female/7/1_KIS_17_2_109.jpg,7,KIS,,Female,17,,109,2.0
female/7/1_KIS_17_2_109.jpg,7,KIS,,Female,17,,109,2.0
female/7/1_KIS_17_2_109.jpg,7,KIS,,Female,17,,109,2.0
female/7/1_KIS_17_2_109.jpg,7,KIS,,Female,17,,109,2.0
female/7/1_KIS_17_2_109.jpg,7,KIS,,Female,17,,109,2.0
female/7/1_KIS_17_2_109.jpg,7,KIS,,Female,17,,109,2.0
female/7/1_KIS_17_2_109.jpg,7,KIS,,Female,17,,109,2.0
female/7/1_KIS_17_2_109.jpg,7,KIS,,Female,17,,109,2.0
female/7/1_KIS_17_2_109.jpg,7,KIS,,Female,17,,109,2.0
female/7/1_KIS_17_2_109.jpg,7,KIS,,Female,17,,109,2.0
female/7/1_KIS_17_2_109.jpg,7,KIS,,Female,17,,109,2.0
female/7/1_KIS_17_2_109.jpg,7,KIS,,Female,17,,109,2.0
female/7/1_KIS_17_2_109.jpg,7,KIS,,Female,17,,109,2.0
female/7/1_KIS_17_2_109.jpg,7,KIS,,Female,17,,109,2.0
female/7/1_KIS_17_2_109.jpg,7,KIS,,Female,17,,109,2.0
female/7/1_KIS_17_2_109.jpg,7,KIS,,Female,17,,109,2.0
female/7/1_KIS_17_2_109.jpg,7,KIS,,Female,17,,109,2.0
female/7/1_KIS_17_2_109.jpg,7,KIS,,Female,17,,109,2.0
female/7/1_KIS_17_2_109.jpg,7,KIS,,Female,17,,109,2.0
female/7/1_KIS_17_2_109.jpg,7,KIS,,Female,17,,109,2.0
female/7/1_KIS_17_2_109.jpg,7,KIS,,Female,17,,109,2.0
female/7/1_KIS_17_2_109.jpg,7,KIS,,Female,17,,109,2.0
female/7/1_KIS_17_2_109.jpg,7,KIS,,Female,17,,109,2.0
female/7/1_KIS_17_2_109.jpg,7,KIS,,Female,17,,109,2.0
female/7/1_KIS_17_2_109.jpg,7,KIS,,Female,17,,109,2.0
female/7/1_KIS_17_2_109.jpg,7,KIS,,Female,17,,109,2.0
female/7/1_KIS_17_2_109.jpg,7,KIS,,Female,17,,109,2.0
female/7/1_KIS_17_2_109.jpg,7,KIS,,Female,17,,109,2.0
female/7/1_KIS_17_2_109.jpg,7,KIS,,Female,17,,109,2.0
female/7/1_KIS_17_2_109.jpg,7,KIS,,Female,17,,109,2.0
female/7/1_KIS_17_2_109.jpg,7,KIS,,Female,17,,109,2.0
female/7/1_KIS_17_2_109.jpg,7,KIS,,Female,17,,109,2.0
female/7/1_KIS_17_2_109.jpg,7,KIS,,Female,17,,109,2.0
female/7/1_KIS_17_2_109.jpg,7,KIS,,Female,17,,109,2.0
female/7/1_KIS_17_2_109.jpg,7,KIS,,Female,17,,109,2.0
female/7/1_KIS_17_2_109.jpg,7,KIS,,Female,17,,109,2.0
female/7/1_KIS_17_2_109.jpg,7,KIS,,Female,17,,109,2.0
female/7/1_KIS_17_2_109.jpg,7,KIS,,Female,17,,109,2.0
female/7/1_KIS_17_2_109.jpg,7,KIS,,Female,17,,109,2.0
female/7/1_KIS_17_2_109.jpg,7,KIS,,Female,17,,109,2.0
female/7/1_KIS_17_2_109.jpg,7,KIS,,Female,17,,109,2.0
female/7/1_KIS_17_2_109.jpg,7,KIS,,Female,17,,109,2.0
female/7/1_KIS_17_2_109.jpg,7,KIS,,Female,17,,109,2.0
female/7/1_KIS_17_2_109.jpg,7,KIS,,Female,17,,109,2.0
female/7/1_KIS_17_2_109.jpg,7,KIS,,Female,17,,109,2.0
female/7/1_KIS_17_2_109.jpg,7,KIS,,Female,17,,109,2.0
female/7/1_KIS_17_2_109.jpg,7,KIS,,Female,17,,109,2.0
female/7/1_KIS_17_2_109.jpg,7,KIS,,Female,17,,109,2.0
female/7/1_KIS_17_2_109.jpg,7,KIS,,Female,17,,109,2.0
female/7/1_KIS_17_2_109.jpg,7,KIS,,Female,17,,109,2.0
female/7/1_KIS_17_2_109.jpg,7,KIS,,Female,17,,109,2.0
female/7/1_KIS_17_2_109.jpg,7,KIS,,Female,17,,109,2.0
female/7/1_KIS_17_2_109.jpg,7,KIS,,Female,17,,109,2.0
female/7/1_KIS_17_2_109.jpg,7,KIS,,Female,17,,109,2.0
female/7/1_KIS_17_2_109.jpg,7,KIS,,Female,17,,109,2.0
female/7/1_KIS_17_2_109.jpg,7,KIS,,Female,17,,109,2.0
female/7/1_KIS_17_2_109.jpg,7,KIS,,Female,17,,109,2.0
female/7/1_KIS_17_2_109.jpg,7,KIS,,Female,17,,109,2.0
female/7/1_KIS_17_2_109.jpg,7,KIS,,Female,17,,109,2.0
female/7/1_KIS_17_2_109.jpg,7,KIS,,Female,17,,109,2.0
female/7/1_KIS_17_2_109.jpg,7,KIS,,Female,17,,109,2.0
female/7/1_KIS_17_2_109.jpg,7,KIS,,Female,17,,109,2.0
female/7/1_KIS_17_2_109.jpg,7,KIS,,Female,17,,109,2.0
female/7/1_KIS_17_2_109.jpg,7,KIS,,Female,17,,109,2.0
female/7/1_KIS_17_2_109.jpg,7,KIS,,Female,17,,109,2.0
female/7/1_KIS_17_2_109.jpg,7,KIS,,Female,17,,109,2.0
female/7/1_KIS_17_2_109.jpg,7,KIS,,Female,17,,109,2.0
female/7/1_KIS_17_2_109.jpg,7,KIS,,Female,17,,109,2.0
female/7/1_KIS_17_2_109.jpg,7,KIS,,Female,17,,109,2.0
female/7/1_KIS_17_2_109.jpg,7,KIS,,Female,17,,109,2.0
female/7/1_KIS_17_2_109.jpg,7,KIS,,Female,17,,109,2.0
female/7/1_KIS_17_2_109.jpg,7,KIS,,Female,17,,109,2.0
female/7/1_KIS_17_2_109.jpg,7,KIS,,Female,17,,109,2.0
female/7/1_KIS_17_2_109.jpg,7,KIS,,Female,17,,109,2.0
female/7/1_KIS_17_2_109.jpg,7,KIS,,Female,17,,109,2.0
female/7/1_KIS_17_2_109.jpg,7,KIS,,Female,17,,109,2.0
female/7/1_KIS_17_2_109.jpg,7,KIS,,Female,17,,109,2.0
female/7/1_KIS_17_2_109.jpg,7,KIS,,Female,17,,109,2.0
female/7/1_KIS_17_2_109.jpg,7,KIS,,Female,17,,109,2.0
female/7/1_KIS_17_2_109.jpg,7,KIS,,Female,17,,109,2.0
female/7/1_KIS_17_2_109.jpg,7,KIS,,Female,17,,109,2.0
female/7/1_KIS_17_2_109.jpg,7,KIS,,Female,17,,109,2.0
female/7/1_KIS_17_2_109.jpg,7,KIS,,Female,17,,109,2.0
female/7/1_KIS_17_2_109.jpg,7,KIS,,Female,17,,109,2.0
female/7/1_KIS_17_2_109.jpg,7,KIS,,Female,17,,109,2.0
female/7/1_KIS_17_2_109.jpg,7,KIS,,Female,17,,109,2.0
female/7/1_KIS_17_2_109.jpg,7,KIS,,Female,17,,109,2.0
female/7/1_KIS_17_2_109.jpg,7,KIS,,Female,17,,109,2.0
female/7/1_KIS_17_2_109.jpg,7,KIS,,Female,17,,109,2.0
female/7/1_KIS_17_2_109.jpg,7,KIS,,Female,17,,109,2.0
female/7/1_KIS_17_2_109.jpg,7,KIS,,Female,17,,109,2.0
female/7/1_KIS_17_2_109.jpg,7,KIS,,Female,17,,109,2.0
female/7/1_KIS_17_2_109.jpg,7,KIS,,Female,17,,109,2.0
female/7/1_KIS_17_2_109.jpg,7,KIS,,Female,17,,109,2.0
female/7/1_KIS_17_2_109.jpg,7,KIS,,Female,17,,109,2.0
female/7/1_KIS_17_2_109.jpg,7,KIS,,Female,17,,109,2.0
female/7/1_KIS_17_2_109.jpg,7,KIS,,Female,17,,109,2.0
female/7/1_KIS_17_2_109.jpg,7,KIS,,Female,17,,109,2.0
female/7/1_KIS_17_2_109.jpg,7,KIS,,Female,17,,109,2.0
female/7/1_KIS_17_2_109.jpg,7,KIS,,Female,17,,109,2.0
female/7/1_KIS_17_2_109.jpg,7,KIS,,Female,17,,109,2.0
female/7/1_KIS_17_2_109.jpg,7,KIS,,Female,17,,109,2.0
female/7/1_KIS_17_2_109.jpg,7,KIS,,Female,17,,109,2.0
female/7/1_KIS_17_2_109.jpg,7,KIS,,Female,17,,109,2.0
female/7/1_KIS_17_2_109.jpg,7,KIS,,Female,17,,109,2.0
female/7/1_KIS_17_2_109.jpg,7,KIS,,Female,17,,109,2.0
female/7/1_KIS_17_2_109.jpg,7,KIS,,Female,17,,109,2.0
female/7/1_KIS_17_2_109.jpg,7,KIS,,Female,17,,109,2.0
female/7/1_KIS_17_2_109.jpg,7,KIS,,Female,17,,109,2.0
female/7/1_KIS_17_2_109.jpg,7,KIS,,Female,17,,109,2.0
female/7/1_KIS_17_2_109.jpg,7,KIS,,Female,17,,109,2.0
female/7/1_KIS_17_2_109.jpg,7,KIS,,Female,17,,109,2.0
female/7/1_KIS_17_2_109.jpg,7,KIS,,Female,17,,109,2.0
female/7/1_KIS_17_2_109.jpg,7,KIS,,Female,17,,109,2.0
female/7/1_KIS_17_2_109.jpg,7,KIS,,Female,17,,109,2.0
female/7/1_KIS_17_2_109.jpg,7,KIS,,Female,17,,109,2.0
female/7/1_KIS_17_2_109.jpg,7,KIS,,Female,17,,109,2.0
female/7/1_KIS_17_2_109.jpg,7,KIS,,Female,17,,109,2.0
female/7/1_KIS_17_2_109.jpg,7,KIS,,Female,17,,109,2.0
female/7/1_KIS_17_2_109.jpg,7,KIS,,Female,17,,109,2.0
female/7/1_KIS_17_2_109.jpg,7,KIS,,Female,17,,109,2.0
female/7/1_KIS_17_2_109.jpg,7,KIS,,Female,17,,109,2.0
female/7/1_KIS_17_2_109.jpg,7,KIS,,Female,17,,109,2.0
female/7/1_KIS_17_2_109.jpg,7,KIS,,Female,17,,109,2.0
female/7/1_KIS_17_2_109.jpg,7,KIS,,Female,17,,109,2.0
female/7/1_KIS_17_2_109.jpg,7,KIS,,Female,17,,109,2.0
female/7/1_KIS_17_2_109.jpg,7,KIS,,Female,17,,109,2.0
female/7/1_KIS_17_2_109.jpg,7,KIS,,Female,17,,109,2.0
female/7/1_KIS_17_2_109.jpg,7,KIS,,Female,17,,109,2.0
female/7/1_KIS_17_2_109.jpg,7,KIS,,Female,17,,109,2.0
female/59/1_DHA_17_2_187.jpg,59,DHA,,Female,17,,187,2.0
female/59/1_DHA_17_2_187.jpg,59,DHA,,Female,17,,187,2.0
female/59/1_DHA_17_2_187.jpg,59,DHA,,Female,17,,187,2.0
female/59/1_DHA_17_2_187.jpg,59,DHA,,Female,17,,187,2.0
female/59/1_DHA_17_2_187.jpg,59,DHA,,Female,17,,187,2.0
female/59/1_DHA_17_2_187.jpg,59,DHA,,Female,17,,187,2.0
female/59/1_DHA_17_2_187.jpg,59,DHA,,Female,17,,187,2.0
female/59/1_DHA_17_2_187.jpg,59,DHA,,Female,17,,187,2.0
female/59/1_DHA_17_2_187.jpg,59,DHA,,Female,17,,187,2.0
female/59/1_DHA_17_2_187.jpg,59,DHA,,Female,17,,187,2.0
female/59/1_DHA_17_2_187.jpg,59,DHA,,Female,17,,187,2.0
female/59/1_DHA_17_2_187.jpg,59,DHA,,Female,17,,187,2.0
female/59/1_DHA_17_2_187.jpg,59,DHA,,Female,17,,187,2.0
female/59/1_DHA_17_2_187.jpg,59,DHA,,Female,17,,187,2.0
female/59/1_DHA_17_2_187.jpg,59,DHA,,Female,17,,187,2.0
female/59/1_DHA_17_2_187.jpg,59,DHA,,Female,17,,187,2.0
female/59/1_DHA_17_2_187.jpg,59,DHA,,Female,17,,187,2.0
female/59/1_DHA_17_2_187.jpg,59,DHA,,Female,17,,187,2.0
female/59/1_DHA_17_2_187.jpg,59,DHA,,Female,17,,187,2.0
female/59/1_DHA_17_2_187.jpg,59,DHA,,Female,17,,187,2.0
female/59/1_DHA_17_2_187.jpg,59,DHA,,Female,17,,187,2.0
female/59/1_DHA_17_2_187.jpg,59,DHA,,Female,17,,187,2.0
female/59/1_DHA_17_2_187.jpg,59,DHA,,Female,17,,187,2.0
female/59/1_DHA_17_2_187.jpg,59,DHA,,Female,17,,187,2.0
female/59/1_DHA_17_2_187.jpg,59,DHA,,Female,17,,187,2.0
female/59/1_DHA_17_2_187.jpg,59,DHA,,Female,17,,187,2.0
female/59/1_DHA_17_2_187.jpg,59,DHA,,Female,17,,187,2.0
female/59/1_DHA_17_2_187.jpg,59,DHA,,Female,17,,187,2.0
female/59/1_DHA_17_2_187.jpg,59,DHA,,Female,17,,187,2.0
female/59/1_DHA_17_2_187.jpg,59,DHA,,Female,17,,187,2.0
female/59/1_DHA_17_2_187.jpg,59,DHA,,Female,17,,187,2.0
female/59/1_DHA_17_2_187.jpg,59,DHA,,Female,17,,187,2.0
female/59/1_DHA_17_2_187.jpg,59,DHA,,Female,17,,187,2.0
female/59/1_DHA_17_2_187.jpg,59,DHA,,Female,17,,187,2.0
female/59/1_DHA_17_2_187.jpg,59,DHA,,Female,17,,187,2.0
female/59/1_DHA_17_2_187.jpg,59,DHA,,Female,17,,187,2.0
female/59/1_DHA_17_2_187.jpg,59,DHA,,Female,17,,187,2.0
female/59/1_DHA_17_2_187.jpg,59,DHA,,Female,17,,187,2.0
female/59/1_DHA_17_2_187.jpg,59,DHA,,Female,17,,187,2.0
female/59/1_DHA_17_2_187.jpg,59,DHA,,Female,17,,187,2.0
female/59/1_DHA_17_2_187.jpg,59,DHA,,Female,17,,187,2.0
female/59/1_DHA_17_2_187.jpg,59,DHA,,Female,17,,187,2.0
female/59/1_DHA_17_2_187.jpg,59,DHA,,Female,17,,187,2.0
female/59/1_DHA_17_2_187.jpg,59,DHA,,Female,17,,187,2.0
female/59/1_DHA_17_2_187.jpg,59,DHA,,Female,17,,187,2.0
female/59/1_DHA_17_2_187.jpg,59,DHA,,Female,17,,187,2.0
female/59/1_DHA_17_2_187.jpg,59,DHA,,Female,17,,187,2.0
female/59/1_DHA_17_2_187.jpg,59,DHA,,Female,17,,187,2.0
female/59/1_DHA_17_2_187.jpg,59,DHA,,Female,17,,187,2.0
female/59/1_DHA_17_2_187.jpg,59,DHA,,Female,17,,187,2.0
female/59/1_DHA_17_2_187.jpg,59,DHA,,Female,17,,187,2.0
female/59/1_DHA_17_2_187.jpg,59,DHA,,Female,17,,187,2.0
female/59/1_DHA_17_2_187.jpg,59,DHA,,Female,17,,187,2.0
female/59/1_DHA_17_2_187.jpg,59,DHA,,Female,17,,187,2.0
female/59/1_DHA_17_2_187.jpg,59,DHA,,Female,17,,187,2.0
female/59/1_DHA_17_2_187.jpg,59,DHA,,Female,17,,187,2.0
female/59/1_DHA_17_2_187.jpg,59,DHA,,Female,17,,187,2.0
female/59/1_DHA_17_2_187.jpg,59,DHA,,Female,17,,187,2.0
female/59/1_DHA_17_2_187.jpg,59,DHA,,Female,17,,187,2.0
female/59/1_DHA_17_2_187.jpg,59,DHA,,Female,17,,187,2.0
female/59/1_DHA_17_2_187.jpg,59,DHA,,Female,17,,187,2.0
female/59/1_DHA_17_2_187.jpg,59,DHA,,Female,17,,187,2.0
female/59/1_DHA_17_2_187.jpg,59,DHA,,Female,17,,187,2.0
female/59/1_DHA_17_2_187.jpg,59,DHA,,Female,17,,187,2.0
female/59/1_DHA_17_2_187.jpg,59,DHA,,Female,17,,187,2.0
female/59/1_DHA_17_2_187.jpg,59,DHA,,Female,17,,187,2.0
female/59/1_DHA_17_2_187.jpg,59,DHA,,Female,17,,187,2.0
female/59/1_DHA_17_2_187.jpg,59,DHA,,Female,17,,187,2.0
female/59/1_DHA_17_2_187.jpg,59,DHA,,Female,17,,187,2.0
female/59/1_DHA_17_2_187.jpg,59,DHA,,Female,17,,187,2.0
female/59/1_DHA_17_2_187.jpg,59,DHA,,Female,17,,187,2.0
female/59/1_DHA_17_2_187.jpg,59,DHA,,Female,17,,187,2.0
female/59/1_DHA_17_2_187.jpg,59,DHA,,Female,17,,187,2.0
female/59/1_DHA_17_2_187.jpg,59,DHA,,Female,17,,187,2.0
female/59/1_DHA_17_2_187.jpg,59,DHA,,Female,17,,187,2.0
female/59/1_DHA_17_2_187.jpg,59,DHA,,Female,17,,187,2.0
female/59/1_DHA_17_2_187.jpg,59,DHA,,Female,17,,187,2.0
female/59/1_DHA_17_2_187.jpg,59,DHA,,Female,17,,187,2.0
female/59/1_DHA_17_2_187.jpg,59,DHA,,Female,17,,187,2.0
female/59/1_DHA_17_2_187.jpg,59,DHA,,Female,17,,187,2.0
female/59/1_DHA_17_2_187.jpg,59,DHA,,Female,17,,187,2.0
female/59/1_DHA_17_2_187.jpg,59,DHA,,Female,17,,187,2.0
female/59/1_DHA_17_2_187.jpg,59,DHA,,Female,17,,187,2.0
female/59/1_DHA_17_2_187.jpg,59,DHA,,Female,17,,187,2.0
female/59/1_DHA_17_2_187.jpg,59,DHA,,Female,17,,187,2.0
female/59/1_DHA_17_2_187.jpg,59,DHA,,Female,17,,187,2.0
female/59/1_DHA_17_2_187.jpg,59,DHA,,Female,17,,187,2.0
female/59/1_DHA_17_2_187.jpg,59,DHA,,Female,17,,187,2.0
female/59/1_DHA_17_2_187.jpg,59,DHA,,Female,17,,187,2.0
female/59/1_DHA_17_2_187.jpg,59,DHA,,Female,17,,187,2.0
female/59/1_DHA_17_2_187.jpg,59,DHA,,Female,17,,187,2.0
female/59/1_DHA_17_2_187.jpg,59,DHA,,Female,17,,187,2.0
female/59/1_DHA_17_2_187.jpg,59,DHA,,Female,17,,187,2.0
female/59/1_DHA_17_2_187.jpg,59,DHA,,Female,17,,187,2.0
female/59/1_DHA_17_2_187.jpg,59,DHA,,Female,17,,187,2.0
female/59/1_DHA_17_2_187.jpg,59,DHA,,Female,17,,187,2.0
female/59/1_DHA_17_2_187.jpg,59,DHA,,Female,17,,187,2.0
female/59/1_DHA_17_2_187.jpg,59,DHA,,Female,17,,187,2.0
female/59/1_DHA_17_2_187.jpg,59,DHA,,Female,17,,187,2.0
female/59/1_DHA_17_2_187.jpg,59,DHA,,Female,17,,187,2.0
female/59/1_DHA_17_2_187.jpg,59,DHA,,Female,17,,187,2.0
female/59/1_DHA_17_2_187.jpg,59,DHA,,Female,17,,187,2.0
female/59/1_DHA_17_2_187.jpg,59,DHA,,Female,17,,187,2.0
female/59/1_DHA_17_2_187.jpg,59,DHA,,Female,17,,187,2.0
female/59/1_DHA_17_2_187.jpg,59,DHA,,Female,17,,187,2.0
female/59/1_DHA_17_2_187.jpg,59,DHA,,Female,17,,187,2.0
female/59/1_DHA_17_2_187.jpg,59,DHA,,Female,17,,187,2.0
female/59/1_DHA_17_2_187.jpg,59,DHA,,Female,17,,187,2.0
female/59/1_DHA_17_2_187.jpg,59,DHA,,Female,17,,187,2.0
female/59/1_DHA_17_2_187.jpg,59,DHA,,Female,17,,187,2.0
female/59/1_DHA_17_2_187.jpg,59,DHA,,Female,17,,187,2.0
female/59/1_DHA_17_2_187.jpg,59,DHA,,Female,17,,187,2.0
female/59/1_DHA_17_2_187.jpg,59,DHA,,Female,17,,187,2.0
female/59/1_DHA_17_2_187.jpg,59,DHA,,Female,17,,187,2.0
female/59/1_DHA_17_2_187.jpg,59,DHA,,Female,17,,187,2.0
female/59/1_DHA_17_2_187.jpg,59,DHA,,Female,17,,187,2.0
female/59/1_DHA_17_2_187.jpg,59,DHA,,Female,17,,187,2.0
female/59/1_DHA_17_2_187.jpg,59,DHA,,Female,17,,187,2.0
female/59/1_DHA_17_2_187.jpg,59,DHA,,Female,17,,187,2.0
female/59/1_DHA_17_2_187.jpg,59,DHA,,Female,17,,187,2.0
female/59/1_DHA_17_2_187.jpg,59,DHA,,Female,17,,187,2.0
female/59/1_DHA_17_2_187.jpg,59,DHA,,Female,17,,187,2.0
female/59/1_DHA_17_2_187.jpg,59,DHA,,Female,17,,187,2.0
female/59/1_DHA_17_2_187.jpg,59,DHA,,Female,17,,187,2.0
female/59/1_DHA_17_2_187.jpg,59,DHA,,Female,17,,187,2.0
female/59/1_DHA_17_2_187.jpg,59,DHA,,Female,17,,187,2.0
female/59/1_DHA_17_2_187.jpg,59,DHA,,Female,17,,187,2.0
female/59/1_DHA_17_2_187.jpg,59,DHA,,Female,17,,187,2.0
female/59/1_DHA_17_2_187.jpg,59,DHA,,Female,17,,187,2.0
female/59/1_DHA_17_2_187.jpg,59,DHA,,Female,17,,187,2.0
female/59/1_DHA_17_2_187.jpg,59,DHA,,Female,17,,187,2.0
female/59/1_DHA_17_2_187.jpg,59,DHA,,Female,17,,187,2.0
female/59/1_DHA_17_2_187.jpg,59,DHA,,Female,17,,187,2.0
female/59/1_DHA_17_2_187.jpg,59,DHA,,Female,17,,187,2.0
female/59/1_DHA_17_2_187.jpg,59,DHA,,Female,17,,187,2.0
female/59/1_DHA_17_2_187.jpg,59,DHA,,Female,17,,187,2.0
female/59/1_DHA_17_2_187.jpg,59,DHA,,Female,17,,187,2.0
female/59/1_DHA_17_2_187.jpg,59,DHA,,Female,17,,187,2.0
female/59/1_DHA_17_2_187.jpg,59,DHA,,Female,17,,187,2.0
female/59/1_DHA_17_2_187.jpg,59,DHA,,Female,17,,187,2.0
female/59/1_DHA_17_2_187.jpg,59,DHA,,Female,17,,187,2.0
female/59/1_DHA_17_2_187.jpg,59,DHA,,Female,17,,187,2.0
female/59/1_DHA_17_2_187.jpg,59,DHA,,Female,17,,187,2.0
female/59/1_DHA_17_2_187.jpg,59,DHA,,Female,17,,187,2.0
female/59/1_DHA_17_2_187.jpg,59,DHA,,Female,17,,187,2.0
female/59/1_DHA_17_2_187.jpg,59,DHA,,Female,17,,187,2.0
female/59/1_DHA_17_2_187.jpg,59,DHA,,Female,17,,187,2.0
female/59/1_DHA_17_2_187.jpg,59,DHA,,Female,17,,187,2.0
female/59/1_DHA_17_2_187.jpg,59,DHA,,Female,17,,187,2.0
female/59/1_DHA_17_2_187.jpg,59,DHA,,Female,17,,187,2.0
female/59/1_DHA_17_2_187.jpg,59,DHA,,Female,17,,187,2.0
female/59/1_DHA_17_2_187.jpg,59,DHA,,Female,17,,187,2.0
female/59/1_DHA_17_2_187.jpg,59,DHA,,Female,17,,187,2.0
female/59/1_DHA_17_2_187.jpg,59,DHA,,Female,17,,187,2.0
female/59/1_DHA_17_2_187.jpg,59,DHA,,Female,17,,187,2.0
female/59/1_DHA_17_2_187.jpg,59,DHA,,Female,17,,187,2.0
female/59/1_DHA_17_2_187.jpg,59,DHA,,Female,17,,187,2.0
female/59/1_DHA_17_2_187.jpg,59,DHA,,Female,17,,187,2.0
female/59/1_DHA_17_2_187.jpg,59,DHA,,Female,17,,187,2.0
female/59/1_DHA_17_2_187.jpg,59,DHA,,Female,17,,187,2.0
female/59/1_DHA_17_2_187.jpg,59,DHA,,Female,17,,187,2.0
female/59/1_DHA_17_2_187.jpg,59,DHA,,Female,17,,187,2.0
female/59/1_DHA_17_2_187.jpg,59,DHA,,Female,17,,187,2.0
female/59/1_DHA_17_2_187.jpg,59,DHA,,Female,17,,187,2.0
female/59/1_DHA_17_2_187.jpg,59,DHA,,Female,17,,187,2.0
female/59/1_DHA_17_2_187.jpg,59,DHA,,Female,17,,187,2.0
female/59/1_DHA_17_2_187.jpg,59,DHA,,Female,17,,187,2.0
female/59/1_DHA_17_2_187.jpg,59,DHA,,Female,17,,187,2.0
female/59/1_DHA_17_2_187.jpg,59,DHA,,Female,17,,187,2.0
female/59/1_DHA_17_2_187.jpg,59,DHA,,Female,17,,187,2.0
female/59/1_DHA_17_2_187.jpg,59,DHA,,Female,17,,187,2.0
female/59/1_DHA_17_2_187.jpg,59,DHA,,Female,17,,187,2.0
female/59/1_DHA_17_2_187.jpg,59,DHA,,Female,17,,187,2.0
female/59/1_DHA_17_2_187.jpg,59,DHA,,Female,17,,187,2.0
female/59/1_DHA_17_2_187.jpg,59,DHA,,Female,17,,187,2.0
female/59/1_DHA_17_2_187.jpg,59,DHA,,Female,17,,187,2.0
female/59/1_DHA_17_2_187.jpg,59,DHA,,Female,17,,187,2.0
female/59/1_DHA_17_2_187.jpg,59,DHA,,Female,17,,187,2.0
female/59/1_DHA_17_2_187.jpg,59,DHA,,Female,17,,187,2.0
female/59/1_DHA_17_2_187.jpg,59,DHA,,Female,17,,187,2.0
female/59/1_DHA_17_2_187.jpg,59,DHA,,Female,17,,187,2.0
female/59/1_DHA_17_2_187.jpg,59,DHA,,Female,17,,187,2.0
female/59/1_DHA_17_2_187.jpg,59,DHA,,Female,17,,187,2.0
female/59/1_DHA_17_2_187.jpg,59,DHA,,Female,17,,187,2.0
female/59/1_DHA_17_2_187.jpg,59,DHA,,Female,17,,187,2.0
female/59/1_DHA_17_2_187.jpg,59,DHA,,Female,17,,187,2.0
female/59/1_DHA_17_2_187.jpg,59,DHA,,Female,17,,187,2.0
female/59/1_DHA_17_2_187.jpg,59,DHA,,Female,17,,187,2.0
female/59/1_DHA_17_2_187.jpg,59,DHA,,Female,17,,187,2.0
female/59/1_DHA_17_2_187.jpg,59,DHA,,Female,17,,187,2.0
female/59/1_DHA_17_2_187.jpg,59,DHA,,Female,17,,187,2.0
female/59/1_DHA_17_2_187.jpg,59,DHA,,Female,17,,187,2.0
female/59/1_DHA_17_2_187.jpg,59,DHA,,Female,17,,187,2.0
female/59/1_DHA_17_2_187.jpg,59,DHA,,Female,17,,187,2.0
female/59/1_DHA_17_2_187.jpg,59,DHA,,Female,17,,187,2.0
female/59/1_DHA_17_2_187.jpg,59,DHA,,Female,17,,187,2.0
female/59/1_DHA_17_2_187.jpg,59,DHA,,Female,17,,187,2.0
female/59/1_DHA_17_2_187.jpg,59,DHA,,Female,17,,187,2.0
female/59/1_DHA_17_2_187.jpg,59,DHA,,Female,17,,187,2.0
female/59/1_DHA_17_2_187.jpg,59,DHA,,Female,17,,187,2.0
female/59/1_DHA_17_2_187.jpg,59,DHA,,Female,17,,187,2.0
female/59/1_DHA_17_2_187.jpg,59,DHA,,Female,17,,187,2.0
female/59/1_DHA_17_2_187.jpg,59,DHA,,Female,17,,187,2.0
female/59/1_DHA_17_2_187.jpg,59,DHA,,Female,17,,187,2.0
female/59/1_DHA_17_2_187.jpg,59,DHA,,Female,17,,187,2.0
female/59/1_DHA_17_2_187.jpg,59,DHA,,Female,17,,187,2.0
female/59/1_DHA_17_2_187.jpg,59,DHA,,Female,17,,187,2.0
female/59/1_DHA_17_2_187.jpg,59,DHA,,Female,17,,187,2.0
female/59/1_DHA_17_2_187.jpg,59,DHA,,Female,17,,187,2.0
female/59/1_DHA_17_2_187.jpg,59,DHA,,Female,17,,187,2.0
female/59/1_DHA_17_2_187.jpg,59,DHA,,Female,17,,187,2.0
female/59/1_DHA_17_2_187.jpg,59,DHA,,Female,17,,187,2.0
female/59/1_DHA_17_2_187.jpg,59,DHA,,Female,17,,187,2.0
female/59/1_DHA_17_2_187.jpg,59,DHA,,Female,17,,187,2.0
female/59/1_DHA_17_2_187.jpg,59,DHA,,Female,17,,187,2.0
female/59/1_DHA_17_2_187.jpg,59,DHA,,Female,17,,187,2.0
female/59/1_DHA_17_2_187.jpg,59,DHA,,Female,17,,187,2.0
female/59/1_DHA_17_2_187.jpg,59,DHA,,Female,17,,187,2.0
female/59/1_DHA_17_2_187.jpg,59,DHA,,Female,17,,187,2.0
female/59/1_DHA_17_2_187.jpg,59,DHA,,Female,17,,187,2.0
female/59/1_DHA_17_2_187.jpg,59,DHA,,Female,17,,187,2.0
female/59/1_DHA_17_2_187.jpg,59,DHA,,Female,17,,187,2.0
female/59/1_DHA_17_2_187.jpg,59,DHA,,Female,17,,187,2.0
female/59/1_DHA_17_2_187.jpg,59,DHA,,Female,17,,187,2.0
female/59/1_DHA_17_2_187.jpg,59,DHA,,Female,17,,187,2.0
female/59/1_DHA_17_2_187.jpg,59,DHA,,Female,17,,187,2.0
female/59/1_DHA_17_2_187.jpg,59,DHA,,Female,17,,187,2.0
female/59/1_DHA_17_2_187.jpg,59,DHA,,Female,17,,187,2.0
female/59/1_DHA_17_2_187.jpg,59,DHA,,Female,17,,187,2.0
female/59/1_DHA_17_2_187.jpg,59,DHA,,Female,17,,187,2.0
female/59/1_DHA_17_2_187.jpg,59,DHA,,Female,17,,187,2.0
female/59/1_DHA_17_2_187.jpg,59,DHA,,Female,17,,187,2.0
female/59/1_DHA_17_2_187.jpg,59,DHA,,Female,17,,187,2.0
female/59/1_DHA_17_2_187.jpg,59,DHA,,Female,17,,187,2.0
female/59/1_DHA_17_2_187.jpg,59,DHA,,Female,17,,187,2.0
female/59/1_DHA_17_2_187.jpg,59,DHA,,Female,17,,187,2.0
female/59/1_DHA_17_2_187.jpg,59,DHA,,Female,17,,187,2.0
female/59/1_DHA_17_2_187.jpg,59,DHA,,Female,17,,187,2.0
female/59/1_DHA_17_2_187.jpg,59,DHA,,Female,17,,187,2.0
female/59/1_DHA_17_2_187.jpg,59,DHA,,Female,17,,187,2.0
female/59/1_DHA_17_2_187.jpg,59,DHA,,Female,17,,187,2.0
female/59/1_DHA_17_2_187.jpg,59,DHA,,Female,17,,187,2.0
female/59/1_DHA_17_2_187.jpg,59,DHA,,Female,17,,187,2.0
female/59/1_DHA_17_2_187.jpg,59,DHA,,Female,17,,187,2.0
female/59/1_DHA_17_2_187.jpg,59,DHA,,Female,17,,187,2.0
female/59/1_DHA_17_2_187.jpg,59,DHA,,Female,17,,187,2.0
female/59/1_DHA_17_2_187.jpg,59,DHA,,Female,17,,187,2.0
female/59/1_DHA_17_2_187.jpg,59,DHA,,Female,17,,187,2.0
female/59/1_DHA_17_2_187.jpg,59,DHA,,Female,17,,187,2.0
female/59/1_DHA_17_2_187.jpg,59,DHA,,Female,17,,187,2.0
female/59/1_DHA_17_2_187.jpg,59,DHA,,Female,17,,187,2.0
female/59/1_DHA_17_2_187.jpg,59,DHA,,Female,17,,187,2.0
female/59/1_DHA_17_2_187.jpg,59,DHA,,Female,17,,187,2.0
female/59/1_DHA_17_2_187.jpg,59,DHA,,Female,17,,187,2.0
female/59/1_DHA_17_2_187.jpg,59,DHA,,Female,17,,187,2.0
female/59/1_DHA_17_2_187.jpg,59,DHA,,Female,17,,187,2.0
female/59/1_DHA_17_2_187.jpg,59,DHA,,Female,17,,187,2.0
female/59/1_DHA_17_2_187.jpg,59,DHA,,Female,17,,187,2.0
female/59/1_DHA_17_2_187.jpg,59,DHA,,Female,17,,187,2.0
female/59/1_DHA_17_2_187.jpg,59,DHA,,Female,17,,187,2.0
female/59/1_DHA_17_2_187.jpg,59,DHA,,Female,17,,187,2.0
female/59/1_DHA_17_2_187.jpg,59,DHA,,Female,17,,187,2.0
female/59/1_DHA_17_2_187.jpg,59,DHA,,Female,17,,187,2.0
female/59/1_DHA_17_2_187.jpg,59,DHA,,Female,17,,187,2.0
female/59/1_DHA_17_2_187.jpg,59,DHA,,Female,17,,187,2.0
female/59/1_DHA_17_2_187.jpg,59,DHA,,Female,17,,187,2.0
female/59/1_DHA_17_2_187.jpg,59,DHA,,Female,17,,187,2.0
female/59/1_DHA_17_2_187.jpg,59,DHA,,Female,17,,187,2.0
female/59/1_DHA_17_2_187.jpg,59,DHA,,Female,17,,187,2.0
female/59/1_DHA_17_2_187.jpg,59,DHA,,Female,17,,187,2.0
female/59/1_DHA_17_2_187.jpg,59,DHA,,Female,17,,187,2.0
female/59/1_DHA_17_2_187.jpg,59,DHA,,Female,17,,187,2.0
female/59/1_DHA_17_2_187.jpg,59,DHA,,Female,17,,187,2.0
female/59/1_DHA_17_2_187.jpg,59,DHA,,Female,17,,187,2.0
female/59/1_DHA_17_2_187.jpg,59,DHA,,Female,17,,187,2.0
female/59/1_DHA_17_2_187.jpg,59,DHA,,Female,17,,187,2.0
female/59/1_DHA_17_2_187.jpg,59,DHA,,Female,17,,187,2.0
female/59/1_DHA_17_2_187.jpg,59,DHA,,Female,17,,187,2.0
female/59/1_DHA_17_2_187.jpg,59,DHA,,Female,17,,187,2.0
female/59/1_DHA_17_2_187.jpg,59,DHA,,Female,17,,187,2.0
female/59/1_DHA_17_2_187.jpg,59,DHA,,Female,17,,187,2.0
female/59/1_DHA_17_2_187.jpg,59,DHA,,Female,17,,187,2.0
female/59/1_DHA_17_2_187.jpg,59,DHA,,Female,17,,187,2.0
female/59/1_DHA_17_2_187.jpg,59,DHA,,Female,17,,187,2.0
female/59/1_DHA_17_2_187.jpg,59,DHA,,Female,17,,187,2.0
female/59/1_DHA_17_2_187.jpg,59,DHA,,Female,17,,187,2.0
female/59/1_DHA_17_2_187.jpg,59,DHA,,Female,17,,187,2.0
female/59/1_DHA_17_2_187.jpg,59,DHA,,Female,17,,187,2.0
female/59/1_DHA_17_2_187.jpg,59,DHA,,Female,17,,187,2.0
female/59/1_DHA_17_2_187.jpg,59,DHA,,Female,17,,187,2.0
female/59/1_DHA_17_2_187.jpg,59,DHA,,Female,17,,187,2.0
female/59/1_DHA_17_2_187.jpg,59,DHA,,Female,17,,187,2.0
female/59/1_DHA_17_2_187.jpg,59,DHA,,Female,17,,187,2.0
female/59/1_DHA_17_2_187.jpg,59,DHA,,Female,17,,187,2.0
female/59/1_DHA_17_2_187.jpg,59,DHA,,Female,17,,187,2.0
female/59/1_DHA_17_2_187.jpg,59,DHA,,Female,17,,187,2.0
female/59/1_DHA_17_2_187.jpg,59,DHA,,Female,17,,187,2.0
female/59/1_DHA_17_2_187.jpg,59,DHA,,Female,17,,187,2.0
female/59/1_DHA_17_2_187.jpg,59,DHA,,Female,17,,187,2.0
female/59/1_DHA_17_2_187.jpg,59,DHA,,Female,17,,187,2.0
female/59/1_DHA_17_2_187.jpg,59,DHA,,Female,17,,187,2.0
female/59/1_DHA_17_2_187.jpg,59,DHA,,Female,17,,187,2.0
female/59/1_DHA_17_2_187.jpg,59,DHA,,Female,17,,187,2.0
female/59/1_DHA_17_2_187.jpg,59,DHA,,Female,17,,187,2.0
female/59/1_DHA_17_2_187.jpg,59,DHA,,Female,17,,187,2.0
female/59/1_DHA_17_2_187.jpg,59,DHA,,Female,17,,187,2.0
female/59/1_DHA_17_2_187.jpg,59,DHA,,Female,17,,187,2.0
female/59/1_DHA_17_2_187.jpg,59,DHA,,Female,17,,187,2.0
female/59/1_DHA_17_2_187.jpg,59,DHA,,Female,17,,187,2.0
female/59/1_DHA_17_2_187.jpg,59,DHA,,Female,17,,187,2.0
female/59/1_DHA_17_2_187.jpg,59,DHA,,Female,17,,187,2.0
female/59/1_DHA_17_2_187.jpg,59,DHA,,Female,17,,187,2.0
female/59/1_DHA_17_2_187.jpg,59,DHA,,Female,17,,187,2.0
female/59/1_DHA_17_2_187.jpg,59,DHA,,Female,17,,187,2.0
female/59/1_DHA_17_2_187.jpg,59,DHA,,Female,17,,187,2.0
female/59/1_DHA_17_2_187.jpg,59,DHA,,Female,17,,187,2.0
female/59/1_DHA_17_2_187.jpg,59,DHA,,Female,17,,187,2.0
female/59/1_DHA_17_2_187.jpg,59,DHA,,Female,17,,187,2.0
female/59/1_DHA_17_2_187.jpg,59,DHA,,Female,17,,187,2.0
female/59/1_DHA_17_2_187.jpg,59,DHA,,Female,17,,187,2.0
female/59/1_DHA_17_2_187.jpg,59,DHA,,Female,17,,187,2.0
female/59/1_DHA_17_2_187.jpg,59,DHA,,Female,17,,187,2.0
female/59/1_DHA_17_2_187.jpg,59,DHA,,Female,17,,187,2.0
female/59/1_DHA_17_2_187.jpg,59,DHA,,Female,17,,187,2.0
female/59/1_DHA_17_2_187.jpg,59,DHA,,Female,17,,187,2.0
female/59/1_DHA_17_2_187.jpg,59,DHA,,Female,17,,187,2.0
female/59/1_DHA_17_2_187.jpg,59,DHA,,Female,17,,187,2.0
female/59/1_DHA_17_2_187.jpg,59,DHA,,Female,17,,187,2.0
female/59/1_DHA_17_2_187.jpg,59,DHA,,Female,17,,187,2.0
female/59/1_DHA_17_2_187.jpg,59,DHA,,Female,17,,187,2.0
female/59/1_DHA_17_2_187.jpg,59,DHA,,Female,17,,187,2.0
female/59/1_DHA_17_2_187.jpg,59,DHA,,Female,17,,187,2.0
female/59/1_DHA_17_2_187.jpg,59,DHA,,Female,17,,187,2.0
female/59/1_DHA_17_2_187.jpg,59,DHA,,Female,17,,187,2.0
female/59/1_DHA_17_2_187.jpg,59,DHA,,Female,17,,187,2.0
female/59/1_DHA_17_2_187.jpg,59,DHA,,Female,17,,187,2.0
female/59/1_DHA_17_2_187.jpg,59,DHA,,Female,17,,187,2.0
female/59/1_DHA_17_2_187.jpg,59,DHA,,Female,17,,187,2.0
female/59/1_DHA_17_2_187.jpg,59,DHA,,Female,17,,187,2.0
female/59/1_DHA_17_2_187.jpg,59,DHA,,Female,17,,187,2.0
female/59/1_DHA_17_2_187.jpg,59,DHA,,Female,17,,187,2.0
female/59/1_DHA_17_2_187.jpg,59,DHA,,Female,17,,187,2.0
female/59/1_DHA_17_2_187.jpg,59,DHA,,Female,17,,187,2.0
female/59/1_DHA_17_2_187.jpg,59,DHA,,Female,17,,187,2.0
female/59/1_DHA_17_2_187.jpg,59,DHA,,Female,17,,187,2.0
female/59/1_DHA_17_2_187.jpg,59,DHA,,Female,17,,187,2.0
female/59/1_DHA_17_2_187.jpg,59,DHA,,Female,17,,187,2.0
female/59/1_DHA_17_2_187.jpg,59,DHA,,Female,17,,187,2.0
female/59/1_DHA_17_2_187.jpg,59,DHA,,Female,17,,187,2.0
female/59/1_DHA_17_2_187.jpg,59,DHA,,Female,17,,187,2.0
female/59/1_DHA_17_2_187.jpg,59,DHA,,Female,17,,187,2.0
female/59/1_DHA_17_2_187.jpg,59,DHA,,Female,17,,187,2.0
female/59/1_DHA_17_2_187.jpg,59,DHA,,Female,17,,187,2.0
female/59/1_DHA_17_2_187.jpg,59,DHA,,Female,17,,187,2.0
female/59/1_DHA_17_2_187.jpg,59,DHA,,Female,17,,187,2.0
female/59/1_DHA_17_2_187.jpg,59,DHA,,Female,17,,187,2.0
female/59/1_DHA_17_2_187.jpg,59,DHA,,Female,17,,187,2.0
female/59/1_DHA_17_2_187.jpg,59,DHA,,Female,17,,187,2.0
female/59/1_DHA_17_2_187.jpg,59,DHA,,Female,17,,187,2.0
female/59/1_DHA_17_2_187.jpg,59,DHA,,Female,17,,187,2.0
female/59/1_DHA_17_2_187.jpg,59,DHA,,Female,17,,187,2.0
female/59/1_DHA_17_2_187.jpg,59,DHA,,Female,17,,187,2.0
female/59/1_DHA_17_2_187.jpg,59,DHA,,Female,17,,187,2.0
female/59/1_DHA_17_2_187.jpg,59,DHA,,Female,17,,187,2.0
female/59/1_DHA_17_2_187.jpg,59,DHA,,Female,17,,187,2.0
female/59/1_DHA_17_2_187.jpg,59,DHA,,Female,17,,187,2.0
female/59/1_DHA_17_2_187.jpg,59,DHA,,Female,17,,187,2.0
female/59/1_DHA_17_2_187.jpg,59,DHA,,Female,17,,187,2.0
female/59/1_DHA_17_2_187.jpg,59,DHA,,Female,17,,187,2.0
female/59/1_DHA_17_2_187.jpg,59,DHA,,Female,17,,187,2.0
female/59/1_DHA_17_2_187.jpg,59,DHA,,Female,17,,187,2.0
female/59/1_DHA_17_2_187.jpg,59,DHA,,Female,17,,187,2.0
female/59/1_DHA_17_2_187.jpg,59,DHA,,Female,17,,187,2.0
female/59/1_DHA_17_2_187.jpg,59,DHA,,Female,17,,187,2.0
female/59/1_DHA_17_2_187.jpg,59,DHA,,Female,17,,187,2.0
female/59/1_DHA_17_2_187.jpg,59,DHA,,Female,17,,187,2.0
female/59/1_DHA_17_2_187.jpg,59,DHA,,Female,17,,187,2.0
female/59/1_DHA_17_2_187.jpg,59,DHA,,Female,17,,187,2.0
female/59/1_DHA_17_2_187.jpg,59,DHA,,Female,17,,187,2.0
female/59/1_DHA_17_2_187.jpg,59,DHA,,Female,17,,187,2.0
female/59/1_DHA_17_2_187.jpg,59,DHA,,Female,17,,187,2.0
female/59/1_DHA_17_2_187.jpg,59,DHA,,Female,17,,187,2.0
female/59/1_DHA_17_2_187.jpg,59,DHA,,Female,17,,187,2.0
female/59/1_DHA_17_2_187.jpg,59,DHA,,Female,17,,187,2.0
female/59/1_DHA_17_2_187.jpg,59,DHA,,Female,17,,187,2.0
female/59/1_DHA_17_2_187.jpg,59,DHA,,Female,17,,187,2.0
female/59/1_DHA_17_2_187.jpg,59,DHA,,Female,17,,187,2.0
female/59/1_DHA_17_2_187.jpg,59,DHA,,Female,17,,187,2.0
female/59/1_DHA_17_2_187.jpg,59,DHA,,Female,17,,187,2.0
female/59/1_DHA_17_2_187.jpg,59,DHA,,Female,17,,187,2.0
female/59/1_DHA_17_2_187.jpg,59,DHA,,Female,17,,187,2.0
female/59/1_DHA_17_2_187.jpg,59,DHA,,Female,17,,187,2.0
female/59/1_DHA_17_2_187.jpg,59,DHA,,Female,17,,187,2.0
female/59/1_DHA_17_2_187.jpg,59,DHA,,Female,17,,187,2.0
female/59/1_DHA_17_2_187.jpg,59,DHA,,Female,17,,187,2.0
female/59/1_DHA_17_2_187.jpg,59,DHA,,Female,17,,187,2.0
female/59/1_DHA_17_2_187.jpg,59,DHA,,Female,17,,187,2.0
female/59/1_DHA_17_2_187.jpg,59,DHA,,Female,17,,187,2.0
female/59/1_DHA_17_2_187.jpg,59,DHA,,Female,17,,187,2.0
female/59/1_DHA_17_2_187.jpg,59,DHA,,Female,17,,187,2.0
female/59/1_DHA_17_2_187.jpg,59,DHA,,Female,17,,187,2.0
female/59/1_DHA_17_2_187.jpg,59,DHA,,Female,17,,187,2.0
female/59/1_DHA_17_2_187.jpg,59,DHA,,Female,17,,187,2.0
female/59/1_DHA_17_2_187.jpg,59,DHA,,Female,17,,187,2.0
female/59/1_DHA_17_2_187.jpg,59,DHA,,Female,17,,187,2.0
female/59/1_DHA_17_2_187.jpg,59,DHA,,Female,17,,187,2.0
female/59/1_DHA_17_2_187.jpg,59,DHA,,Female,17,,187,2.0
female/59/1_DHA_17_2_187.jpg,59,DHA,,Female,17,,187,2.0
female/59/1_DHA_17_2_187.jpg,59,DHA,,Female,17,,187,2.0
female/59/1_DHA_17_2_187.jpg,59,DHA,,Female,17,,187,2.0
female/59/1_DHA_17_2_187.jpg,59,DHA,,Female,17,,187,2.0
female/59/1_DHA_17_2_187.jpg,59,DHA,,Female,17,,187,2.0
female/59/1_DHA_17_2_187.jpg,59,DHA,,Female,17,,187,2.0
female/59/1_DHA_17_2_187.jpg,59,DHA,,Female,17,,187,2.0
female/59/1_DHA_17_2_187.jpg,59,DHA,,Female,17,,187,2.0
female/59/1_DHA_17_2_187.jpg,59,DHA,,Female,17,,187,2.0
female/59/1_DHA_17_2_187.jpg,59,DHA,,Female,17,,187,2.0
female/59/1_DHA_17_2_187.jpg,59,DHA,,Female,17,,187,2.0
female/59/1_DHA_17_2_187.jpg,59,DHA,,Female,17,,187,2.0
female/59/1_DHA_17_2_187.jpg,59,DHA,,Female,17,,187,2.0
female/59/1_DHA_17_2_187.jpg,59,DHA,,Female,17,,187,2.0
female/59/1_DHA_17_2_187.jpg,59,DHA,,Female,17,,187,2.0
female/59/1_DHA_17_2_187.jpg,59,DHA,,Female,17,,187,2.0
female/59/1_DHA_17_2_187.jpg,59,DHA,,Female,17,,187,2.0
female/59/1_DHA_17_2_187.jpg,59,DHA,,Female,17,,187,2.0
female/59/1_DHA_17_2_187.jpg,59,DHA,,Female,17,,187,2.0
female/59/1_DHA_17_2_187.jpg,59,DHA,,Female,17,,187,2.0
female/59/1_DHA_17_2_187.jpg,59,DHA,,Female,17,,187,2.0
female/59/1_DHA_17_2_187.jpg,59,DHA,,Female,17,,187,2.0
female/59/1_DHA_17_2_187.jpg,59,DHA,,Female,17,,187,2.0
female/59/1_DHA_17_2_187.jpg,59,DHA,,Female,17,,187,2.0
female/59/1_DHA_17_2_187.jpg,59,DHA,,Female,17,,187,2.0
female/59/1_DHA_17_2_187.jpg,59,DHA,,Female,17,,187,2.0
female/59/1_DHA_17_2_187.jpg,59,DHA,,Female,17,,187,2.0
female/59/1_DHA_17_2_187.jpg,59,DHA,,Female,17,,187,2.0
female/59/1_DHA_17_2_187.jpg,59,DHA,,Female,17,,187,2.0
female/59/1_DHA_17_2_187.jpg,59,DHA,,Female,17,,187,2.0
female/59/1_DHA_17_2_187.jpg,59,DHA,,Female,17,,187,2.0
female/59/1_DHA_17_2_187.jpg,59,DHA,,Female,17,,187,2.0
female/59/1_DHA_17_2_187.jpg,59,DHA,,Female,17,,187,2.0
female/59/1_DHA_17_2_187.jpg,59,DHA,,Female,17,,187,2.0
female/59/1_DHA_17_2_187.jpg,59,DHA,,Female,17,,187,2.0
female/59/1_DHA_17_2_187.jpg,59,DHA,,Female,17,,187,2.0
female/59/1_DHA_17_2_187.jpg,59,DHA,,Female,17,,187,2.0
female/59/1_DHA_17_2_187.jpg,59,DHA,,Female,17,,187,2.0
female/59/1_DHA_17_2_187.jpg,59,DHA,,Female,17,,187,2.0
female/59/1_DHA_17_2_187.jpg,59,DHA,,Female,17,,187,2.0
female/59/1_DHA_17_2_187.jpg,59,DHA,,Female,17,,187,2.0
female/59/1_DHA_17_2_187.jpg,59,DHA,,Female,17,,187,2.0
female/59/1_DHA_17_2_187.jpg,59,DHA,,Female,17,,187,2.0
female/59/1_DHA_17_2_187.jpg,59,DHA,,Female,17,,187,2.0
female/59/1_DHA_17_2_187.jpg,59,DHA,,Female,17,,187,2.0
female/59/1_DHA_17_2_187.jpg,59,DHA,,Female,17,,187,2.0
female/59/1_DHA_17_2_187.jpg,59,DHA,,Female,17,,187,2.0
female/59/1_DHA_17_2_187.jpg,59,DHA,,Female,17,,187,2.0
female/59/1_DHA_17_2_187.jpg,59,DHA,,Female,17,,187,2.0
female/59/1_DHA_17_2_187.jpg,59,DHA,,Female,17,,187,2.0
female/59/1_DHA_17_2_187.jpg,59,DHA,,Female,17,,187,2.0
female/59/1_DHA_17_2_187.jpg,59,DHA,,Female,17,,187,2.0
female/59/1_DHA_17_2_187.jpg,59,DHA,,Female,17,,187,2.0
female/59/1_DHA_17_2_187.jpg,59,DHA,,Female,17,,187,2.0
female/59/1_DHA_17_2_187.jpg,59,DHA,,Female,17,,187,2.0
female/59/1_DHA_17_2_187.jpg,59,DHA,,Female,17,,187,2.0
female/59/1_DHA_17_2_187.jpg,59,DHA,,Female,17,,187,2.0
female/59/1_DHA_17_2_187.jpg,59,DHA,,Female,17,,187,2.0
female/59/1_DHA_17_2_187.jpg,59,DHA,,Female,17,,187,2.0
female/59/1_DHA_17_2_187.jpg,59,DHA,,Female,17,,187,2.0
female/59/1_DHA_17_2_187.jpg,59,DHA,,Female,17,,187,2.0
female/59/1_DHA_17_2_187.jpg,59,DHA,,Female,17,,187,2.0
female/59/1_DHA_17_2_187.jpg,59,DHA,,Female,17,,187,2.0
female/59/1_DHA_17_2_187.jpg,59,DHA,,Female,17,,187,2.0
female/59/1_DHA_17_2_187.jpg,59,DHA,,Female,17,,187,2.0
female/59/1_DHA_17_2_187.jpg,59,DHA,,Female,17,,187,2.0
female/59/1_DHA_17_2_187.jpg,59,DHA,,Female,17,,187,2.0
female/59/1_DHA_17_2_187.jpg,59,DHA,,Female,17,,187,2.0
female/59/1_DHA_17_2_187.jpg,59,DHA,,Female,17,,187,2.0
female/59/1_DHA_17_2_187.jpg,59,DHA,,Female,17,,187,2.0
female/59/1_DHA_17_2_187.jpg,59,DHA,,Female,17,,187,2.0
female/59/1_DHA_17_2_187.jpg,59,DHA,,Female,17,,187,2.0
female/59/1_DHA_17_2_187.jpg,59,DHA,,Female,17,,187,2.0
female/59/1_DHA_17_2_187.jpg,59,DHA,,Female,17,,187,2.0
female/59/1_DHA_17_2_187.jpg,59,DHA,,Female,17,,187,2.0
female/59/1_DHA_17_2_187.jpg,59,DHA,,Female,17,,187,2.0
female/59/1_DHA_17_2_187.jpg,59,DHA,,Female,17,,187,2.0
female/59/1_DHA_17_2_187.jpg,59,DHA,,Female,17,,187,2.0
female/59/1_DHA_17_2_187.jpg,59,DHA,,Female,17,,187,2.0
female/59/1_DHA_17_2_187.jpg,59,DHA,,Female,17,,187,2.0
female/59/1_DHA_17_2_187.jpg,59,DHA,,Female,17,,187,2.0
female/59/1_DHA_17_2_187.jpg,59,DHA,,Female,17,,187,2.0
female/59/1_DHA_17_2_187.jpg,59,DHA,,Female,17,,187,2.0
female/59/1_DHA_17_2_187.jpg,59,DHA,,Female,17,,187,2.0
female/59/1_DHA_17_2_187.jpg,59,DHA,,Female,17,,187,2.0
female/59/1_DHA_17_2_187.jpg,59,DHA,,Female,17,,187,2.0
female/59/1_DHA_17_2_187.jpg,59,DHA,,Female,17,,187,2.0
female/59/1_DHA_17_2_187.jpg,59,DHA,,Female,17,,187,2.0
female/59/1_DHA_17_2_187.jpg,59,DHA,,Female,17,,187,2.0
female/59/1_DHA_17_2_187.jpg,59,DHA,,Female,17,,187,2.0
female/59/1_DHA_17_2_187.jpg,59,DHA,,Female,17,,187,2.0
female/59/1_DHA_17_2_187.jpg,59,DHA,,Female,17,,187,2.0
female/59/1_DHA_17_2_187.jpg,59,DHA,,Female,17,,187,2.0
female/59/1_DHA_17_2_187.jpg,59,DHA,,Female,17,,187,2.0
female/59/1_DHA_17_2_187.jpg,59,DHA,,Female,17,,187,2.0
female/59/1_DHA_17_2_187.jpg,59,DHA,,Female,17,,187,2.0
female/59/1_DHA_17_2_187.jpg,59,DHA,,Female,17,,187,2.0
female/59/1_DHA_17_2_187.jpg,59,DHA,,Female,17,,187,2.0
female/59/1_DHA_17_2_187.jpg,59,DHA,,Female,17,,187,2.0
female/59/1_DHA_17_2_187.jpg,59,DHA,,Female,17,,187,2.0
female/59/1_DHA_17_2_187.jpg,59,DHA,,Female,17,,187,2.0
female/59/1_DHA_17_2_187.jpg,59,DHA,,Female,17,,187,2.0
female/59/1_DHA_17_2_187.jpg,59,DHA,,Female,17,,187,2.0
female/59/1_DHA_17_2_187.jpg,59,DHA,,Female,17,,187,2.0
female/59/1_DHA_17_2_187.jpg,59,DHA,,Female,17,,187,2.0
female/59/1_DHA_17_2_187.jpg,59,DHA,,Female,17,,187,2.0
female/59/1_DHA_17_2_187.jpg,59,DHA,,Female,17,,187,2.0
female/59/1_DHA_17_2_187.jpg,59,DHA,,Female,17,,187,2.0
female/59/1_DHA_17_2_187.jpg,59,DHA,,Female,17,,187,2.0
female/59/1_DHA_17_2_187.jpg,59,DHA,,Female,17,,187,2.0
female/59/1_DHA_17_2_187.jpg,59,DHA,,Female,17,,187,2.0
female/59/1_DHA_17_2_187.jpg,59,DHA,,Female,17,,187,2.0
female/59/1_DHA_17_2_187.jpg,59,DHA,,Female,17,,187,2.0
female/59/1_DHA_17_2_187.jpg,59,DHA,,Female,17,,187,2.0
female/59/1_DHA_17_2_187.jpg,59,DHA,,Female,17,,187,2.0
female/59/1_DHA_17_2_187.jpg,59,DHA,,Female,17,,187,2.0
female/59/1_DHA_17_2_187.jpg,59,DHA,,Female,17,,187,2.0
female/59/1_DHA_17_2_187.jpg,59,DHA,,Female,17,,187,2.0
female/59/1_DHA_17_2_187.jpg,59,DHA,,Female,17,,187,2.0
female/59/1_DHA_17_2_187.jpg,59,DHA,,Female,17,,187,2.0
female/59/1_DHA_17_2_187.jpg,59,DHA,,Female,17,,187,2.0
female/59/1_DHA_17_2_187.jpg,59,DHA,,Female,17,,187,2.0
female/59/1_DHA_17_2_187.jpg,59,DHA,,Female,17,,187,2.0
female/59/1_DHA_17_2_187.jpg,59,DHA,,Female,17,,187,2.0
female/59/1_DHA_17_2_187.jpg,59,DHA,,Female,17,,187,2.0
female/59/1_DHA_17_2_187.jpg,59,DHA,,Female,17,,187,2.0
female/59/1_DHA_17_2_187.jpg,59,DHA,,Female,17,,187,2.0
female/59/1_DHA_17_2_187.jpg,59,DHA,,Female,17,,187,2.0
female/59/1_DHA_17_2_187.jpg,59,DHA,,Female,17,,187,2.0
female/59/1_DHA_17_2_187.jpg,59,DHA,,Female,17,,187,2.0
female/59/1_DHA_17_2_187.jpg,59,DHA,,Female,17,,187,2.0
female/59/1_DHA_17_2_187.jpg,59,DHA,,Female,17,,187,2.0
female/59/1_DHA_17_2_187.jpg,59,DHA,,Female,17,,187,2.0
female/59/1_DHA_17_2_187.jpg,59,DHA,,Female,17,,187,2.0
female/59/1_DHA_17_2_187.jpg,59,DHA,,Female,17,,187,2.0
female/59/1_DHA_17_2_187.jpg,59,DHA,,Female,17,,187,2.0
female/59/1_DHA_17_2_187.jpg,59,DHA,,Female,17,,187,2.0
female/59/1_DHA_17_2_187.jpg,59,DHA,,Female,17,,187,2.0
female/59/1_DHA_17_2_187.jpg,59,DHA,,Female,17,,187,2.0
female/59/1_DHA_17_2_187.jpg,59,DHA,,Female,17,,187,2.0
female/59/1_DHA_17_2_187.jpg,59,DHA,,Female,17,,187,2.0
female/59/1_DHA_17_2_187.jpg,59,DHA,,Female,17,,187,2.0
female/59/1_DHA_17_2_187.jpg,59,DHA,,Female,17,,187,2.0
female/59/1_DHA_17_2_187.jpg,59,DHA,,Female,17,,187,2.0
female/59/1_DHA_17_2_187.jpg,59,DHA,,Female,17,,187,2.0
female/59/1_DHA_17_2_187.jpg,59,DHA,,Female,17,,187,2.0
female/59/1_DHA_17_2_187.jpg,59,DHA,,Female,17,,187,2.0
female/59/1_DHA_17_2_187.jpg,59,DHA,,Female,17,,187,2.0
female/59/1_DHA_17_2_187.jpg,59,DHA,,Female,17,,187,2.0
female/59/1_DHA_17_2_187.jpg,59,DHA,,Female,17,,187,2.0
female/59/1_DHA_17_2_187.jpg,59,DHA,,Female,17,,187,2.0
female/59/1_DHA_17_2_187.jpg,59,DHA,,Female,17,,187,2.0
female/59/1_DHA_17_2_187.jpg,59,DHA,,Female,17,,187,2.0
female/59/1_DHA_17_2_187.jpg,59,DHA,,Female,17,,187,2.0
female/59/1_DHA_17_2_187.jpg,59,DHA,,Female,17,,187,2.0
female/59/1_DHA_17_2_187.jpg,59,DHA,,Female,17,,187,2.0
female/59/1_DHA_17_2_187.jpg,59,DHA,,Female,17,,187,2.0
female/59/1_DHA_17_2_187.jpg,59,DHA,,Female,17,,187,2.0
female/59/1_DHA_17_2_187.jpg,59,DHA,,Female,17,,187,2.0
female/59/1_DHA_17_2_187.jpg,59,DHA,,Female,17,,187,2.0
female/59/1_DHA_17_2_187.jpg,59,DHA,,Female,17,,187,2.0
female/59/1_DHA_17_2_187.jpg,59,DHA,,Female,17,,187,2.0
female/59/1_DHA_17_2_187.jpg,59,DHA,,Female,17,,187,2.0
female/59/1_DHA_17_2_187.jpg,59,DHA,,Female,17,,187,2.0
female/59/1_DHA_17_2_187.jpg,59,DHA,,Female,17,,187,2.0
female/59/1_DHA_17_2_187.jpg,59,DHA,,Female,17,,187,2.0
female/59/1_DHA_17_2_187.jpg,59,DHA,,Female,17,,187,2.0
female/59/1_DHA_17_2_187.jpg,59,DHA,,Female,17,,187,2.0
female/59/1_DHA_17_2_187.jpg,59,DHA,,Female,17,,187,2.0
female/59/1_DHA_17_2_187.jpg,59,DHA,,Female,17,,187,2.0
female/59/1_DHA_17_2_187.jpg,59,DHA,,Female,17,,187,2.0
female/59/1_DHA_17_2_187.jpg,59,DHA,,Female,17,,187,2.0
female/59/1_DHA_17_2_187.jpg,59,DHA,,Female,17,,187,2.0
female/59/1_DHA_17_2_187.jpg,59,DHA,,Female,17,,187,2.0
female/59/1_DHA_17_2_187.jpg,59,DHA,,Female,17,,187,2.0
female/59/1_DHA_17_2_187.jpg,59,DHA,,Female,17,,187,2.0
female/59/1_DHA_17_2_187.jpg,59,DHA,,Female,17,,187,2.0
female/59/1_DHA_17_2_187.jpg,59,DHA,,Female,17,,187,2.0
female/59/1_DHA_17_2_187.jpg,59,DHA,,Female,17,,187,2.0
female/59/1_DHA_17_2_187.jpg,59,DHA,,Female,17,,187,2.0
female/59/1_DHA_17_2_187.jpg,59,DHA,,Female,17,,187,2.0
female/59/1_DHA_17_2_187.jpg,59,DHA,,Female,17,,187,2.0
female/59/1_DHA_17_2_187.jpg,59,DHA,,Female,17,,187,2.0
female/59/1_DHA_17_2_187.jpg,59,DHA,,Female,17,,187,2.0
female/59/1_DHA_17_2_187.jpg,59,DHA,,Female,17,,187,2.0
female/59/1_DHA_17_2_187.jpg,59,DHA,,Female,17,,187,2.0
female/59/1_DHA_17_2_187.jpg,59,DHA,,Female,17,,187,2.0
female/59/1_DHA_17_2_187.jpg,59,DHA,,Female,17,,187,2.0
female/59/1_DHA_17_2_187.jpg,59,DHA,,Female,17,,187,2.0
female/59/1_DHA_17_2_187.jpg,59,DHA,,Female,17,,187,2.0
female/59/1_DHA_17_2_187.jpg,59,DHA,,Female,17,,187,2.0
female/59/1_DHA_17_2_187.jpg,59,DHA,,Female,17,,187,2.0
female/59/1_DHA_17_2_187.jpg,59,DHA,,Female,17,,187,2.0
female/59/1_DHA_17_2_187.jpg,59,DHA,,Female,17,,187,2.0
female/59/1_DHA_17_2_187.jpg,59,DHA,,Female,17,,187,2.0
female/59/1_DHA_17_2_187.jpg,59,DHA,,Female,17,,187,2.0
female/59/1_DHA_17_2_187.jpg,59,DHA,,Female,17,,187,2.0
female/59/1_DHA_17_2_187.jpg,59,DHA,,Female,17,,187,2.0
female/59/1_DHA_17_2_187.jpg,59,DHA,,Female,17,,187,2.0
female/59/1_DHA_17_2_187.jpg,59,DHA,,Female,17,,187,2.0
female/59/1_DHA_17_2_187.jpg,59,DHA,,Female,17,,187,2.0
female/59/1_DHA_17_2_187.jpg,59,DHA,,Female,17,,187,2.0
female/59/1_DHA_17_2_187.jpg,59,DHA,,Female,17,,187,2.0
female/59/1_DHA_17_2_187.jpg,59,DHA,,Female,17,,187,2.0
female/59/1_DHA_17_2_187.jpg,59,DHA,,Female,17,,187,2.0
female/59/1_DHA_17_2_187.jpg,59,DHA,,Female,17,,187,2.0
female/59/1_DHA_17_2_187.jpg,59,DHA,,Female,17,,187,2.0
female/59/1_DHA_17_2_187.jpg,59,DHA,,Female,17,,187,2.0
female/59/1_DHA_17_2_187.jpg,59,DHA,,Female,17,,187,2.0
female/59/1_DHA_17_2_187.jpg,59,DHA,,Female,17,,187,2.0
female/59/1_DHA_17_2_187.jpg,59,DHA,,Female,17,,187,2.0
female/59/1_DHA_17_2_187.jpg,59,DHA,,Female,17,,187,2.0
female/59/1_DHA_17_2_187.jpg,59,DHA,,Female,17,,187,2.0
female/59/1_DHA_17_2_187.jpg,59,DHA,,Female,17,,187,2.0
female/59/1_DHA_17_2_187.jpg,59,DHA,,Female,17,,187,2.0
female/59/1_DHA_17_2_187.jpg,59,DHA,,Female,17,,187,2.0
female/59/1_DHA_17_2_187.jpg,59,DHA,,Female,17,,187,2.0
female/59/1_DHA_17_2_187.jpg,59,DHA,,Female,17,,187,2.0
female/59/1_DHA_17_2_187.jpg,59,DHA,,Female,17,,187,2.0
female/59/1_DHA_17_2_187.jpg,59,DHA,,Female,17,,187,2.0
female/59/1_DHA_17_2_187.jpg,59,DHA,,Female,17,,187,2.0
female/59/1_DHA_17_2_187.jpg,59,DHA,,Female,17,,187,2.0
female/59/1_DHA_17_2_187.jpg,59,DHA,,Female,17,,187,2.0
female/59/1_DHA_17_2_187.jpg,59,DHA,,Female,17,,187,2.0
female/59/1_DHA_17_2_187.jpg,59,DHA,,Female,17,,187,2.0
female/59/1_DHA_17_2_187.jpg,59,DHA,,Female,17,,187,2.0
female/59/1_DHA_17_2_187.jpg,59,DHA,,Female,17,,187,2.0
female/59/1_DHA_17_2_187.jpg,59,DHA,,Female,17,,187,2.0
female/59/1_DHA_17_2_187.jpg,59,DHA,,Female,17,,187,2.0
female/59/1_DHA_17_2_187.jpg,59,DHA,,Female,17,,187,2.0
female/59/1_DHA_17_2_187.jpg,59,DHA,,Female,17,,187,2.0
female/59/1_DHA_17_2_187.jpg,59,DHA,,Female,17,,187,2.0
female/59/1_DHA_17_2_187.jpg,59,DHA,,Female,17,,187,2.0
female/59/1_DHA_17_2_187.jpg,59,DHA,,Female,17,,187,2.0
female/59/1_DHA_17_2_187.jpg,59,DHA,,Female,17,,187,2.0
female/59/1_DHA_17_2_187.jpg,59,DHA,,Female,17,,187,2.0
female/59/1_DHA_17_2_187.jpg,59,DHA,,Female,17,,187,2.0
female/59/1_DHA_17_2_187.jpg,59,DHA,,Female,17,,187,2.0
female/59/1_DHA_17_2_187.jpg,59,DHA,,Female,17,,187,2.0
female/59/1_DHA_17_2_187.jpg,59,DHA,,Female,17,,187,2.0
female/59/1_DHA_17_2_187.jpg,59,DHA,,Female,17,,187,2.0
female/59/1_DHA_17_2_187.jpg,59,DHA,,Female,17,,187,2.0
female/59/1_DHA_17_2_187.jpg,59,DHA,,Female,17,,187,2.0
female/59/1_DHA_17_2_187.jpg,59,DHA,,Female,17,,187,2.0
female/59/1_DHA_17_2_187.jpg,59,DHA,,Female,17,,187,2.0
female/59/1_DHA_17_2_187.jpg,59,DHA,,Female,17,,187,2.0
female/59/1_DHA_17_2_187.jpg,59,DHA,,Female,17,,187,2.0
female/59/1_DHA_17_2_187.jpg,59,DHA,,Female,17,,187,2.0
female/59/1_DHA_17_2_187.jpg,59,DHA,,Female,17,,187,2.0
female/59/1_DHA_17_2_187.jpg,59,DHA,,Female,17,,187,2.0
female/59/1_DHA_17_2_187.jpg,59,DHA,,Female,17,,187,2.0
female/59/1_DHA_17_2_187.jpg,59,DHA,,Female,17,,187,2.0
female/59/1_DHA_17_2_187.jpg,59,DHA,,Female,17,,187,2.0
female/59/1_DHA_17_2_187.jpg,59,DHA,,Female,17,,187,2.0
female/59/1_DHA_17_2_187.jpg,59,DHA,,Female,17,,187,2.0
female/59/1_DHA_17_2_187.jpg,59,DHA,,Female,17,,187,2.0
female/59/1_DHA_17_2_187.jpg,59,DHA,,Female,17,,187,2.0
female/59/1_DHA_17_2_187.jpg,59,DHA,,Female,17,,187,2.0
female/59/1_DHA_17_2_187.jpg,59,DHA,,Female,17,,187,2.0
female/59/1_DHA_17_2_187.jpg,59,DHA,,Female,17,,187,2.0
female/59/1_DHA_17_2_187.jpg,59,DHA,,Female,17,,187,2.0
female/59/1_DHA_17_2_187.jpg,59,DHA,,Female,17,,187,2.0
female/59/1_DHA_17_2_187.jpg,59,DHA,,Female,17,,187,2.0
female/59/1_DHA_17_2_187.jpg,59,DHA,,Female,17,,187,2.0
female/59/1_DHA_17_2_187.jpg,59,DHA,,Female,17,,187,2.0
female/59/1_DHA_17_2_187.jpg,59,DHA,,Female,17,,187,2.0
female/59/1_DHA_17_2_187.jpg,59,DHA,,Female,17,,187,2.0
female/59/1_DHA_17_2_187.jpg,59,DHA,,Female,17,,187,2.0
female/59/1_DHA_17_2_187.jpg,59,DHA,,Female,17,,187,2.0
female/59/1_DHA_17_2_187.jpg,59,DHA,,Female,17,,187,2.0
female/59/1_DHA_17_2_187.jpg,59,DHA,,Female,17,,187,2.0
female/59/1_DHA_17_2_187.jpg,59,DHA,,Female,17,,187,2.0
female/59/1_DHA_17_2_187.jpg,59,DHA,,Female,17,,187,2.0
female/59/1_DHA_17_2_187.jpg,59,DHA,,Female,17,,187,2.0
female/59/1_DHA_17_2_187.jpg,59,DHA,,Female,17,,187,2.0
female/59/1_DHA_17_2_187.jpg,59,DHA,,Female,17,,187,2.0
female/59/1_DHA_17_2_187.jpg,59,DHA,,Female,17,,187,2.0
female/59/1_DHA_17_2_187.jpg,59,DHA,,Female,17,,187,2.0
female/59/1_DHA_17_2_187.jpg,59,DHA,,Female,17,,187,2.0
female/59/1_DHA_17_2_187.jpg,59,DHA,,Female,17,,187,2.0
female/59/1_DHA_17_2_187.jpg,59,DHA,,Female,17,,187,2.0
female/59/1_DHA_17_2_187.jpg,59,DHA,,Female,17,,187,2.0
female/59/1_DHA_17_2_187.jpg,59,DHA,,Female,17,,187,2.0
female/59/1_DHA_17_2_187.jpg,59,DHA,,Female,17,,187,2.0
female/59/1_DHA_17_2_187.jpg,59,DHA,,Female,17,,187,2.0
female/59/1_DHA_17_2_187.jpg,59,DHA,,Female,17,,187,2.0
female/59/1_DHA_17_2_187.jpg,59,DHA,,Female,17,,187,2.0
female/59/1_DHA_17_2_187.jpg,59,DHA,,Female,17,,187,2.0
female/59/1_DHA_17_2_187.jpg,59,DHA,,Female,17,,187,2.0
female/59/1_DHA_17_2_187.jpg,59,DHA,,Female,17,,187,2.0
female/59/1_DHA_17_2_187.jpg,59,DHA,,Female,17,,187,2.0
female/59/1_DHA_17_2_187.jpg,59,DHA,,Female,17,,187,2.0
female/59/1_DHA_17_2_187.jpg,59,DHA,,Female,17,,187,2.0
female/59/1_DHA_17_2_187.jpg,59,DHA,,Female,17,,187,2.0
female/59/1_DHA_17_2_187.jpg,59,DHA,,Female,17,,187,2.0
female/59/1_DHA_17_2_187.jpg,59,DHA,,Female,17,,187,2.0
female/59/1_DHA_17_2_187.jpg,59,DHA,,Female,17,,187,2.0
female/59/1_DHA_17_2_187.jpg,59,DHA,,Female,17,,187,2.0
female/59/1_DHA_17_2_187.jpg,59,DHA,,Female,17,,187,2.0
female/59/1_DHA_17_2_187.jpg,59,DHA,,Female,17,,187,2.0
female/59/1_DHA_17_2_187.jpg,59,DHA,,Female,17,,187,2.0
female/59/1_DHA_17_2_187.jpg,59,DHA,,Female,17,,187,2.0
female/59/1_DHA_17_2_187.jpg,59,DHA,,Female,17,,187,2.0
female/59/1_DHA_17_2_187.jpg,59,DHA,,Female,17,,187,2.0
female/59/1_DHA_17_2_187.jpg,59,DHA,,Female,17,,187,2.0
female/59/1_DHA_17_2_187.jpg,59,DHA,,Female,17,,187,2.0
female/59/1_DHA_17_2_187.jpg,59,DHA,,Female,17,,187,2.0
female/59/1_DHA_17_2_187.jpg,59,DHA,,Female,17,,187,2.0
female/59/1_DHA_17_2_187.jpg,59,DHA,,Female,17,,187,2.0
female/59/1_DHA_17_2_187.jpg,59,DHA,,Female,17,,187,2.0
female/59/1_DHA_17_2_187.jpg,59,DHA,,Female,17,,187,2.0
female/59/1_DHA_17_2_187.jpg,59,DHA,,Female,17,,187,2.0
female/59/1_DHA_17_2_187.jpg,59,DHA,,Female,17,,187,2.0
female/59/1_DHA_17_2_187.jpg,59,DHA,,Female,17,,187,2.0
female/59/1_DHA_17_2_187.jpg,59,DHA,,Female,17,,187,2.0
female/59/1_DHA_17_2_187.jpg,59,DHA,,Female,17,,187,2.0
female/59/1_DHA_17_2_187.jpg,59,DHA,,Female,17,,187,2.0
female/59/1_DHA_17_2_187.jpg,59,DHA,,Female,17,,187,2.0
female/59/1_DHA_17_2_187.jpg,59,DHA,,Female,17,,187,2.0
female/59/1_DHA_17_2_187.jpg,59,DHA,,Female,17,,187,2.0
female/59/1_DHA_17_2_187.jpg,59,DHA,,Female,17,,187,2.0
female/59/1_DHA_17_2_187.jpg,59,DHA,,Female,17,,187,2.0
female/59/1_DHA_17_2_187.jpg,59,DHA,,Female,17,,187,2.0
female/59/1_DHA_17_2_187.jpg,59,DHA,,Female,17,,187,2.0
female/59/1_DHA_17_2_187.jpg,59,DHA,,Female,17,,187,2.0
female/59/1_DHA_17_2_187.jpg,59,DHA,,Female,17,,187,2.0
female/59/1_DHA_17_2_187.jpg,59,DHA,,Female,17,,187,2.0
female/59/1_DHA_17_2_187.jpg,59,DHA,,Female,17,,187,2.0
female/59/1_DHA_17_2_187.jpg,59,DHA,,Female,17,,187,2.0
female/59/1_DHA_17_2_187.jpg,59,DHA,,Female,17,,187,2.0
female/59/1_DHA_17_2_187.jpg,59,DHA,,Female,17,,187,2.0
female/59/1_DHA_17_2_187.jpg,59,DHA,,Female,17,,187,2.0
female/59/1_DHA_17_2_187.jpg,59,DHA,,Female,17,,187,2.0
female/59/1_DHA_17_2_187.jpg,59,DHA,,Female,17,,187,2.0
female/59/1_DHA_17_2_187.jpg,59,DHA,,Female,17,,187,2.0
female/59/1_DHA_17_2_187.jpg,59,DHA,,Female,17,,187,2.0
female/59/1_DHA_17_2_187.jpg,59,DHA,,Female,17,,187,2.0
female/59/1_DHA_17_2_187.jpg,59,DHA,,Female,17,,187,2.0
female/59/1_DHA_17_2_187.jpg,59,DHA,,Female,17,,187,2.0
female/59/1_DHA_17_2_187.jpg,59,DHA,,Female,17,,187,2.0
female/59/1_DHA_17_2_187.jpg,59,DHA,,Female,17,,187,2.0
female/59/1_DHA_17_2_187.jpg,59,DHA,,Female,17,,187,2.0
female/59/1_DHA_17_2_187.jpg,59,DHA,,Female,17,,187,2.0
female/59/1_DHA_17_2_187.jpg,59,DHA,,Female,17,,187,2.0
female/59/1_DHA_17_2_187.jpg,59,DHA,,Female,17,,187,2.0
female/59/1_DHA_17_2_187.jpg,59,DHA,,Female,17,,187,2.0
female/59/1_DHA_17_2_187.jpg,59,DHA,,Female,17,,187,2.0
female/59/1_DHA_17_2_187.jpg,59,DHA,,Female,17,,187,2.0
female/59/1_DHA_17_2_187.jpg,59,DHA,,Female,17,,187,2.0
female/59/1_DHA_17_2_187.jpg,59,DHA,,Female,17,,187,2.0
female/59/1_DHA_17_2_187.jpg,59,DHA,,Female,17,,187,2.0
female/59/1_DHA_17_2_187.jpg,59,DHA,,Female,17,,187,2.0
female/59/1_DHA_17_2_187.jpg,59,DHA,,Female,17,,187,2.0
female/59/1_DHA_17_2_187.jpg,59,DHA,,Female,17,,187,2.0
female/59/1_DHA_17_2_187.jpg,59,DHA,,Female,17,,187,2.0
female/59/1_DHA_17_2_187.jpg,59,DHA,,Female,17,,187,2.0
female/59/1_DHA_17_2_187.jpg,59,DHA,,Female,17,,187,2.0
female/59/1_DHA_17_2_187.jpg,59,DHA,,Female,17,,187,2.0
female/59/1_DHA_17_2_187.jpg,59,DHA,,Female,17,,187,2.0
female/59/1_DHA_17_2_187.jpg,59,DHA,,Female,17,,187,2.0
female/59/1_DHA_17_2_187.jpg,59,DHA,,Female,17,,187,2.0
female/59/1_DHA_17_2_187.jpg,59,DHA,,Female,17,,187,2.0
female/59/1_DHA_17_2_187.jpg,59,DHA,,Female,17,,187,2.0
female/59/1_DHA_17_2_187.jpg,59,DHA,,Female,17,,187,2.0
female/59/1_DHA_17_2_187.jpg,59,DHA,,Female,17,,187,2.0
female/59/1_DHA_17_2_187.jpg,59,DHA,,Female,17,,187,2.0
female/59/1_DHA_17_2_187.jpg,59,DHA,,Female,17,,187,2.0
female/59/1_DHA_17_2_187.jpg,59,DHA,,Female,17,,187,2.0
female/59/1_DHA_17_2_187.jpg,59,DHA,,Female,17,,187,2.0
female/59/1_DHA_17_2_187.jpg,59,DHA,,Female,17,,187,2.0
female/59/1_DHA_17_2_187.jpg,59,DHA,,Female,17,,187,2.0
female/59/1_DHA_17_2_187.jpg,59,DHA,,Female,17,,187,2.0
female/59/1_DHA_17_2_187.jpg,59,DHA,,Female,17,,187,2.0
female/59/1_DHA_17_2_187.jpg,59,DHA,,Female,17,,187,2.0
female/59/1_DHA_17_2_187.jpg,59,DHA,,Female,17,,187,2.0
female/59/1_DHA_17_2_187.jpg,59,DHA,,Female,17,,187,2.0
female/59/1_DHA_17_2_187.jpg,59,DHA,,Female,17,,187,2.0
female/59/1_DHA_17_2_187.jpg,59,DHA,,Female,17,,187,2.0
female/59/1_DHA_17_2_187.jpg,59,DHA,,Female,17,,187,2.0
female/59/1_DHA_17_2_187.jpg,59,DHA,,Female,17,,187,2.0
female/59/1_DHA_17_2_187.jpg,59,DHA,,Female,17,,187,2.0
female/59/1_DHA_17_2_187.jpg,59,DHA,,Female,17,,187,2.0
female/59/1_DHA_17_2_187.jpg,59,DHA,,Female,17,,187,2.0
female/59/1_DHA_17_2_187.jpg,59,DHA,,Female,17,,187,2.0
female/59/1_DHA_17_2_187.jpg,59,DHA,,Female,17,,187,2.0
female/59/1_DHA_17_2_187.jpg,59,DHA,,Female,17,,187,2.0
female/59/1_DHA_17_2_187.jpg,59,DHA,,Female,17,,187,2.0
female/59/1_DHA_17_2_187.jpg,59,DHA,,Female,17,,187,2.0
female/59/1_DHA_17_2_187.jpg,59,DHA,,Female,17,,187,2.0
female/59/1_DHA_17_2_187.jpg,59,DHA,,Female,17,,187,2.0
female/59/1_DHA_17_2_187.jpg,59,DHA,,Female,17,,187,2.0
female/59/1_DHA_17_2_187.jpg,59,DHA,,Female,17,,187,2.0
female/59/1_DHA_17_2_187.jpg,59,DHA,,Female,17,,187,2.0
female/59/1_DHA_17_2_187.jpg,59,DHA,,Female,17,,187,2.0
female/59/1_DHA_17_2_187.jpg,59,DHA,,Female,17,,187,2.0
female/59/1_DHA_17_2_187.jpg,59,DHA,,Female,17,,187,2.0
female/59/1_DHA_17_2_187.jpg,59,DHA,,Female,17,,187,2.0
female/59/1_DHA_17_2_187.jpg,59,DHA,,Female,17,,187,2.0
female/59/1_DHA_17_2_187.jpg,59,DHA,,Female,17,,187,2.0
female/59/1_DHA_17_2_187.jpg,59,DHA,,Female,17,,187,2.0
female/59/1_DHA_17_2_187.jpg,59,DHA,,Female,17,,187,2.0
female/59/1_DHA_17_2_187.jpg,59,DHA,,Female,17,,187,2.0
female/59/1_DHA_17_2_187.jpg,59,DHA,,Female,17,,187,2.0
female/59/1_DHA_17_2_187.jpg,59,DHA,,Female,17,,187,2.0
female/59/1_DHA_17_2_187.jpg,59,DHA,,Female,17,,187,2.0
female/59/1_DHA_17_2_187.jpg,59,DHA,,Female,17,,187,2.0
female/59/1_DHA_17_2_187.jpg,59,DHA,,Female,17,,187,2.0
female/59/1_DHA_17_2_187.jpg,59,DHA,,Female,17,,187,2.0
female/59/1_DHA_17_2_187.jpg,59,DHA,,Female,17,,187,2.0
female/59/1_DHA_17_2_187.jpg,59,DHA,,Female,17,,187,2.0
female/59/1_DHA_17_2_187.jpg,59,DHA,,Female,17,,187,2.0
female/59/1_DHA_17_2_187.jpg,59,DHA,,Female,17,,187,2.0
female/59/1_DHA_17_2_187.jpg,59,DHA,,Female,17,,187,2.0
female/59/1_DHA_17_2_187.jpg,59,DHA,,Female,17,,187,2.0
female/59/1_DHA_17_2_187.jpg,59,DHA,,Female,17,,187,2.0
female/59/1_DHA_17_2_187.jpg,59,DHA,,Female,17,,187,2.0
female/59/1_DHA_17_2_187.jpg,59,DHA,,Female,17,,187,2.0
female/59/1_DHA_17_2_187.jpg,59,DHA,,Female,17,,187,2.0
female/59/1_DHA_17_2_187.jpg,59,DHA,,Female,17,,187,2.0
female/59/1_DHA_17_2_187.jpg,59,DHA,,Female,17,,187,2.0
female/59/1_DHA_17_2_187.jpg,59,DHA,,Female,17,,187,2.0
female/59/1_DHA_17_2_187.jpg,59,DHA,,Female,17,,187,2.0
female/59/1_DHA_17_2_187.jpg,59,DHA,,Female,17,,187,2.0
female/59/1_DHA_17_2_187.jpg,59,DHA,,Female,17,,187,2.0
female/59/1_DHA_17_2_187.jpg,59,DHA,,Female,17,,187,2.0
female/59/1_DHA_17_2_187.jpg,59,DHA,,Female,17,,187,2.0
female/59/1_DHA_17_2_187.jpg,59,DHA,,Female,17,,187,2.0
female/59/1_DHA_17_2_187.jpg,59,DHA,,Female,17,,187,2.0
female/59/1_DHA_17_2_187.jpg,59,DHA,,Female,17,,187,2.0
female/59/1_DHA_17_2_187.jpg,59,DHA,,Female,17,,187,2.0
female/59/1_DHA_17_2_187.jpg,59,DHA,,Female,17,,187,2.0
female/59/1_DHA_17_2_187.jpg,59,DHA,,Female,17,,187,2.0
female/59/1_DHA_17_2_187.jpg,59,DHA,,Female,17,,187,2.0
female/59/1_DHA_17_2_187.jpg,59,DHA,,Female,17,,187,2.0
female/59/1_DHA_17_2_187.jpg,59,DHA,,Female,17,,187,2.0
female/59/1_DHA_17_2_187.jpg,59,DHA,,Female,17,,187,2.0
female/59/1_DHA_17_2_187.jpg,59,DHA,,Female,17,,187,2.0
female/59/1_DHA_17_2_187.jpg,59,DHA,,Female,17,,187,2.0
female/59/1_DHA_17_2_187.jpg,59,DHA,,Female,17,,187,2.0
female/59/1_DHA_17_2_187.jpg,59,DHA,,Female,17,,187,2.0
female/59/1_DHA_17_2_187.jpg,59,DHA,,Female,17,,187,2.0
female/59/1_DHA_17_2_187.jpg,59,DHA,,Female,17,,187,2.0
female/59/1_DHA_17_2_187.jpg,59,DHA,,Female,17,,187,2.0
female/59/1_DHA_17_2_187.jpg,59,DHA,,Female,17,,187,2.0
female/59/1_DHA_17_2_187.jpg,59,DHA,,Female,17,,187,2.0
female/59/1_DHA_17_2_187.jpg,59,DHA,,Female,17,,187,2.0
female/59/1_DHA_17_2_187.jpg,59,DHA,,Female,17,,187,2.0
female/59/1_DHA_17_2_187.jpg,59,DHA,,Female,17,,187,2.0
female/59/1_DHA_17_2_187.jpg,59,DHA,,Female,17,,187,2.0
female/59/1_DHA_17_2_187.jpg,59,DHA,,Female,17,,187,2.0
female/59/1_DHA_17_2_187.jpg,59,DHA,,Female,17,,187,2.0
female/59/1_DHA_17_2_187.jpg,59,DHA,,Female,17,,187,2.0
female/59/1_DHA_17_2_187.jpg,59,DHA,,Female,17,,187,2.0
female/59/1_DHA_17_2_187.jpg,59,DHA,,Female,17,,187,2.0
female/59/1_DHA_17_2_187.jpg,59,DHA,,Female,17,,187,2.0
female/59/1_DHA_17_2_187.jpg,59,DHA,,Female,17,,187,2.0
female/59/1_DHA_17_2_187.jpg,59,DHA,,Female,17,,187,2.0
female/59/1_DHA_17_2_187.jpg,59,DHA,,Female,17,,187,2.0
female/59/1_DHA_17_2_187.jpg,59,DHA,,Female,17,,187,2.0
female/59/1_DHA_17_2_187.jpg,59,DHA,,Female,17,,187,2.0
female/59/1_DHA_17_2_187.jpg,59,DHA,,Female,17,,187,2.0
female/59/1_DHA_17_2_187.jpg,59,DHA,,Female,17,,187,2.0
female/59/1_DHA_17_2_187.jpg,59,DHA,,Female,17,,187,2.0
female/59/1_DHA_17_2_187.jpg,59,DHA,,Female,17,,187,2.0
female/59/1_DHA_17_2_187.jpg,59,DHA,,Female,17,,187,2.0
female/59/1_DHA_17_2_187.jpg,59,DHA,,Female,17,,187,2.0
female/59/1_DHA_17_2_187.jpg,59,DHA,,Female,17,,187,2.0
female/59/1_DHA_17_2_187.jpg,59,DHA,,Female,17,,187,2.0
female/59/1_DHA_17_2_187.jpg,59,DHA,,Female,17,,187,2.0
female/59/1_DHA_17_2_187.jpg,59,DHA,,Female,17,,187,2.0
female/59/1_DHA_17_2_187.jpg,59,DHA,,Female,17,,187,2.0
female/59/1_DHA_17_2_187.jpg,59,DHA,,Female,17,,187,2.0
female/59/1_DHA_17_2_187.jpg,59,DHA,,Female,17,,187,2.0
female/59/1_DHA_17_2_187.jpg,59,DHA,,Female,17,,187,2.0
female/59/1_DHA_17_2_187.jpg,59,DHA,,Female,17,,187,2.0
female/59/1_DHA_17_2_187.jpg,59,DHA,,Female,17,,187,2.0
female/59/1_DHA_17_2_187.jpg,59,DHA,,Female,17,,187,2.0
female/59/1_DHA_17_2_187.jpg,59,DHA,,Female,17,,187,2.0
female/59/1_DHA_17_2_187.jpg,59,DHA,,Female,17,,187,2.0
female/59/1_DHA_17_2_187.jpg,59,DHA,,Female,17,,187,2.0
female/59/1_DHA_17_2_187.jpg,59,DHA,,Female,17,,187,2.0
female/59/1_DHA_17_2_187.jpg,59,DHA,,Female,17,,187,2.0
female/59/1_DHA_17_2_187.jpg,59,DHA,,Female,17,,187,2.0
female/59/1_DHA_17_2_187.jpg,59,DHA,,Female,17,,187,2.0
female/59/1_DHA_17_2_187.jpg,59,DHA,,Female,17,,187,2.0
female/59/1_DHA_17_2_187.jpg,59,DHA,,Female,17,,187,2.0
female/59/1_DHA_17_2_187.jpg,59,DHA,,Female,17,,187,2.0
female/59/1_DHA_17_2_187.jpg,59,DHA,,Female,17,,187,2.0
female/59/1_DHA_17_2_187.jpg,59,DHA,,Female,17,,187,2.0
female/59/1_DHA_17_2_187.jpg,59,DHA,,Female,17,,187,2.0
female/59/1_DHA_17_2_187.jpg,59,DHA,,Female,17,,187,2.0
female/59/1_DHA_17_2_187.jpg,59,DHA,,Female,17,,187,2.0
female/59/1_DHA_17_2_187.jpg,59,DHA,,Female,17,,187,2.0
female/59/1_DHA_17_2_187.jpg,59,DHA,,Female,17,,187,2.0
female/59/1_DHA_17_2_187.jpg,59,DHA,,Female,17,,187,2.0
female/59/1_DHA_17_2_187.jpg,59,DHA,,Female,17,,187,2.0
female/59/1_DHA_17_2_187.jpg,59,DHA,,Female,17,,187,2.0
female/59/1_DHA_17_2_187.jpg,59,DHA,,Female,17,,187,2.0
female/59/1_DHA_17_2_187.jpg,59,DHA,,Female,17,,187,2.0
female/59/1_DHA_17_2_187.jpg,59,DHA,,Female,17,,187,2.0
female/59/1_DHA_17_2_187.jpg,59,DHA,,Female,17,,187,2.0
female/59/1_DHA_17_2_187.jpg,59,DHA,,Female,17,,187,2.0
female/59/1_DHA_17_2_187.jpg,59,DHA,,Female,17,,187,2.0
female/59/1_DHA_17_2_187.jpg,59,DHA,,Female,17,,187,2.0
female/59/1_DHA_17_2_187.jpg,59,DHA,,Female,17,,187,2.0
female/59/1_DHA_17_2_187.jpg,59,DHA,,Female,17,,187,2.0
female/59/1_DHA_17_2_187.jpg,59,DHA,,Female,17,,187,2.0
female/59/1_DHA_17_2_187.jpg,59,DHA,,Female,17,,187,2.0
female/59/1_DHA_17_2_187.jpg,59,DHA,,Female,17,,187,2.0
female/59/1_DHA_17_2_187.jpg,59,DHA,,Female,17,,187,2.0
female/59/1_DHA_17_2_187.jpg,59,DHA,,Female,17,,187,2.0
female/59/1_DHA_17_2_187.jpg,59,DHA,,Female,17,,187,2.0
female/59/1_DHA_17_2_187.jpg,59,DHA,,Female,17,,187,2.0
female/59/1_DHA_17_2_187.jpg,59,DHA,,Female,17,,187,2.0
female/59/1_DHA_17_2_187.jpg,59,DHA,,Female,17,,187,2.0
female/59/1_DHA_17_2_187.jpg,59,DHA,,Female,17,,187,2.0
female/59/1_DHA_17_2_187.jpg,59,DHA,,Female,17,,187,2.0
female/59/1_DHA_17_2_187.jpg,59,DHA,,Female,17,,187,2.0
female/59/1_DHA_17_2_187.jpg,59,DHA,,Female,17,,187,2.0
female/59/1_DHA_17_2_187.jpg,59,DHA,,Female,17,,187,2.0
female/59/1_DHA_17_2_187.jpg,59,DHA,,Female,17,,187,2.0
female/59/1_DHA_17_2_187.jpg,59,DHA,,Female,17,,187,2.0
female/59/1_DHA_17_2_187.jpg,59,DHA,,Female,17,,187,2.0
female/59/1_DHA_17_2_187.jpg,59,DHA,,Female,17,,187,2.0
female/59/1_DHA_17_2_187.jpg,59,DHA,,Female,17,,187,2.0
female/59/1_DHA_17_2_187.jpg,59,DHA,,Female,17,,187,2.0
female/59/1_DHA_17_2_187.jpg,59,DHA,,Female,17,,187,2.0
female/59/1_DHA_17_2_187.jpg,59,DHA,,Female,17,,187,2.0
female/59/1_DHA_17_2_187.jpg,59,DHA,,Female,17,,187,2.0
female/59/1_DHA_17_2_187.jpg,59,DHA,,Female,17,,187,2.0
female/59/1_DHA_17_2_187.jpg,59,DHA,,Female,17,,187,2.0
female/59/1_DHA_17_2_187.jpg,59,DHA,,Female,17,,187,2.0
female/59/1_DHA_17_2_187.jpg,59,DHA,,Female,17,,187,2.0
female/59/1_DHA_17_2_187.jpg,59,DHA,,Female,17,,187,2.0
female/59/1_DHA_17_2_187.jpg,59,DHA,,Female,17,,187,2.0
female/59/1_DHA_17_2_187.jpg,59,DHA,,Female,17,,187,2.0
female/59/1_DHA_17_2_187.jpg,59,DHA,,Female,17,,187,2.0
female/59/1_DHA_17_2_187.jpg,59,DHA,,Female,17,,187,2.0
female/59/1_DHA_17_2_187.jpg,59,DHA,,Female,17,,187,2.0
female/59/1_DHA_17_2_187.jpg,59,DHA,,Female,17,,187,2.0
female/59/1_DHA_17_2_187.jpg,59,DHA,,Female,17,,187,2.0
female/59/1_DHA_17_2_187.jpg,59,DHA,,Female,17,,187,2.0
female/59/1_DHA_17_2_187.jpg,59,DHA,,Female,17,,187,2.0
female/59/1_DHA_17_2_187.jpg,59,DHA,,Female,17,,187,2.0
female/59/1_DHA_17_2_187.jpg,59,DHA,,Female,17,,187,2.0
female/59/1_DHA_17_2_187.jpg,59,DHA,,Female,17,,187,2.0
female/59/1_DHA_17_2_187.jpg,59,DHA,,Female,17,,187,2.0
female/59/1_DHA_17_2_187.jpg,59,DHA,,Female,17,,187,2.0
female/59/1_DHA_17_2_187.jpg,59,DHA,,Female,17,,187,2.0
female/59/1_DHA_17_2_187.jpg,59,DHA,,Female,17,,187,2.0
female/59/1_DHA_17_2_187.jpg,59,DHA,,Female,17,,187,2.0
female/59/1_DHA_17_2_187.jpg,59,DHA,,Female,17,,187,2.0
female/59/1_DHA_17_2_187.jpg,59,DHA,,Female,17,,187,2.0
female/59/1_DHA_17_2_187.jpg,59,DHA,,Female,17,,187,2.0
female/59/1_DHA_17_2_187.jpg,59,DHA,,Female,17,,187,2.0
female/59/1_DHA_17_2_187.jpg,59,DHA,,Female,17,,187,2.0
female/59/1_DHA_17_2_187.jpg,59,DHA,,Female,17,,187,2.0
female/59/1_DHA_17_2_187.jpg,59,DHA,,Female,17,,187,2.0
female/59/1_DHA_17_2_187.jpg,59,DHA,,Female,17,,187,2.0
female/59/1_DHA_17_2_187.jpg,59,DHA,,Female,17,,187,2.0
female/59/1_DHA_17_2_187.jpg,59,DHA,,Female,17,,187,2.0
female/59/1_DHA_17_2_187.jpg,59,DHA,,Female,17,,187,2.0
female/59/1_DHA_17_2_187.jpg,59,DHA,,Female,17,,187,2.0
female/59/1_DHA_17_2_187.jpg,59,DHA,,Female,17,,187,2.0
female/59/1_DHA_17_2_187.jpg,59,DHA,,Female,17,,187,2.0
female/59/1_DHA_17_2_187.jpg,59,DHA,,Female,17,,187,2.0
female/59/1_DHA_17_2_187.jpg,59,DHA,,Female,17,,187,2.0
female/59/1_DHA_17_2_187.jpg,59,DHA,,Female,17,,187,2.0
female/59/1_DHA_17_2_187.jpg,59,DHA,,Female,17,,187,2.0
female/59/1_DHA_17_2_187.jpg,59,DHA,,Female,17,,187,2.0
female/59/1_DHA_17_2_187.jpg,59,DHA,,Female,17,,187,2.0
female/59/1_DHA_17_2_187.jpg,59,DHA,,Female,17,,187,2.0
female/59/1_DHA_17_2_187.jpg,59,DHA,,Female,17,,187,2.0
female/59/1_DHA_17_2_187.jpg,59,DHA,,Female,17,,187,2.0
female/59/1_DHA_17_2_187.jpg,59,DHA,,Female,17,,187,2.0
female/59/1_DHA_17_2_187.jpg,59,DHA,,Female,17,,187,2.0
female/59/1_DHA_17_2_187.jpg,59,DHA,,Female,17,,187,2.0
female/59/1_DHA_17_2_187.jpg,59,DHA,,Female,17,,187,2.0
female/59/1_DHA_17_2_187.jpg,59,DHA,,Female,17,,187,2.0
female/59/1_DHA_17_2_187.jpg,59,DHA,,Female,17,,187,2.0
female/59/1_DHA_17_2_187.jpg,59,DHA,,Female,17,,187,2.0
female/59/1_DHA_17_2_187.jpg,59,DHA,,Female,17,,187,2.0
female/59/1_DHA_17_2_187.jpg,59,DHA,,Female,17,,187,2.0
female/59/1_DHA_17_2_187.jpg,59,DHA,,Female,17,,187,2.0
female/59/1_DHA_17_2_187.jpg,59,DHA,,Female,17,,187,2.0
female/59/1_DHA_17_2_187.jpg,59,DHA,,Female,17,,187,2.0
female/59/1_DHA_17_2_187.jpg,59,DHA,,Female,17,,187,2.0
female/59/1_DHA_17_2_187.jpg,59,DHA,,Female,17,,187,2.0
female/59/1_DHA_17_2_187.jpg,59,DHA,,Female,17,,187,2.0
female/59/1_DHA_17_2_187.jpg,59,DHA,,Female,17,,187,2.0
female/59/1_DHA_17_2_187.jpg,59,DHA,,Female,17,,187,2.0
female/59/1_DHA_17_2_187.jpg,59,DHA,,Female,17,,187,2.0
female/59/1_DHA_17_2_187.jpg,59,DHA,,Female,17,,187,2.0
female/59/1_DHA_17_2_187.jpg,59,DHA,,Female,17,,187,2.0
female/59/1_DHA_17_2_187.jpg,59,DHA,,Female,17,,187,2.0
female/59/1_DHA_17_2_187.jpg,59,DHA,,Female,17,,187,2.0
female/59/1_DHA_17_2_187.jpg,59,DHA,,Female,17,,187,2.0
female/59/1_DHA_17_2_187.jpg,59,DHA,,Female,17,,187,2.0
female/59/1_DHA_17_2_187.jpg,59,DHA,,Female,17,,187,2.0
female/59/1_DHA_17_2_187.jpg,59,DHA,,Female,17,,187,2.0
female/59/1_DHA_17_2_187.jpg,59,DHA,,Female,17,,187,2.0
female/59/1_DHA_17_2_187.jpg,59,DHA,,Female,17,,187,2.0
female/59/1_DHA_17_2_187.jpg,59,DHA,,Female,17,,187,2.0
female/59/1_DHA_17_2_187.jpg,59,DHA,,Female,17,,187,2.0
female/59/1_DHA_17_2_187.jpg,59,DHA,,Female,17,,187,2.0
female/59/1_DHA_17_2_187.jpg,59,DHA,,Female,17,,187,2.0
female/59/1_DHA_17_2_187.jpg,59,DHA,,Female,17,,187,2.0
female/59/1_DHA_17_2_187.jpg,59,DHA,,Female,17,,187,2.0
female/59/1_DHA_17_2_187.jpg,59,DHA,,Female,17,,187,2.0
female/59/1_DHA_17_2_187.jpg,59,DHA,,Female,17,,187,2.0
female/59/1_DHA_17_2_187.jpg,59,DHA,,Female,17,,187,2.0
female/59/1_DHA_17_2_187.jpg,59,DHA,,Female,17,,187,2.0
female/59/1_DHA_17_2_187.jpg,59,DHA,,Female,17,,187,2.0
female/59/1_DHA_17_2_187.jpg,59,DHA,,Female,17,,187,2.0
female/59/1_DHA_17_2_187.jpg,59,DHA,,Female,17,,187,2.0
female/59/1_DHA_17_2_187.jpg,59,DHA,,Female,17,,187,2.0
female/59/1_DHA_17_2_187.jpg,59,DHA,,Female,17,,187,2.0
female/59/1_DHA_17_2_187.jpg,59,DHA,,Female,17,,187,2.0
female/59/1_DHA_17_2_187.jpg,59,DHA,,Female,17,,187,2.0
female/59/1_DHA_17_2_187.jpg,59,DHA,,Female,17,,187,2.0
female/59/1_DHA_17_2_187.jpg,59,DHA,,Female,17,,187,2.0
female/59/1_DHA_17_2_187.jpg,59,DHA,,Female,17,,187,2.0
female/59/1_DHA_17_2_187.jpg,59,DHA,,Female,17,,187,2.0
female/59/1_DHA_17_2_187.jpg,59,DHA,,Female,17,,187,2.0
female/59/1_DHA_17_2_187.jpg,59,DHA,,Female,17,,187,2.0
female/59/1_DHA_17_2_187.jpg,59,DHA,,Female,17,,187,2.0
female/59/1_DHA_17_2_187.jpg,59,DHA,,Female,17,,187,2.0
female/59/1_DHA_17_2_187.jpg,59,DHA,,Female,17,,187,2.0
female/59/1_DHA_17_2_187.jpg,59,DHA,,Female,17,,187,2.0
female/59/1_DHA_17_2_187.jpg,59,DHA,,Female,17,,187,2.0
female/59/1_DHA_17_2_187.jpg,59,DHA,,Female,17,,187,2.0
female/59/1_DHA_17_2_187.jpg,59,DHA,,Female,17,,187,2.0
female/59/1_DHA_17_2_187.jpg,59,DHA,,Female,17,,187,2.0
female/59/1_DHA_17_2_187.jpg,59,DHA,,Female,17,,187,2.0
female/59/1_DHA_17_2_187.jpg,59,DHA,,Female,17,,187,2.0
female/59/1_DHA_17_2_187.jpg,59,DHA,,Female,17,,187,2.0
female/59/1_DHA_17_2_187.jpg,59,DHA,,Female,17,,187,2.0
female/59/1_DHA_17_2_187.jpg,59,DHA,,Female,17,,187,2.0
female/59/1_DHA_17_2_187.jpg,59,DHA,,Female,17,,187,2.0
female/59/1_DHA_17_2_187.jpg,59,DHA,,Female,17,,187,2.0
female/59/1_DHA_17_2_187.jpg,59,DHA,,Female,17,,187,2.0
female/59/1_DHA_17_2_187.jpg,59,DHA,,Female,17,,187,2.0
female/59/1_DHA_17_2_187.jpg,59,DHA,,Female,17,,187,2.0
female/59/1_DHA_17_2_187.jpg,59,DHA,,Female,17,,187,2.0
female/59/1_DHA_17_2_187.jpg,59,DHA,,Female,17,,187,2.0
female/59/1_DHA_17_2_187.jpg,59,DHA,,Female,17,,187,2.0
female/59/1_DHA_17_2_187.jpg,59,DHA,,Female,17,,187,2.0
female/59/1_DHA_17_2_187.jpg,59,DHA,,Female,17,,187,2.0
female/59/1_DHA_17_2_187.jpg,59,DHA,,Female,17,,187,2.0
female/59/1_DHA_17_2_187.jpg,59,DHA,,Female,17,,187,2.0
female/59/1_DHA_17_2_187.jpg,59,DHA,,Female,17,,187,2.0
female/59/1_DHA_17_2_187.jpg,59,DHA,,Female,17,,187,2.0
female/59/1_DHA_17_2_187.jpg,59,DHA,,Female,17,,187,2.0
female/59/1_DHA_17_2_187.jpg,59,DHA,,Female,17,,187,2.0
female/59/1_DHA_17_2_187.jpg,59,DHA,,Female,17,,187,2.0
female/59/1_DHA_17_2_187.jpg,59,DHA,,Female,17,,187,2.0
female/59/1_DHA_17_2_187.jpg,59,DHA,,Female,17,,187,2.0
female/59/1_DHA_17_2_187.jpg,59,DHA,,Female,17,,187,2.0
female/59/1_DHA_17_2_187.jpg,59,DHA,,Female,17,,187,2.0
female/59/1_DHA_17_2_187.jpg,59,DHA,,Female,17,,187,2.0
female/59/1_DHA_17_2_187.jpg,59,DHA,,Female,17,,187,2.0
female/59/1_DHA_17_2_187.jpg,59,DHA,,Female,17,,187,2.0
female/59/1_DHA_17_2_187.jpg,59,DHA,,Female,17,,187,2.0
female/59/1_DHA_17_2_187.jpg,59,DHA,,Female,17,,187,2.0
female/59/1_DHA_17_2_187.jpg,59,DHA,,Female,17,,187,2.0
female/59/1_DHA_17_2_187.jpg,59,DHA,,Female,17,,187,2.0
female/59/1_DHA_17_2_187.jpg,59,DHA,,Female,17,,187,2.0
female/59/1_DHA_17_2_187.jpg,59,DHA,,Female,17,,187,2.0
female/59/1_DHA_17_2_187.jpg,59,DHA,,Female,17,,187,2.0
female/59/1_DHA_17_2_187.jpg,59,DHA,,Female,17,,187,2.0
female/59/1_DHA_17_2_187.jpg,59,DHA,,Female,17,,187,2.0
female/59/1_DHA_17_2_187.jpg,59,DHA,,Female,17,,187,2.0
female/59/1_DHA_17_2_187.jpg,59,DHA,,Female,17,,187,2.0
female/59/1_DHA_17_2_187.jpg,59,DHA,,Female,17,,187,2.0
female/59/1_DHA_17_2_187.jpg,59,DHA,,Female,17,,187,2.0
female/59/1_DHA_17_2_187.jpg,59,DHA,,Female,17,,187,2.0
female/59/1_DHA_17_2_187.jpg,59,DHA,,Female,17,,187,2.0
female/59/1_DHA_17_2_187.jpg,59,DHA,,Female,17,,187,2.0
female/59/1_DHA_17_2_187.jpg,59,DHA,,Female,17,,187,2.0
female/59/1_DHA_17_2_187.jpg,59,DHA,,Female,17,,187,2.0
female/59/1_DHA_17_2_187.jpg,59,DHA,,Female,17,,187,2.0
female/59/1_DHA_17_2_187.jpg,59,DHA,,Female,17,,187,2.0
female/59/1_DHA_17_2_187.jpg,59,DHA,,Female,17,,187,2.0
female/59/1_DHA_17_2_187.jpg,59,DHA,,Female,17,,187,2.0
female/59/1_DHA_17_2_187.jpg,59,DHA,,Female,17,,187,2.0
female/59/1_DHA_17_2_187.jpg,59,DHA,,Female,17,,187,2.0
female/59/1_DHA_17_2_187.jpg,59,DHA,,Female,17,,187,2.0
female/59/1_DHA_17_2_187.jpg,59,DHA,,Female,17,,187,2.0
female/59/1_DHA_17_2_187.jpg,59,DHA,,Female,17,,187,2.0
female/59/1_DHA_17_2_187.jpg,59,DHA,,Female,17,,187,2.0
female/59/1_DHA_17_2_187.jpg,59,DHA,,Female,17,,187,2.0
female/59/1_DHA_17_2_187.jpg,59,DHA,,Female,17,,187,2.0
female/59/1_DHA_17_2_187.jpg,59,DHA,,Female,17,,187,2.0
female/59/1_DHA_17_2_187.jpg,59,DHA,,Female,17,,187,2.0
female/59/1_DHA_17_2_187.jpg,59,DHA,,Female,17,,187,2.0
female/59/1_DHA_17_2_187.jpg,59,DHA,,Female,17,,187,2.0
female/59/1_DHA_17_2_187.jpg,59,DHA,,Female,17,,187,2.0
female/59/1_DHA_17_2_187.jpg,59,DHA,,Female,17,,187,2.0
female/59/1_DHA_17_2_187.jpg,59,DHA,,Female,17,,187,2.0
female/59/1_DHA_17_2_187.jpg,59,DHA,,Female,17,,187,2.0
female/59/1_DHA_17_2_187.jpg,59,DHA,,Female,17,,187,2.0
female/59/1_DHA_17_2_187.jpg,59,DHA,,Female,17,,187,2.0
female/59/1_DHA_17_2_187.jpg,59,DHA,,Female,17,,187,2.0
female/59/1_DHA_17_2_187.jpg,59,DHA,,Female,17,,187,2.0
female/59/1_DHA_17_2_187.jpg,59,DHA,,Female,17,,187,2.0
female/59/1_DHA_17_2_187.jpg,59,DHA,,Female,17,,187,2.0
female/59/1_DHA_17_2_187.jpg,59,DHA,,Female,17,,187,2.0
female/59/1_DHA_17_2_187.jpg,59,DHA,,Female,17,,187,2.0
female/59/1_DHA_17_2_187.jpg,59,DHA,,Female,17,,187,2.0
female/59/1_DHA_17_2_187.jpg,59,DHA,,Female,17,,187,2.0
female/59/1_DHA_17_2_187.jpg,59,DHA,,Female,17,,187,2.0
female/59/1_DHA_17_2_187.jpg,59,DHA,,Female,17,,187,2.0
female/59/1_DHA_17_2_187.jpg,59,DHA,,Female,17,,187,2.0
female/59/1_DHA_17_2_187.jpg,59,DHA,,Female,17,,187,2.0
female/59/1_DHA_17_2_187.jpg,59,DHA,,Female,17,,187,2.0
female/59/1_DHA_17_2_187.jpg,59,DHA,,Female,17,,187,2.0
female/59/1_DHA_17_2_187.jpg,59,DHA,,Female,17,,187,2.0
female/59/1_DHA_17_2_187.jpg,59,DHA,,Female,17,,187,2.0
female/59/1_DHA_17_2_187.jpg,59,DHA,,Female,17,,187,2.0
female/59/1_DHA_17_2_187.jpg,59,DHA,,Female,17,,187,2.0
female/59/1_DHA_17_2_187.jpg,59,DHA,,Female,17,,187,2.0
female/59/1_DHA_17_2_187.jpg,59,DHA,,Female,17,,187,2.0
female/59/1_DHA_17_2_187.jpg,59,DHA,,Female,17,,187,2.0
female/59/1_DHA_17_2_187.jpg,59,DHA,,Female,17,,187,2.0
female/59/1_DHA_17_2_187.jpg,59,DHA,,Female,17,,187,2.0
female/59/1_DHA_17_2_187.jpg,59,DHA,,Female,17,,187,2.0
female/59/1_DHA_17_2_187.jpg,59,DHA,,Female,17,,187,2.0
female/59/1_DHA_17_2_187.jpg,59,DHA,,Female,17,,187,2.0
female/59/1_DHA_17_2_187.jpg,59,DHA,,Female,17,,187,2.0
female/59/1_DHA_17_2_187.jpg,59,DHA,,Female,17,,187,2.0
female/59/1_DHA_17_2_187.jpg,59,DHA,,Female,17,,187,2.0
female/59/1_DHA_17_2_187.jpg,59,DHA,,Female,17,,187,2.0
female/59/1_DHA_17_2_187.jpg,59,DHA,,Female,17,,187,2.0
female/59/1_DHA_17_2_187.jpg,59,DHA,,Female,17,,187,2.0
female/59/1_DHA_17_2_187.jpg,59,DHA,,Female,17,,187,2.0
female/59/1_DHA_17_2_187.jpg,59,DHA,,Female,17,,187,2.0
female/59/1_DHA_17_2_187.jpg,59,DHA,,Female,17,,187,2.0
female/59/1_DHA_17_2_187.jpg,59,DHA,,Female,17,,187,2.0
female/59/1_DHA_17_2_187.jpg,59,DHA,,Female,17,,187,2.0
female/59/1_DHA_17_2_187.jpg,59,DHA,,Female,17,,187,2.0
female/59/1_DHA_17_2_187.jpg,59,DHA,,Female,17,,187,2.0
female/59/1_DHA_17_2_187.jpg,59,DHA,,Female,17,,187,2.0
female/59/1_DHA_17_2_187.jpg,59,DHA,,Female,17,,187,2.0
female/59/1_DHA_17_2_187.jpg,59,DHA,,Female,17,,187,2.0
female/59/1_DHA_17_2_187.jpg,59,DHA,,Female,17,,187,2.0
female/59/1_DHA_17_2_187.jpg,59,DHA,,Female,17,,187,2.0
female/59/1_DHA_17_2_187.jpg,59,DHA,,Female,17,,187,2.0
female/59/1_DHA_17_2_187.jpg,59,DHA,,Female,17,,187,2.0
female/59/1_DHA_17_2_187.jpg,59,DHA,,Female,17,,187,2.0
female/59/1_DHA_17_2_187.jpg,59,DHA,,Female,17,,187,2.0
female/59/1_DHA_17_2_187.jpg,59,DHA,,Female,17,,187,2.0
female/59/1_DHA_17_2_187.jpg,59,DHA,,Female,17,,187,2.0
female/59/1_DHA_17_2_187.jpg,59,DHA,,Female,17,,187,2.0
female/59/1_DHA_17_2_187.jpg,59,DHA,,Female,17,,187,2.0
female/59/1_DHA_17_2_187.jpg,59,DHA,,Female,17,,187,2.0
female/59/1_DHA_17_2_187.jpg,59,DHA,,Female,17,,187,2.0
female/59/1_DHA_17_2_187.jpg,59,DHA,,Female,17,,187,2.0
female/59/1_DHA_17_2_187.jpg,59,DHA,,Female,17,,187,2.0
female/59/1_DHA_17_2_187.jpg,59,DHA,,Female,17,,187,2.0
female/59/1_DHA_17_2_187.jpg,59,DHA,,Female,17,,187,2.0
female/59/1_DHA_17_2_187.jpg,59,DHA,,Female,17,,187,2.0
female/59/1_DHA_17_2_187.jpg,59,DHA,,Female,17,,187,2.0
female/59/1_DHA_17_2_187.jpg,59,DHA,,Female,17,,187,2.0
female/59/1_DHA_17_2_187.jpg,59,DHA,,Female,17,,187,2.0
female/59/1_DHA_17_2_187.jpg,59,DHA,,Female,17,,187,2.0
female/59/1_DHA_17_2_187.jpg,59,DHA,,Female,17,,187,2.0
female/59/1_DHA_17_2_187.jpg,59,DHA,,Female,17,,187,2.0
female/59/1_DHA_17_2_187.jpg,59,DHA,,Female,17,,187,2.0
female/59/1_DHA_17_2_187.jpg,59,DHA,,Female,17,,187,2.0
female/59/1_DHA_17_2_187.jpg,59,DHA,,Female,17,,187,2.0
female/59/1_DHA_17_2_187.jpg,59,DHA,,Female,17,,187,2.0
female/59/1_DHA_17_2_187.jpg,59,DHA,,Female,17,,187,2.0
female/59/1_DHA_17_2_187.jpg,59,DHA,,Female,17,,187,2.0
female/59/1_DHA_17_2_187.jpg,59,DHA,,Female,17,,187,2.0
female/59/1_DHA_17_2_187.jpg,59,DHA,,Female,17,,187,2.0
female/59/1_DHA_17_2_187.jpg,59,DHA,,Female,17,,187,2.0
female/59/1_DHA_17_2_187.jpg,59,DHA,,Female,17,,187,2.0
female/59/1_DHA_17_2_187.jpg,59,DHA,,Female,17,,187,2.0
female/59/1_DHA_17_2_187.jpg,59,DHA,,Female,17,,187,2.0
female/59/1_DHA_17_2_187.jpg,59,DHA,,Female,17,,187,2.0
female/59/1_DHA_17_2_187.jpg,59,DHA,,Female,17,,187,2.0
female/59/1_DHA_17_2_187.jpg,59,DHA,,Female,17,,187,2.0
female/59/1_DHA_17_2_187.jpg,59,DHA,,Female,17,,187,2.0
female/59/1_DHA_17_2_187.jpg,59,DHA,,Female,17,,187,2.0
female/59/1_DHA_17_2_187.jpg,59,DHA,,Female,17,,187,2.0
female/59/1_DHA_17_2_187.jpg,59,DHA,,Female,17,,187,2.0
female/59/1_DHA_17_2_187.jpg,59,DHA,,Female,17,,187,2.0
female/59/1_DHA_17_2_187.jpg,59,DHA,,Female,17,,187,2.0
female/59/1_DHA_17_2_187.jpg,59,DHA,,Female,17,,187,2.0
female/59/1_DHA_17_2_187.jpg,59,DHA,,Female,17,,187,2.0
female/59/1_DHA_17_2_187.jpg,59,DHA,,Female,17,,187,2.0
female/59/1_DHA_17_2_187.jpg,59,DHA,,Female,17,,187,2.0
female/59/1_DHA_17_2_187.jpg,59,DHA,,Female,17,,187,2.0
female/59/1_DHA_17_2_187.jpg,59,DHA,,Female,17,,187,2.0
female/59/1_DHA_17_2_187.jpg,59,DHA,,Female,17,,187,2.0
female/59/1_DHA_17_2_187.jpg,59,DHA,,Female,17,,187,2.0
female/59/1_DHA_17_2_187.jpg,59,DHA,,Female,17,,187,2.0
female/59/1_DHA_17_2_187.jpg,59,DHA,,Female,17,,187,2.0
female/59/1_DHA_17_2_187.jpg,59,DHA,,Female,17,,187,2.0
female/59/1_DHA_17_2_187.jpg,59,DHA,,Female,17,,187,2.0
female/59/1_DHA_17_2_187.jpg,59,DHA,,Female,17,,187,2.0
female/59/1_DHA_17_2_187.jpg,59,DHA,,Female,17,,187,2.0
female/59/1_DHA_17_2_187.jpg,59,DHA,,Female,17,,187,2.0
female/59/1_DHA_17_2_187.jpg,59,DHA,,Female,17,,187,2.0
female/59/1_DHA_17_2_187.jpg,59,DHA,,Female,17,,187,2.0
female/59/1_DHA_17_2_187.jpg,59,DHA,,Female,17,,187,2.0
female/59/1_DHA_17_2_187.jpg,59,DHA,,Female,17,,187,2.0
female/59/1_DHA_17_2_187.jpg,59,DHA,,Female,17,,187,2.0
female/59/1_DHA_17_2_187.jpg,59,DHA,,Female,17,,187,2.0
female/59/1_DHA_17_2_187.jpg,59,DHA,,Female,17,,187,2.0
female/59/1_DHA_17_2_187.jpg,59,DHA,,Female,17,,187,2.0
female/59/1_DHA_17_2_187.jpg,59,DHA,,Female,17,,187,2.0
female/59/1_DHA_17_2_187.jpg,59,DHA,,Female,17,,187,2.0
female/59/1_DHA_17_2_187.jpg,59,DHA,,Female,17,,187,2.0
female/59/1_DHA_17_2_187.jpg,59,DHA,,Female,17,,187,2.0
female/59/1_DHA_17_2_187.jpg,59,DHA,,Female,17,,187,2.0
female/59/1_DHA_17_2_187.jpg,59,DHA,,Female,17,,187,2.0
female/59/1_DHA_17_2_187.jpg,59,DHA,,Female,17,,187,2.0
female/59/1_DHA_17_2_187.jpg,59,DHA,,Female,17,,187,2.0
female/59/1_DHA_17_2_187.jpg,59,DHA,,Female,17,,187,2.0
female/59/1_DHA_17_2_187.jpg,59,DHA,,Female,17,,187,2.0
female/59/1_DHA_17_2_187.jpg,59,DHA,,Female,17,,187,2.0
female/59/1_DHA_17_2_187.jpg,59,DHA,,Female,17,,187,2.0
female/59/1_DHA_17_2_187.jpg,59,DHA,,Female,17,,187,2.0
female/59/1_DHA_17_2_187.jpg,59,DHA,,Female,17,,187,2.0
female/59/1_DHA_17_2_187.jpg,59,DHA,,Female,17,,187,2.0
female/59/1_DHA_17_2_187.jpg,59,DHA,,Female,17,,187,2.0
female/59/1_DHA_17_2_187.jpg,59,DHA,,Female,17,,187,2.0
female/59/1_DHA_17_2_187.jpg,59,DHA,,Female,17,,187,2.0
female/59/1_DHA_17_2_187.jpg,59,DHA,,Female,17,,187,2.0
female/59/1_DHA_17_2_187.jpg,59,DHA,,Female,17,,187,2.0
female/59/1_DHA_17_2_187.jpg,59,DHA,,Female,17,,187,2.0
female/59/1_DHA_17_2_187.jpg,59,DHA,,Female,17,,187,2.0
female/59/1_DHA_17_2_187.jpg,59,DHA,,Female,17,,187,2.0
female/59/1_DHA_17_2_187.jpg,59,DHA,,Female,17,,187,2.0
female/59/1_DHA_17_2_187.jpg,59,DHA,,Female,17,,187,2.0
female/59/1_DHA_17_2_187.jpg,59,DHA,,Female,17,,187,2.0
female/59/1_DHA_17_2_187.jpg,59,DHA,,Female,17,,187,2.0
female/59/1_DHA_17_2_187.jpg,59,DHA,,Female,17,,187,2.0
female/59/1_DHA_17_2_187.jpg,59,DHA,,Female,17,,187,2.0
female/59/1_DHA_17_2_187.jpg,59,DHA,,Female,17,,187,2.0
female/59/1_DHA_17_2_187.jpg,59,DHA,,Female,17,,187,2.0
female/59/1_DHA_17_2_187.jpg,59,DHA,,Female,17,,187,2.0
female/59/1_DHA_17_2_187.jpg,59,DHA,,Female,17,,187,2.0
female/59/1_DHA_17_2_187.jpg,59,DHA,,Female,17,,187,2.0
female/59/1_DHA_17_2_187.jpg,59,DHA,,Female,17,,187,2.0
female/59/1_DHA_17_2_187.jpg,59,DHA,,Female,17,,187,2.0
female/59/1_DHA_17_2_187.jpg,59,DHA,,Female,17,,187,2.0
female/59/1_DHA_17_2_187.jpg,59,DHA,,Female,17,,187,2.0
female/59/1_DHA_17_2_187.jpg,59,DHA,,Female,17,,187,2.0
female/59/1_DHA_17_2_187.jpg,59,DHA,,Female,17,,187,2.0
female/59/1_DHA_17_2_187.jpg,59,DHA,,Female,17,,187,2.0
female/59/1_DHA_17_2_187.jpg,59,DHA,,Female,17,,187,2.0
female/59/1_DHA_17_2_187.jpg,59,DHA,,Female,17,,187,2.0
female/59/1_DHA_17_2_187.jpg,59,DHA,,Female,17,,187,2.0
female/59/1_DHA_17_2_187.jpg,59,DHA,,Female,17,,187,2.0
female/59/1_DHA_17_2_187.jpg,59,DHA,,Female,17,,187,2.0
female/59/1_DHA_17_2_187.jpg,59,DHA,,Female,17,,187,2.0
female/59/1_DHA_17_2_187.jpg,59,DHA,,Female,17,,187,2.0
female/59/1_DHA_17_2_187.jpg,59,DHA,,Female,17,,187,2.0
female/59/1_DHA_17_2_187.jpg,59,DHA,,Female,17,,187,2.0
female/59/1_DHA_17_2_187.jpg,59,DHA,,Female,17,,187,2.0
female/59/1_DHA_17_2_187.jpg,59,DHA,,Female,17,,187,2.0
female/59/1_DHA_17_2_187.jpg,59,DHA,,Female,17,,187,2.0
female/59/1_DHA_17_2_187.jpg,59,DHA,,Female,17,,187,2.0
female/59/1_DHA_17_2_187.jpg,59,DHA,,Female,17,,187,2.0
female/59/1_DHA_17_2_187.jpg,59,DHA,,Female,17,,187,2.0
female/59/1_DHA_17_2_187.jpg,59,DHA,,Female,17,,187,2.0
female/59/1_DHA_17_2_187.jpg,59,DHA,,Female,17,,187,2.0
female/59/1_DHA_17_2_187.jpg,59,DHA,,Female,17,,187,2.0
female/61/1_BAG_13_1_1100.jpg,61,BAG,,Female,13,,1100,1.0
female/61/1_BAG_13_1_1100.jpg,61,BAG,,Female,13,,1100,1.0
female/61/1_BAR_11_1_767.jpg,61,BAR,,Female,11,,767,1.0
female/61/1_BAR_11_1_767.jpg,61,BAR,,Female,11,,767,1.0
female/61/1_BAR_12_1_372.jpg,61,BAR,,Female,12,,372,1.0
female/61/1_BAR_12_1_372.jpg,61,BAR,,Female,12,,372,1.0
female/61/1_BAR_12_1_379.jpg,61,BAR,,Female,12,,379,1.0
female/61/1_BAR_12_1_379.jpg,61,BAR,,Female,12,,379,1.0
female/61/1_BAR_12_1_380.jpg,61,BAR,,Female,12,,380,1.0
female/61/1_BAR_12_1_396.jpg,61,BAR,,Female,12,,396,1.0
female/61/1_BAR_12_1_397.jpg,61,BAR,,Female,12,,397,1.0
female/61/1_BAR_12_1_450.jpg,61,BAR,,Female,12,,450,1.0
female/61/1_BAR_12_1_753.jpg,61,BAR,,Female,12,,753,1.0
female/61/1_BAR_12_1_753.jpg,61,BAR,,Female,12,,753,1.0
female/61/1_BAR_13_1_1049.jpg,61,BAR,,Female,13,,1049,1.0
female/61/1_BAR_13_1_1049.jpg,61,BAR,,Female,13,,1049,1.0
female/61/1_BAR_13_1_1063.jpg,61,BAR,,Female,13,,1063,1.0
female/61/1_BAR_13_1_1063.jpg,61,BAR,,Female,13,,1063,1.0
female/61/1_BAR_13_1_1086.jpg,61,BAR,,Female,13,,1086,1.0
female/61/1_BAR_13_1_1099.jpg,61,BAR,,Female,13,,1099,1.0
female/61/1_BAR_13_1_1134.jpg,61,BAR,,Female,13,,1134,1.0
female/61/1_BAR_13_1_1134.jpg,61,BAR,,Female,13,,1134,1.0
female/61/1_BAR_13_1_373.jpg,61,BAR,,Female,13,,373,1.0
female/61/1_BAR_13_1_374.jpg,61,BAR,,Female,13,,374,1.0
female/61/1_BAR_13_1_374.jpg,61,BAR,,Female,13,,374,1.0
female/61/1_BAR_13_1_376.jpg,61,BAR,,Female,13,,376,1.0
female/61/1_BAR_13_1_377.jpg,61,BAR,,Female,13,,377,1.0
female/61/1_BAR_13_1_378.jpg,61,BAR,,Female,13,,378,1.0
female/61/1_BAR_13_1_381.jpg,61,BAR,,Female,13,,381,1.0
female/61/1_BAR_13_1_381.jpg,61,BAR,,Female,13,,381,1.0
female/61/1_BAR_13_1_385.jpg,61,BAR,,Female,13,,385,1.0
female/61/1_BAR_13_1_385.jpg,61,BAR,,Female,13,,385,1.0
female/61/1_BAR_13_1_385.jpg,61,BAR,,Female,13,,385,1.0
female/61/1_BAR_13_1_387.jpg,61,BAR,,Female,13,,387,1.0
female/61/1_BAR_13_1_387.jpg,61,BAR,,Female,13,,387,1.0
female/61/1_BAR_13_1_388.jpg,61,BAR,,Female,13,,388,1.0
female/61/1_BAR_13_1_388.jpg,61,BAR,,Female,13,,388,1.0
female/61/1_BAR_13_1_394.jpg,61,BAR,,Female,13,,394,1.0
female/61/1_BAR_13_1_394.jpg,61,BAR,,Female,13,,394,1.0
female/61/1_BAR_13_1_394.jpg,61,BAR,,Female,13,,394,1.0
female/61/1_BAR_13_1_399.jpg,61,BAR,,Female,13,,399,1.0
female/61/1_BAR_13_1_401.jpg,61,BAR,,Female,13,,401,1.0
female/61/1_BAR_13_1_401.jpg,61,BAR,,Female,13,,401,1.0
female/61/1_BAR_13_1_401.jpg,61,BAR,,Female,13,,401,1.0
female/61/1_BAR_13_1_402.jpg,61,BAR,,Female,13,,402,1.0
female/61/1_BAR_13_1_402.jpg,61,BAR,,Female,13,,402,1.0
female/61/1_BAR_13_1_403.jpg,61,BAR,,Female,13,,403,1.0
female/61/1_BAR_13_1_404.jpg,61,BAR,,Female,13,,404,1.0
female/61/1_BAR_13_1_405.jpg,61,BAR,,Female,13,,405,1.0
female/61/1_BAR_13_1_431.jpg,61,BAR,,Female,13,,431,1.0
female/61/1_BAR_13_1_436.jpg,61,BAR,,Female,13,,436,1.0
female/61/1_BAR_13_1_436.jpg,61,BAR,,Female,13,,436,1.0
female/61/1_BAR_13_1_436.jpg,61,BAR,,Female,13,,436,1.0
female/61/1_BAR_13_1_437.jpg,61,BAR,,Female,13,,437,1.0
female/61/1_BAR_13_1_437.jpg,61,BAR,,Female,13,,437,1.0
female/61/1_BAR_13_1_438.jpg,61,BAR,,Female,13,,438,1.0
female/61/1_BAR_13_1_451.jpg,61,BAR,,Female,13,,451,1.0
female/61/1_BAR_13_1_451.jpg,61,BAR,,Female,13,,451,1.0
female/61/1_BAR_13_1_451.jpg,61,BAR,,Female,13,,451,1.0
female/61/1_BAR_13_1_451.jpg,61,BAR,,Female,13,,451,1.0
female/61/1_BAR_13_1_451.jpg,61,BAR,,Female,13,,451,1.0
female/61/1_BAR_13_1_459.jpg,61,BAR,,Female,13,,459,1.0
female/61/1_BAR_13_1_498.jpg,61,BAR,,Female,13,,498,1.0
female/61/1_BAR_13_1_498.jpg,61,BAR,,Female,13,,498,1.0
female/61/1_BAR_13_1_498.jpg,61,BAR,,Female,13,,498,1.0
female/61/1_BAR_14_1_1036.jpg,61,BAR,,Female,14,,1036,1.0
female/61/1_BAR_14_1_1246.jpg,61,BAR,,Female,14,,1246,1.0
female/61/1_BAR_14_1_363.jpg,61,BAR,,Female,14,,363,1.0
female/61/1_BAR_14_1_363.jpg,61,BAR,,Female,14,,363,1.0
female/61/1_BAR_14_1_363.jpg,61,BAR,,Female,14,,363,1.0
female/61/1_BAR_14_1_383.jpg,61,BAR,,Female,14,,383,1.0
female/61/1_BAR_14_1_389.jpg,61,BAR,,Female,14,,389,1.0
female/61/1_BAR_14_1_391.jpg,61,BAR,,Female,14,,391,1.0
female/61/1_BAR_14_1_393.jpg,61,BAR,,Female,14,,393,1.0
female/61/1_BAR_14_1_393.jpg,61,BAR,,Female,14,,393,1.0
female/61/1_BAR_14_1_407.jpg,61,BAR,,Female,14,,407,1.0
female/61/1_BAR_14_1_409.jpg,61,BAR,,Female,14,,409,1.0
female/61/1_BAR_14_1_409.jpg,61,BAR,,Female,14,,409,1.0
female/61/1_BAR_14_1_411.jpg,61,BAR,,Female,14,,411,1.0
female/61/1_BAR_14_1_414.jpg,61,BAR,,Female,14,,414,1.0
female/61/1_BAR_14_1_420.jpg,61,BAR,,Female,14,,420,1.0
female/61/1_BAR_14_1_420.jpg,61,BAR,,Female,14,,420,1.0
female/61/1_BAR_14_1_420.jpg,61,BAR,,Female,14,,420,1.0
female/61/1_BAR_14_1_434.jpg,61,BAR,,Female,14,,434,1.0
female/61/1_BAR_14_1_439.jpg,61,BAR,,Female,14,,439,1.0
female/61/1_BAR_14_1_439.jpg,61,BAR,,Female,14,,439,1.0
female/61/1_BAR_14_1_439.jpg,61,BAR,,Female,14,,439,1.0
female/61/1_BAR_14_1_439.jpg,61,BAR,,Female,14,,439,1.0
female/61/1_BAR_14_1_440.jpg,61,BAR,,Female,14,,440,1.0
female/61/1_BAR_14_1_442.jpg,61,BAR,,Female,14,,442,1.0
female/61/1_BAR_14_1_442.jpg,61,BAR,,Female,14,,442,1.0
female/61/1_BAR_14_1_444.jpg,61,BAR,,Female,14,,444,1.0
female/61/1_BAR_14_1_446.jpg,61,BAR,,Female,14,,446,1.0
female/61/1_BAR_14_1_447.jpg,61,BAR,,Female,14,,447,1.0
female/61/1_BAR_14_1_452.jpg,61,BAR,,Female,14,,452,1.0
female/61/1_BAR_14_1_455.jpg,61,BAR,,Female,14,,455,1.0
female/61/1_BAR_14_1_456.jpg,61,BAR,,Female,14,,456,1.0
female/61/1_BAR_14_1_457.jpg,61,BAR,,Female,14,,457,1.0
female/61/1_BAR_14_1_458.jpg,61,BAR,,Female,14,,458,1.0
female/61/1_BAR_14_1_460.jpg,61,BAR,,Female,14,,460,1.0
female/61/1_BAR_14_1_460.jpg,61,BAR,,Female,14,,460,1.0
female/61/1_BAR_14_1_460.jpg,61,BAR,,Female,14,,460,1.0
female/61/1_BAR_14_1_461.jpg,61,BAR,,Female,14,,461,1.0
female/61/1_BAR_14_1_462.jpg,61,BAR,,Female,14,,462,1.0
female/61/1_BAR_14_1_465.jpg,61,BAR,,Female,14,,465,1.0
female/61/1_BAR_14_1_466.jpg,61,BAR,,Female,14,,466,1.0
female/61/1_BAR_14_1_467.jpg,61,BAR,,Female,14,,467,1.0
female/61/1_BAR_14_1_467.jpg,61,BAR,,Female,14,,467,1.0
female/61/1_BAR_14_1_467.jpg,61,BAR,,Female,14,,467,1.0
female/61/1_BAR_14_1_468.jpg,61,BAR,,Female,14,,468,1.0
female/61/1_BAR_14_1_468.jpg,61,BAR,,Female,14,,468,1.0
female/61/1_BAR_14_1_468.jpg,61,BAR,,Female,14,,468,1.0
female/61/1_BAR_14_1_475.jpg,61,BAR,,Female,14,,475,1.0
female/61/1_BAR_14_1_475.jpg,61,BAR,,Female,14,,475,1.0
female/61/1_BAR_14_1_476.jpg,61,BAR,,Female,14,,476,1.0
female/61/1_BAR_14_1_476.jpg,61,BAR,,Female,14,,476,1.0
female/61/1_BAR_14_1_476.jpg,61,BAR,,Female,14,,476,1.0
female/61/1_BAR_14_1_484.jpg,61,BAR,,Female,14,,484,1.0
female/61/1_BAR_14_1_488.jpg,61,BAR,,Female,14,,488,1.0
female/61/1_BAR_14_1_594.jpg,61,BAR,,Female,14,,594,1.0
female/61/1_BAR_14_1_594.jpg,61,BAR,,Female,14,,594,1.0
female/61/1_BAR_14_1_596.jpg,61,BAR,,Female,14,,596,1.0
female/61/1_BAR_14_1_599.jpg,61,BAR,,Female,14,,599,1.0
female/61/1_BAR_14_1_698.jpg,61,BAR,,Female,14,,698,1.0
female/61/1_BAR_14_1_749.jpg,61,BAR,,Female,14,,749,1.0
female/61/1_BAR_14_1_749.jpg,61,BAR,,Female,14,,749,1.0
female/61/1_BAR_14_1_977.jpg,61,BAR,,Female,14,,977,1.0
female/61/1_BAR_14_1_977.jpg,61,BAR,,Female,14,,977,1.0
female/61/1_BAR_14_1_977.jpg,61,BAR,,Female,14,,977,1.0
female/61/1_BAR_15_1_1059.jpg,61,BAR,,Female,15,,1059,1.0
female/61/1_BAR_15_1_1059.jpg,61,BAR,,Female,15,,1059,1.0
female/61/1_BAR_15_1_1120.jpg,61,BAR,,Female,15,,1120,1.0
female/61/1_BAR_15_1_1142.jpg,61,BAR,,Female,15,,1142,1.0
female/61/1_BAR_15_1_1208.jpg,61,BAR,,Female,15,,1208,1.0
female/61/1_BAR_15_1_1208.jpg,61,BAR,,Female,15,,1208,1.0
female/61/1_BAR_15_1_1275.jpg,61,BAR,,Female,15,,1275,1.0
female/61/1_BAR_15_1_1275.jpg,61,BAR,,Female,15,,1275,1.0
female/61/1_BAR_15_1_406.jpg,61,BAR,,Female,15,,406,1.0
female/61/1_BAR_15_1_412.jpg,61,BAR,,Female,15,,412,1.0
female/61/1_BAR_15_1_416.jpg,61,BAR,,Female,15,,416,1.0
female/61/1_BAR_15_1_419.jpg,61,BAR,,Female,15,,419,1.0
female/61/1_BAR_15_1_419.jpg,61,BAR,,Female,15,,419,1.0
female/61/1_BAR_15_1_463.jpg,61,BAR,,Female,15,,463,1.0
female/61/1_BAR_15_1_464.jpg,61,BAR,,Female,15,,464,1.0
female/61/1_BAR_15_1_464.jpg,61,BAR,,Female,15,,464,1.0
female/61/1_BAR_15_1_464.jpg,61,BAR,,Female,15,,464,1.0
female/61/1_BAR_15_1_470.jpg,61,BAR,,Female,15,,470,1.0
female/61/1_BAR_15_1_470.jpg,61,BAR,,Female,15,,470,1.0
female/61/1_BAR_15_1_471.jpg,61,BAR,,Female,15,,471,1.0
female/61/1_BAR_15_1_471.jpg,61,BAR,,Female,15,,471,1.0
female/61/1_BAR_15_1_477.jpg,61,BAR,,Female,15,,477,1.0
female/61/1_BAR_15_1_478.jpg,61,BAR,,Female,15,,478,1.0
female/61/1_BAR_15_1_479.jpg,61,BAR,,Female,15,,479,1.0
female/61/1_BAR_15_1_485.jpg,61,BAR,,Female,15,,485,1.0
female/61/1_BAR_15_1_489.jpg,61,BAR,,Female,15,,489,1.0
female/61/1_BAR_15_1_490.jpg,61,BAR,,Female,15,,490,1.0
female/61/1_BAR_15_1_491.jpg,61,BAR,,Female,15,,491,1.0
female/61/1_BAR_15_1_493.jpg,61,BAR,,Female,15,,493,1.0
female/61/1_BAR_15_1_566.jpg,61,BAR,,Female,15,,566,1.0
female/61/1_BAR_15_1_571.jpg,61,BAR,,Female,15,,571,1.0
female/61/1_BAR_15_1_571.jpg,61,BAR,,Female,15,,571,1.0
female/61/1_BAR_15_1_571.jpg,61,BAR,,Female,15,,571,1.0
female/61/1_BAR_15_1_591.jpg,61,BAR,,Female,15,,591,1.0
female/61/1_BAR_15_1_591.jpg,61,BAR,,Female,15,,591,1.0
female/61/1_BAR_15_1_592.jpg,61,BAR,,Female,15,,592,1.0
female/61/1_BAR_15_1_593.jpg,61,BAR,,Female,15,,593,1.0
female/61/1_BAR_15_1_593.jpg,61,BAR,,Female,15,,593,1.0
female/61/1_BAR_15_1_595.jpg,61,BAR,,Female,15,,595,1.0
female/61/1_BAR_15_1_795.jpg,61,BAR,,Female,15,,795,1.0
female/61/1_BAR_15_2_1255.jpg,61,BAR,,Female,15,,1255,2.0
female/61/1_BAR_15_2_280.jpg,61,BAR,,Female,15,,280,2.0
female/61/1_BAR_15_2_280.jpg,61,BAR,,Female,15,,280,2.0
female/61/1_BAR_16_1_1154.jpg,61,BAR,,Female,16,,1154,1.0
female/61/1_BAR_16_1_1240.jpg,61,BAR,,Female,16,,1240,1.0
female/61/1_BAR_16_1_1281.jpg,61,BAR,,Female,16,,1281,1.0
female/61/1_BAR_16_1_1281.jpg,61,BAR,,Female,16,,1281,1.0
female/61/1_BAR_16_1_1281.jpg,61,BAR,,Female,16,,1281,1.0
female/61/1_BAR_16_1_481.jpg,61,BAR,,Female,16,,481,1.0
female/61/1_BAR_16_2_1003.jpg,61,BAR,,Female,16,,1003,2.0
female/61/1_BAR_16_2_142.jpg,61,BAR,,Female,16,,142,2.0
female/61/1_BAR_16_2_204.jpg,61,BAR,,Female,16,,204,2.0
female/61/1_BAR_16_2_848.jpg,61,BAR,,Female,16,,848,2.0
female/61/1_BAR_16_2_899.jpg,61,BAR,,Female,16,,899,2.0
female/61/1_BAR_16_2_943.jpg,61,BAR,,Female,16,,943,2.0
female/61/1_BAR_16_2_943.jpg,61,BAR,,Female,16,,943,2.0
female/61/1_BAR_16_2_989.jpg,61,BAR,,Female,16,,989,2.0
female/61/1_BAR_17_1_1026.jpg,61,BAR,,Female,17,,1026,1.0
female/61/1_BAR_17_2_1268.jpg,61,BAR,,Female,17,,1268,2.0
female/61/1_BAR_17_2_1268.jpg,61,BAR,,Female,17,,1268,2.0
female/61/1_BAR_17_2_206.jpg,61,BAR,,Female,17,,206,2.0
female/61/1_BAR_17_2_287.jpg,61,BAR,,Female,17,,287,2.0
female/61/1_BAR_17_2_325.jpg,61,BAR,,Female,17,,325,2.0
female/61/1_BAR_17_2_325.jpg,61,BAR,,Female,17,,325,2.0
female/61/1_BAR_17_2_58.jpg,61,BAR,,Female,17,,58,2.0
female/61/1_BAR_17_2_58.jpg,61,BAR,,Female,17,,58,2.0
female/61/1_BAR_17_2_58.jpg,61,BAR,,Female,17,,58,2.0
female/61/1_BAR_17_2_986.jpg,61,BAR,,Female,17,,986,2.0
female/61/1_BAR_17_2_986.jpg,61,BAR,,Female,17,,986,2.0
female/61/1_BAR_17_2_986.jpg,61,BAR,,Female,17,,986,2.0
female/61/1_BHO_14_1_1102.jpg,61,BHO,,Female,14,,1102,1.0
female/61/1_BHO_14_1_1214.jpg,61,BHO,,Female,14,,1214,1.0
female/61/1_BHO_16_2_307.jpg,61,BHO,,Female,16,,307,2.0
female/61/1_BOG_16_2_1006.jpg,61,BOG,,Female,16,,1006,2.0
female/61/1_BOG_16_2_1006.jpg,61,BOG,,Female,16,,1006,2.0
female/61/1_BOG_16_2_1297.jpg,61,BOG,,Female,16,,1297,2.0
female/61/1_BOG_17_2_1284.jpg,61,BOG,,Female,17,,1284,2.0
female/61/1_BOG_17_2_1284.jpg,61,BOG,,Female,17,,1284,2.0
female/61/1_BOG_17_2_1284.jpg,61,BOG,,Female,17,,1284,2.0
female/61/1_BRA_12_1_834.jpg,61,BRA,,Female,12,,834,1.0
female/61/1_BRA_13_1_972.jpg,61,BRA,,Female,13,,972,1.0
female/61/1_BRA_14_1_1213.jpg,61,BRA,,Female,14,,1213,1.0
female/61/1_BRA_14_1_1213.jpg,61,BRA,,Female,14,,1213,1.0
female/61/1_BRA_15_1_1148.jpg,61,BRA,,Female,15,,1148,1.0
female/61/1_BRA_15_1_1248.jpg,61,BRA,,Female,15,,1248,1.0
female/61/1_BRA_15_1_1248.jpg,61,BRA,,Female,15,,1248,1.0
female/61/1_BRA_16_1_1239.jpg,61,BRA,,Female,16,,1239,1.0
female/61/1_BRA_16_1_1239.jpg,61,BRA,,Female,16,,1239,1.0
female/61/1_BRA_17_2_1113.jpg,61,BRA,,Female,17,,1113,2.0
female/61/1_BRA_17_2_1113.jpg,61,BRA,,Female,17,,1113,2.0
female/61/1_BRA_17_2_1267.jpg,61,BRA,,Female,17,,1267,2.0
female/61/1_BRA_17_2_1267.jpg,61,BRA,,Female,17,,1267,2.0
female/61/1_BRA_17_2_893.jpg,61,BRA,,Female,17,,893,2.0
female/61/1_BRA_17_2_906.jpg,61,BRA,,Female,17,,906,2.0
female/61/1_CHA_12_1_1227.jpg,61,CHA,,Female,12,,1227,1.0
female/61/1_CHA_13_1_1014.jpg,61,CHA,,Female,13,,1014,1.0
female/61/1_CHA_14_1_1182.jpg,61,CHA,,Female,14,,1182,1.0
female/61/1_CHA_14_1_693.jpg,61,CHA,,Female,14,,693,1.0
female/61/1_CHA_14_1_700.jpg,61,CHA,,Female,14,,700,1.0
female/61/1_CHA_14_1_700.jpg,61,CHA,,Female,14,,700,1.0
female/61/1_CHA_14_1_722.jpg,61,CHA,,Female,14,,722,1.0
female/61/1_CHA_14_1_722.jpg,61,CHA,,Female,14,,722,1.0
female/61/1_CHA_14_1_722.jpg,61,CHA,,Female,14,,722,1.0
female/61/1_CHA_14_1_785.jpg,61,CHA,,Female,14,,785,1.0
female/61/1_CHA_14_1_785.jpg,61,CHA,,Female,14,,785,1.0
female/61/1_CHA_15_1_1145.jpg,61,CHA,,Female,15,,1145,1.0
female/61/1_CHA_15_1_784.jpg,61,CHA,,Female,15,,784,1.0
female/61/1_CHA_15_1_807.jpg,61,CHA,,Female,15,,807,1.0
female/61/1_CHA_15_1_994.jpg,61,CHA,,Female,15,,994,1.0
female/61/1_CHA_16_1_1078.jpg,61,CHA,,Female,16,,1078,1.0
female/61/1_CHA_16_1_1078.jpg,61,CHA,,Female,16,,1078,1.0
female/61/1_CHA_16_1_1114.jpg,61,CHA,,Female,16,,1114,1.0
female/61/1_CHA_16_1_1136.jpg,61,CHA,,Female,16,,1136,1.0
female/61/1_CHA_16_1_1156.jpg,61,CHA,,Female,16,,1156,1.0
female/61/1_CHA_16_1_1156.jpg,61,CHA,,Female,16,,1156,1.0
female/61/1_CHA_16_2_116.jpg,61,CHA,,Female,16,,116,2.0
female/61/1_CHA_16_2_116.jpg,61,CHA,,Female,16,,116,2.0
female/61/1_CHA_16_2_271.jpg,61,CHA,,Female,16,,271,2.0
female/61/1_CHA_16_2_279.jpg,61,CHA,,Female,16,,279,2.0
female/61/1_CHA_16_2_279.jpg,61,CHA,,Female,16,,279,2.0
female/61/1_CHA_16_2_298.jpg,61,CHA,,Female,16,,298,2.0
female/61/1_CHA_16_2_47.jpg,61,CHA,,Female,16,,47,2.0
female/61/1_CHA_16_2_950.jpg,61,CHA,,Female,16,,950,2.0
female/61/1_CHA_16_2_951.jpg,61,CHA,,Female,16,,951,2.0
female/61/1_CHA_17_1_1027.jpg,61,CHA,,Female,17,,1027,1.0
female/61/1_CHA_17_2_268.jpg,61,CHA,,Female,17,,268,2.0
female/61/1_CHA_17_2_338.jpg,61,CHA,,Female,17,,338,2.0
female/61/1_CHA_17_2_338.jpg,61,CHA,,Female,17,,338,2.0
female/61/1_CHA_17_2_840.jpg,61,CHA,,Female,17,,840,2.0
female/61/1_CHA_17_2_840.jpg,61,CHA,,Female,17,,840,2.0
female/61/1_CHA_17_2_886.jpg,61,CHA,,Female,17,,886,2.0
female/61/1_CHA_17_2_886.jpg,61,CHA,,Female,17,,886,2.0
female/61/1_CHA_17_2_990.jpg,61,CHA,,Female,17,,990,2.0
female/61/1_CHA_17_2_990.jpg,61,CHA,,Female,17,,990,2.0
female/61/1_CHA_18_2_1129.jpg,61,CHA,,Female,18,,1129,2.0
female/61/1_CHA_18_2_1129.jpg,61,CHA,,Female,18,,1129,2.0
female/61/1_CHA_18_2_874.jpg,61,CHA,,Female,18,,874,2.0
female/61/1_CHI_12_1_1276.jpg,61,CHI,,Female,12,,1276,1.0
female/61/1_CHI_13_1_1011.jpg,61,CHI,,Female,13,,1011,1.0
female/61/1_CHI_14_1_1081.jpg,61,CHI,,Female,14,,1081,1.0
female/61/1_CHI_14_1_1081.jpg,61,CHI,,Female,14,,1081,1.0
female/61/1_CHI_16_2_916.jpg,61,CHI,,Female,16,,916,2.0
female/61/1_CHI_17_2_889.jpg,61,CHI,,Female,17,,889,2.0
female/61/1_CHU_16_2_33.jpg,61,CHU,,Female,16,,33,2.0
female/61/1_COM_12_1_648.jpg,61,COM,,Female,12,,648,1.0
female/61/1_COM_12_1_648.jpg,61,COM,,Female,12,,648,1.0
female/61/1_COM_12_1_659.jpg,61,COM,,Female,12,,659,1.0
female/61/1_COM_12_1_660.jpg,61,COM,,Female,12,,660,1.0
female/61/1_COM_12_1_660.jpg,61,COM,,Female,12,,660,1.0
female/61/1_COM_13_1_1048.jpg,61,COM,,Female,13,,1048,1.0
female/61/1_COM_13_1_1065.jpg,61,COM,,Female,13,,1065,1.0
female/61/1_COM_13_1_1065.jpg,61,COM,,Female,13,,1065,1.0
female/61/1_COM_13_1_1091.jpg,61,COM,,Female,13,,1091,1.0
female/61/1_COM_13_1_1092.jpg,61,COM,,Female,13,,1092,1.0
female/61/1_COM_13_1_1092.jpg,61,COM,,Female,13,,1092,1.0
female/61/1_COM_13_1_1095.jpg,61,COM,,Female,13,,1095,1.0
female/61/1_COM_13_1_1166.jpg,61,COM,,Female,13,,1166,1.0
female/61/1_COM_13_1_1167.jpg,61,COM,,Female,13,,1167,1.0
female/61/1_COM_13_1_1167.jpg,61,COM,,Female,13,,1167,1.0
female/61/1_COM_13_1_1167.jpg,61,COM,,Female,13,,1167,1.0
female/61/1_COM_13_1_1173.jpg,61,COM,,Female,13,,1173,1.0
female/61/1_COM_13_1_1235.jpg,61,COM,,Female,13,,1235,1.0
female/61/1_COM_13_1_1235.jpg,61,COM,,Female,13,,1235,1.0
female/61/1_COM_14_1_1093.jpg,61,COM,,Female,14,,1093,1.0
female/61/1_COM_14_1_1197.jpg,61,COM,,Female,14,,1197,1.0
female/61/1_COM_14_1_1197.jpg,61,COM,,Female,14,,1197,1.0
female/61/1_COM_14_1_1197.jpg,61,COM,,Female,14,,1197,1.0
female/61/1_COM_14_1_699.jpg,61,COM,,Female,14,,699,1.0
female/61/1_COM_14_1_699.jpg,61,COM,,Female,14,,699,1.0
female/61/1_COM_14_1_703.jpg,61,COM,,Female,14,,703,1.0
female/61/1_COM_14_1_719.jpg,61,COM,,Female,14,,719,1.0
female/61/1_COM_15_1_1151.jpg,61,COM,,Female,15,,1151,1.0
female/61/1_COM_15_1_1151.jpg,61,COM,,Female,15,,1151,1.0
female/61/1_COM_15_1_1153.jpg,61,COM,,Female,15,,1153,1.0
female/61/1_COM_15_1_1155.jpg,61,COM,,Female,15,,1155,1.0
female/61/1_COM_15_1_1198.jpg,61,COM,,Female,15,,1198,1.0
female/61/1_COM_15_1_1224.jpg,61,COM,,Female,15,,1224,1.0
female/61/1_COM_15_1_1224.jpg,61,COM,,Female,15,,1224,1.0
female/61/1_COM_15_1_1247.jpg,61,COM,,Female,15,,1247,1.0
female/61/1_COM_15_1_1257.jpg,61,COM,,Female,15,,1257,1.0
female/61/1_COM_15_1_1257.jpg,61,COM,,Female,15,,1257,1.0
female/61/1_COM_15_1_711.jpg,61,COM,,Female,15,,711,1.0
female/61/1_COM_15_1_729.jpg,61,COM,,Female,15,,729,1.0
female/61/1_COM_15_1_773.jpg,61,COM,,Female,15,,773,1.0
female/61/1_COM_15_1_774.jpg,61,COM,,Female,15,,774,1.0
female/61/1_COM_15_1_962.jpg,61,COM,,Female,15,,962,1.0
female/61/1_COM_15_2_933.jpg,61,COM,,Female,15,,933,2.0
female/61/1_COM_15_2_933.jpg,61,COM,,Female,15,,933,2.0
female/61/1_COM_15_2_952.jpg,61,COM,,Female,15,,952,2.0
female/61/1_COM_16_1_1205.jpg,61,COM,,Female,16,,1205,1.0
female/61/1_COM_16_1_762.jpg,61,COM,,Female,16,,762,1.0
female/61/1_COM_16_1_776.jpg,61,COM,,Female,16,,776,1.0
female/61/1_COM_16_2_1.jpg,61,COM,,Female,16,,1,2.0
female/61/1_COM_16_2_1.jpg,61,COM,,Female,16,,1,2.0
female/61/1_COM_16_2_1.jpg,61,COM,,Female,16,,1,2.0
female/61/1_COM_16_2_1130.jpg,61,COM,,Female,16,,1130,2.0
female/61/1_COM_16_2_1130.jpg,61,COM,,Female,16,,1130,2.0
female/61/1_COM_16_2_127.jpg,61,COM,,Female,16,,127,2.0
female/61/1_COM_16_2_1282.jpg,61,COM,,Female,16,,1282,2.0
female/61/1_COM_16_2_1282.jpg,61,COM,,Female,16,,1282,2.0
female/61/1_COM_16_2_1292.jpg,61,COM,,Female,16,,1292,2.0
female/61/1_COM_16_2_29.jpg,61,COM,,Female,16,,29,2.0
female/61/1_COM_16_2_29.jpg,61,COM,,Female,16,,29,2.0
female/61/1_COM_16_2_29.jpg,61,COM,,Female,16,,29,2.0
female/61/1_COM_16_2_304.jpg,61,COM,,Female,16,,304,2.0
female/61/1_COM_16_2_335.jpg,61,COM,,Female,16,,335,2.0
female/61/1_COM_16_2_35.jpg,61,COM,,Female,16,,35,2.0
female/61/1_COM_16_2_35.jpg,61,COM,,Female,16,,35,2.0
female/61/1_COM_16_2_992.jpg,61,COM,,Female,16,,992,2.0
female/61/1_COM_16_2_996.jpg,61,COM,,Female,16,,996,2.0
female/61/1_COM_16_2_997.jpg,61,COM,,Female,16,,997,2.0
female/61/1_COM_17_1_1210.jpg,61,COM,,Female,17,,1210,1.0
female/61/1_COM_17_1_1300.jpg,61,COM,,Female,17,,1300,1.0
female/61/1_COM_17_1_1300.jpg,61,COM,,Female,17,,1300,1.0
female/61/1_COM_17_2_1283.jpg,61,COM,,Female,17,,1283,2.0
female/61/1_COM_17_2_1283.jpg,61,COM,,Female,17,,1283,2.0
female/61/1_COM_17_2_149.jpg,61,COM,,Female,17,,149,2.0
female/61/1_COM_17_2_152.jpg,61,COM,,Female,17,,152,2.0
female/61/1_COM_17_2_263.jpg,61,COM,,Female,17,,263,2.0
female/61/1_COM_17_2_320.jpg,61,COM,,Female,17,,320,2.0
female/61/1_COM_17_2_320.jpg,61,COM,,Female,17,,320,2.0
female/61/1_COM_17_2_70.jpg,61,COM,,Female,17,,70,2.0
female/61/1_COM_17_2_865.jpg,61,COM,,Female,17,,865,2.0
female/61/1_COM_17_2_87.jpg,61,COM,,Female,17,,87,2.0
female/61/1_COM_17_2_87.jpg,61,COM,,Female,17,,87,2.0
female/61/1_COM_17_2_938.jpg,61,COM,,Female,17,,938,2.0
female/61/1_COM_17_2_938.jpg,61,COM,,Female,17,,938,2.0
female/61/1_COM_18_2_105.jpg,61,COM,,Female,18,,105,2.0
female/61/1_COM_18_2_105.jpg,61,COM,,Female,18,,105,2.0
female/61/1_COM_18_2_1290.jpg,61,COM,,Female,18,,1290,2.0
female/61/1_COM_18_2_214.jpg,61,COM,,Female,18,,214,2.0
female/61/1_COM_18_2_24.jpg,61,COM,,Female,18,,24,2.0
female/61/1_COM_18_2_879.jpg,61,COM,,Female,18,,879,2.0
female/61/1_DHA_11_1_1258.jpg,61,DHA,,Female,11,,1258,1.0
female/61/1_DHA_11_1_1258.jpg,61,DHA,,Female,11,,1258,1.0
female/61/1_DHA_11_1_645.jpg,61,DHA,,Female,11,,645,1.0
female/61/1_DHA_11_1_670.jpg,61,DHA,,Female,11,,670,1.0
female/61/1_DHA_11_1_769.jpg,61,DHA,,Female,11,,769,1.0
female/61/1_DHA_11_1_769.jpg,61,DHA,,Female,11,,769,1.0
female/61/1_DHA_11_1_769.jpg,61,DHA,,Female,11,,769,1.0
female/61/1_DHA_11_1_769.jpg,61,DHA,,Female,11,,769,1.0
female/61/1_DHA_12_1_1225.jpg,61,DHA,,Female,12,,1225,1.0
female/61/1_DHA_12_1_1225.jpg,61,DHA,,Female,12,,1225,1.0
female/61/1_DHA_12_1_1263.jpg,61,DHA,,Female,12,,1263,1.0
female/61/1_DHA_12_1_1263.jpg,61,DHA,,Female,12,,1263,1.0
female/61/1_DHA_12_1_1263.jpg,61,DHA,,Female,12,,1263,1.0
female/61/1_DHA_12_1_428.jpg,61,DHA,,Female,12,,428,1.0
female/61/1_DHA_12_1_640.jpg,61,DHA,,Female,12,,640,1.0
female/61/1_DHA_12_1_640.jpg,61,DHA,,Female,12,,640,1.0
female/61/1_DHA_12_1_640.jpg,61,DHA,,Female,12,,640,1.0
female/61/1_DHA_12_1_640.jpg,61,DHA,,Female,12,,640,1.0
female/61/1_DHA_12_1_641.jpg,61,DHA,,Female,12,,641,1.0
female/61/1_DHA_12_1_641.jpg,61,DHA,,Female,12,,641,1.0
female/61/1_DHA_12_1_642.jpg,61,DHA,,Female,12,,642,1.0
female/61/1_DHA_12_1_644.jpg,61,DHA,,Female,12,,644,1.0
female/61/1_DHA_12_1_646.jpg,61,DHA,,Female,12,,646,1.0
female/61/1_DHA_12_1_650.jpg,61,DHA,,Female,12,,650,1.0
female/61/1_DHA_12_1_651.jpg,61,DHA,,Female,12,,651,1.0
female/61/1_DHA_12_1_652.jpg,61,DHA,,Female,12,,652,1.0
female/61/1_DHA_12_1_657.jpg,61,DHA,,Female,12,,657,1.0
female/61/1_DHA_12_1_668.jpg,61,DHA,,Female,12,,668,1.0
female/61/1_DHA_12_1_668.jpg,61,DHA,,Female,12,,668,1.0
female/61/1_DHA_12_1_673.jpg,61,DHA,,Female,12,,673,1.0
female/61/1_DHA_12_1_675.jpg,61,DHA,,Female,12,,675,1.0
female/61/1_DHA_12_1_675.jpg,61,DHA,,Female,12,,675,1.0
female/61/1_DHA_12_1_679.jpg,61,DHA,,Female,12,,679,1.0
female/61/1_DHA_13_1_1016.jpg,61,DHA,,Female,13,,1016,1.0
female/61/1_DHA_13_1_1074.jpg,61,DHA,,Female,13,,1074,1.0
female/61/1_DHA_13_1_1172.jpg,61,DHA,,Female,13,,1172,1.0
female/61/1_DHA_13_1_1183.jpg,61,DHA,,Female,13,,1183,1.0
female/61/1_DHA_13_1_1183.jpg,61,DHA,,Female,13,,1183,1.0
female/61/1_DHA_13_1_1183.jpg,61,DHA,,Female,13,,1183,1.0
female/61/1_DHA_13_1_362.jpg,61,DHA,,Female,13,,362,1.0
female/61/1_DHA_13_1_362.jpg,61,DHA,,Female,13,,362,1.0
female/61/1_DHA_13_1_505.jpg,61,DHA,,Female,13,,505,1.0
female/61/1_DHA_13_1_505.jpg,61,DHA,,Female,13,,505,1.0
female/61/1_DHA_13_1_505.jpg,61,DHA,,Female,13,,505,1.0
female/61/1_DHA_13_1_511.jpg,61,DHA,,Female,13,,511,1.0
female/61/1_DHA_13_1_601.jpg,61,DHA,,Female,13,,601,1.0
female/61/1_DHA_13_1_605.jpg,61,DHA,,Female,13,,605,1.0
female/61/1_DHA_13_1_605.jpg,61,DHA,,Female,13,,605,1.0
female/61/1_DHA_13_1_623.jpg,61,DHA,,Female,13,,623,1.0
female/61/1_DHA_13_1_732.jpg,61,DHA,,Female,13,,732,1.0
female/61/1_DHA_13_1_733.jpg,61,DHA,,Female,13,,733,1.0
female/61/1_DHA_13_1_787.jpg,61,DHA,,Female,13,,787,1.0
female/61/1_DHA_13_1_827.jpg,61,DHA,,Female,13,,827,1.0
female/61/1_DHA_13_1_827.jpg,61,DHA,,Female,13,,827,1.0
female/61/1_DHA_13_1_827.jpg,61,DHA,,Female,13,,827,1.0
female/61/1_DHA_14_1_1171.jpg,61,DHA,,Female,14,,1171,1.0
female/61/1_DHA_14_1_1171.jpg,61,DHA,,Female,14,,1171,1.0
female/61/1_DHA_14_1_1177.jpg,61,DHA,,Female,14,,1177,1.0
female/61/1_DHA_14_1_1177.jpg,61,DHA,,Female,14,,1177,1.0
female/61/1_DHA_14_1_1178.jpg,61,DHA,,Female,14,,1178,1.0
female/61/1_DHA_14_1_1178.jpg,61,DHA,,Female,14,,1178,1.0
female/61/1_DHA_14_1_1188.jpg,61,DHA,,Female,14,,1188,1.0
female/61/1_DHA_14_1_1188.jpg,61,DHA,,Female,14,,1188,1.0
female/61/1_DHA_14_1_1189.jpg,61,DHA,,Female,14,,1189,1.0
female/61/1_DHA_14_1_1251.jpg,61,DHA,,Female,14,,1251,1.0
female/61/1_DHA_14_1_1253.jpg,61,DHA,,Female,14,,1253,1.0
female/61/1_DHA_14_1_1264.jpg,61,DHA,,Female,14,,1264,1.0
female/61/1_DHA_14_1_348.jpg,61,DHA,,Female,14,,348,1.0
female/61/1_DHA_14_1_350.jpg,61,DHA,,Female,14,,350,1.0
female/61/1_DHA_14_1_359.jpg,61,DHA,,Female,14,,359,1.0
female/61/1_DHA_14_1_360.jpg,61,DHA,,Female,14,,360,1.0
female/61/1_DHA_14_1_360.jpg,61,DHA,,Female,14,,360,1.0
female/61/1_DHA_14_1_360.jpg,61,DHA,,Female,14,,360,1.0
female/61/1_DHA_14_1_369.jpg,61,DHA,,Female,14,,369,1.0
female/61/1_DHA_14_1_429.jpg,61,DHA,,Female,14,,429,1.0
female/61/1_DHA_14_1_429.jpg,61,DHA,,Female,14,,429,1.0
female/61/1_DHA_14_1_504.jpg,61,DHA,,Female,14,,504,1.0
female/61/1_DHA_14_1_504.jpg,61,DHA,,Female,14,,504,1.0
female/61/1_DHA_14_1_506.jpg,61,DHA,,Female,14,,506,1.0
female/61/1_DHA_14_1_506.jpg,61,DHA,,Female,14,,506,1.0
female/61/1_DHA_14_1_506.jpg,61,DHA,,Female,14,,506,1.0
female/61/1_DHA_14_1_507.jpg,61,DHA,,Female,14,,507,1.0
female/61/1_DHA_14_1_508.jpg,61,DHA,,Female,14,,508,1.0
female/61/1_DHA_14_1_531.jpg,61,DHA,,Female,14,,531,1.0
female/61/1_DHA_14_1_544.jpg,61,DHA,,Female,14,,544,1.0
female/61/1_DHA_14_1_544.jpg,61,DHA,,Female,14,,544,1.0
female/61/1_DHA_14_1_574.jpg,61,DHA,,Female,14,,574,1.0
female/61/1_DHA_14_1_574.jpg,61,DHA,,Female,14,,574,1.0
female/61/1_DHA_14_1_576.jpg,61,DHA,,Female,14,,576,1.0
female/61/1_DHA_14_1_576.jpg,61,DHA,,Female,14,,576,1.0
female/61/1_DHA_14_1_577.jpg,61,DHA,,Female,14,,577,1.0
female/61/1_DHA_14_1_578.jpg,61,DHA,,Female,14,,578,1.0
female/61/1_DHA_14_1_589.jpg,61,DHA,,Female,14,,589,1.0
female/61/1_DHA_14_1_603.jpg,61,DHA,,Female,14,,603,1.0
female/61/1_DHA_14_1_606.jpg,61,DHA,,Female,14,,606,1.0
female/61/1_DHA_14_1_610.jpg,61,DHA,,Female,14,,610,1.0
female/61/1_DHA_14_1_610.jpg,61,DHA,,Female,14,,610,1.0
female/61/1_DHA_14_1_616.jpg,61,DHA,,Female,14,,616,1.0
female/61/1_DHA_14_1_618.jpg,61,DHA,,Female,14,,618,1.0
female/61/1_DHA_14_1_621.jpg,61,DHA,,Female,14,,621,1.0
female/61/1_DHA_14_1_621.jpg,61,DHA,,Female,14,,621,1.0
female/61/1_DHA_14_1_622.jpg,61,DHA,,Female,14,,622,1.0
female/61/1_DHA_14_1_622.jpg,61,DHA,,Female,14,,622,1.0
female/61/1_DHA_14_1_622.jpg,61,DHA,,Female,14,,622,1.0
female/61/1_DHA_14_1_624.jpg,61,DHA,,Female,14,,624,1.0
female/61/1_DHA_14_1_627.jpg,61,DHA,,Female,14,,627,1.0
female/61/1_DHA_14_1_636.jpg,61,DHA,,Female,14,,636,1.0
female/61/1_DHA_14_1_637.jpg,61,DHA,,Female,14,,637,1.0
female/61/1_DHA_14_1_683.jpg,61,DHA,,Female,14,,683,1.0
female/61/1_DHA_14_1_683.jpg,61,DHA,,Female,14,,683,1.0
female/61/1_DHA_14_1_683.jpg,61,DHA,,Female,14,,683,1.0
female/61/1_DHA_14_1_684.jpg,61,DHA,,Female,14,,684,1.0
female/61/1_DHA_14_1_685.jpg,61,DHA,,Female,14,,685,1.0
female/61/1_DHA_14_1_685.jpg,61,DHA,,Female,14,,685,1.0
female/61/1_DHA_14_1_707.jpg,61,DHA,,Female,14,,707,1.0
female/61/1_DHA_14_1_726.jpg,61,DHA,,Female,14,,726,1.0
female/61/1_DHA_14_1_726.jpg,61,DHA,,Female,14,,726,1.0
female/61/1_DHA_14_1_728.jpg,61,DHA,,Female,14,,728,1.0
female/61/1_DHA_14_1_730.jpg,61,DHA,,Female,14,,730,1.0
female/61/1_DHA_14_1_730.jpg,61,DHA,,Female,14,,730,1.0
female/61/1_DHA_14_1_738.jpg,61,DHA,,Female,14,,738,1.0
female/61/1_DHA_14_1_738.jpg,61,DHA,,Female,14,,738,1.0
female/61/1_DHA_14_1_739.jpg,61,DHA,,Female,14,,739,1.0
female/61/1_DHA_14_1_743.jpg,61,DHA,,Female,14,,743,1.0
female/61/1_DHA_14_1_743.jpg,61,DHA,,Female,14,,743,1.0
female/61/1_DHA_14_1_744.jpg,61,DHA,,Female,14,,744,1.0
female/61/1_DHA_14_1_744.jpg,61,DHA,,Female,14,,744,1.0
female/61/1_DHA_14_1_745.jpg,61,DHA,,Female,14,,745,1.0
female/61/1_DHA_14_1_745.jpg,61,DHA,,Female,14,,745,1.0
female/61/1_DHA_14_1_745.jpg,61,DHA,,Female,14,,745,1.0
female/61/1_DHA_14_1_805.jpg,61,DHA,,Female,14,,805,1.0
female/61/1_DHA_14_1_811.jpg,61,DHA,,Female,14,,811,1.0
female/61/1_DHA_14_1_815.jpg,61,DHA,,Female,14,,815,1.0
female/61/1_DHA_14_1_815.jpg,61,DHA,,Female,14,,815,1.0
female/61/1_DHA_14_1_816.jpg,61,DHA,,Female,14,,816,1.0
female/61/1_DHA_15_1_1020.jpg,61,DHA,,Female,15,,1020,1.0
female/61/1_DHA_15_1_1040.jpg,61,DHA,,Female,15,,1040,1.0
female/61/1_DHA_15_1_1043.jpg,61,DHA,,Female,15,,1043,1.0
female/61/1_DHA_15_1_1058.jpg,61,DHA,,Female,15,,1058,1.0
female/61/1_DHA_15_1_1108.jpg,61,DHA,,Female,15,,1108,1.0
female/61/1_DHA_15_1_1108.jpg,61,DHA,,Female,15,,1108,1.0
female/61/1_DHA_15_1_1170.jpg,61,DHA,,Female,15,,1170,1.0
female/61/1_DHA_15_1_1176.jpg,61,DHA,,Female,15,,1176,1.0
female/61/1_DHA_15_1_1199.jpg,61,DHA,,Female,15,,1199,1.0
female/61/1_DHA_15_1_1199.jpg,61,DHA,,Female,15,,1199,1.0
female/61/1_DHA_15_1_1203.jpg,61,DHA,,Female,15,,1203,1.0
female/61/1_DHA_15_1_1203.jpg,61,DHA,,Female,15,,1203,1.0
female/61/1_DHA_15_1_1206.jpg,61,DHA,,Female,15,,1206,1.0
female/61/1_DHA_15_1_1220.jpg,61,DHA,,Female,15,,1220,1.0
female/61/1_DHA_15_1_1230.jpg,61,DHA,,Female,15,,1230,1.0
female/61/1_DHA_15_1_1259.jpg,61,DHA,,Female,15,,1259,1.0
female/61/1_DHA_15_1_1261.jpg,61,DHA,,Female,15,,1261,1.0
female/61/1_DHA_15_1_1262.jpg,61,DHA,,Female,15,,1262,1.0
female/61/1_DHA_15_1_344.jpg,61,DHA,,Female,15,,344,1.0
female/61/1_DHA_15_1_344.jpg,61,DHA,,Female,15,,344,1.0
female/61/1_DHA_15_1_349.jpg,61,DHA,,Female,15,,349,1.0
female/61/1_DHA_15_1_349.jpg,61,DHA,,Female,15,,349,1.0
female/61/1_DHA_15_1_353.jpg,61,DHA,,Female,15,,353,1.0
female/61/1_DHA_15_1_357.jpg,61,DHA,,Female,15,,357,1.0
female/61/1_DHA_15_1_357.jpg,61,DHA,,Female,15,,357,1.0
female/61/1_DHA_15_1_364.jpg,61,DHA,,Female,15,,364,1.0
female/61/1_DHA_15_1_4.jpg,61,DHA,,Female,15,,4,1.0
female/61/1_DHA_15_1_430.jpg,61,DHA,,Female,15,,430,1.0
female/61/1_DHA_15_1_430.jpg,61,DHA,,Female,15,,430,1.0
female/61/1_DHA_15_1_517.jpg,61,DHA,,Female,15,,517,1.0
female/61/1_DHA_15_1_517.jpg,61,DHA,,Female,15,,517,1.0
female/61/1_DHA_15_1_522.jpg,61,DHA,,Female,15,,522,1.0
female/61/1_DHA_15_1_522.jpg,61,DHA,,Female,15,,522,1.0
female/61/1_DHA_15_1_522.jpg,61,DHA,,Female,15,,522,1.0
female/61/1_DHA_15_1_526.jpg,61,DHA,,Female,15,,526,1.0
female/61/1_DHA_15_1_526.jpg,61,DHA,,Female,15,,526,1.0
female/61/1_DHA_15_1_528.jpg,61,DHA,,Female,15,,528,1.0
female/61/1_DHA_15_1_528.jpg,61,DHA,,Female,15,,528,1.0
female/61/1_DHA_15_1_532.jpg,61,DHA,,Female,15,,532,1.0
female/61/1_DHA_15_1_538.jpg,61,DHA,,Female,15,,538,1.0
female/61/1_DHA_15_1_539.jpg,61,DHA,,Female,15,,539,1.0
female/61/1_DHA_15_1_539.jpg,61,DHA,,Female,15,,539,1.0
female/61/1_DHA_15_1_539.jpg,61,DHA,,Female,15,,539,1.0
female/61/1_DHA_15_1_541.jpg,61,DHA,,Female,15,,541,1.0
female/61/1_DHA_15_1_549.jpg,61,DHA,,Female,15,,549,1.0
female/61/1_DHA_15_1_549.jpg,61,DHA,,Female,15,,549,1.0
female/61/1_DHA_15_1_553.jpg,61,DHA,,Female,15,,553,1.0
female/61/1_DHA_15_1_554.jpg,61,DHA,,Female,15,,554,1.0
female/61/1_DHA_15_1_556.jpg,61,DHA,,Female,15,,556,1.0
female/61/1_DHA_15_1_560.jpg,61,DHA,,Female,15,,560,1.0
female/61/1_DHA_15_1_560.jpg,61,DHA,,Female,15,,560,1.0
female/61/1_DHA_15_1_564.jpg,61,DHA,,Female,15,,564,1.0
female/61/1_DHA_15_1_564.jpg,61,DHA,,Female,15,,564,1.0
female/61/1_DHA_15_1_565.jpg,61,DHA,,Female,15,,565,1.0
female/61/1_DHA_15_1_568.jpg,61,DHA,,Female,15,,568,1.0
female/61/1_DHA_15_1_572.jpg,61,DHA,,Female,15,,572,1.0
female/61/1_DHA_15_1_573.jpg,61,DHA,,Female,15,,573,1.0
female/61/1_DHA_15_1_573.jpg,61,DHA,,Female,15,,573,1.0
female/61/1_DHA_15_1_581.jpg,61,DHA,,Female,15,,581,1.0
female/61/1_DHA_15_1_581.jpg,61,DHA,,Female,15,,581,1.0
female/61/1_DHA_15_1_581.jpg,61,DHA,,Female,15,,581,1.0
female/61/1_DHA_15_1_585.jpg,61,DHA,,Female,15,,585,1.0
female/61/1_DHA_15_1_586.jpg,61,DHA,,Female,15,,586,1.0
female/61/1_DHA_15_1_604.jpg,61,DHA,,Female,15,,604,1.0
female/61/1_DHA_15_1_604.jpg,61,DHA,,Female,15,,604,1.0
female/61/1_DHA_15_1_611.jpg,61,DHA,,Female,15,,611,1.0
female/61/1_DHA_15_1_611.jpg,61,DHA,,Female,15,,611,1.0
female/61/1_DHA_15_1_611.jpg,61,DHA,,Female,15,,611,1.0
female/61/1_DHA_15_1_614.jpg,61,DHA,,Female,15,,614,1.0
female/61/1_DHA_15_1_620.jpg,61,DHA,,Female,15,,620,1.0
female/61/1_DHA_15_1_625.jpg,61,DHA,,Female,15,,625,1.0
female/61/1_DHA_15_1_626.jpg,61,DHA,,Female,15,,626,1.0
female/61/1_DHA_15_1_626.jpg,61,DHA,,Female,15,,626,1.0
female/61/1_DHA_15_1_634.jpg,61,DHA,,Female,15,,634,1.0
female/61/1_DHA_15_1_635.jpg,61,DHA,,Female,15,,635,1.0
female/61/1_DHA_15_1_686.jpg,61,DHA,,Female,15,,686,1.0
female/61/1_DHA_15_1_686.jpg,61,DHA,,Female,15,,686,1.0
female/61/1_DHA_15_1_686.jpg,61,DHA,,Female,15,,686,1.0
female/61/1_DHA_15_1_686.jpg,61,DHA,,Female,15,,686,1.0
female/61/1_DHA_15_1_686.jpg,61,DHA,,Female,15,,686,1.0
female/61/1_DHA_15_1_690.jpg,61,DHA,,Female,15,,690,1.0
female/61/1_DHA_15_1_735.jpg,61,DHA,,Female,15,,735,1.0
female/61/1_DHA_15_1_740.jpg,61,DHA,,Female,15,,740,1.0
female/61/1_DHA_15_1_740.jpg,61,DHA,,Female,15,,740,1.0
female/61/1_DHA_15_1_748.jpg,61,DHA,,Female,15,,748,1.0
female/61/1_DHA_15_1_751.jpg,61,DHA,,Female,15,,751,1.0
female/61/1_DHA_15_1_763.jpg,61,DHA,,Female,15,,763,1.0
female/61/1_DHA_15_1_778.jpg,61,DHA,,Female,15,,778,1.0
female/61/1_DHA_15_1_792.jpg,61,DHA,,Female,15,,792,1.0
female/61/1_DHA_15_1_792.jpg,61,DHA,,Female,15,,792,1.0
female/61/1_DHA_15_1_792.jpg,61,DHA,,Female,15,,792,1.0
female/61/1_DHA_15_1_796.jpg,61,DHA,,Female,15,,796,1.0
female/61/1_DHA_15_1_797.jpg,61,DHA,,Female,15,,797,1.0
female/61/1_DHA_15_1_804.jpg,61,DHA,,Female,15,,804,1.0
female/61/1_DHA_15_1_817.jpg,61,DHA,,Female,15,,817,1.0
female/61/1_DHA_15_1_819.jpg,61,DHA,,Female,15,,819,1.0
female/61/1_DHA_15_1_819.jpg,61,DHA,,Female,15,,819,1.0
female/61/1_DHA_15_1_821.jpg,61,DHA,,Female,15,,821,1.0
female/61/1_DHA_15_1_821.jpg,61,DHA,,Female,15,,821,1.0
female/61/1_DHA_15_1_822.jpg,61,DHA,,Female,15,,822,1.0
female/61/1_DHA_15_1_823.jpg,61,DHA,,Female,15,,823,1.0
female/61/1_DHA_15_1_863.jpg,61,DHA,,Female,15,,863,1.0
female/61/1_DHA_15_2_1000.jpg,61,DHA,,Female,15,,1000,2.0
female/61/1_DHA_15_2_1002.jpg,61,DHA,,Female,15,,1002,2.0
female/61/1_DHA_15_2_1002.jpg,61,DHA,,Female,15,,1002,2.0
female/61/1_DHA_15_2_111.jpg,61,DHA,,Female,15,,111,2.0
female/61/1_DHA_15_2_111.jpg,61,DHA,,Female,15,,111,2.0
female/61/1_DHA_15_2_112.jpg,61,DHA,,Female,15,,112,2.0
female/61/1_DHA_15_2_1269.jpg,61,DHA,,Female,15,,1269,2.0
female/61/1_DHA_15_2_1269.jpg,61,DHA,,Female,15,,1269,2.0
female/61/1_DHA_15_2_1269.jpg,61,DHA,,Female,15,,1269,2.0
female/61/1_DHA_15_2_1274.jpg,61,DHA,,Female,15,,1274,2.0
female/61/1_DHA_15_2_129.jpg,61,DHA,,Female,15,,129,2.0
female/61/1_DHA_15_2_129.jpg,61,DHA,,Female,15,,129,2.0
female/61/1_DHA_15_2_129.jpg,61,DHA,,Female,15,,129,2.0
female/61/1_DHA_15_2_179.jpg,61,DHA,,Female,15,,179,2.0
female/61/1_DHA_15_2_322.jpg,61,DHA,,Female,15,,322,2.0
female/61/1_DHA_15_2_41.jpg,61,DHA,,Female,15,,41,2.0
female/61/1_DHA_15_2_85.jpg,61,DHA,,Female,15,,85,2.0
female/61/1_DHA_15_2_85.jpg,61,DHA,,Female,15,,85,2.0
female/61/1_DHA_16_1_1013.jpg,61,DHA,,Female,16,,1013,1.0
female/61/1_DHA_16_1_1021.jpg,61,DHA,,Female,16,,1021,1.0
female/61/1_DHA_16_1_1021.jpg,61,DHA,,Female,16,,1021,1.0
female/61/1_DHA_16_1_1021.jpg,61,DHA,,Female,16,,1021,1.0
female/61/1_DHA_16_1_1023.jpg,61,DHA,,Female,16,,1023,1.0
female/61/1_DHA_16_1_1034.jpg,61,DHA,,Female,16,,1034,1.0
female/61/1_DHA_16_1_1034.jpg,61,DHA,,Female,16,,1034,1.0
female/61/1_DHA_16_1_1034.jpg,61,DHA,,Female,16,,1034,1.0
female/61/1_DHA_16_1_1035.jpg,61,DHA,,Female,16,,1035,1.0
female/61/1_DHA_16_1_1054.jpg,61,DHA,,Female,16,,1054,1.0
female/61/1_DHA_16_1_1054.jpg,61,DHA,,Female,16,,1054,1.0
female/61/1_DHA_16_1_1067.jpg,61,DHA,,Female,16,,1067,1.0
female/61/1_DHA_16_1_1067.jpg,61,DHA,,Female,16,,1067,1.0
female/61/1_DHA_16_1_1067.jpg,61,DHA,,Female,16,,1067,1.0
female/61/1_DHA_16_1_1068.jpg,61,DHA,,Female,16,,1068,1.0
female/61/1_DHA_16_1_1069.jpg,61,DHA,,Female,16,,1069,1.0
female/61/1_DHA_16_1_1070.jpg,61,DHA,,Female,16,,1070,1.0
female/61/1_DHA_16_1_1071.jpg,61,DHA,,Female,16,,1071,1.0
female/61/1_DHA_16_1_1071.jpg,61,DHA,,Female,16,,1071,1.0
female/61/1_DHA_16_1_1109.jpg,61,DHA,,Female,16,,1109,1.0
female/61/1_DHA_16_1_1109.jpg,61,DHA,,Female,16,,1109,1.0
female/61/1_DHA_16_1_1110.jpg,61,DHA,,Female,16,,1110,1.0
female/61/1_DHA_16_1_1115.jpg,61,DHA,,Female,16,,1115,1.0
female/61/1_DHA_16_1_1117.jpg,61,DHA,,Female,16,,1117,1.0
female/61/1_DHA_16_1_1204.jpg,61,DHA,,Female,16,,1204,1.0
female/61/1_DHA_16_1_1228.jpg,61,DHA,,Female,16,,1228,1.0
female/61/1_DHA_16_1_1229.jpg,61,DHA,,Female,16,,1229,1.0
female/61/1_DHA_16_1_1229.jpg,61,DHA,,Female,16,,1229,1.0
female/61/1_DHA_16_1_1229.jpg,61,DHA,,Female,16,,1229,1.0
female/61/1_DHA_16_1_1237.jpg,61,DHA,,Female,16,,1237,1.0
female/61/1_DHA_16_1_1237.jpg,61,DHA,,Female,16,,1237,1.0
female/61/1_DHA_16_1_1237.jpg,61,DHA,,Female,16,,1237,1.0
female/61/1_DHA_16_1_1250.jpg,61,DHA,,Female,16,,1250,1.0
female/61/1_DHA_16_1_343.jpg,61,DHA,,Female,16,,343,1.0
female/61/1_DHA_16_1_503.jpg,61,DHA,,Female,16,,503,1.0
female/61/1_DHA_16_1_530.jpg,61,DHA,,Female,16,,530,1.0
female/61/1_DHA_16_1_562.jpg,61,DHA,,Female,16,,562,1.0
female/61/1_DHA_16_1_562.jpg,61,DHA,,Female,16,,562,1.0
female/61/1_DHA_16_1_562.jpg,61,DHA,,Female,16,,562,1.0
female/61/1_DHA_16_1_580.jpg,61,DHA,,Female,16,,580,1.0
female/61/1_DHA_16_1_580.jpg,61,DHA,,Female,16,,580,1.0
female/61/1_DHA_16_1_580.jpg,61,DHA,,Female,16,,580,1.0
female/61/1_DHA_16_1_582.jpg,61,DHA,,Female,16,,582,1.0
female/61/1_DHA_16_1_809.jpg,61,DHA,,Female,16,,809,1.0
female/61/1_DHA_16_1_818.jpg,61,DHA,,Female,16,,818,1.0
female/61/1_DHA_16_1_835.jpg,61,DHA,,Female,16,,835,1.0
female/61/1_DHA_16_1_835.jpg,61,DHA,,Female,16,,835,1.0
female/61/1_DHA_16_1_835.jpg,61,DHA,,Female,16,,835,1.0
female/61/1_DHA_16_1_835.jpg,61,DHA,,Female,16,,835,1.0
female/61/1_DHA_16_1_864.jpg,61,DHA,,Female,16,,864,1.0
female/61/1_DHA_16_2_10.jpg,61,DHA,,Female,16,,10,2.0
female/61/1_DHA_16_2_1004.jpg,61,DHA,,Female,16,,1004,2.0
female/61/1_DHA_16_2_104.jpg,61,DHA,,Female,16,,104,2.0
female/61/1_DHA_16_2_107.jpg,61,DHA,,Female,16,,107,2.0
female/61/1_DHA_16_2_108.jpg,61,DHA,,Female,16,,108,2.0
female/61/1_DHA_16_2_115.jpg,61,DHA,,Female,16,,115,2.0
female/61/1_DHA_16_2_119.jpg,61,DHA,,Female,16,,119,2.0
female/61/1_DHA_16_2_12.jpg,61,DHA,,Female,16,,12,2.0
female/61/1_DHA_16_2_123.jpg,61,DHA,,Female,16,,123,2.0
female/61/1_DHA_16_2_123.jpg,61,DHA,,Female,16,,123,2.0
female/61/1_DHA_16_2_124.jpg,61,DHA,,Female,16,,124,2.0
female/61/1_DHA_16_2_124.jpg,61,DHA,,Female,16,,124,2.0
female/61/1_DHA_16_2_1286.jpg,61,DHA,,Female,16,,1286,2.0
female/61/1_DHA_16_2_1286.jpg,61,DHA,,Female,16,,1286,2.0
female/61/1_DHA_16_2_1293.jpg,61,DHA,,Female,16,,1293,2.0
female/61/1_DHA_16_2_1293.jpg,61,DHA,,Female,16,,1293,2.0
female/61/1_DHA_16_2_1294.jpg,61,DHA,,Female,16,,1294,2.0
female/61/1_DHA_16_2_13.jpg,61,DHA,,Female,16,,13,2.0
female/61/1_DHA_16_2_13.jpg,61,DHA,,Female,16,,13,2.0
female/61/1_DHA_16_2_130.jpg,61,DHA,,Female,16,,130,2.0
female/61/1_DHA_16_2_132.jpg,61,DHA,,Female,16,,132,2.0
female/61/1_DHA_16_2_132.jpg,61,DHA,,Female,16,,132,2.0
female/61/1_DHA_16_2_133.jpg,61,DHA,,Female,16,,133,2.0
female/61/1_DHA_16_2_133.jpg,61,DHA,,Female,16,,133,2.0
female/61/1_DHA_16_2_141.jpg,61,DHA,,Female,16,,141,2.0
female/61/1_DHA_16_2_146.jpg,61,DHA,,Female,16,,146,2.0
female/61/1_DHA_16_2_146.jpg,61,DHA,,Female,16,,146,2.0
female/61/1_DHA_16_2_15.jpg,61,DHA,,Female,16,,15,2.0
female/61/1_DHA_16_2_154.jpg,61,DHA,,Female,16,,154,2.0
female/61/1_DHA_16_2_158.jpg,61,DHA,,Female,16,,158,2.0
female/61/1_DHA_16_2_159.jpg,61,DHA,,Female,16,,159,2.0
female/61/1_DHA_16_2_167.jpg,61,DHA,,Female,16,,167,2.0
female/61/1_DHA_16_2_175.jpg,61,DHA,,Female,16,,175,2.0
female/61/1_DHA_16_2_175.jpg,61,DHA,,Female,16,,175,2.0
female/61/1_DHA_16_2_177.jpg,61,DHA,,Female,16,,177,2.0
female/61/1_DHA_16_2_180.jpg,61,DHA,,Female,16,,180,2.0
female/61/1_DHA_16_2_180.jpg,61,DHA,,Female,16,,180,2.0
female/61/1_DHA_16_2_182.jpg,61,DHA,,Female,16,,182,2.0
female/61/1_DHA_16_2_182.jpg,61,DHA,,Female,16,,182,2.0
female/61/1_DHA_16_2_189.jpg,61,DHA,,Female,16,,189,2.0
female/61/1_DHA_16_2_189.jpg,61,DHA,,Female,16,,189,2.0
female/61/1_DHA_16_2_193.jpg,61,DHA,,Female,16,,193,2.0
female/61/1_DHA_16_2_193.jpg,61,DHA,,Female,16,,193,2.0
female/61/1_DHA_16_2_196.jpg,61,DHA,,Female,16,,196,2.0
female/61/1_DHA_16_2_210.jpg,61,DHA,,Female,16,,210,2.0
female/61/1_DHA_16_2_211.jpg,61,DHA,,Female,16,,211,2.0
female/61/1_DHA_16_2_211.jpg,61,DHA,,Female,16,,211,2.0
female/61/1_DHA_16_2_211.jpg,61,DHA,,Female,16,,211,2.0
female/61/1_DHA_16_2_211.jpg,61,DHA,,Female,16,,211,2.0
female/61/1_DHA_16_2_213.jpg,61,DHA,,Female,16,,213,2.0
female/61/1_DHA_16_2_213.jpg,61,DHA,,Female,16,,213,2.0
female/61/1_DHA_16_2_213.jpg,61,DHA,,Female,16,,213,2.0
female/61/1_DHA_16_2_252.jpg,61,DHA,,Female,16,,252,2.0
female/61/1_DHA_16_2_253.jpg,61,DHA,,Female,16,,253,2.0
female/61/1_DHA_16_2_253.jpg,61,DHA,,Female,16,,253,2.0
female/61/1_DHA_16_2_254.jpg,61,DHA,,Female,16,,254,2.0
female/61/1_DHA_16_2_254.jpg,61,DHA,,Female,16,,254,2.0
female/61/1_DHA_16_2_254.jpg,61,DHA,,Female,16,,254,2.0
female/61/1_DHA_16_2_254.jpg,61,DHA,,Female,16,,254,2.0
female/61/1_DHA_16_2_260.jpg,61,DHA,,Female,16,,260,2.0
female/61/1_DHA_16_2_260.jpg,61,DHA,,Female,16,,260,2.0
female/61/1_DHA_16_2_260.jpg,61,DHA,,Female,16,,260,2.0
female/61/1_DHA_16_2_27.jpg,61,DHA,,Female,16,,27,2.0
female/61/1_DHA_16_2_27.jpg,61,DHA,,Female,16,,27,2.0
female/61/1_DHA_16_2_28.jpg,61,DHA,,Female,16,,28,2.0
female/61/1_DHA_16_2_283.jpg,61,DHA,,Female,16,,283,2.0
female/61/1_DHA_16_2_283.jpg,61,DHA,,Female,16,,283,2.0
female/61/1_DHA_16_2_294.jpg,61,DHA,,Female,16,,294,2.0
female/61/1_DHA_16_2_301.jpg,61,DHA,,Female,16,,301,2.0
female/61/1_DHA_16_2_309.jpg,61,DHA,,Female,16,,309,2.0
female/61/1_DHA_16_2_309.jpg,61,DHA,,Female,16,,309,2.0
female/61/1_DHA_16_2_32.jpg,61,DHA,,Female,16,,32,2.0
female/61/1_DHA_16_2_32.jpg,61,DHA,,Female,16,,32,2.0
female/61/1_DHA_16_2_324.jpg,61,DHA,,Female,16,,324,2.0
female/61/1_DHA_16_2_324.jpg,61,DHA,,Female,16,,324,2.0
female/61/1_DHA_16_2_326.jpg,61,DHA,,Female,16,,326,2.0
female/61/1_DHA_16_2_328.jpg,61,DHA,,Female,16,,328,2.0
female/61/1_DHA_16_2_334.jpg,61,DHA,,Female,16,,334,2.0
female/61/1_DHA_16_2_336.jpg,61,DHA,,Female,16,,336,2.0
female/61/1_DHA_16_2_336.jpg,61,DHA,,Female,16,,336,2.0
female/61/1_DHA_16_2_336.jpg,61,DHA,,Female,16,,336,2.0
female/61/1_DHA_16_2_44.jpg,61,DHA,,Female,16,,44,2.0
female/61/1_DHA_16_2_49.jpg,61,DHA,,Female,16,,49,2.0
female/61/1_DHA_16_2_50.jpg,61,DHA,,Female,16,,50,2.0
female/61/1_DHA_16_2_50.jpg,61,DHA,,Female,16,,50,2.0
female/61/1_DHA_16_2_6.jpg,61,DHA,,Female,16,,6,2.0
female/61/1_DHA_16_2_6.jpg,61,DHA,,Female,16,,6,2.0
female/61/1_DHA_16_2_6.jpg,61,DHA,,Female,16,,6,2.0
female/61/1_DHA_16_2_66.jpg,61,DHA,,Female,16,,66,2.0
female/61/1_DHA_16_2_66.jpg,61,DHA,,Female,16,,66,2.0
female/61/1_DHA_16_2_66.jpg,61,DHA,,Female,16,,66,2.0
female/61/1_DHA_16_2_82.jpg,61,DHA,,Female,16,,82,2.0
female/61/1_DHA_16_2_857.jpg,61,DHA,,Female,16,,857,2.0
female/61/1_DHA_16_2_869.jpg,61,DHA,,Female,16,,869,2.0
female/61/1_DHA_16_2_869.jpg,61,DHA,,Female,16,,869,2.0
female/61/1_DHA_16_2_869.jpg,61,DHA,,Female,16,,869,2.0
female/61/1_DHA_16_2_869.jpg,61,DHA,,Female,16,,869,2.0
female/61/1_DHA_16_2_89.jpg,61,DHA,,Female,16,,89,2.0
female/61/1_DHA_16_2_89.jpg,61,DHA,,Female,16,,89,2.0
female/61/1_DHA_16_2_90.jpg,61,DHA,,Female,16,,90,2.0
female/61/1_DHA_16_2_900.jpg,61,DHA,,Female,16,,900,2.0
female/61/1_DHA_16_2_900.jpg,61,DHA,,Female,16,,900,2.0
female/61/1_DHA_16_2_905.jpg,61,DHA,,Female,16,,905,2.0
female/61/1_DHA_16_2_907.jpg,61,DHA,,Female,16,,907,2.0
female/61/1_DHA_16_2_907.jpg,61,DHA,,Female,16,,907,2.0
female/61/1_DHA_16_2_907.jpg,61,DHA,,Female,16,,907,2.0
female/61/1_DHA_16_2_910.jpg,61,DHA,,Female,16,,910,2.0
female/61/1_DHA_16_2_910.jpg,61,DHA,,Female,16,,910,2.0
female/61/1_DHA_16_2_910.jpg,61,DHA,,Female,16,,910,2.0
female/61/1_DHA_16_2_910.jpg,61,DHA,,Female,16,,910,2.0
female/61/1_DHA_16_2_911.jpg,61,DHA,,Female,16,,911,2.0
female/61/1_DHA_16_2_939.jpg,61,DHA,,Female,16,,939,2.0
female/61/1_DHA_16_2_940.jpg,61,DHA,,Female,16,,940,2.0
female/61/1_DHA_16_2_940.jpg,61,DHA,,Female,16,,940,2.0
female/61/1_DHA_16_2_941.jpg,61,DHA,,Female,16,,941,2.0
female/61/1_DHA_16_2_941.jpg,61,DHA,,Female,16,,941,2.0
female/61/1_DHA_16_2_941.jpg,61,DHA,,Female,16,,941,2.0
female/61/1_DHA_16_2_941.jpg,61,DHA,,Female,16,,941,2.0
female/61/1_DHA_16_2_942.jpg,61,DHA,,Female,16,,942,2.0
female/61/1_DHA_16_2_942.jpg,61,DHA,,Female,16,,942,2.0
female/61/1_DHA_16_2_942.jpg,61,DHA,,Female,16,,942,2.0
female/61/1_DHA_16_2_942.jpg,61,DHA,,Female,16,,942,2.0
female/61/1_DHA_16_2_97.jpg,61,DHA,,Female,16,,97,2.0
female/61/1_DHA_16_2_984.jpg,61,DHA,,Female,16,,984,2.0
female/61/1_DHA_16_2_99.jpg,61,DHA,,Female,16,,99,2.0
female/61/1_DHA_16_2_99.jpg,61,DHA,,Female,16,,99,2.0
female/61/1_DHA_16_2_995.jpg,61,DHA,,Female,16,,995,2.0
female/61/1_DHA_16_2_999.jpg,61,DHA,,Female,16,,999,2.0
female/61/1_DHA_16_2_999.jpg,61,DHA,,Female,16,,999,2.0
female/61/1_DHA_16_2_999.jpg,61,DHA,,Female,16,,999,2.0
female/61/1_DHA_16_2_999.jpg,61,DHA,,Female,16,,999,2.0
female/61/1_DHA_17_1_1019.jpg,61,DHA,,Female,17,,1019,1.0
female/61/1_DHA_17_1_1019.jpg,61,DHA,,Female,17,,1019,1.0
female/61/1_DHA_17_1_1028.jpg,61,DHA,,Female,17,,1028,1.0
female/61/1_DHA_17_1_1045.jpg,61,DHA,,Female,17,,1045,1.0
female/61/1_DHA_17_1_1073.jpg,61,DHA,,Female,17,,1073,1.0
female/61/1_DHA_17_1_1077.jpg,61,DHA,,Female,17,,1077,1.0
female/61/1_DHA_17_1_1077.jpg,61,DHA,,Female,17,,1077,1.0
female/61/1_DHA_17_1_1111.jpg,61,DHA,,Female,17,,1111,1.0
female/61/1_DHA_17_1_1202.jpg,61,DHA,,Female,17,,1202,1.0
female/61/1_DHA_17_1_1202.jpg,61,DHA,,Female,17,,1202,1.0
female/61/1_DHA_17_1_1202.jpg,61,DHA,,Female,17,,1202,1.0
female/61/1_DHA_17_1_1232.jpg,61,DHA,,Female,17,,1232,1.0
female/61/1_DHA_17_1_836.jpg,61,DHA,,Female,17,,836,1.0
female/61/1_DHA_17_1_966.jpg,61,DHA,,Female,17,,966,1.0
female/61/1_DHA_17_2_1017.jpg,61,DHA,,Female,17,,1017,2.0
female/61/1_DHA_17_2_1017.jpg,61,DHA,,Female,17,,1017,2.0
female/61/1_DHA_17_2_103.jpg,61,DHA,,Female,17,,103,2.0
female/61/1_DHA_17_2_103.jpg,61,DHA,,Female,17,,103,2.0
female/61/1_DHA_17_2_103.jpg,61,DHA,,Female,17,,103,2.0
female/61/1_DHA_17_2_117.jpg,61,DHA,,Female,17,,117,2.0
female/61/1_DHA_17_2_120.jpg,61,DHA,,Female,17,,120,2.0
female/61/1_DHA_17_2_121.jpg,61,DHA,,Female,17,,121,2.0
female/61/1_DHA_17_2_1218.jpg,61,DHA,,Female,17,,1218,2.0
female/61/1_DHA_17_2_122.jpg,61,DHA,,Female,17,,122,2.0
female/61/1_DHA_17_2_1222.jpg,61,DHA,,Female,17,,1222,2.0
female/61/1_DHA_17_2_1226.jpg,61,DHA,,Female,17,,1226,2.0
female/61/1_DHA_17_2_1226.jpg,61,DHA,,Female,17,,1226,2.0
female/61/1_DHA_17_2_125.jpg,61,DHA,,Female,17,,125,2.0
female/61/1_DHA_17_2_125.jpg,61,DHA,,Female,17,,125,2.0
female/61/1_DHA_17_2_126.jpg,61,DHA,,Female,17,,126,2.0
female/61/1_DHA_17_2_1266.jpg,61,DHA,,Female,17,,1266,2.0
female/61/1_DHA_17_2_1266.jpg,61,DHA,,Female,17,,1266,2.0
female/61/1_DHA_17_2_1287.jpg,61,DHA,,Female,17,,1287,2.0
female/61/1_DHA_17_2_1287.jpg,61,DHA,,Female,17,,1287,2.0
female/61/1_DHA_17_2_1287.jpg,61,DHA,,Female,17,,1287,2.0
female/61/1_DHA_17_2_1295.jpg,61,DHA,,Female,17,,1295,2.0
female/61/1_DHA_17_2_137.jpg,61,DHA,,Female,17,,137,2.0
female/61/1_DHA_17_2_147.jpg,61,DHA,,Female,17,,147,2.0
female/61/1_DHA_17_2_155.jpg,61,DHA,,Female,17,,155,2.0
female/61/1_DHA_17_2_155.jpg,61,DHA,,Female,17,,155,2.0
female/61/1_DHA_17_2_161.jpg,61,DHA,,Female,17,,161,2.0
female/61/1_DHA_17_2_161.jpg,61,DHA,,Female,17,,161,2.0
female/61/1_DHA_17_2_162.jpg,61,DHA,,Female,17,,162,2.0
female/61/1_DHA_17_2_164.jpg,61,DHA,,Female,17,,164,2.0
female/61/1_DHA_17_2_166.jpg,61,DHA,,Female,17,,166,2.0
female/61/1_DHA_17_2_166.jpg,61,DHA,,Female,17,,166,2.0
female/61/1_DHA_17_2_170.jpg,61,DHA,,Female,17,,170,2.0
female/61/1_DHA_17_2_18.jpg,61,DHA,,Female,17,,18,2.0
female/61/1_DHA_17_2_181.jpg,61,DHA,,Female,17,,181,2.0
female/61/1_DHA_17_2_181.jpg,61,DHA,,Female,17,,181,2.0
female/61/1_DHA_17_2_181.jpg,61,DHA,,Female,17,,181,2.0
female/61/1_DHA_17_2_183.jpg,61,DHA,,Female,17,,183,2.0
female/61/1_DHA_17_2_183.jpg,61,DHA,,Female,17,,183,2.0
female/61/1_DHA_17_2_188.jpg,61,DHA,,Female,17,,188,2.0
female/61/1_DHA_17_2_188.jpg,61,DHA,,Female,17,,188,2.0
female/61/1_DHA_17_2_19.jpg,61,DHA,,Female,17,,19,2.0
female/61/1_DHA_17_2_19.jpg,61,DHA,,Female,17,,19,2.0
female/61/1_DHA_17_2_19.jpg,61,DHA,,Female,17,,19,2.0
female/61/1_DHA_17_2_195.jpg,61,DHA,,Female,17,,195,2.0
female/61/1_DHA_17_2_200.jpg,61,DHA,,Female,17,,200,2.0
female/61/1_DHA_17_2_200.jpg,61,DHA,,Female,17,,200,2.0
female/61/1_DHA_17_2_202.jpg,61,DHA,,Female,17,,202,2.0
female/61/1_DHA_17_2_202.jpg,61,DHA,,Female,17,,202,2.0
female/61/1_DHA_17_2_202.jpg,61,DHA,,Female,17,,202,2.0
female/61/1_DHA_17_2_207.jpg,61,DHA,,Female,17,,207,2.0
female/61/1_DHA_17_2_207.jpg,61,DHA,,Female,17,,207,2.0
female/61/1_DHA_17_2_21.jpg,61,DHA,,Female,17,,21,2.0
female/61/1_DHA_17_2_21.jpg,61,DHA,,Female,17,,21,2.0
female/61/1_DHA_17_2_215.jpg,61,DHA,,Female,17,,215,2.0
female/61/1_DHA_17_2_218.jpg,61,DHA,,Female,17,,218,2.0
female/61/1_DHA_17_2_221.jpg,61,DHA,,Female,17,,221,2.0
female/61/1_DHA_17_2_229.jpg,61,DHA,,Female,17,,229,2.0
female/61/1_DHA_17_2_230.jpg,61,DHA,,Female,17,,230,2.0
female/61/1_DHA_17_2_235.jpg,61,DHA,,Female,17,,235,2.0
female/61/1_DHA_17_2_237.jpg,61,DHA,,Female,17,,237,2.0
female/61/1_DHA_17_2_238.jpg,61,DHA,,Female,17,,238,2.0
female/61/1_DHA_17_2_238.jpg,61,DHA,,Female,17,,238,2.0
female/61/1_DHA_17_2_239.jpg,61,DHA,,Female,17,,239,2.0
female/61/1_DHA_17_2_239.jpg,61,DHA,,Female,17,,239,2.0
female/61/1_DHA_17_2_245.jpg,61,DHA,,Female,17,,245,2.0
female/61/1_DHA_17_2_246.jpg,61,DHA,,Female,17,,246,2.0
female/61/1_DHA_17_2_246.jpg,61,DHA,,Female,17,,246,2.0
female/61/1_DHA_17_2_246.jpg,61,DHA,,Female,17,,246,2.0
female/61/1_DHA_17_2_251.jpg,61,DHA,,Female,17,,251,2.0
female/61/1_DHA_17_2_257.jpg,61,DHA,,Female,17,,257,2.0
female/61/1_DHA_17_2_262.jpg,61,DHA,,Female,17,,262,2.0
female/61/1_DHA_17_2_264.jpg,61,DHA,,Female,17,,264,2.0
female/61/1_DHA_17_2_275.jpg,61,DHA,,Female,17,,275,2.0
female/61/1_DHA_17_2_276.jpg,61,DHA,,Female,17,,276,2.0
female/61/1_DHA_17_2_277.jpg,61,DHA,,Female,17,,277,2.0
female/61/1_DHA_17_2_278.jpg,61,DHA,,Female,17,,278,2.0
female/61/1_DHA_17_2_282.jpg,61,DHA,,Female,17,,282,2.0
female/61/1_DHA_17_2_286.jpg,61,DHA,,Female,17,,286,2.0
female/61/1_DHA_17_2_297.jpg,61,DHA,,Female,17,,297,2.0
female/61/1_DHA_17_2_310.jpg,61,DHA,,Female,17,,310,2.0
female/61/1_DHA_17_2_312.jpg,61,DHA,,Female,17,,312,2.0
female/61/1_DHA_17_2_312.jpg,61,DHA,,Female,17,,312,2.0
female/61/1_DHA_17_2_313.jpg,61,DHA,,Female,17,,313,2.0
female/61/1_DHA_17_2_313.jpg,61,DHA,,Female,17,,313,2.0
female/61/1_DHA_17_2_314.jpg,61,DHA,,Female,17,,314,2.0
female/61/1_DHA_17_2_315.jpg,61,DHA,,Female,17,,315,2.0
female/61/1_DHA_17_2_316.jpg,61,DHA,,Female,17,,316,2.0
female/61/1_DHA_17_2_337.jpg,61,DHA,,Female,17,,337,2.0
female/61/1_DHA_17_2_337.jpg,61,DHA,,Female,17,,337,2.0
female/61/1_DHA_17_2_43.jpg,61,DHA,,Female,17,,43,2.0
female/61/1_DHA_17_2_5.jpg,61,DHA,,Female,17,,5,2.0
female/61/1_DHA_17_2_5.jpg,61,DHA,,Female,17,,5,2.0
female/61/1_DHA_17_2_5.jpg,61,DHA,,Female,17,,5,2.0
female/61/1_DHA_17_2_51.jpg,61,DHA,,Female,17,,51,2.0
female/61/1_DHA_17_2_60.jpg,61,DHA,,Female,17,,60,2.0
female/61/1_DHA_17_2_60.jpg,61,DHA,,Female,17,,60,2.0
female/61/1_DHA_17_2_60.jpg,61,DHA,,Female,17,,60,2.0
female/61/1_DHA_17_2_61.jpg,61,DHA,,Female,17,,61,2.0
female/61/1_DHA_17_2_63.jpg,61,DHA,,Female,17,,63,2.0
female/61/1_DHA_17_2_63.jpg,61,DHA,,Female,17,,63,2.0
female/61/1_DHA_17_2_639.jpg,61,DHA,,Female,17,,639,2.0
female/61/1_DHA_17_2_65.jpg,61,DHA,,Female,17,,65,2.0
female/61/1_DHA_17_2_65.jpg,61,DHA,,Female,17,,65,2.0
female/61/1_DHA_17_2_67.jpg,61,DHA,,Female,17,,67,2.0
female/61/1_DHA_17_2_73.jpg,61,DHA,,Female,17,,73,2.0
female/61/1_DHA_17_2_76.jpg,61,DHA,,Female,17,,76,2.0
female/61/1_DHA_17_2_77.jpg,61,DHA,,Female,17,,77,2.0
female/61/1_DHA_17_2_77.jpg,61,DHA,,Female,17,,77,2.0
female/61/1_DHA_17_2_8.jpg,61,DHA,,Female,17,,8,2.0
female/61/1_DHA_17_2_8.jpg,61,DHA,,Female,17,,8,2.0
female/61/1_DHA_17_2_839.jpg,61,DHA,,Female,17,,839,2.0
female/61/1_DHA_17_2_845.jpg,61,DHA,,Female,17,,845,2.0
female/61/1_DHA_17_2_845.jpg,61,DHA,,Female,17,,845,2.0
female/61/1_DHA_17_2_847.jpg,61,DHA,,Female,17,,847,2.0
female/61/1_DHA_17_2_849.jpg,61,DHA,,Female,17,,849,2.0
female/61/1_DHA_17_2_849.jpg,61,DHA,,Female,17,,849,2.0
female/61/1_DHA_17_2_849.jpg,61,DHA,,Female,17,,849,2.0
female/61/1_DHA_17_2_853.jpg,61,DHA,,Female,17,,853,2.0
female/61/1_DHA_17_2_853.jpg,61,DHA,,Female,17,,853,2.0
female/61/1_DHA_17_2_856.jpg,61,DHA,,Female,17,,856,2.0
female/61/1_DHA_17_2_856.jpg,61,DHA,,Female,17,,856,2.0
female/61/1_DHA_17_2_856.jpg,61,DHA,,Female,17,,856,2.0
female/61/1_DHA_17_2_858.jpg,61,DHA,,Female,17,,858,2.0
female/61/1_DHA_17_2_858.jpg,61,DHA,,Female,17,,858,2.0
female/61/1_DHA_17_2_858.jpg,61,DHA,,Female,17,,858,2.0
female/61/1_DHA_17_2_858.jpg,61,DHA,,Female,17,,858,2.0
female/61/1_DHA_17_2_858.jpg,61,DHA,,Female,17,,858,2.0
female/61/1_DHA_17_2_859.jpg,61,DHA,,Female,17,,859,2.0
female/61/1_DHA_17_2_861.jpg,61,DHA,,Female,17,,861,2.0
female/61/1_DHA_17_2_862.jpg,61,DHA,,Female,17,,862,2.0
female/61/1_DHA_17_2_878.jpg,61,DHA,,Female,17,,878,2.0
female/61/1_DHA_17_2_909.jpg,61,DHA,,Female,17,,909,2.0
female/61/1_DHA_17_2_915.jpg,61,DHA,,Female,17,,915,2.0
female/61/1_DHA_17_2_919.jpg,61,DHA,,Female,17,,919,2.0
female/61/1_DHA_17_2_92.jpg,61,DHA,,Female,17,,92,2.0
female/61/1_DHA_17_2_922.jpg,61,DHA,,Female,17,,922,2.0
female/61/1_DHA_17_2_93.jpg,61,DHA,,Female,17,,93,2.0
female/61/1_DHA_17_2_93.jpg,61,DHA,,Female,17,,93,2.0
female/61/1_DHA_17_2_949.jpg,61,DHA,,Female,17,,949,2.0
female/61/1_DHA_17_2_980.jpg,61,DHA,,Female,17,,980,2.0
female/61/1_DHA_17_2_980.jpg,61,DHA,,Female,17,,980,2.0
female/61/1_DHA_17_2_987.jpg,61,DHA,,Female,17,,987,2.0
female/61/1_DHA_18_2_135.jpg,61,DHA,,Female,18,,135,2.0
female/61/1_DHA_18_2_135.jpg,61,DHA,,Female,18,,135,2.0
female/61/1_DHA_18_2_135.jpg,61,DHA,,Female,18,,135,2.0
female/61/1_DHA_18_2_171.jpg,61,DHA,,Female,18,,171,2.0
female/61/1_DHA_18_2_172.jpg,61,DHA,,Female,18,,172,2.0
female/61/1_DHA_18_2_216.jpg,61,DHA,,Female,18,,216,2.0
female/61/1_DHA_18_2_216.jpg,61,DHA,,Female,18,,216,2.0
female/61/1_DHA_18_2_217.jpg,61,DHA,,Female,18,,217,2.0
female/61/1_DHA_18_2_227.jpg,61,DHA,,Female,18,,227,2.0
female/61/1_DHA_18_2_23.jpg,61,DHA,,Female,18,,23,2.0
female/61/1_DHA_18_2_23.jpg,61,DHA,,Female,18,,23,2.0
female/61/1_DHA_18_2_240.jpg,61,DHA,,Female,18,,240,2.0
female/61/1_DHA_18_2_244.jpg,61,DHA,,Female,18,,244,2.0
female/61/1_DHA_18_2_244.jpg,61,DHA,,Female,18,,244,2.0
female/61/1_DHA_18_2_244.jpg,61,DHA,,Female,18,,244,2.0
female/61/1_DHA_18_2_244.jpg,61,DHA,,Female,18,,244,2.0
female/61/1_DHA_18_2_26.jpg,61,DHA,,Female,18,,26,2.0
female/61/1_DHA_18_2_273.jpg,61,DHA,,Female,18,,273,2.0
female/61/1_DHA_18_2_273.jpg,61,DHA,,Female,18,,273,2.0
female/61/1_DHA_18_2_273.jpg,61,DHA,,Female,18,,273,2.0
female/61/1_DHA_18_2_284.jpg,61,DHA,,Female,18,,284,2.0
female/61/1_DHA_18_2_306.jpg,61,DHA,,Female,18,,306,2.0
female/61/1_DHA_18_2_306.jpg,61,DHA,,Female,18,,306,2.0
female/61/1_DHA_18_2_521.jpg,61,DHA,,Female,18,,521,2.0
female/61/1_DHA_18_2_521.jpg,61,DHA,,Female,18,,521,2.0
female/61/1_DHA_18_2_850.jpg,61,DHA,,Female,18,,850,2.0
female/61/1_DHA_18_2_850.jpg,61,DHA,,Female,18,,850,2.0
female/61/1_DHA_18_2_860.jpg,61,DHA,,Female,18,,860,2.0
female/61/1_DHA_18_2_871.jpg,61,DHA,,Female,18,,871,2.0
female/61/1_DHA_18_2_871.jpg,61,DHA,,Female,18,,871,2.0
female/61/1_DHA_18_2_871.jpg,61,DHA,,Female,18,,871,2.0
female/61/1_DHA_18_2_9.jpg,61,DHA,,Female,18,,9,2.0
female/61/1_DHA_18_2_912.jpg,61,DHA,,Female,18,,912,2.0
female/61/1_DHA_18_2_930.jpg,61,DHA,,Female,18,,930,2.0
female/61/1_DHA_18_2_930.jpg,61,DHA,,Female,18,,930,2.0
female/61/1_DHA_19_3_499.jpg,61,DHA,,Female,19,,499,3.0
female/61/1_DHA_20_3_341.jpg,61,DHA,,Female,20,,341,3.0
female/61/1_DHA_22_3_496.jpg,61,DHA,,Female,22,,496,3.0
female/61/1_DHA_22_3_496.jpg,61,DHA,,Female,22,,496,3.0
female/61/1_DHA_23_3_495.jpg,61,DHA,,Female,23,,495,3.0
female/61/1_DHA_23_3_495.jpg,61,DHA,,Female,23,,495,3.0
female/61/1_DHA_23_3_497.jpg,61,DHA,,Female,23,,497,3.0
female/61/1_DIN_16_2_59.jpg,61,DIN,,Female,16,,59,2.0
female/61/1_DIN_16_2_59.jpg,61,DIN,,Female,16,,59,2.0
female/61/1_DIN_16_2_59.jpg,61,DIN,,Female,16,,59,2.0
female/61/1_FAR_13_1_1041.jpg,61,FAR,,Female,13,,1041,1.0
female/61/1_FAR_13_1_1041.jpg,61,FAR,,Female,13,,1041,1.0
female/61/1_FAR_13_1_1041.jpg,61,FAR,,Female,13,,1041,1.0
female/61/1_FAR_13_1_1057.jpg,61,FAR,,Female,13,,1057,1.0
female/61/1_FAR_13_1_1057.jpg,61,FAR,,Female,13,,1057,1.0
female/61/1_FAR_13_1_1159.jpg,61,FAR,,Female,13,,1159,1.0
female/61/1_FAR_15_1_692.jpg,61,FAR,,Female,15,,692,1.0
female/61/1_FAR_15_1_692.jpg,61,FAR,,Female,15,,692,1.0
female/61/1_FAR_15_1_965.jpg,61,FAR,,Female,15,,965,1.0
female/61/1_FAR_16_1_1121.jpg,61,FAR,,Female,16,,1121,1.0
female/61/1_FAR_17_2_318.jpg,61,FAR,,Female,17,,318,2.0
female/61/1_FAR_17_2_318.jpg,61,FAR,,Female,17,,318,2.0
female/61/1_FAR_17_2_318.jpg,61,FAR,,Female,17,,318,2.0
female/61/1_FAR_17_2_69.jpg,61,FAR,,Female,17,,69,2.0
female/61/1_FEN_13_1_661.jpg,61,FEN,,Female,13,,661,1.0
female/61/1_FEN_13_1_661.jpg,61,FEN,,Female,13,,661,1.0
female/61/1_FEN_14_1_1010.jpg,61,FEN,,Female,14,,1010,1.0
female/61/1_FEN_15_1_1008.jpg,61,FEN,,Female,15,,1008,1.0
female/61/1_FEN_15_2_918.jpg,61,FEN,,Female,15,,918,2.0
female/61/1_FEN_15_2_918.jpg,61,FEN,,Female,15,,918,2.0
female/61/1_FEN_15_2_918.jpg,61,FEN,,Female,15,,918,2.0
female/61/1_FEN_16_2_113.jpg,61,FEN,,Female,16,,113,2.0
female/61/1_FEN_16_2_113.jpg,61,FEN,,Female,16,,113,2.0
female/61/1_FEN_16_2_920.jpg,61,FEN,,Female,16,,920,2.0
female/61/1_FEN_16_2_920.jpg,61,FEN,,Female,16,,920,2.0
female/61/1_FEN_16_2_920.jpg,61,FEN,,Female,16,,920,2.0
female/61/1_FEN_16_2_953.jpg,61,FEN,,Female,16,,953,2.0
female/61/1_FEN_16_2_953.jpg,61,FEN,,Female,16,,953,2.0
female/61/1_FEN_17_2_233.jpg,61,FEN,,Female,17,,233,2.0
female/61/1_FEN_18_2_1128.jpg,61,FEN,,Female,18,,1128,2.0
female/61/1_FEN_18_2_873.jpg,61,FEN,,Female,18,,873,2.0
female/61/1_FEN_18_2_873.jpg,61,FEN,,Female,18,,873,2.0
female/61/1_GAI_14_1_1009.jpg,61,GAI,,Female,14,,1009,1.0
female/61/1_GAI_14_1_801.jpg,61,GAI,,Female,14,,801,1.0
female/61/1_GAI_14_1_801.jpg,61,GAI,,Female,14,,801,1.0
female/61/1_GAI_15_1_800.jpg,61,GAI,,Female,15,,800,1.0
female/61/1_GAI_15_1_800.jpg,61,GAI,,Female,15,,800,1.0
female/61/1_GAZ_12_1_824.jpg,61,GAZ,,Female,12,,824,1.0
female/61/1_GAZ_15_2_955.jpg,61,GAZ,,Female,15,,955,2.0
female/61/1_GAZ_15_2_955.jpg,61,GAZ,,Female,15,,955,2.0
female/61/1_GOP_11_1_830.jpg,61,GOP,,Female,11,,830,1.0
female/61/1_GOP_14_1_1076.jpg,61,GOP,,Female,14,,1076,1.0
female/61/1_GOP_14_1_1076.jpg,61,GOP,,Female,14,,1076,1.0
female/61/1_GOP_15_1_713.jpg,61,GOP,,Female,15,,713,1.0
female/61/1_GOP_15_1_713.jpg,61,GOP,,Female,15,,713,1.0
female/61/1_GOP_15_1_713.jpg,61,GOP,,Female,15,,713,1.0
female/61/1_GOP_15_1_713.jpg,61,GOP,,Female,15,,713,1.0
female/61/1_GOP_15_1_713.jpg,61,GOP,,Female,15,,713,1.0
female/61/1_GOP_17_2_895.jpg,61,GOP,,Female,17,,895,2.0
female/61/1_GOP_17_2_896.jpg,61,GOP,,Female,17,,896,2.0
female/61/1_HAB_14_1_1249.jpg,61,HAB,,Female,14,,1249,1.0
female/61/1_HAB_14_1_1249.jpg,61,HAB,,Female,14,,1249,1.0
female/61/1_JAM_14_1_354.jpg,61,JAM,,Female,14,,354,1.0
female/61/1_JAM_16_1_1271.jpg,61,JAM,,Female,16,,1271,1.0
female/61/1_JES_14_1_352.jpg,61,JES,,Female,14,,352,1.0
female/61/1_JES_14_1_352.jpg,61,JES,,Female,14,,352,1.0
female/61/1_JES_16_2_292.jpg,61,JES,,Female,16,,292,2.0
female/61/1_JES_16_2_323.jpg,61,JES,,Female,16,,323,2.0
female/61/1_JES_17_2_224.jpg,61,JES,,Female,17,,224,2.0
female/61/1_JES_17_2_224.jpg,61,JES,,Female,17,,224,2.0
female/61/1_KHU_13_1_1175.jpg,61,KHU,,Female,13,,1175,1.0
female/61/1_KHU_13_1_1175.jpg,61,KHU,,Female,13,,1175,1.0
female/61/1_KHU_13_1_1236.jpg,61,KHU,,Female,13,,1236,1.0
female/61/1_KHU_13_1_1236.jpg,61,KHU,,Female,13,,1236,1.0
female/61/1_KHU_13_1_1236.jpg,61,KHU,,Female,13,,1236,1.0
female/61/1_KHU_13_1_1236.jpg,61,KHU,,Female,13,,1236,1.0
female/61/1_KHU_15_1_1143.jpg,61,KHU,,Female,15,,1143,1.0
female/61/1_KHU_15_1_1143.jpg,61,KHU,,Female,15,,1143,1.0
female/61/1_KHU_15_1_1143.jpg,61,KHU,,Female,15,,1143,1.0
female/61/1_KHU_15_1_368.jpg,61,KHU,,Female,15,,368,1.0
female/61/1_KHU_16_2_7.jpg,61,KHU,,Female,16,,7,2.0
female/61/1_KHU_16_2_7.jpg,61,KHU,,Female,16,,7,2.0
female/61/1_KHU_16_2_7.jpg,61,KHU,,Female,16,,7,2.0
female/61/1_KIS_13_1_1047.jpg,61,KIS,,Female,13,,1047,1.0
female/61/1_KIS_15_1_1112.jpg,61,KIS,,Female,15,,1112,1.0
female/61/1_KIS_15_1_1112.jpg,61,KIS,,Female,15,,1112,1.0
female/61/1_KIS_15_1_775.jpg,61,KIS,,Female,15,,775,1.0
female/61/1_KIS_17_2_929.jpg,61,KIS,,Female,17,,929,2.0
female/61/1_KIS_17_2_929.jpg,61,KIS,,Female,17,,929,2.0
female/61/1_KUS_14_1_687.jpg,61,KUS,,Female,14,,687,1.0
female/61/1_LAK_12_1_672.jpg,61,LAK,,Female,12,,672,1.0
female/61/1_LAK_12_1_672.jpg,61,LAK,,Female,12,,672,1.0
female/61/1_LAK_14_1_974.jpg,61,LAK,,Female,14,,974,1.0
female/61/1_LAK_16_2_340.jpg,61,LAK,,Female,16,,340,2.0
female/61/1_LAK_17_2_843.jpg,61,LAK,,Female,17,,843,2.0
female/61/1_LAK_17_2_904.jpg,61,LAK,,Female,17,,904,2.0
female/61/1_LAK_18_2_319.jpg,61,LAK,,Female,18,,319,2.0
female/61/1_LAK_18_2_319.jpg,61,LAK,,Female,18,,319,2.0
female/61/1_LAK_18_2_319.jpg,61,LAK,,Female,18,,319,2.0
female/61/1_MAD_14_1_1015.jpg,61,MAD,,Female,14,,1015,1.0
female/61/1_MAD_14_1_1015.jpg,61,MAD,,Female,14,,1015,1.0
female/61/1_MAD_14_1_1015.jpg,61,MAD,,Female,14,,1015,1.0
female/61/1_MAD_14_1_779.jpg,61,MAD,,Female,14,,779,1.0
female/61/1_MAD_16_1_1038.jpg,61,MAD,,Female,16,,1038,1.0
female/61/1_MAD_16_1_1038.jpg,61,MAD,,Female,16,,1038,1.0
female/61/1_MAD_16_2_150.jpg,61,MAD,,Female,16,,150,2.0
female/61/1_MAD_16_2_150.jpg,61,MAD,,Female,16,,150,2.0
female/61/1_MAD_16_2_150.jpg,61,MAD,,Female,16,,150,2.0
female/61/1_MAD_16_2_98.jpg,61,MAD,,Female,16,,98,2.0
female/61/1_MAD_17_2_1273.jpg,61,MAD,,Female,17,,1273,2.0
female/61/1_MAD_17_2_241.jpg,61,MAD,,Female,17,,241,2.0
female/61/1_MAD_17_2_45.jpg,61,MAD,,Female,17,,45,2.0
female/61/1_MAD_17_2_95.jpg,61,MAD,,Female,17,,95,2.0
female/61/1_MAD_19_3_342.jpg,61,MAD,,Female,19,,342,3.0
female/61/1_MAN_13_1_1089.jpg,61,MAN,,Female,13,,1089,1.0
female/61/1_MAN_13_1_1089.jpg,61,MAN,,Female,13,,1089,1.0
female/61/1_MAN_13_1_1089.jpg,61,MAN,,Female,13,,1089,1.0
female/61/1_MAN_13_1_1089.jpg,61,MAN,,Female,13,,1089,1.0
female/61/1_MAN_13_1_1089.jpg,61,MAN,,Female,13,,1089,1.0
female/61/1_MAN_14_1_1216.jpg,61,MAN,,Female,14,,1216,1.0
female/61/1_MAN_14_1_1216.jpg,61,MAN,,Female,14,,1216,1.0
female/61/1_MUN_11_1_681.jpg,61,MUN,,Female,11,,681,1.0
female/61/1_MUN_11_1_681.jpg,61,MUN,,Female,11,,681,1.0
female/61/1_MUN_12_1_667.jpg,61,MUN,,Female,12,,667,1.0
female/61/1_MUN_12_1_754.jpg,61,MUN,,Female,12,,754,1.0
female/61/1_MUN_12_1_754.jpg,61,MUN,,Female,12,,754,1.0
female/61/1_MUN_12_1_754.jpg,61,MUN,,Female,12,,754,1.0
female/61/1_MUN_12_1_754.jpg,61,MUN,,Female,12,,754,1.0
female/61/1_MUN_12_1_761.jpg,61,MUN,,Female,12,,761,1.0
female/61/1_MUN_12_1_832.jpg,61,MUN,,Female,12,,832,1.0
female/61/1_MUN_13_1_1161.jpg,61,MUN,,Female,13,,1161,1.0
female/61/1_MUN_13_1_1168.jpg,61,MUN,,Female,13,,1168,1.0
female/61/1_MUN_13_1_1168.jpg,61,MUN,,Female,13,,1168,1.0
female/61/1_MUN_13_1_1168.jpg,61,MUN,,Female,13,,1168,1.0
female/61/1_MUN_13_1_1168.jpg,61,MUN,,Female,13,,1168,1.0
female/61/1_MUN_14_1_1082.jpg,61,MUN,,Female,14,,1082,1.0
female/61/1_MUN_14_1_1158.jpg,61,MUN,,Female,14,,1158,1.0
female/61/1_MUN_14_1_1162.jpg,61,MUN,,Female,14,,1162,1.0
female/61/1_MUN_14_1_1165.jpg,61,MUN,,Female,14,,1165,1.0
female/61/1_MUN_14_1_1165.jpg,61,MUN,,Female,14,,1165,1.0
female/61/1_MUN_14_1_1165.jpg,61,MUN,,Female,14,,1165,1.0
female/61/1_MUN_14_1_1245.jpg,61,MUN,,Female,14,,1245,1.0
female/61/1_MUN_14_1_1245.jpg,61,MUN,,Female,14,,1245,1.0
female/61/1_MUN_14_1_500.jpg,61,MUN,,Female,14,,500,1.0
female/61/1_MUN_14_1_500.jpg,61,MUN,,Female,14,,500,1.0
female/61/1_MUN_14_1_786.jpg,61,MUN,,Female,14,,786,1.0
female/61/1_MUN_15_1_1140.jpg,61,MUN,,Female,15,,1140,1.0
female/61/1_MUN_15_1_367.jpg,61,MUN,,Female,15,,367,1.0
female/61/1_MUN_15_1_502.jpg,61,MUN,,Female,15,,502,1.0
female/61/1_MUN_15_1_697.jpg,61,MUN,,Female,15,,697,1.0
female/61/1_MUN_15_1_701.jpg,61,MUN,,Female,15,,701,1.0
female/61/1_MUN_15_1_718.jpg,61,MUN,,Female,15,,718,1.0
female/61/1_MUN_16_1_1032.jpg,61,MUN,,Female,16,,1032,1.0
female/61/1_MUN_16_1_1044.jpg,61,MUN,,Female,16,,1044,1.0
female/61/1_MUN_16_1_1044.jpg,61,MUN,,Female,16,,1044,1.0
female/61/1_MUN_16_1_1066.jpg,61,MUN,,Female,16,,1066,1.0
female/61/1_MUN_16_1_1079.jpg,61,MUN,,Female,16,,1079,1.0
female/61/1_MUN_16_1_1079.jpg,61,MUN,,Female,16,,1079,1.0
female/61/1_MUN_16_1_780.jpg,61,MUN,,Female,16,,780,1.0
female/61/1_MUN_16_2_101.jpg,61,MUN,,Female,16,,101,2.0
female/61/1_MUN_16_2_1272.jpg,61,MUN,,Female,16,,1272,2.0
female/61/1_MUN_16_2_1272.jpg,61,MUN,,Female,16,,1272,2.0
female/61/1_MUN_16_2_1272.jpg,61,MUN,,Female,16,,1272,2.0
female/61/1_MUN_16_2_317.jpg,61,MUN,,Female,16,,317,2.0
female/61/1_MUN_16_2_914.jpg,61,MUN,,Female,16,,914,2.0
female/61/1_MUN_16_2_931.jpg,61,MUN,,Female,16,,931,2.0
female/61/1_MUN_16_2_931.jpg,61,MUN,,Female,16,,931,2.0
female/61/1_MUN_16_2_993.jpg,61,MUN,,Female,16,,993,2.0
female/61/1_MUN_16_2_993.jpg,61,MUN,,Female,16,,993,2.0
female/61/1_MUN_17_2_114.jpg,61,MUN,,Female,17,,114,2.0
female/61/1_MUN_17_2_114.jpg,61,MUN,,Female,17,,114,2.0
female/61/1_MUN_17_2_1279.jpg,61,MUN,,Female,17,,1279,2.0
female/61/1_MUN_17_2_1279.jpg,61,MUN,,Female,17,,1279,2.0
female/61/1_MUN_17_2_203.jpg,61,MUN,,Female,17,,203,2.0
female/61/1_MUN_17_2_203.jpg,61,MUN,,Female,17,,203,2.0
female/61/1_MUN_17_2_266.jpg,61,MUN,,Female,17,,266,2.0
female/61/1_MUN_17_2_897.jpg,61,MUN,,Female,17,,897,2.0
female/61/1_MUN_18_2_1127.jpg,61,MUN,,Female,18,,1127,2.0
female/61/1_MUN_18_2_876.jpg,61,MUN,,Female,18,,876,2.0
female/61/1_MUN_18_2_876.jpg,61,MUN,,Female,18,,876,2.0
female/61/1_MUN_18_2_876.jpg,61,MUN,,Female,18,,876,2.0
female/61/1_MYM_13_1_1196.jpg,61,MYM,,Female,13,,1196,1.0
female/61/1_MYM_14_1_1157.jpg,61,MYM,,Female,14,,1157,1.0
female/61/1_MYM_14_1_688.jpg,61,MYM,,Female,14,,688,1.0
female/61/1_MYM_14_1_688.jpg,61,MYM,,Female,14,,688,1.0
female/61/1_MYM_15_1_958.jpg,61,MYM,,Female,15,,958,1.0
female/61/1_MYM_15_1_958.jpg,61,MYM,,Female,15,,958,1.0
female/61/1_MYM_15_1_958.jpg,61,MYM,,Female,15,,958,1.0
female/61/1_MYM_16_2_923.jpg,61,MYM,,Female,16,,923,2.0
female/61/1_MYM_16_2_923.jpg,61,MYM,,Female,16,,923,2.0
female/61/1_MYM_17_2_222.jpg,61,MYM,,Female,17,,222,2.0
female/61/1_MYM_17_2_222.jpg,61,MYM,,Female,17,,222,2.0
female/61/1_NAR_14_1_515.jpg,61,NAR,,Female,14,,515,1.0
female/61/1_NAR_14_1_515.jpg,61,NAR,,Female,14,,515,1.0
female/61/1_NAR_14_1_515.jpg,61,NAR,,Female,14,,515,1.0
female/61/1_NAR_15_1_790.jpg,61,NAR,,Female,15,,790,1.0
female/61/1_NAR_15_2_281.jpg,61,NAR,,Female,15,,281,2.0
female/61/1_NAR_16_2_1288.jpg,61,NAR,,Female,16,,1288,2.0
female/61/1_NAR_16_2_302.jpg,61,NAR,,Female,16,,302,2.0
female/61/1_NAR_16_2_872.jpg,61,NAR,,Female,16,,872,2.0
female/61/1_NAR_17_2_890.jpg,61,NAR,,Female,17,,890,2.0
female/61/1_NAR_17_2_890.jpg,61,NAR,,Female,17,,890,2.0
female/61/1_NAR_17_2_917.jpg,61,NAR,,Female,17,,917,2.0
female/61/1_NAR_17_2_917.jpg,61,NAR,,Female,17,,917,2.0
female/61/1_NET_12_1_649.jpg,61,NET,,Female,12,,649,1.0
female/61/1_NET_12_1_649.jpg,61,NET,,Female,12,,649,1.0
female/61/1_NOA_12_1_765.jpg,61,NOA,,Female,12,,765,1.0
female/61/1_NOA_12_1_765.jpg,61,NOA,,Female,12,,765,1.0
female/61/1_NOA_12_1_765.jpg,61,NOA,,Female,12,,765,1.0
female/61/1_NOA_12_1_833.jpg,61,NOA,,Female,12,,833,1.0
female/61/1_NOA_13_1_1090.jpg,61,NOA,,Female,13,,1090,1.0
female/61/1_NOA_13_1_1105.jpg,61,NOA,,Female,13,,1105,1.0
female/61/1_NOA_14_1_1164.jpg,61,NOA,,Female,14,,1164,1.0
female/61/1_NOA_14_1_615.jpg,61,NOA,,Female,14,,615,1.0
female/61/1_NOA_14_1_615.jpg,61,NOA,,Female,14,,615,1.0
female/61/1_NOA_14_1_710.jpg,61,NOA,,Female,14,,710,1.0
female/61/1_NOA_14_1_793.jpg,61,NOA,,Female,14,,793,1.0
female/61/1_NOA_14_1_793.jpg,61,NOA,,Female,14,,793,1.0
female/61/1_NOA_14_1_793.jpg,61,NOA,,Female,14,,793,1.0
female/61/1_NOA_14_1_976.jpg,61,NOA,,Female,14,,976,1.0
female/61/1_NOA_15_1_705.jpg,61,NOA,,Female,15,,705,1.0
female/61/1_NOA_15_1_705.jpg,61,NOA,,Female,15,,705,1.0
female/61/1_NOA_15_1_705.jpg,61,NOA,,Female,15,,705,1.0
female/61/1_NOA_15_1_964.jpg,61,NOA,,Female,15,,964,1.0
female/61/1_NOA_15_1_964.jpg,61,NOA,,Female,15,,964,1.0
female/61/1_NOA_16_2_303.jpg,61,NOA,,Female,16,,303,2.0
female/61/1_NOA_17_2_191.jpg,61,NOA,,Female,17,,191,2.0
female/61/1_NOA_17_2_191.jpg,61,NOA,,Female,17,,191,2.0
female/61/1_NOA_17_2_191.jpg,61,NOA,,Female,17,,191,2.0
female/61/1_NOA_17_2_311.jpg,61,NOA,,Female,17,,311,2.0
female/61/1_NOA_18_2_234.jpg,61,NOA,,Female,18,,234,2.0
female/61/1_PAB_13_1_1033.jpg,61,PAB,,Female,13,,1033,1.0
female/61/1_PAB_15_1_557.jpg,61,PAB,,Female,15,,557,1.0
female/61/1_PAB_15_1_557.jpg,61,PAB,,Female,15,,557,1.0
female/61/1_PAT_14_1_712.jpg,61,PAT,,Female,14,,712,1.0
female/61/1_RAJ_14_1_356.jpg,61,RAJ,,Female,14,,356,1.0
female/61/1_RAJ_14_1_727.jpg,61,RAJ,,Female,14,,727,1.0
female/61/1_RAJ_14_1_727.jpg,61,RAJ,,Female,14,,727,1.0
female/61/1_RAJ_15_1_694.jpg,61,RAJ,,Female,15,,694,1.0
female/61/1_RAJ_15_1_721.jpg,61,RAJ,,Female,15,,721,1.0
female/61/1_RAJ_15_1_721.jpg,61,RAJ,,Female,15,,721,1.0
female/61/1_RAJ_16_2_295.jpg,61,RAJ,,Female,16,,295,2.0
female/61/1_RAN_14_1_1084.jpg,61,RAN,,Female,14,,1084,1.0
female/61/1_RAN_14_1_1084.jpg,61,RAN,,Female,14,,1084,1.0
female/61/1_RAN_14_1_1084.jpg,61,RAN,,Female,14,,1084,1.0
female/61/1_SAT_17_2_1211.jpg,61,SAT,,Female,17,,1211,2.0
female/61/1_SHA_11_1_669.jpg,61,SHA,,Female,11,,669,1.0
female/61/1_SHA_11_1_669.jpg,61,SHA,,Female,11,,669,1.0
female/61/1_SHA_11_1_669.jpg,61,SHA,,Female,11,,669,1.0
female/61/1_SHA_12_1_757.jpg,61,SHA,,Female,12,,757,1.0
female/61/1_SHA_12_1_757.jpg,61,SHA,,Female,12,,757,1.0
female/61/1_SHA_12_1_757.jpg,61,SHA,,Female,12,,757,1.0
female/61/1_SHA_12_1_757.jpg,61,SHA,,Female,12,,757,1.0
female/61/1_SHA_12_1_825.jpg,61,SHA,,Female,12,,825,1.0
female/61/1_SHA_13_1_968.jpg,61,SHA,,Female,13,,968,1.0
female/61/1_SHA_13_1_968.jpg,61,SHA,,Female,13,,968,1.0
female/61/1_SHA_13_1_968.jpg,61,SHA,,Female,13,,968,1.0
female/61/1_SHA_14_1_1101.jpg,61,SHA,,Female,14,,1101,1.0
female/61/1_SHA_14_1_1101.jpg,61,SHA,,Female,14,,1101,1.0
female/61/1_SHA_14_1_1101.jpg,61,SHA,,Female,14,,1101,1.0
female/61/1_SHA_14_1_1101.jpg,61,SHA,,Female,14,,1101,1.0
female/61/1_SHA_14_1_1101.jpg,61,SHA,,Female,14,,1101,1.0
female/61/1_SHA_14_1_519.jpg,61,SHA,,Female,14,,519,1.0
female/61/1_SHA_14_1_704.jpg,61,SHA,,Female,14,,704,1.0
female/61/1_SHA_14_1_704.jpg,61,SHA,,Female,14,,704,1.0
female/61/1_SHA_14_1_704.jpg,61,SHA,,Female,14,,704,1.0
female/61/1_SHA_15_1_550.jpg,61,SHA,,Female,15,,550,1.0
female/61/1_SHA_15_1_550.jpg,61,SHA,,Female,15,,550,1.0
female/61/1_SHA_15_1_550.jpg,61,SHA,,Female,15,,550,1.0
female/61/1_SHA_15_1_550.jpg,61,SHA,,Female,15,,550,1.0
female/61/1_SHA_15_1_771.jpg,61,SHA,,Female,15,,771,1.0
female/61/1_SHA_15_1_799.jpg,61,SHA,,Female,15,,799,1.0
female/61/1_SHA_15_1_960.jpg,61,SHA,,Female,15,,960,1.0
female/61/1_SHA_16_1_1119.jpg,61,SHA,,Female,16,,1119,1.0
female/61/1_SHA_16_1_1119.jpg,61,SHA,,Female,16,,1119,1.0
female/61/1_SHA_16_2_270.jpg,61,SHA,,Female,16,,270,2.0
female/61/1_SHA_17_1_638.jpg,61,SHA,,Female,17,,638,1.0
female/61/1_SHA_17_2_83.jpg,61,SHA,,Female,17,,83,2.0
female/61/1_SHA_18_2_854.jpg,61,SHA,,Female,18,,854,2.0
female/61/1_SHA_18_2_854.jpg,61,SHA,,Female,18,,854,2.0
female/61/1_TAN_16_1_1152.jpg,61,TAN,,Female,16,,1152,1.0
female/61/1_TAN_16_2_55.jpg,61,TAN,,Female,16,,55,2.0
female/61/1_TAN_16_2_55.jpg,61,TAN,,Female,16,,55,2.0
female/61/1_TAN_17_2_855.jpg,61,TAN,,Female,17,,855,2.0
female/61/1_TAN_17_2_855.jpg,61,TAN,,Female,17,,855,2.0
female/61/1_TAN_17_2_855.jpg,61,TAN,,Female,17,,855,2.0
female/61/1_TAN_17_2_855.jpg,61,TAN,,Female,17,,855,2.0
female/66/1_DHA_15_2_198.jpg,66,DHA,,Female,15,,198,2.0
female/66/1_DHA_15_2_198.jpg,66,DHA,,Female,15,,198,2.0
female/66/1_DHA_15_2_198.jpg,66,DHA,,Female,15,,198,2.0
female/66/1_DHA_15_2_198.jpg,66,DHA,,Female,15,,198,2.0
female/66/1_DHA_15_2_198.jpg,66,DHA,,Female,15,,198,2.0
female/66/1_DHA_15_2_198.jpg,66,DHA,,Female,15,,198,2.0
female/66/1_DHA_15_2_198.jpg,66,DHA,,Female,15,,198,2.0
female/66/1_DHA_15_2_198.jpg,66,DHA,,Female,15,,198,2.0
female/66/1_DHA_15_2_198.jpg,66,DHA,,Female,15,,198,2.0
female/66/1_DHA_15_2_198.jpg,66,DHA,,Female,15,,198,2.0
female/66/1_DHA_15_2_198.jpg,66,DHA,,Female,15,,198,2.0
female/66/1_DHA_15_2_198.jpg,66,DHA,,Female,15,,198,2.0
female/66/1_DHA_15_2_198.jpg,66,DHA,,Female,15,,198,2.0
female/66/1_DHA_15_2_198.jpg,66,DHA,,Female,15,,198,2.0
female/66/1_DHA_15_2_198.jpg,66,DHA,,Female,15,,198,2.0
female/66/1_DHA_15_2_198.jpg,66,DHA,,Female,15,,198,2.0
female/66/1_DHA_15_2_198.jpg,66,DHA,,Female,15,,198,2.0
female/66/1_DHA_15_2_198.jpg,66,DHA,,Female,15,,198,2.0
female/66/1_DHA_15_2_198.jpg,66,DHA,,Female,15,,198,2.0
female/66/1_DHA_15_2_198.jpg,66,DHA,,Female,15,,198,2.0
female/66/1_DHA_15_2_198.jpg,66,DHA,,Female,15,,198,2.0
female/66/1_DHA_15_2_198.jpg,66,DHA,,Female,15,,198,2.0
female/66/1_DHA_15_2_198.jpg,66,DHA,,Female,15,,198,2.0
female/66/1_DHA_15_2_198.jpg,66,DHA,,Female,15,,198,2.0
female/66/1_DHA_15_2_198.jpg,66,DHA,,Female,15,,198,2.0
female/66/1_DHA_15_2_198.jpg,66,DHA,,Female,15,,198,2.0
female/66/1_DHA_15_2_198.jpg,66,DHA,,Female,15,,198,2.0
female/66/1_DHA_15_2_198.jpg,66,DHA,,Female,15,,198,2.0
female/66/1_DHA_15_2_198.jpg,66,DHA,,Female,15,,198,2.0
female/66/1_DHA_15_2_198.jpg,66,DHA,,Female,15,,198,2.0
female/66/1_DHA_15_2_198.jpg,66,DHA,,Female,15,,198,2.0
female/66/1_DHA_15_2_198.jpg,66,DHA,,Female,15,,198,2.0
female/66/1_DHA_15_2_198.jpg,66,DHA,,Female,15,,198,2.0
female/66/1_DHA_15_2_198.jpg,66,DHA,,Female,15,,198,2.0
female/66/1_DHA_15_2_198.jpg,66,DHA,,Female,15,,198,2.0
female/66/1_DHA_15_2_198.jpg,66,DHA,,Female,15,,198,2.0
female/66/1_DHA_15_2_198.jpg,66,DHA,,Female,15,,198,2.0
female/66/1_DHA_15_2_198.jpg,66,DHA,,Female,15,,198,2.0
female/66/1_DHA_15_2_198.jpg,66,DHA,,Female,15,,198,2.0
female/66/1_DHA_15_2_198.jpg,66,DHA,,Female,15,,198,2.0
female/66/1_DHA_15_2_198.jpg,66,DHA,,Female,15,,198,2.0
female/66/1_DHA_15_2_198.jpg,66,DHA,,Female,15,,198,2.0
female/66/1_DHA_15_2_198.jpg,66,DHA,,Female,15,,198,2.0
female/66/1_DHA_15_2_198.jpg,66,DHA,,Female,15,,198,2.0
female/66/1_DHA_15_2_198.jpg,66,DHA,,Female,15,,198,2.0
female/66/1_DHA_15_2_198.jpg,66,DHA,,Female,15,,198,2.0
female/66/1_DHA_15_2_198.jpg,66,DHA,,Female,15,,198,2.0
female/66/1_DHA_15_2_198.jpg,66,DHA,,Female,15,,198,2.0
female/66/1_DHA_15_2_198.jpg,66,DHA,,Female,15,,198,2.0
female/66/1_DHA_15_2_198.jpg,66,DHA,,Female,15,,198,2.0
female/66/1_DHA_15_2_198.jpg,66,DHA,,Female,15,,198,2.0
female/66/1_DHA_15_2_198.jpg,66,DHA,,Female,15,,198,2.0
female/66/1_DHA_15_2_198.jpg,66,DHA,,Female,15,,198,2.0
female/66/1_DHA_15_2_198.jpg,66,DHA,,Female,15,,198,2.0
female/66/1_DHA_15_2_198.jpg,66,DHA,,Female,15,,198,2.0
female/66/1_DHA_15_2_198.jpg,66,DHA,,Female,15,,198,2.0
female/66/1_DHA_15_2_198.jpg,66,DHA,,Female,15,,198,2.0
female/66/1_DHA_15_2_198.jpg,66,DHA,,Female,15,,198,2.0
female/66/1_DHA_15_2_198.jpg,66,DHA,,Female,15,,198,2.0
female/66/1_DHA_15_2_198.jpg,66,DHA,,Female,15,,198,2.0
female/66/1_DHA_15_2_198.jpg,66,DHA,,Female,15,,198,2.0
female/66/1_DHA_15_2_198.jpg,66,DHA,,Female,15,,198,2.0
female/66/1_DHA_15_2_198.jpg,66,DHA,,Female,15,,198,2.0
female/66/1_DHA_15_2_198.jpg,66,DHA,,Female,15,,198,2.0
female/66/1_DHA_15_2_198.jpg,66,DHA,,Female,15,,198,2.0
female/66/1_DHA_15_2_198.jpg,66,DHA,,Female,15,,198,2.0
female/66/1_DHA_15_2_198.jpg,66,DHA,,Female,15,,198,2.0
female/66/1_DHA_15_2_198.jpg,66,DHA,,Female,15,,198,2.0
female/66/1_DHA_15_2_198.jpg,66,DHA,,Female,15,,198,2.0
female/66/1_DHA_15_2_198.jpg,66,DHA,,Female,15,,198,2.0
female/66/1_DHA_15_2_198.jpg,66,DHA,,Female,15,,198,2.0
female/66/1_DHA_15_2_198.jpg,66,DHA,,Female,15,,198,2.0
female/66/1_DHA_15_2_198.jpg,66,DHA,,Female,15,,198,2.0
female/66/1_DHA_15_2_198.jpg,66,DHA,,Female,15,,198,2.0
female/66/1_DHA_15_2_198.jpg,66,DHA,,Female,15,,198,2.0
female/66/1_DHA_15_2_198.jpg,66,DHA,,Female,15,,198,2.0
female/66/1_DHA_15_2_198.jpg,66,DHA,,Female,15,,198,2.0
female/66/1_DHA_15_2_198.jpg,66,DHA,,Female,15,,198,2.0
female/66/1_DHA_15_2_198.jpg,66,DHA,,Female,15,,198,2.0
female/66/1_DHA_15_2_198.jpg,66,DHA,,Female,15,,198,2.0
female/66/1_DHA_15_2_198.jpg,66,DHA,,Female,15,,198,2.0
female/66/1_DHA_15_2_198.jpg,66,DHA,,Female,15,,198,2.0
female/66/1_DHA_15_2_198.jpg,66,DHA,,Female,15,,198,2.0
female/66/1_DHA_15_2_198.jpg,66,DHA,,Female,15,,198,2.0
female/66/1_DHA_15_2_198.jpg,66,DHA,,Female,15,,198,2.0
female/66/1_DHA_15_2_198.jpg,66,DHA,,Female,15,,198,2.0
female/66/1_DHA_15_2_198.jpg,66,DHA,,Female,15,,198,2.0
female/66/1_DHA_15_2_198.jpg,66,DHA,,Female,15,,198,2.0
female/66/1_DHA_15_2_198.jpg,66,DHA,,Female,15,,198,2.0
female/66/1_DHA_15_2_198.jpg,66,DHA,,Female,15,,198,2.0
female/66/1_DHA_15_2_198.jpg,66,DHA,,Female,15,,198,2.0
female/66/1_DHA_15_2_198.jpg,66,DHA,,Female,15,,198,2.0
female/66/1_DHA_15_2_198.jpg,66,DHA,,Female,15,,198,2.0
female/66/1_DHA_15_2_198.jpg,66,DHA,,Female,15,,198,2.0
female/66/1_DHA_15_2_198.jpg,66,DHA,,Female,15,,198,2.0
female/66/1_DHA_15_2_198.jpg,66,DHA,,Female,15,,198,2.0
female/66/1_DHA_15_2_198.jpg,66,DHA,,Female,15,,198,2.0
female/66/1_DHA_15_2_198.jpg,66,DHA,,Female,15,,198,2.0
female/66/1_DHA_15_2_198.jpg,66,DHA,,Female,15,,198,2.0
female/66/1_DHA_15_2_198.jpg,66,DHA,,Female,15,,198,2.0
female/66/1_DHA_15_2_198.jpg,66,DHA,,Female,15,,198,2.0
female/66/1_DHA_15_2_198.jpg,66,DHA,,Female,15,,198,2.0
female/66/1_DHA_15_2_198.jpg,66,DHA,,Female,15,,198,2.0
female/66/1_DHA_15_2_198.jpg,66,DHA,,Female,15,,198,2.0
female/66/1_DHA_15_2_198.jpg,66,DHA,,Female,15,,198,2.0
female/66/1_DHA_15_2_198.jpg,66,DHA,,Female,15,,198,2.0
female/66/1_DHA_15_2_198.jpg,66,DHA,,Female,15,,198,2.0
female/66/1_DHA_15_2_198.jpg,66,DHA,,Female,15,,198,2.0
female/66/1_DHA_15_2_198.jpg,66,DHA,,Female,15,,198,2.0
female/66/1_DHA_15_2_198.jpg,66,DHA,,Female,15,,198,2.0
female/66/1_DHA_15_2_198.jpg,66,DHA,,Female,15,,198,2.0
female/66/1_DHA_15_2_198.jpg,66,DHA,,Female,15,,198,2.0
female/66/1_DHA_15_2_198.jpg,66,DHA,,Female,15,,198,2.0
female/66/1_DHA_15_2_198.jpg,66,DHA,,Female,15,,198,2.0
female/66/1_DHA_15_2_198.jpg,66,DHA,,Female,15,,198,2.0
female/66/1_DHA_15_2_198.jpg,66,DHA,,Female,15,,198,2.0
female/66/1_DHA_15_2_198.jpg,66,DHA,,Female,15,,198,2.0
female/66/1_DHA_15_2_198.jpg,66,DHA,,Female,15,,198,2.0
female/66/1_DHA_15_2_198.jpg,66,DHA,,Female,15,,198,2.0
female/66/1_DHA_15_2_198.jpg,66,DHA,,Female,15,,198,2.0
female/66/1_DHA_15_2_198.jpg,66,DHA,,Female,15,,198,2.0
female/66/1_DHA_15_2_198.jpg,66,DHA,,Female,15,,198,2.0
female/66/1_DHA_15_2_198.jpg,66,DHA,,Female,15,,198,2.0
female/66/1_DHA_15_2_198.jpg,66,DHA,,Female,15,,198,2.0
female/66/1_DHA_15_2_198.jpg,66,DHA,,Female,15,,198,2.0
female/66/1_DHA_15_2_198.jpg,66,DHA,,Female,15,,198,2.0
female/66/1_DHA_15_2_198.jpg,66,DHA,,Female,15,,198,2.0
female/66/1_DHA_15_2_198.jpg,66,DHA,,Female,15,,198,2.0
female/66/1_DHA_15_2_198.jpg,66,DHA,,Female,15,,198,2.0
female/66/1_DHA_15_2_198.jpg,66,DHA,,Female,15,,198,2.0
female/66/1_DHA_15_2_198.jpg,66,DHA,,Female,15,,198,2.0
female/66/1_DHA_15_2_198.jpg,66,DHA,,Female,15,,198,2.0
female/66/1_DHA_15_2_198.jpg,66,DHA,,Female,15,,198,2.0
female/66/1_DHA_15_2_198.jpg,66,DHA,,Female,15,,198,2.0
female/66/1_DHA_15_2_198.jpg,66,DHA,,Female,15,,198,2.0
female/66/1_DHA_15_2_198.jpg,66,DHA,,Female,15,,198,2.0
female/66/1_DHA_15_2_198.jpg,66,DHA,,Female,15,,198,2.0
female/66/1_DHA_15_2_198.jpg,66,DHA,,Female,15,,198,2.0
female/66/1_DHA_15_2_198.jpg,66,DHA,,Female,15,,198,2.0
female/66/1_DHA_15_2_198.jpg,66,DHA,,Female,15,,198,2.0
female/66/1_DHA_15_2_198.jpg,66,DHA,,Female,15,,198,2.0
female/66/1_DHA_15_2_198.jpg,66,DHA,,Female,15,,198,2.0
female/66/1_DHA_15_2_198.jpg,66,DHA,,Female,15,,198,2.0
female/66/1_DHA_15_2_198.jpg,66,DHA,,Female,15,,198,2.0
female/66/1_DHA_15_2_198.jpg,66,DHA,,Female,15,,198,2.0
female/66/1_DHA_15_2_198.jpg,66,DHA,,Female,15,,198,2.0
female/66/1_DHA_15_2_198.jpg,66,DHA,,Female,15,,198,2.0
female/66/1_DHA_15_2_198.jpg,66,DHA,,Female,15,,198,2.0
female/66/1_DHA_15_2_198.jpg,66,DHA,,Female,15,,198,2.0
female/66/1_DHA_15_2_198.jpg,66,DHA,,Female,15,,198,2.0
female/66/1_DHA_15_2_198.jpg,66,DHA,,Female,15,,198,2.0
female/66/1_DHA_15_2_198.jpg,66,DHA,,Female,15,,198,2.0
female/66/1_DHA_15_2_198.jpg,66,DHA,,Female,15,,198,2.0
female/66/1_DHA_15_2_198.jpg,66,DHA,,Female,15,,198,2.0
female/66/1_DHA_15_2_198.jpg,66,DHA,,Female,15,,198,2.0
female/66/1_DHA_15_2_198.jpg,66,DHA,,Female,15,,198,2.0
female/66/1_DHA_15_2_198.jpg,66,DHA,,Female,15,,198,2.0
female/66/1_DHA_15_2_198.jpg,66,DHA,,Female,15,,198,2.0
female/66/1_DHA_15_2_198.jpg,66,DHA,,Female,15,,198,2.0
female/66/1_DHA_15_2_198.jpg,66,DHA,,Female,15,,198,2.0
female/66/1_DHA_15_2_198.jpg,66,DHA,,Female,15,,198,2.0
female/66/1_DHA_15_2_198.jpg,66,DHA,,Female,15,,198,2.0
female/66/1_DHA_15_2_198.jpg,66,DHA,,Female,15,,198,2.0
female/66/1_DHA_15_2_198.jpg,66,DHA,,Female,15,,198,2.0
female/66/1_DHA_15_2_198.jpg,66,DHA,,Female,15,,198,2.0
female/66/1_DHA_15_2_198.jpg,66,DHA,,Female,15,,198,2.0
female/66/1_DHA_15_2_198.jpg,66,DHA,,Female,15,,198,2.0
female/66/1_DHA_15_2_198.jpg,66,DHA,,Female,15,,198,2.0
female/66/1_DHA_15_2_198.jpg,66,DHA,,Female,15,,198,2.0
female/66/1_DHA_15_2_198.jpg,66,DHA,,Female,15,,198,2.0
female/66/1_DHA_15_2_198.jpg,66,DHA,,Female,15,,198,2.0
female/66/1_DHA_15_2_198.jpg,66,DHA,,Female,15,,198,2.0
female/66/1_DHA_15_2_198.jpg,66,DHA,,Female,15,,198,2.0
female/66/1_DHA_15_2_198.jpg,66,DHA,,Female,15,,198,2.0
female/66/1_DHA_15_2_198.jpg,66,DHA,,Female,15,,198,2.0
female/66/1_DHA_15_2_198.jpg,66,DHA,,Female,15,,198,2.0
female/66/1_DHA_15_2_198.jpg,66,DHA,,Female,15,,198,2.0
female/66/1_DHA_15_2_198.jpg,66,DHA,,Female,15,,198,2.0
female/66/1_DHA_15_2_198.jpg,66,DHA,,Female,15,,198,2.0
female/66/1_DHA_15_2_198.jpg,66,DHA,,Female,15,,198,2.0
female/66/1_DHA_15_2_198.jpg,66,DHA,,Female,15,,198,2.0
female/66/1_DHA_15_2_198.jpg,66,DHA,,Female,15,,198,2.0
female/66/1_DHA_15_2_198.jpg,66,DHA,,Female,15,,198,2.0
female/66/1_DHA_15_2_198.jpg,66,DHA,,Female,15,,198,2.0
female/66/1_DHA_15_2_198.jpg,66,DHA,,Female,15,,198,2.0
female/66/1_DHA_15_2_198.jpg,66,DHA,,Female,15,,198,2.0
female/66/1_DHA_15_2_198.jpg,66,DHA,,Female,15,,198,2.0
female/66/1_DHA_15_2_198.jpg,66,DHA,,Female,15,,198,2.0
female/66/1_DHA_15_2_198.jpg,66,DHA,,Female,15,,198,2.0
female/66/1_DHA_15_2_198.jpg,66,DHA,,Female,15,,198,2.0
female/66/1_DHA_15_2_198.jpg,66,DHA,,Female,15,,198,2.0
female/66/1_DHA_15_2_198.jpg,66,DHA,,Female,15,,198,2.0
female/66/1_DHA_15_2_198.jpg,66,DHA,,Female,15,,198,2.0
female/66/1_DHA_15_2_198.jpg,66,DHA,,Female,15,,198,2.0
female/66/1_DHA_15_2_198.jpg,66,DHA,,Female,15,,198,2.0
female/66/1_DHA_15_2_198.jpg,66,DHA,,Female,15,,198,2.0
female/66/1_DHA_15_2_198.jpg,66,DHA,,Female,15,,198,2.0
female/66/1_DHA_15_2_198.jpg,66,DHA,,Female,15,,198,2.0
female/66/1_DHA_15_2_198.jpg,66,DHA,,Female,15,,198,2.0
female/66/1_DHA_15_2_198.jpg,66,DHA,,Female,15,,198,2.0
female/66/1_DHA_15_2_198.jpg,66,DHA,,Female,15,,198,2.0
female/66/1_DHA_15_2_198.jpg,66,DHA,,Female,15,,198,2.0
female/66/1_DHA_15_2_198.jpg,66,DHA,,Female,15,,198,2.0
female/66/1_DHA_15_2_198.jpg,66,DHA,,Female,15,,198,2.0
female/66/1_DHA_15_2_198.jpg,66,DHA,,Female,15,,198,2.0
female/66/1_DHA_15_2_198.jpg,66,DHA,,Female,15,,198,2.0
female/66/1_DHA_15_2_198.jpg,66,DHA,,Female,15,,198,2.0
female/66/1_DHA_15_2_198.jpg,66,DHA,,Female,15,,198,2.0
female/66/1_DHA_15_2_198.jpg,66,DHA,,Female,15,,198,2.0
female/66/1_DHA_15_2_198.jpg,66,DHA,,Female,15,,198,2.0
female/66/1_DHA_15_2_198.jpg,66,DHA,,Female,15,,198,2.0
female/66/1_DHA_15_2_198.jpg,66,DHA,,Female,15,,198,2.0
female/66/1_DHA_15_2_198.jpg,66,DHA,,Female,15,,198,2.0
female/66/1_DHA_15_2_198.jpg,66,DHA,,Female,15,,198,2.0
female/66/1_DHA_15_2_198.jpg,66,DHA,,Female,15,,198,2.0
female/66/1_DHA_15_2_198.jpg,66,DHA,,Female,15,,198,2.0
female/66/1_DHA_15_2_198.jpg,66,DHA,,Female,15,,198,2.0
female/66/1_DHA_15_2_198.jpg,66,DHA,,Female,15,,198,2.0
female/66/1_DHA_15_2_198.jpg,66,DHA,,Female,15,,198,2.0
female/66/1_DHA_15_2_198.jpg,66,DHA,,Female,15,,198,2.0
female/66/1_DHA_15_2_198.jpg,66,DHA,,Female,15,,198,2.0
female/66/1_DHA_15_2_198.jpg,66,DHA,,Female,15,,198,2.0
female/66/1_DHA_15_2_198.jpg,66,DHA,,Female,15,,198,2.0
female/66/1_DHA_15_2_198.jpg,66,DHA,,Female,15,,198,2.0
female/66/1_DHA_15_2_198.jpg,66,DHA,,Female,15,,198,2.0
female/66/1_DHA_15_2_198.jpg,66,DHA,,Female,15,,198,2.0
female/66/1_DHA_15_2_198.jpg,66,DHA,,Female,15,,198,2.0
female/66/1_DHA_15_2_198.jpg,66,DHA,,Female,15,,198,2.0
female/66/1_DHA_15_2_198.jpg,66,DHA,,Female,15,,198,2.0
female/66/1_DHA_15_2_198.jpg,66,DHA,,Female,15,,198,2.0
female/66/1_DHA_15_2_198.jpg,66,DHA,,Female,15,,198,2.0
female/66/1_DHA_15_2_198.jpg,66,DHA,,Female,15,,198,2.0
female/66/1_DHA_15_2_198.jpg,66,DHA,,Female,15,,198,2.0
female/66/1_DHA_15_2_198.jpg,66,DHA,,Female,15,,198,2.0
female/66/1_DHA_15_2_198.jpg,66,DHA,,Female,15,,198,2.0
female/66/1_DHA_15_2_198.jpg,66,DHA,,Female,15,,198,2.0
female/66/1_DHA_15_2_198.jpg,66,DHA,,Female,15,,198,2.0
female/66/1_DHA_15_2_198.jpg,66,DHA,,Female,15,,198,2.0
female/66/1_DHA_15_2_198.jpg,66,DHA,,Female,15,,198,2.0
female/66/1_DHA_15_2_198.jpg,66,DHA,,Female,15,,198,2.0
female/66/1_DHA_15_2_198.jpg,66,DHA,,Female,15,,198,2.0
female/66/1_DHA_15_2_198.jpg,66,DHA,,Female,15,,198,2.0
female/66/1_DHA_15_2_198.jpg,66,DHA,,Female,15,,198,2.0
female/66/1_DHA_15_2_198.jpg,66,DHA,,Female,15,,198,2.0
female/66/1_DHA_15_2_198.jpg,66,DHA,,Female,15,,198,2.0
female/66/1_DHA_15_2_198.jpg,66,DHA,,Female,15,,198,2.0
female/66/1_DHA_15_2_198.jpg,66,DHA,,Female,15,,198,2.0
female/66/1_DHA_15_2_198.jpg,66,DHA,,Female,15,,198,2.0
female/66/1_DHA_15_2_198.jpg,66,DHA,,Female,15,,198,2.0
female/66/1_DHA_15_2_198.jpg,66,DHA,,Female,15,,198,2.0
female/66/1_DHA_15_2_198.jpg,66,DHA,,Female,15,,198,2.0
female/66/1_DHA_15_2_198.jpg,66,DHA,,Female,15,,198,2.0
female/66/1_DHA_15_2_198.jpg,66,DHA,,Female,15,,198,2.0
female/66/1_DHA_15_2_198.jpg,66,DHA,,Female,15,,198,2.0
female/66/1_DHA_15_2_198.jpg,66,DHA,,Female,15,,198,2.0
female/66/1_DHA_15_2_198.jpg,66,DHA,,Female,15,,198,2.0
female/66/1_DHA_15_2_198.jpg,66,DHA,,Female,15,,198,2.0
female/66/1_DHA_15_2_198.jpg,66,DHA,,Female,15,,198,2.0
female/66/1_DHA_15_2_198.jpg,66,DHA,,Female,15,,198,2.0
female/66/1_DHA_15_2_198.jpg,66,DHA,,Female,15,,198,2.0
female/66/1_DHA_15_2_198.jpg,66,DHA,,Female,15,,198,2.0
female/66/1_DHA_15_2_198.jpg,66,DHA,,Female,15,,198,2.0
female/66/1_DHA_15_2_198.jpg,66,DHA,,Female,15,,198,2.0
female/66/1_DHA_15_2_198.jpg,66,DHA,,Female,15,,198,2.0
female/66/1_DHA_15_2_198.jpg,66,DHA,,Female,15,,198,2.0
female/66/1_DHA_15_2_198.jpg,66,DHA,,Female,15,,198,2.0
female/66/1_DHA_15_2_198.jpg,66,DHA,,Female,15,,198,2.0
female/66/1_DHA_15_2_198.jpg,66,DHA,,Female,15,,198,2.0
female/66/1_DHA_15_2_198.jpg,66,DHA,,Female,15,,198,2.0
female/66/1_DHA_15_2_198.jpg,66,DHA,,Female,15,,198,2.0
female/66/1_DHA_15_2_198.jpg,66,DHA,,Female,15,,198,2.0
female/66/1_DHA_15_2_198.jpg,66,DHA,,Female,15,,198,2.0
female/66/1_DHA_15_2_198.jpg,66,DHA,,Female,15,,198,2.0
female/66/1_DHA_15_2_198.jpg,66,DHA,,Female,15,,198,2.0
female/66/1_DHA_15_2_198.jpg,66,DHA,,Female,15,,198,2.0
female/66/1_DHA_15_2_198.jpg,66,DHA,,Female,15,,198,2.0
female/66/1_DHA_15_2_198.jpg,66,DHA,,Female,15,,198,2.0
female/66/1_DHA_15_2_198.jpg,66,DHA,,Female,15,,198,2.0
female/66/1_DHA_15_2_198.jpg,66,DHA,,Female,15,,198,2.0
female/66/1_DHA_15_2_198.jpg,66,DHA,,Female,15,,198,2.0
female/66/1_DHA_15_2_198.jpg,66,DHA,,Female,15,,198,2.0
female/66/1_DHA_15_2_198.jpg,66,DHA,,Female,15,,198,2.0
female/66/1_DHA_15_2_198.jpg,66,DHA,,Female,15,,198,2.0
female/66/1_DHA_15_2_198.jpg,66,DHA,,Female,15,,198,2.0
female/66/1_DHA_15_2_198.jpg,66,DHA,,Female,15,,198,2.0
female/66/1_DHA_15_2_198.jpg,66,DHA,,Female,15,,198,2.0
female/66/1_DHA_15_2_198.jpg,66,DHA,,Female,15,,198,2.0
female/66/1_DHA_15_2_198.jpg,66,DHA,,Female,15,,198,2.0
female/66/1_DHA_15_2_198.jpg,66,DHA,,Female,15,,198,2.0
female/66/1_DHA_15_2_198.jpg,66,DHA,,Female,15,,198,2.0
female/66/1_DHA_15_2_198.jpg,66,DHA,,Female,15,,198,2.0
female/66/1_DHA_15_2_198.jpg,66,DHA,,Female,15,,198,2.0
female/66/1_DHA_15_2_198.jpg,66,DHA,,Female,15,,198,2.0
female/66/1_DHA_15_2_198.jpg,66,DHA,,Female,15,,198,2.0
female/66/1_DHA_15_2_198.jpg,66,DHA,,Female,15,,198,2.0
female/66/1_DHA_15_2_198.jpg,66,DHA,,Female,15,,198,2.0
female/66/1_DHA_15_2_198.jpg,66,DHA,,Female,15,,198,2.0
female/66/1_DHA_15_2_198.jpg,66,DHA,,Female,15,,198,2.0
female/66/1_DHA_15_2_198.jpg,66,DHA,,Female,15,,198,2.0
female/66/1_DHA_15_2_198.jpg,66,DHA,,Female,15,,198,2.0
female/66/1_DHA_15_2_198.jpg,66,DHA,,Female,15,,198,2.0
female/66/1_DHA_15_2_198.jpg,66,DHA,,Female,15,,198,2.0
female/66/1_DHA_15_2_198.jpg,66,DHA,,Female,15,,198,2.0
female/66/1_DHA_15_2_198.jpg,66,DHA,,Female,15,,198,2.0
female/66/1_DHA_15_2_198.jpg,66,DHA,,Female,15,,198,2.0
female/66/1_DHA_15_2_198.jpg,66,DHA,,Female,15,,198,2.0
female/66/1_DHA_15_2_198.jpg,66,DHA,,Female,15,,198,2.0
female/66/1_DHA_15_2_198.jpg,66,DHA,,Female,15,,198,2.0
female/66/1_DHA_15_2_198.jpg,66,DHA,,Female,15,,198,2.0
female/66/1_DHA_15_2_198.jpg,66,DHA,,Female,15,,198,2.0
female/66/1_DHA_15_2_198.jpg,66,DHA,,Female,15,,198,2.0
female/66/1_DHA_15_2_198.jpg,66,DHA,,Female,15,,198,2.0
female/66/1_DHA_15_2_198.jpg,66,DHA,,Female,15,,198,2.0
female/66/1_DHA_15_2_198.jpg,66,DHA,,Female,15,,198,2.0
female/66/1_DHA_15_2_198.jpg,66,DHA,,Female,15,,198,2.0
female/66/1_DHA_15_2_198.jpg,66,DHA,,Female,15,,198,2.0
female/66/1_DHA_15_2_198.jpg,66,DHA,,Female,15,,198,2.0
female/66/1_DHA_15_2_198.jpg,66,DHA,,Female,15,,198,2.0
female/66/1_DHA_15_2_198.jpg,66,DHA,,Female,15,,198,2.0
female/66/1_DHA_15_2_198.jpg,66,DHA,,Female,15,,198,2.0
female/66/1_DHA_15_2_198.jpg,66,DHA,,Female,15,,198,2.0
female/66/1_DHA_15_2_198.jpg,66,DHA,,Female,15,,198,2.0
female/66/1_DHA_15_2_198.jpg,66,DHA,,Female,15,,198,2.0
female/66/1_DHA_15_2_198.jpg,66,DHA,,Female,15,,198,2.0
female/66/1_DHA_15_2_198.jpg,66,DHA,,Female,15,,198,2.0
female/66/1_DHA_15_2_198.jpg,66,DHA,,Female,15,,198,2.0
female/66/1_DHA_15_2_198.jpg,66,DHA,,Female,15,,198,2.0
female/66/1_DHA_15_2_198.jpg,66,DHA,,Female,15,,198,2.0
female/66/1_DHA_15_2_198.jpg,66,DHA,,Female,15,,198,2.0
female/66/1_DHA_15_2_198.jpg,66,DHA,,Female,15,,198,2.0
female/66/1_DHA_15_2_198.jpg,66,DHA,,Female,15,,198,2.0
female/66/1_DHA_15_2_198.jpg,66,DHA,,Female,15,,198,2.0
female/66/1_DHA_15_2_198.jpg,66,DHA,,Female,15,,198,2.0
female/66/1_DHA_15_2_198.jpg,66,DHA,,Female,15,,198,2.0
female/66/1_DHA_15_2_198.jpg,66,DHA,,Female,15,,198,2.0
female/66/1_DHA_15_2_198.jpg,66,DHA,,Female,15,,198,2.0
female/66/1_DHA_15_2_198.jpg,66,DHA,,Female,15,,198,2.0
female/66/1_DHA_15_2_198.jpg,66,DHA,,Female,15,,198,2.0
female/66/1_DHA_15_2_198.jpg,66,DHA,,Female,15,,198,2.0
female/66/1_DHA_15_2_198.jpg,66,DHA,,Female,15,,198,2.0
female/66/1_DHA_15_2_198.jpg,66,DHA,,Female,15,,198,2.0
female/66/1_DHA_15_2_198.jpg,66,DHA,,Female,15,,198,2.0
female/66/1_DHA_15_2_198.jpg,66,DHA,,Female,15,,198,2.0
female/66/1_DHA_15_2_198.jpg,66,DHA,,Female,15,,198,2.0
female/66/1_DHA_15_2_198.jpg,66,DHA,,Female,15,,198,2.0
female/66/1_DHA_15_2_198.jpg,66,DHA,,Female,15,,198,2.0
female/66/1_DHA_15_2_198.jpg,66,DHA,,Female,15,,198,2.0
female/66/1_DHA_15_2_198.jpg,66,DHA,,Female,15,,198,2.0
female/66/1_DHA_15_2_198.jpg,66,DHA,,Female,15,,198,2.0
female/66/1_DHA_15_2_198.jpg,66,DHA,,Female,15,,198,2.0
female/66/1_DHA_15_2_198.jpg,66,DHA,,Female,15,,198,2.0
female/66/1_DHA_15_2_198.jpg,66,DHA,,Female,15,,198,2.0
female/66/1_DHA_15_2_198.jpg,66,DHA,,Female,15,,198,2.0
female/66/1_DHA_15_2_198.jpg,66,DHA,,Female,15,,198,2.0
female/66/1_DHA_15_2_198.jpg,66,DHA,,Female,15,,198,2.0
female/66/1_DHA_15_2_198.jpg,66,DHA,,Female,15,,198,2.0
female/66/1_DHA_15_2_198.jpg,66,DHA,,Female,15,,198,2.0
female/66/1_DHA_15_2_198.jpg,66,DHA,,Female,15,,198,2.0
female/66/1_DHA_15_2_198.jpg,66,DHA,,Female,15,,198,2.0
female/66/1_DHA_15_2_198.jpg,66,DHA,,Female,15,,198,2.0
female/66/1_DHA_15_2_198.jpg,66,DHA,,Female,15,,198,2.0
female/66/1_DHA_15_2_198.jpg,66,DHA,,Female,15,,198,2.0
female/66/1_DHA_15_2_198.jpg,66,DHA,,Female,15,,198,2.0
female/66/1_DHA_15_2_198.jpg,66,DHA,,Female,15,,198,2.0
female/66/1_DHA_15_2_198.jpg,66,DHA,,Female,15,,198,2.0
female/66/1_DHA_15_2_198.jpg,66,DHA,,Female,15,,198,2.0
female/66/1_DHA_15_2_198.jpg,66,DHA,,Female,15,,198,2.0
female/66/1_DHA_15_2_198.jpg,66,DHA,,Female,15,,198,2.0
female/66/1_DHA_15_2_198.jpg,66,DHA,,Female,15,,198,2.0
female/66/1_DHA_15_2_198.jpg,66,DHA,,Female,15,,198,2.0
female/66/1_DHA_15_2_198.jpg,66,DHA,,Female,15,,198,2.0
female/66/1_DHA_15_2_198.jpg,66,DHA,,Female,15,,198,2.0
female/66/1_DHA_15_2_198.jpg,66,DHA,,Female,15,,198,2.0
female/66/1_DHA_15_2_198.jpg,66,DHA,,Female,15,,198,2.0
female/66/1_DHA_15_2_198.jpg,66,DHA,,Female,15,,198,2.0
female/66/1_DHA_15_2_198.jpg,66,DHA,,Female,15,,198,2.0
female/66/1_DHA_15_2_198.jpg,66,DHA,,Female,15,,198,2.0
female/66/1_DHA_15_2_198.jpg,66,DHA,,Female,15,,198,2.0
female/66/1_DHA_15_2_198.jpg,66,DHA,,Female,15,,198,2.0
female/66/1_DHA_15_2_198.jpg,66,DHA,,Female,15,,198,2.0
female/66/1_DHA_15_2_198.jpg,66,DHA,,Female,15,,198,2.0
female/66/1_DHA_15_2_198.jpg,66,DHA,,Female,15,,198,2.0
female/66/1_DHA_15_2_198.jpg,66,DHA,,Female,15,,198,2.0
female/66/1_DHA_15_2_198.jpg,66,DHA,,Female,15,,198,2.0
female/66/1_DHA_15_2_198.jpg,66,DHA,,Female,15,,198,2.0
female/66/1_DHA_15_2_198.jpg,66,DHA,,Female,15,,198,2.0
female/66/1_DHA_15_2_198.jpg,66,DHA,,Female,15,,198,2.0
female/66/1_DHA_15_2_198.jpg,66,DHA,,Female,15,,198,2.0
female/66/1_DHA_15_2_198.jpg,66,DHA,,Female,15,,198,2.0
female/66/1_DHA_15_2_198.jpg,66,DHA,,Female,15,,198,2.0
female/66/1_DHA_15_2_198.jpg,66,DHA,,Female,15,,198,2.0
female/66/1_DHA_15_2_198.jpg,66,DHA,,Female,15,,198,2.0
female/66/1_DHA_15_2_198.jpg,66,DHA,,Female,15,,198,2.0
female/66/1_DHA_15_2_198.jpg,66,DHA,,Female,15,,198,2.0
female/66/1_DHA_15_2_198.jpg,66,DHA,,Female,15,,198,2.0
female/66/1_DHA_15_2_198.jpg,66,DHA,,Female,15,,198,2.0
female/66/1_DHA_15_2_198.jpg,66,DHA,,Female,15,,198,2.0
female/66/1_DHA_15_2_198.jpg,66,DHA,,Female,15,,198,2.0
female/66/1_DHA_15_2_198.jpg,66,DHA,,Female,15,,198,2.0
female/66/1_DHA_15_2_198.jpg,66,DHA,,Female,15,,198,2.0
female/66/1_DHA_15_2_198.jpg,66,DHA,,Female,15,,198,2.0
female/66/1_DHA_15_2_198.jpg,66,DHA,,Female,15,,198,2.0
female/66/1_DHA_15_2_198.jpg,66,DHA,,Female,15,,198,2.0
female/66/1_DHA_15_2_198.jpg,66,DHA,,Female,15,,198,2.0
female/66/1_DHA_15_2_198.jpg,66,DHA,,Female,15,,198,2.0
female/66/1_DHA_15_2_198.jpg,66,DHA,,Female,15,,198,2.0
female/66/1_DHA_15_2_198.jpg,66,DHA,,Female,15,,198,2.0
female/66/1_DHA_15_2_198.jpg,66,DHA,,Female,15,,198,2.0
female/66/1_DHA_15_2_198.jpg,66,DHA,,Female,15,,198,2.0
female/66/1_DHA_15_2_198.jpg,66,DHA,,Female,15,,198,2.0
female/66/1_DHA_15_2_198.jpg,66,DHA,,Female,15,,198,2.0
female/66/1_DHA_15_2_198.jpg,66,DHA,,Female,15,,198,2.0
female/66/1_DHA_15_2_198.jpg,66,DHA,,Female,15,,198,2.0
female/66/1_DHA_15_2_198.jpg,66,DHA,,Female,15,,198,2.0
female/66/1_DHA_15_2_198.jpg,66,DHA,,Female,15,,198,2.0
female/66/1_DHA_15_2_198.jpg,66,DHA,,Female,15,,198,2.0
female/66/1_DHA_15_2_198.jpg,66,DHA,,Female,15,,198,2.0
female/66/1_DHA_15_2_198.jpg,66,DHA,,Female,15,,198,2.0
female/66/1_DHA_15_2_198.jpg,66,DHA,,Female,15,,198,2.0
female/66/1_DHA_15_2_198.jpg,66,DHA,,Female,15,,198,2.0
female/66/1_DHA_15_2_198.jpg,66,DHA,,Female,15,,198,2.0
female/66/1_DHA_15_2_198.jpg,66,DHA,,Female,15,,198,2.0
female/66/1_DHA_15_2_198.jpg,66,DHA,,Female,15,,198,2.0
female/66/1_DHA_15_2_198.jpg,66,DHA,,Female,15,,198,2.0
female/66/1_DHA_15_2_198.jpg,66,DHA,,Female,15,,198,2.0
female/66/1_DHA_15_2_198.jpg,66,DHA,,Female,15,,198,2.0
female/66/1_DHA_15_2_198.jpg,66,DHA,,Female,15,,198,2.0
female/66/1_DHA_15_2_198.jpg,66,DHA,,Female,15,,198,2.0
female/66/1_DHA_15_2_198.jpg,66,DHA,,Female,15,,198,2.0
female/66/1_DHA_15_2_198.jpg,66,DHA,,Female,15,,198,2.0
female/66/1_DHA_15_2_198.jpg,66,DHA,,Female,15,,198,2.0
female/66/1_DHA_15_2_198.jpg,66,DHA,,Female,15,,198,2.0
female/66/1_DHA_15_2_198.jpg,66,DHA,,Female,15,,198,2.0
female/66/1_DHA_15_2_198.jpg,66,DHA,,Female,15,,198,2.0
female/66/1_DHA_15_2_198.jpg,66,DHA,,Female,15,,198,2.0
female/66/1_DHA_15_2_198.jpg,66,DHA,,Female,15,,198,2.0
female/66/1_DHA_15_2_198.jpg,66,DHA,,Female,15,,198,2.0
female/66/1_DHA_15_2_198.jpg,66,DHA,,Female,15,,198,2.0
female/66/1_DHA_15_2_198.jpg,66,DHA,,Female,15,,198,2.0
female/66/1_DHA_15_2_198.jpg,66,DHA,,Female,15,,198,2.0
female/66/1_DHA_15_2_198.jpg,66,DHA,,Female,15,,198,2.0
female/66/1_DHA_15_2_198.jpg,66,DHA,,Female,15,,198,2.0
female/66/1_DHA_15_2_198.jpg,66,DHA,,Female,15,,198,2.0
female/66/1_DHA_15_2_198.jpg,66,DHA,,Female,15,,198,2.0
female/66/1_DHA_15_2_198.jpg,66,DHA,,Female,15,,198,2.0
female/66/1_DHA_15_2_198.jpg,66,DHA,,Female,15,,198,2.0
female/66/1_DHA_15_2_198.jpg,66,DHA,,Female,15,,198,2.0
female/66/1_DHA_15_2_198.jpg,66,DHA,,Female,15,,198,2.0
female/66/1_DHA_15_2_198.jpg,66,DHA,,Female,15,,198,2.0
female/66/1_DHA_15_2_198.jpg,66,DHA,,Female,15,,198,2.0
female/66/1_DHA_15_2_198.jpg,66,DHA,,Female,15,,198,2.0
female/66/1_DHA_15_2_198.jpg,66,DHA,,Female,15,,198,2.0
female/66/1_DHA_15_2_198.jpg,66,DHA,,Female,15,,198,2.0
female/66/1_DHA_15_2_198.jpg,66,DHA,,Female,15,,198,2.0
female/66/1_DHA_15_2_198.jpg,66,DHA,,Female,15,,198,2.0
female/66/1_DHA_15_2_198.jpg,66,DHA,,Female,15,,198,2.0
female/66/1_DHA_15_2_198.jpg,66,DHA,,Female,15,,198,2.0
female/66/1_DHA_15_2_198.jpg,66,DHA,,Female,15,,198,2.0
female/66/1_DHA_15_2_198.jpg,66,DHA,,Female,15,,198,2.0
female/66/1_DHA_15_2_198.jpg,66,DHA,,Female,15,,198,2.0
female/66/1_DHA_15_2_198.jpg,66,DHA,,Female,15,,198,2.0
female/66/1_DHA_15_2_198.jpg,66,DHA,,Female,15,,198,2.0
female/66/1_DHA_15_2_198.jpg,66,DHA,,Female,15,,198,2.0
female/66/1_DHA_15_2_198.jpg,66,DHA,,Female,15,,198,2.0
female/66/1_DHA_15_2_198.jpg,66,DHA,,Female,15,,198,2.0
female/66/1_DHA_15_2_198.jpg,66,DHA,,Female,15,,198,2.0
female/66/1_DHA_15_2_198.jpg,66,DHA,,Female,15,,198,2.0
female/66/1_DHA_15_2_198.jpg,66,DHA,,Female,15,,198,2.0
female/66/1_DHA_15_2_198.jpg,66,DHA,,Female,15,,198,2.0
female/66/1_DHA_15_2_198.jpg,66,DHA,,Female,15,,198,2.0
female/66/1_DHA_15_2_198.jpg,66,DHA,,Female,15,,198,2.0
female/66/1_DHA_15_2_198.jpg,66,DHA,,Female,15,,198,2.0
female/66/1_DHA_15_2_198.jpg,66,DHA,,Female,15,,198,2.0
female/66/1_DHA_15_2_198.jpg,66,DHA,,Female,15,,198,2.0
female/66/1_DHA_15_2_198.jpg,66,DHA,,Female,15,,198,2.0
female/66/1_DHA_15_2_198.jpg,66,DHA,,Female,15,,198,2.0
female/66/1_DHA_15_2_198.jpg,66,DHA,,Female,15,,198,2.0
female/66/1_DHA_15_2_198.jpg,66,DHA,,Female,15,,198,2.0
female/66/1_DHA_15_2_198.jpg,66,DHA,,Female,15,,198,2.0
female/66/1_DHA_15_2_198.jpg,66,DHA,,Female,15,,198,2.0
female/66/1_DHA_15_2_198.jpg,66,DHA,,Female,15,,198,2.0
female/66/1_DHA_15_2_198.jpg,66,DHA,,Female,15,,198,2.0
female/66/1_DHA_15_2_198.jpg,66,DHA,,Female,15,,198,2.0
female/66/1_DHA_15_2_198.jpg,66,DHA,,Female,15,,198,2.0
female/66/1_DHA_15_2_198.jpg,66,DHA,,Female,15,,198,2.0
female/66/1_DHA_15_2_198.jpg,66,DHA,,Female,15,,198,2.0
female/66/1_DHA_15_2_198.jpg,66,DHA,,Female,15,,198,2.0
female/66/1_DHA_15_2_198.jpg,66,DHA,,Female,15,,198,2.0
female/66/1_DHA_15_2_198.jpg,66,DHA,,Female,15,,198,2.0
female/66/1_DHA_15_2_198.jpg,66,DHA,,Female,15,,198,2.0
female/66/1_DHA_15_2_198.jpg,66,DHA,,Female,15,,198,2.0
female/66/1_DHA_15_2_198.jpg,66,DHA,,Female,15,,198,2.0
female/66/1_DHA_15_2_198.jpg,66,DHA,,Female,15,,198,2.0
female/66/1_DHA_15_2_198.jpg,66,DHA,,Female,15,,198,2.0
female/66/1_DHA_15_2_198.jpg,66,DHA,,Female,15,,198,2.0
female/66/1_DHA_15_2_198.jpg,66,DHA,,Female,15,,198,2.0
female/66/1_DHA_15_2_198.jpg,66,DHA,,Female,15,,198,2.0
female/66/1_DHA_15_2_198.jpg,66,DHA,,Female,15,,198,2.0
female/66/1_DHA_15_2_198.jpg,66,DHA,,Female,15,,198,2.0
female/66/1_DHA_15_2_198.jpg,66,DHA,,Female,15,,198,2.0
female/66/1_DHA_15_2_198.jpg,66,DHA,,Female,15,,198,2.0
female/66/1_DHA_15_2_198.jpg,66,DHA,,Female,15,,198,2.0
female/66/1_DHA_15_2_198.jpg,66,DHA,,Female,15,,198,2.0
female/66/1_DHA_15_2_198.jpg,66,DHA,,Female,15,,198,2.0
female/66/1_DHA_15_2_198.jpg,66,DHA,,Female,15,,198,2.0
female/66/1_DHA_15_2_198.jpg,66,DHA,,Female,15,,198,2.0
female/66/1_DHA_15_2_198.jpg,66,DHA,,Female,15,,198,2.0
female/66/1_DHA_15_2_198.jpg,66,DHA,,Female,15,,198,2.0
female/66/1_DHA_15_2_198.jpg,66,DHA,,Female,15,,198,2.0
female/66/1_DHA_15_2_198.jpg,66,DHA,,Female,15,,198,2.0
female/66/1_DHA_15_2_198.jpg,66,DHA,,Female,15,,198,2.0
female/66/1_DHA_15_2_198.jpg,66,DHA,,Female,15,,198,2.0
female/66/1_DHA_15_2_198.jpg,66,DHA,,Female,15,,198,2.0
female/66/1_DHA_15_2_198.jpg,66,DHA,,Female,15,,198,2.0
female/66/1_DHA_15_2_198.jpg,66,DHA,,Female,15,,198,2.0
female/66/1_DHA_15_2_198.jpg,66,DHA,,Female,15,,198,2.0
female/66/1_DHA_15_2_198.jpg,66,DHA,,Female,15,,198,2.0
female/66/1_DHA_15_2_198.jpg,66,DHA,,Female,15,,198,2.0
female/66/1_DHA_15_2_198.jpg,66,DHA,,Female,15,,198,2.0
female/66/1_DHA_15_2_198.jpg,66,DHA,,Female,15,,198,2.0
female/66/1_DHA_15_2_198.jpg,66,DHA,,Female,15,,198,2.0
female/66/1_DHA_15_2_198.jpg,66,DHA,,Female,15,,198,2.0
female/66/1_DHA_15_2_198.jpg,66,DHA,,Female,15,,198,2.0
female/66/1_DHA_15_2_198.jpg,66,DHA,,Female,15,,198,2.0
female/66/1_DHA_15_2_198.jpg,66,DHA,,Female,15,,198,2.0
female/66/1_DHA_15_2_198.jpg,66,DHA,,Female,15,,198,2.0
female/66/1_DHA_15_2_198.jpg,66,DHA,,Female,15,,198,2.0
female/66/1_DHA_15_2_198.jpg,66,DHA,,Female,15,,198,2.0
female/66/1_DHA_15_2_198.jpg,66,DHA,,Female,15,,198,2.0
female/66/1_DHA_15_2_198.jpg,66,DHA,,Female,15,,198,2.0
female/66/1_DHA_15_2_198.jpg,66,DHA,,Female,15,,198,2.0
female/66/1_DHA_15_2_198.jpg,66,DHA,,Female,15,,198,2.0
female/66/1_DHA_15_2_198.jpg,66,DHA,,Female,15,,198,2.0
female/66/1_DHA_15_2_198.jpg,66,DHA,,Female,15,,198,2.0
female/66/1_DHA_15_2_198.jpg,66,DHA,,Female,15,,198,2.0
female/66/1_DHA_15_2_198.jpg,66,DHA,,Female,15,,198,2.0
female/66/1_DHA_15_2_198.jpg,66,DHA,,Female,15,,198,2.0
female/66/1_DHA_15_2_198.jpg,66,DHA,,Female,15,,198,2.0
female/66/1_DHA_15_2_198.jpg,66,DHA,,Female,15,,198,2.0
female/66/1_DHA_15_2_198.jpg,66,DHA,,Female,15,,198,2.0
female/66/1_DHA_15_2_198.jpg,66,DHA,,Female,15,,198,2.0
female/66/1_DHA_15_2_198.jpg,66,DHA,,Female,15,,198,2.0
female/66/1_DHA_15_2_198.jpg,66,DHA,,Female,15,,198,2.0
female/66/1_DHA_15_2_198.jpg,66,DHA,,Female,15,,198,2.0
female/66/1_DHA_15_2_198.jpg,66,DHA,,Female,15,,198,2.0
female/66/1_DHA_15_2_198.jpg,66,DHA,,Female,15,,198,2.0
female/66/1_DHA_15_2_198.jpg,66,DHA,,Female,15,,198,2.0
female/66/1_DHA_15_2_198.jpg,66,DHA,,Female,15,,198,2.0
female/66/1_DHA_15_2_198.jpg,66,DHA,,Female,15,,198,2.0
female/66/1_DHA_15_2_198.jpg,66,DHA,,Female,15,,198,2.0
female/66/1_DHA_15_2_198.jpg,66,DHA,,Female,15,,198,2.0
female/66/1_DHA_15_2_198.jpg,66,DHA,,Female,15,,198,2.0
female/66/1_DHA_15_2_198.jpg,66,DHA,,Female,15,,198,2.0
female/66/1_DHA_15_2_198.jpg,66,DHA,,Female,15,,198,2.0
female/66/1_DHA_15_2_198.jpg,66,DHA,,Female,15,,198,2.0
female/66/1_DHA_15_2_198.jpg,66,DHA,,Female,15,,198,2.0
female/66/1_DHA_15_2_198.jpg,66,DHA,,Female,15,,198,2.0
female/66/1_DHA_15_2_198.jpg,66,DHA,,Female,15,,198,2.0
female/66/1_DHA_15_2_198.jpg,66,DHA,,Female,15,,198,2.0
female/66/1_DHA_15_2_198.jpg,66,DHA,,Female,15,,198,2.0
female/66/1_DHA_15_2_198.jpg,66,DHA,,Female,15,,198,2.0
female/66/1_DHA_15_2_198.jpg,66,DHA,,Female,15,,198,2.0
female/66/1_DHA_15_2_198.jpg,66,DHA,,Female,15,,198,2.0
female/66/1_DHA_15_2_198.jpg,66,DHA,,Female,15,,198,2.0
female/66/1_DHA_15_2_198.jpg,66,DHA,,Female,15,,198,2.0
female/66/1_DHA_15_2_198.jpg,66,DHA,,Female,15,,198,2.0
female/66/1_DHA_15_2_198.jpg,66,DHA,,Female,15,,198,2.0
female/66/1_DHA_15_2_198.jpg,66,DHA,,Female,15,,198,2.0
female/66/1_DHA_15_2_198.jpg,66,DHA,,Female,15,,198,2.0
female/66/1_DHA_15_2_198.jpg,66,DHA,,Female,15,,198,2.0
female/66/1_DHA_15_2_198.jpg,66,DHA,,Female,15,,198,2.0
female/66/1_DHA_15_2_198.jpg,66,DHA,,Female,15,,198,2.0
female/66/1_DHA_15_2_198.jpg,66,DHA,,Female,15,,198,2.0
female/66/1_DHA_15_2_198.jpg,66,DHA,,Female,15,,198,2.0
female/66/1_DHA_15_2_198.jpg,66,DHA,,Female,15,,198,2.0
female/66/1_DHA_15_2_198.jpg,66,DHA,,Female,15,,198,2.0
female/66/1_DHA_15_2_198.jpg,66,DHA,,Female,15,,198,2.0
female/66/1_DHA_15_2_198.jpg,66,DHA,,Female,15,,198,2.0
female/66/1_DHA_15_2_198.jpg,66,DHA,,Female,15,,198,2.0
female/66/1_DHA_15_2_198.jpg,66,DHA,,Female,15,,198,2.0
female/66/1_DHA_15_2_198.jpg,66,DHA,,Female,15,,198,2.0
female/66/1_DHA_15_2_198.jpg,66,DHA,,Female,15,,198,2.0
female/66/1_DHA_15_2_198.jpg,66,DHA,,Female,15,,198,2.0
female/66/1_DHA_15_2_198.jpg,66,DHA,,Female,15,,198,2.0
female/66/1_DHA_15_2_198.jpg,66,DHA,,Female,15,,198,2.0
female/66/1_DHA_15_2_198.jpg,66,DHA,,Female,15,,198,2.0
female/66/1_DHA_15_2_198.jpg,66,DHA,,Female,15,,198,2.0
female/66/1_DHA_15_2_198.jpg,66,DHA,,Female,15,,198,2.0
female/66/1_DHA_15_2_198.jpg,66,DHA,,Female,15,,198,2.0
female/66/1_DHA_15_2_198.jpg,66,DHA,,Female,15,,198,2.0
female/66/1_DHA_15_2_198.jpg,66,DHA,,Female,15,,198,2.0
female/66/1_DHA_15_2_198.jpg,66,DHA,,Female,15,,198,2.0
female/66/1_DHA_15_2_198.jpg,66,DHA,,Female,15,,198,2.0
female/66/1_DHA_15_2_198.jpg,66,DHA,,Female,15,,198,2.0
female/66/1_DHA_15_2_198.jpg,66,DHA,,Female,15,,198,2.0
female/66/1_DHA_15_2_198.jpg,66,DHA,,Female,15,,198,2.0
female/66/1_DHA_15_2_198.jpg,66,DHA,,Female,15,,198,2.0
female/66/1_DHA_15_2_198.jpg,66,DHA,,Female,15,,198,2.0
female/66/1_DHA_15_2_198.jpg,66,DHA,,Female,15,,198,2.0
female/66/1_DHA_15_2_198.jpg,66,DHA,,Female,15,,198,2.0
female/66/1_DHA_15_2_198.jpg,66,DHA,,Female,15,,198,2.0
female/66/1_DHA_15_2_198.jpg,66,DHA,,Female,15,,198,2.0
female/66/1_DHA_15_2_198.jpg,66,DHA,,Female,15,,198,2.0
female/66/1_DHA_15_2_198.jpg,66,DHA,,Female,15,,198,2.0
female/66/1_DHA_15_2_198.jpg,66,DHA,,Female,15,,198,2.0
female/66/1_DHA_15_2_198.jpg,66,DHA,,Female,15,,198,2.0
female/66/1_DHA_15_2_198.jpg,66,DHA,,Female,15,,198,2.0
female/66/1_DHA_15_2_198.jpg,66,DHA,,Female,15,,198,2.0
female/66/1_DHA_15_2_198.jpg,66,DHA,,Female,15,,198,2.0
female/66/1_DHA_15_2_198.jpg,66,DHA,,Female,15,,198,2.0
female/66/1_DHA_15_2_198.jpg,66,DHA,,Female,15,,198,2.0
female/66/1_DHA_15_2_198.jpg,66,DHA,,Female,15,,198,2.0
female/66/1_DHA_15_2_198.jpg,66,DHA,,Female,15,,198,2.0
female/66/1_DHA_15_2_198.jpg,66,DHA,,Female,15,,198,2.0
female/66/1_DHA_15_2_198.jpg,66,DHA,,Female,15,,198,2.0
female/66/1_DHA_15_2_198.jpg,66,DHA,,Female,15,,198,2.0
female/66/1_DHA_15_2_198.jpg,66,DHA,,Female,15,,198,2.0
female/66/1_DHA_15_2_198.jpg,66,DHA,,Female,15,,198,2.0
female/66/1_DHA_15_2_198.jpg,66,DHA,,Female,15,,198,2.0
female/66/1_DHA_15_2_198.jpg,66,DHA,,Female,15,,198,2.0
female/66/1_DHA_15_2_198.jpg,66,DHA,,Female,15,,198,2.0
female/66/1_DHA_15_2_198.jpg,66,DHA,,Female,15,,198,2.0
female/66/1_DHA_15_2_198.jpg,66,DHA,,Female,15,,198,2.0
female/66/1_DHA_15_2_198.jpg,66,DHA,,Female,15,,198,2.0
female/66/1_DHA_15_2_198.jpg,66,DHA,,Female,15,,198,2.0
female/66/1_DHA_15_2_198.jpg,66,DHA,,Female,15,,198,2.0
female/66/1_DHA_15_2_198.jpg,66,DHA,,Female,15,,198,2.0
female/66/1_DHA_15_2_198.jpg,66,DHA,,Female,15,,198,2.0
female/66/1_DHA_15_2_198.jpg,66,DHA,,Female,15,,198,2.0
female/66/1_DHA_15_2_198.jpg,66,DHA,,Female,15,,198,2.0
female/66/1_DHA_15_2_198.jpg,66,DHA,,Female,15,,198,2.0
female/66/1_DHA_15_2_198.jpg,66,DHA,,Female,15,,198,2.0
female/66/1_DHA_16_2_983.jpg,66,DHA,,Female,16,,983,2.0
female/66/1_DHA_16_2_983.jpg,66,DHA,,Female,16,,983,2.0
female/66/1_DHA_16_2_983.jpg,66,DHA,,Female,16,,983,2.0
female/66/1_DHA_16_2_983.jpg,66,DHA,,Female,16,,983,2.0
female/66/1_DHA_16_2_983.jpg,66,DHA,,Female,16,,983,2.0
female/66/1_DHA_16_2_983.jpg,66,DHA,,Female,16,,983,2.0
female/66/1_DHA_16_2_983.jpg,66,DHA,,Female,16,,983,2.0
female/66/1_DHA_16_2_983.jpg,66,DHA,,Female,16,,983,2.0
female/66/1_DHA_16_2_983.jpg,66,DHA,,Female,16,,983,2.0
female/66/1_DHA_16_2_983.jpg,66,DHA,,Female,16,,983,2.0
female/66/1_DHA_16_2_983.jpg,66,DHA,,Female,16,,983,2.0
female/66/1_DHA_16_2_983.jpg,66,DHA,,Female,16,,983,2.0
female/66/1_DHA_16_2_983.jpg,66,DHA,,Female,16,,983,2.0
female/66/1_DHA_16_2_983.jpg,66,DHA,,Female,16,,983,2.0
female/66/1_DHA_16_2_983.jpg,66,DHA,,Female,16,,983,2.0
female/66/1_DHA_16_2_983.jpg,66,DHA,,Female,16,,983,2.0
female/66/1_DHA_16_2_983.jpg,66,DHA,,Female,16,,983,2.0
female/66/1_DHA_16_2_983.jpg,66,DHA,,Female,16,,983,2.0
female/66/1_DHA_16_2_983.jpg,66,DHA,,Female,16,,983,2.0
female/66/1_DHA_16_2_983.jpg,66,DHA,,Female,16,,983,2.0
female/66/1_DHA_16_2_983.jpg,66,DHA,,Female,16,,983,2.0
female/66/1_DHA_16_2_983.jpg,66,DHA,,Female,16,,983,2.0
female/66/1_DHA_16_2_983.jpg,66,DHA,,Female,16,,983,2.0
female/66/1_DHA_16_2_983.jpg,66,DHA,,Female,16,,983,2.0
female/66/1_DHA_16_2_983.jpg,66,DHA,,Female,16,,983,2.0
female/66/1_DHA_16_2_983.jpg,66,DHA,,Female,16,,983,2.0
female/66/1_DHA_16_2_983.jpg,66,DHA,,Female,16,,983,2.0
female/66/1_DHA_16_2_983.jpg,66,DHA,,Female,16,,983,2.0
female/66/1_DHA_16_2_983.jpg,66,DHA,,Female,16,,983,2.0
female/66/1_DHA_16_2_983.jpg,66,DHA,,Female,16,,983,2.0
female/66/1_DHA_16_2_983.jpg,66,DHA,,Female,16,,983,2.0
female/66/1_DHA_16_2_983.jpg,66,DHA,,Female,16,,983,2.0
female/66/1_DHA_16_2_983.jpg,66,DHA,,Female,16,,983,2.0
female/66/1_DHA_16_2_983.jpg,66,DHA,,Female,16,,983,2.0
female/66/1_DHA_16_2_983.jpg,66,DHA,,Female,16,,983,2.0
female/66/1_DHA_16_2_983.jpg,66,DHA,,Female,16,,983,2.0
female/66/1_DHA_16_2_983.jpg,66,DHA,,Female,16,,983,2.0
female/66/1_DHA_16_2_983.jpg,66,DHA,,Female,16,,983,2.0
female/66/1_DHA_16_2_983.jpg,66,DHA,,Female,16,,983,2.0
female/66/1_DHA_16_2_983.jpg,66,DHA,,Female,16,,983,2.0
female/66/1_DHA_16_2_983.jpg,66,DHA,,Female,16,,983,2.0
female/66/1_DHA_16_2_983.jpg,66,DHA,,Female,16,,983,2.0
female/66/1_DHA_16_2_983.jpg,66,DHA,,Female,16,,983,2.0
female/66/1_DHA_16_2_983.jpg,66,DHA,,Female,16,,983,2.0
female/66/1_DHA_16_2_983.jpg,66,DHA,,Female,16,,983,2.0
female/66/1_DHA_16_2_983.jpg,66,DHA,,Female,16,,983,2.0
female/66/1_DHA_16_2_983.jpg,66,DHA,,Female,16,,983,2.0
female/66/1_DHA_16_2_983.jpg,66,DHA,,Female,16,,983,2.0
female/66/1_DHA_16_2_983.jpg,66,DHA,,Female,16,,983,2.0
female/66/1_DHA_16_2_983.jpg,66,DHA,,Female,16,,983,2.0
female/66/1_DHA_16_2_983.jpg,66,DHA,,Female,16,,983,2.0
female/66/1_DHA_16_2_983.jpg,66,DHA,,Female,16,,983,2.0
female/66/1_DHA_16_2_983.jpg,66,DHA,,Female,16,,983,2.0
female/66/1_DHA_16_2_983.jpg,66,DHA,,Female,16,,983,2.0
female/66/1_DHA_16_2_983.jpg,66,DHA,,Female,16,,983,2.0
female/66/1_DHA_16_2_983.jpg,66,DHA,,Female,16,,983,2.0
female/66/1_DHA_16_2_983.jpg,66,DHA,,Female,16,,983,2.0
female/66/1_DHA_16_2_983.jpg,66,DHA,,Female,16,,983,2.0
female/66/1_DHA_16_2_983.jpg,66,DHA,,Female,16,,983,2.0
female/66/1_DHA_16_2_983.jpg,66,DHA,,Female,16,,983,2.0
female/66/1_DHA_16_2_983.jpg,66,DHA,,Female,16,,983,2.0
female/66/1_DHA_16_2_983.jpg,66,DHA,,Female,16,,983,2.0
female/66/1_DHA_16_2_983.jpg,66,DHA,,Female,16,,983,2.0
female/66/1_DHA_16_2_983.jpg,66,DHA,,Female,16,,983,2.0
female/66/1_DHA_16_2_983.jpg,66,DHA,,Female,16,,983,2.0
female/66/1_DHA_16_2_983.jpg,66,DHA,,Female,16,,983,2.0
female/66/1_DHA_16_2_983.jpg,66,DHA,,Female,16,,983,2.0
female/66/1_DHA_16_2_983.jpg,66,DHA,,Female,16,,983,2.0
female/66/1_DHA_16_2_983.jpg,66,DHA,,Female,16,,983,2.0
female/66/1_DHA_16_2_983.jpg,66,DHA,,Female,16,,983,2.0
female/66/1_DHA_16_2_983.jpg,66,DHA,,Female,16,,983,2.0
female/66/1_DHA_16_2_983.jpg,66,DHA,,Female,16,,983,2.0
female/66/1_DHA_16_2_983.jpg,66,DHA,,Female,16,,983,2.0
female/66/1_DHA_16_2_983.jpg,66,DHA,,Female,16,,983,2.0
female/66/1_DHA_16_2_983.jpg,66,DHA,,Female,16,,983,2.0
female/66/1_DHA_16_2_983.jpg,66,DHA,,Female,16,,983,2.0
female/66/1_DHA_16_2_983.jpg,66,DHA,,Female,16,,983,2.0
female/66/1_DHA_16_2_983.jpg,66,DHA,,Female,16,,983,2.0
female/66/1_DHA_16_2_983.jpg,66,DHA,,Female,16,,983,2.0
female/66/1_DHA_16_2_983.jpg,66,DHA,,Female,16,,983,2.0
female/66/1_DHA_16_2_983.jpg,66,DHA,,Female,16,,983,2.0
female/66/1_DHA_16_2_983.jpg,66,DHA,,Female,16,,983,2.0
female/66/1_DHA_16_2_983.jpg,66,DHA,,Female,16,,983,2.0
female/66/1_DHA_16_2_983.jpg,66,DHA,,Female,16,,983,2.0
female/66/1_DHA_16_2_983.jpg,66,DHA,,Female,16,,983,2.0
female/66/1_DHA_16_2_983.jpg,66,DHA,,Female,16,,983,2.0
female/66/1_DHA_16_2_983.jpg,66,DHA,,Female,16,,983,2.0
female/66/1_DHA_16_2_983.jpg,66,DHA,,Female,16,,983,2.0
female/66/1_DHA_16_2_983.jpg,66,DHA,,Female,16,,983,2.0
female/66/1_DHA_16_2_983.jpg,66,DHA,,Female,16,,983,2.0
female/66/1_DHA_16_2_983.jpg,66,DHA,,Female,16,,983,2.0
female/66/1_DHA_16_2_983.jpg,66,DHA,,Female,16,,983,2.0
female/66/1_DHA_16_2_983.jpg,66,DHA,,Female,16,,983,2.0
female/66/1_DHA_16_2_983.jpg,66,DHA,,Female,16,,983,2.0
female/66/1_DHA_16_2_983.jpg,66,DHA,,Female,16,,983,2.0
female/66/1_DHA_16_2_983.jpg,66,DHA,,Female,16,,983,2.0
female/66/1_DHA_16_2_983.jpg,66,DHA,,Female,16,,983,2.0
female/66/1_DHA_16_2_983.jpg,66,DHA,,Female,16,,983,2.0
female/66/1_DHA_16_2_983.jpg,66,DHA,,Female,16,,983,2.0
female/66/1_DHA_16_2_983.jpg,66,DHA,,Female,16,,983,2.0
female/66/1_DHA_16_2_983.jpg,66,DHA,,Female,16,,983,2.0
female/66/1_DHA_16_2_983.jpg,66,DHA,,Female,16,,983,2.0
female/66/1_DHA_16_2_983.jpg,66,DHA,,Female,16,,983,2.0
female/66/1_DHA_16_2_983.jpg,66,DHA,,Female,16,,983,2.0
female/66/1_DHA_16_2_983.jpg,66,DHA,,Female,16,,983,2.0
female/66/1_DHA_16_2_983.jpg,66,DHA,,Female,16,,983,2.0
female/66/1_DHA_16_2_983.jpg,66,DHA,,Female,16,,983,2.0
female/66/1_DHA_16_2_983.jpg,66,DHA,,Female,16,,983,2.0
female/66/1_DHA_16_2_983.jpg,66,DHA,,Female,16,,983,2.0
female/66/1_DHA_16_2_983.jpg,66,DHA,,Female,16,,983,2.0
female/66/1_DHA_16_2_983.jpg,66,DHA,,Female,16,,983,2.0
female/66/1_DHA_16_2_983.jpg,66,DHA,,Female,16,,983,2.0
female/66/1_DHA_16_2_983.jpg,66,DHA,,Female,16,,983,2.0
female/66/1_DHA_16_2_983.jpg,66,DHA,,Female,16,,983,2.0
female/66/1_DHA_16_2_983.jpg,66,DHA,,Female,16,,983,2.0
female/66/1_DHA_16_2_983.jpg,66,DHA,,Female,16,,983,2.0
female/66/1_DHA_16_2_983.jpg,66,DHA,,Female,16,,983,2.0
female/66/1_DHA_16_2_983.jpg,66,DHA,,Female,16,,983,2.0
female/66/1_DHA_16_2_983.jpg,66,DHA,,Female,16,,983,2.0
female/66/1_DHA_16_2_983.jpg,66,DHA,,Female,16,,983,2.0
female/66/1_DHA_16_2_983.jpg,66,DHA,,Female,16,,983,2.0
female/66/1_DHA_16_2_983.jpg,66,DHA,,Female,16,,983,2.0
female/66/1_DHA_16_2_983.jpg,66,DHA,,Female,16,,983,2.0
female/66/1_DHA_16_2_983.jpg,66,DHA,,Female,16,,983,2.0
female/66/1_DHA_16_2_983.jpg,66,DHA,,Female,16,,983,2.0
female/66/1_DHA_16_2_983.jpg,66,DHA,,Female,16,,983,2.0
female/66/1_DHA_16_2_983.jpg,66,DHA,,Female,16,,983,2.0
female/66/1_DHA_16_2_983.jpg,66,DHA,,Female,16,,983,2.0
female/66/1_DHA_16_2_983.jpg,66,DHA,,Female,16,,983,2.0
female/66/1_DHA_16_2_983.jpg,66,DHA,,Female,16,,983,2.0
female/66/1_DHA_16_2_983.jpg,66,DHA,,Female,16,,983,2.0
female/66/1_DHA_16_2_983.jpg,66,DHA,,Female,16,,983,2.0
female/66/1_DHA_16_2_983.jpg,66,DHA,,Female,16,,983,2.0
female/66/1_DHA_16_2_983.jpg,66,DHA,,Female,16,,983,2.0
female/66/1_DHA_16_2_983.jpg,66,DHA,,Female,16,,983,2.0
female/66/1_DHA_16_2_983.jpg,66,DHA,,Female,16,,983,2.0
female/66/1_DHA_16_2_983.jpg,66,DHA,,Female,16,,983,2.0
female/66/1_DHA_16_2_983.jpg,66,DHA,,Female,16,,983,2.0
female/66/1_DHA_16_2_983.jpg,66,DHA,,Female,16,,983,2.0
female/66/1_DHA_16_2_983.jpg,66,DHA,,Female,16,,983,2.0
female/66/1_DHA_16_2_983.jpg,66,DHA,,Female,16,,983,2.0
female/66/1_DHA_16_2_983.jpg,66,DHA,,Female,16,,983,2.0
female/66/1_DHA_16_2_983.jpg,66,DHA,,Female,16,,983,2.0
female/66/1_DHA_16_2_983.jpg,66,DHA,,Female,16,,983,2.0
female/66/1_DHA_16_2_983.jpg,66,DHA,,Female,16,,983,2.0
female/66/1_DHA_16_2_983.jpg,66,DHA,,Female,16,,983,2.0
female/66/1_DHA_16_2_983.jpg,66,DHA,,Female,16,,983,2.0
female/66/1_DHA_16_2_983.jpg,66,DHA,,Female,16,,983,2.0
female/66/1_DHA_16_2_983.jpg,66,DHA,,Female,16,,983,2.0
female/66/1_DHA_16_2_983.jpg,66,DHA,,Female,16,,983,2.0
female/66/1_DHA_16_2_983.jpg,66,DHA,,Female,16,,983,2.0
female/66/1_DHA_16_2_983.jpg,66,DHA,,Female,16,,983,2.0
female/66/1_DHA_16_2_983.jpg,66,DHA,,Female,16,,983,2.0
female/66/1_DHA_16_2_983.jpg,66,DHA,,Female,16,,983,2.0
female/66/1_DHA_16_2_983.jpg,66,DHA,,Female,16,,983,2.0
female/66/1_DHA_16_2_983.jpg,66,DHA,,Female,16,,983,2.0
female/66/1_DHA_16_2_983.jpg,66,DHA,,Female,16,,983,2.0
female/66/1_DHA_16_2_983.jpg,66,DHA,,Female,16,,983,2.0
female/66/1_DHA_16_2_983.jpg,66,DHA,,Female,16,,983,2.0
female/66/1_DHA_16_2_983.jpg,66,DHA,,Female,16,,983,2.0
female/66/1_DHA_16_2_983.jpg,66,DHA,,Female,16,,983,2.0
female/66/1_DHA_16_2_983.jpg,66,DHA,,Female,16,,983,2.0
female/66/1_DHA_16_2_983.jpg,66,DHA,,Female,16,,983,2.0
female/66/1_DHA_16_2_983.jpg,66,DHA,,Female,16,,983,2.0
female/66/1_DHA_16_2_983.jpg,66,DHA,,Female,16,,983,2.0
female/66/1_DHA_16_2_983.jpg,66,DHA,,Female,16,,983,2.0
female/66/1_DHA_16_2_983.jpg,66,DHA,,Female,16,,983,2.0
female/66/1_DHA_16_2_983.jpg,66,DHA,,Female,16,,983,2.0
female/66/1_DHA_16_2_983.jpg,66,DHA,,Female,16,,983,2.0
female/66/1_DHA_16_2_983.jpg,66,DHA,,Female,16,,983,2.0
female/66/1_DHA_16_2_983.jpg,66,DHA,,Female,16,,983,2.0
female/66/1_DHA_16_2_983.jpg,66,DHA,,Female,16,,983,2.0
female/66/1_DHA_16_2_983.jpg,66,DHA,,Female,16,,983,2.0
female/66/1_DHA_16_2_983.jpg,66,DHA,,Female,16,,983,2.0
female/66/1_DHA_16_2_983.jpg,66,DHA,,Female,16,,983,2.0
female/66/1_DHA_16_2_983.jpg,66,DHA,,Female,16,,983,2.0
female/66/1_DHA_16_2_983.jpg,66,DHA,,Female,16,,983,2.0
female/66/1_DHA_16_2_983.jpg,66,DHA,,Female,16,,983,2.0
female/66/1_DHA_16_2_983.jpg,66,DHA,,Female,16,,983,2.0
female/66/1_DHA_16_2_983.jpg,66,DHA,,Female,16,,983,2.0
female/66/1_DHA_16_2_983.jpg,66,DHA,,Female,16,,983,2.0
female/66/1_DHA_16_2_983.jpg,66,DHA,,Female,16,,983,2.0
female/66/1_DHA_16_2_983.jpg,66,DHA,,Female,16,,983,2.0
female/66/1_DHA_16_2_983.jpg,66,DHA,,Female,16,,983,2.0
female/66/1_DHA_16_2_983.jpg,66,DHA,,Female,16,,983,2.0
female/66/1_DHA_16_2_983.jpg,66,DHA,,Female,16,,983,2.0
female/66/1_DHA_16_2_983.jpg,66,DHA,,Female,16,,983,2.0
female/66/1_DHA_16_2_983.jpg,66,DHA,,Female,16,,983,2.0
female/66/1_DHA_16_2_983.jpg,66,DHA,,Female,16,,983,2.0
female/66/1_DHA_16_2_983.jpg,66,DHA,,Female,16,,983,2.0
female/66/1_DHA_16_2_983.jpg,66,DHA,,Female,16,,983,2.0
female/66/1_DHA_16_2_983.jpg,66,DHA,,Female,16,,983,2.0
female/66/1_DHA_16_2_983.jpg,66,DHA,,Female,16,,983,2.0
female/66/1_DHA_16_2_983.jpg,66,DHA,,Female,16,,983,2.0
female/66/1_DHA_16_2_983.jpg,66,DHA,,Female,16,,983,2.0
female/66/1_DHA_16_2_983.jpg,66,DHA,,Female,16,,983,2.0
female/66/1_DHA_16_2_983.jpg,66,DHA,,Female,16,,983,2.0
female/66/1_DHA_16_2_983.jpg,66,DHA,,Female,16,,983,2.0
female/66/1_DHA_16_2_983.jpg,66,DHA,,Female,16,,983,2.0
female/66/1_DHA_16_2_983.jpg,66,DHA,,Female,16,,983,2.0
female/66/1_DHA_16_2_983.jpg,66,DHA,,Female,16,,983,2.0
female/66/1_DHA_16_2_983.jpg,66,DHA,,Female,16,,983,2.0
female/66/1_DHA_16_2_983.jpg,66,DHA,,Female,16,,983,2.0
female/66/1_DHA_16_2_983.jpg,66,DHA,,Female,16,,983,2.0
female/66/1_DHA_16_2_983.jpg,66,DHA,,Female,16,,983,2.0
female/66/1_DHA_16_2_983.jpg,66,DHA,,Female,16,,983,2.0
female/66/1_DHA_16_2_983.jpg,66,DHA,,Female,16,,983,2.0
female/66/1_DHA_16_2_983.jpg,66,DHA,,Female,16,,983,2.0
female/66/1_DHA_16_2_983.jpg,66,DHA,,Female,16,,983,2.0
female/66/1_DHA_16_2_983.jpg,66,DHA,,Female,16,,983,2.0
female/66/1_DHA_16_2_983.jpg,66,DHA,,Female,16,,983,2.0
female/66/1_DHA_16_2_983.jpg,66,DHA,,Female,16,,983,2.0
female/66/1_DHA_16_2_983.jpg,66,DHA,,Female,16,,983,2.0
female/66/1_DHA_16_2_983.jpg,66,DHA,,Female,16,,983,2.0
female/66/1_DHA_16_2_983.jpg,66,DHA,,Female,16,,983,2.0
female/66/1_DHA_16_2_983.jpg,66,DHA,,Female,16,,983,2.0
female/66/1_DHA_16_2_983.jpg,66,DHA,,Female,16,,983,2.0
female/66/1_DHA_16_2_983.jpg,66,DHA,,Female,16,,983,2.0
female/66/1_DHA_16_2_983.jpg,66,DHA,,Female,16,,983,2.0
female/66/1_DHA_16_2_983.jpg,66,DHA,,Female,16,,983,2.0
female/66/1_DHA_16_2_983.jpg,66,DHA,,Female,16,,983,2.0
female/66/1_DHA_16_2_983.jpg,66,DHA,,Female,16,,983,2.0
female/66/1_DHA_16_2_983.jpg,66,DHA,,Female,16,,983,2.0
female/66/1_DHA_16_2_983.jpg,66,DHA,,Female,16,,983,2.0
female/66/1_DHA_16_2_983.jpg,66,DHA,,Female,16,,983,2.0
female/66/1_DHA_16_2_983.jpg,66,DHA,,Female,16,,983,2.0
female/66/1_DHA_16_2_983.jpg,66,DHA,,Female,16,,983,2.0
female/66/1_DHA_16_2_983.jpg,66,DHA,,Female,16,,983,2.0
female/66/1_DHA_16_2_983.jpg,66,DHA,,Female,16,,983,2.0
female/66/1_DHA_16_2_983.jpg,66,DHA,,Female,16,,983,2.0
female/66/1_DHA_16_2_983.jpg,66,DHA,,Female,16,,983,2.0
female/66/1_DHA_16_2_983.jpg,66,DHA,,Female,16,,983,2.0
female/66/1_DHA_16_2_983.jpg,66,DHA,,Female,16,,983,2.0
female/66/1_DHA_16_2_983.jpg,66,DHA,,Female,16,,983,2.0
female/66/1_DHA_16_2_983.jpg,66,DHA,,Female,16,,983,2.0
female/66/1_DHA_16_2_983.jpg,66,DHA,,Female,16,,983,2.0
female/66/1_DHA_16_2_983.jpg,66,DHA,,Female,16,,983,2.0
female/66/1_DHA_16_2_983.jpg,66,DHA,,Female,16,,983,2.0
female/66/1_DHA_16_2_983.jpg,66,DHA,,Female,16,,983,2.0
female/66/1_DHA_16_2_983.jpg,66,DHA,,Female,16,,983,2.0
female/66/1_DHA_16_2_983.jpg,66,DHA,,Female,16,,983,2.0
female/66/1_DHA_16_2_983.jpg,66,DHA,,Female,16,,983,2.0
female/66/1_DHA_16_2_983.jpg,66,DHA,,Female,16,,983,2.0
female/66/1_DHA_16_2_983.jpg,66,DHA,,Female,16,,983,2.0
female/66/1_DHA_16_2_983.jpg,66,DHA,,Female,16,,983,2.0
female/66/1_DHA_16_2_983.jpg,66,DHA,,Female,16,,983,2.0
female/66/1_DHA_16_2_983.jpg,66,DHA,,Female,16,,983,2.0
female/66/1_DHA_16_2_983.jpg,66,DHA,,Female,16,,983,2.0
female/66/1_DHA_16_2_983.jpg,66,DHA,,Female,16,,983,2.0
female/66/1_DHA_16_2_983.jpg,66,DHA,,Female,16,,983,2.0
female/66/1_DHA_16_2_983.jpg,66,DHA,,Female,16,,983,2.0
female/66/1_DHA_16_2_983.jpg,66,DHA,,Female,16,,983,2.0
female/66/1_DHA_16_2_983.jpg,66,DHA,,Female,16,,983,2.0
female/66/1_DHA_16_2_983.jpg,66,DHA,,Female,16,,983,2.0
female/66/1_DHA_16_2_983.jpg,66,DHA,,Female,16,,983,2.0
female/66/1_DHA_16_2_983.jpg,66,DHA,,Female,16,,983,2.0
female/66/1_DHA_16_2_983.jpg,66,DHA,,Female,16,,983,2.0
female/66/1_DHA_16_2_983.jpg,66,DHA,,Female,16,,983,2.0
female/66/1_DHA_16_2_983.jpg,66,DHA,,Female,16,,983,2.0
female/66/1_DHA_16_2_983.jpg,66,DHA,,Female,16,,983,2.0
female/66/1_DHA_16_2_983.jpg,66,DHA,,Female,16,,983,2.0
female/66/1_DHA_16_2_983.jpg,66,DHA,,Female,16,,983,2.0
female/66/1_DHA_16_2_983.jpg,66,DHA,,Female,16,,983,2.0
female/66/1_DHA_16_2_983.jpg,66,DHA,,Female,16,,983,2.0
female/66/1_DHA_16_2_983.jpg,66,DHA,,Female,16,,983,2.0
female/66/1_DHA_16_2_983.jpg,66,DHA,,Female,16,,983,2.0
female/66/1_DHA_16_2_983.jpg,66,DHA,,Female,16,,983,2.0
female/66/1_DHA_16_2_983.jpg,66,DHA,,Female,16,,983,2.0
female/66/1_DHA_16_2_983.jpg,66,DHA,,Female,16,,983,2.0
female/66/1_DHA_16_2_983.jpg,66,DHA,,Female,16,,983,2.0
female/66/1_DHA_16_2_983.jpg,66,DHA,,Female,16,,983,2.0
female/66/1_DHA_16_2_983.jpg,66,DHA,,Female,16,,983,2.0
female/66/1_DHA_16_2_983.jpg,66,DHA,,Female,16,,983,2.0
female/66/1_DHA_16_2_983.jpg,66,DHA,,Female,16,,983,2.0
female/66/1_DHA_16_2_983.jpg,66,DHA,,Female,16,,983,2.0
female/66/1_DHA_16_2_983.jpg,66,DHA,,Female,16,,983,2.0
female/66/1_DHA_16_2_983.jpg,66,DHA,,Female,16,,983,2.0
female/66/1_DHA_16_2_983.jpg,66,DHA,,Female,16,,983,2.0
female/66/1_DHA_16_2_983.jpg,66,DHA,,Female,16,,983,2.0
female/66/1_DHA_16_2_983.jpg,66,DHA,,Female,16,,983,2.0
female/66/1_DHA_16_2_983.jpg,66,DHA,,Female,16,,983,2.0
female/66/1_DHA_16_2_983.jpg,66,DHA,,Female,16,,983,2.0
female/66/1_DHA_16_2_983.jpg,66,DHA,,Female,16,,983,2.0
female/66/1_DHA_16_2_983.jpg,66,DHA,,Female,16,,983,2.0
female/66/1_DHA_16_2_983.jpg,66,DHA,,Female,16,,983,2.0
female/66/1_DHA_16_2_983.jpg,66,DHA,,Female,16,,983,2.0
female/66/1_DHA_16_2_983.jpg,66,DHA,,Female,16,,983,2.0
female/66/1_DHA_16_2_983.jpg,66,DHA,,Female,16,,983,2.0
female/66/1_DHA_16_2_983.jpg,66,DHA,,Female,16,,983,2.0
female/66/1_DHA_16_2_983.jpg,66,DHA,,Female,16,,983,2.0
female/66/1_DHA_16_2_983.jpg,66,DHA,,Female,16,,983,2.0
female/66/1_DHA_16_2_983.jpg,66,DHA,,Female,16,,983,2.0
female/66/1_DHA_16_2_983.jpg,66,DHA,,Female,16,,983,2.0
female/66/1_DHA_16_2_983.jpg,66,DHA,,Female,16,,983,2.0
female/66/1_DHA_16_2_983.jpg,66,DHA,,Female,16,,983,2.0
female/66/1_DHA_16_2_983.jpg,66,DHA,,Female,16,,983,2.0
female/66/1_DHA_16_2_983.jpg,66,DHA,,Female,16,,983,2.0
female/66/1_DHA_16_2_983.jpg,66,DHA,,Female,16,,983,2.0
female/66/1_DHA_16_2_983.jpg,66,DHA,,Female,16,,983,2.0
female/66/1_DHA_16_2_983.jpg,66,DHA,,Female,16,,983,2.0
female/66/1_DHA_16_2_983.jpg,66,DHA,,Female,16,,983,2.0
female/66/1_DHA_16_2_983.jpg,66,DHA,,Female,16,,983,2.0
female/66/1_DHA_16_2_983.jpg,66,DHA,,Female,16,,983,2.0
female/66/1_DHA_16_2_983.jpg,66,DHA,,Female,16,,983,2.0
female/66/1_DHA_16_2_983.jpg,66,DHA,,Female,16,,983,2.0
female/66/1_DHA_16_2_983.jpg,66,DHA,,Female,16,,983,2.0
female/66/1_DHA_16_2_983.jpg,66,DHA,,Female,16,,983,2.0
female/66/1_DHA_16_2_983.jpg,66,DHA,,Female,16,,983,2.0
female/66/1_DHA_16_2_983.jpg,66,DHA,,Female,16,,983,2.0
female/66/1_DHA_16_2_983.jpg,66,DHA,,Female,16,,983,2.0
female/66/1_DHA_16_2_983.jpg,66,DHA,,Female,16,,983,2.0
female/66/1_DHA_16_2_983.jpg,66,DHA,,Female,16,,983,2.0
female/66/1_DHA_16_2_983.jpg,66,DHA,,Female,16,,983,2.0
female/66/1_DHA_16_2_983.jpg,66,DHA,,Female,16,,983,2.0
female/66/1_DHA_16_2_983.jpg,66,DHA,,Female,16,,983,2.0
female/66/1_DHA_16_2_983.jpg,66,DHA,,Female,16,,983,2.0
female/66/1_DHA_16_2_983.jpg,66,DHA,,Female,16,,983,2.0
female/66/1_DHA_16_2_983.jpg,66,DHA,,Female,16,,983,2.0
female/66/1_DHA_16_2_983.jpg,66,DHA,,Female,16,,983,2.0
female/66/1_DHA_16_2_983.jpg,66,DHA,,Female,16,,983,2.0
female/66/1_DHA_16_2_983.jpg,66,DHA,,Female,16,,983,2.0
female/66/1_DHA_16_2_983.jpg,66,DHA,,Female,16,,983,2.0
female/66/1_DHA_16_2_983.jpg,66,DHA,,Female,16,,983,2.0
female/66/1_DHA_16_2_983.jpg,66,DHA,,Female,16,,983,2.0
female/66/1_DHA_16_2_983.jpg,66,DHA,,Female,16,,983,2.0
female/66/1_DHA_16_2_983.jpg,66,DHA,,Female,16,,983,2.0
female/66/1_DHA_16_2_983.jpg,66,DHA,,Female,16,,983,2.0
female/66/1_DHA_16_2_983.jpg,66,DHA,,Female,16,,983,2.0
female/66/1_DHA_16_2_983.jpg,66,DHA,,Female,16,,983,2.0
female/66/1_DHA_16_2_983.jpg,66,DHA,,Female,16,,983,2.0
female/66/1_DHA_16_2_983.jpg,66,DHA,,Female,16,,983,2.0
female/66/1_DHA_16_2_983.jpg,66,DHA,,Female,16,,983,2.0
female/66/1_DHA_16_2_983.jpg,66,DHA,,Female,16,,983,2.0
female/66/1_DHA_16_2_983.jpg,66,DHA,,Female,16,,983,2.0
female/66/1_DHA_16_2_983.jpg,66,DHA,,Female,16,,983,2.0
female/66/1_DHA_16_2_983.jpg,66,DHA,,Female,16,,983,2.0
female/66/1_DHA_16_2_983.jpg,66,DHA,,Female,16,,983,2.0
female/66/1_DHA_16_2_983.jpg,66,DHA,,Female,16,,983,2.0
female/66/1_DHA_16_2_983.jpg,66,DHA,,Female,16,,983,2.0
female/66/1_DHA_16_2_983.jpg,66,DHA,,Female,16,,983,2.0
female/66/1_DHA_16_2_983.jpg,66,DHA,,Female,16,,983,2.0
female/66/1_DHA_16_2_983.jpg,66,DHA,,Female,16,,983,2.0
female/66/1_DHA_16_2_983.jpg,66,DHA,,Female,16,,983,2.0
female/66/1_DHA_16_2_983.jpg,66,DHA,,Female,16,,983,2.0
female/66/1_DHA_16_2_983.jpg,66,DHA,,Female,16,,983,2.0
female/66/1_DHA_16_2_983.jpg,66,DHA,,Female,16,,983,2.0
female/66/1_DHA_16_2_983.jpg,66,DHA,,Female,16,,983,2.0
female/66/1_DHA_16_2_983.jpg,66,DHA,,Female,16,,983,2.0
female/66/1_DHA_16_2_983.jpg,66,DHA,,Female,16,,983,2.0
female/66/1_DHA_16_2_983.jpg,66,DHA,,Female,16,,983,2.0
female/66/1_DHA_16_2_983.jpg,66,DHA,,Female,16,,983,2.0
female/66/1_DHA_16_2_983.jpg,66,DHA,,Female,16,,983,2.0
female/66/1_DHA_16_2_983.jpg,66,DHA,,Female,16,,983,2.0
female/66/1_DHA_16_2_983.jpg,66,DHA,,Female,16,,983,2.0
female/66/1_DHA_16_2_983.jpg,66,DHA,,Female,16,,983,2.0
female/66/1_DHA_16_2_983.jpg,66,DHA,,Female,16,,983,2.0
female/66/1_DHA_16_2_983.jpg,66,DHA,,Female,16,,983,2.0
female/66/1_DHA_16_2_983.jpg,66,DHA,,Female,16,,983,2.0
female/66/1_DHA_16_2_983.jpg,66,DHA,,Female,16,,983,2.0
female/66/1_DHA_16_2_983.jpg,66,DHA,,Female,16,,983,2.0
female/66/1_DHA_16_2_983.jpg,66,DHA,,Female,16,,983,2.0
female/66/1_DHA_16_2_983.jpg,66,DHA,,Female,16,,983,2.0
female/66/1_DHA_16_2_983.jpg,66,DHA,,Female,16,,983,2.0
female/66/1_DHA_16_2_983.jpg,66,DHA,,Female,16,,983,2.0
female/66/1_DHA_16_2_983.jpg,66,DHA,,Female,16,,983,2.0
female/66/1_DHA_16_2_983.jpg,66,DHA,,Female,16,,983,2.0
female/66/1_DHA_16_2_983.jpg,66,DHA,,Female,16,,983,2.0
female/66/1_DHA_16_2_983.jpg,66,DHA,,Female,16,,983,2.0
female/66/1_DHA_16_2_983.jpg,66,DHA,,Female,16,,983,2.0
female/66/1_DHA_16_2_983.jpg,66,DHA,,Female,16,,983,2.0
female/66/1_DHA_16_2_983.jpg,66,DHA,,Female,16,,983,2.0
female/66/1_DHA_16_2_983.jpg,66,DHA,,Female,16,,983,2.0
female/66/1_DHA_16_2_983.jpg,66,DHA,,Female,16,,983,2.0
female/66/1_DHA_16_2_983.jpg,66,DHA,,Female,16,,983,2.0
female/66/1_DHA_16_2_983.jpg,66,DHA,,Female,16,,983,2.0
female/66/1_DHA_16_2_983.jpg,66,DHA,,Female,16,,983,2.0
female/66/1_DHA_16_2_983.jpg,66,DHA,,Female,16,,983,2.0
female/66/1_DHA_16_2_983.jpg,66,DHA,,Female,16,,983,2.0
female/66/1_DHA_16_2_983.jpg,66,DHA,,Female,16,,983,2.0
female/66/1_DHA_16_2_983.jpg,66,DHA,,Female,16,,983,2.0
female/66/1_DHA_16_2_983.jpg,66,DHA,,Female,16,,983,2.0
female/66/1_DHA_16_2_983.jpg,66,DHA,,Female,16,,983,2.0
female/66/1_DHA_16_2_983.jpg,66,DHA,,Female,16,,983,2.0
female/66/1_DHA_16_2_983.jpg,66,DHA,,Female,16,,983,2.0
female/66/1_DHA_16_2_983.jpg,66,DHA,,Female,16,,983,2.0
female/66/1_DHA_16_2_983.jpg,66,DHA,,Female,16,,983,2.0
female/66/1_DHA_16_2_983.jpg,66,DHA,,Female,16,,983,2.0
female/66/1_DHA_16_2_983.jpg,66,DHA,,Female,16,,983,2.0
female/66/1_DHA_16_2_983.jpg,66,DHA,,Female,16,,983,2.0
female/66/1_DHA_16_2_983.jpg,66,DHA,,Female,16,,983,2.0
female/66/1_DHA_16_2_983.jpg,66,DHA,,Female,16,,983,2.0
female/66/1_DHA_16_2_983.jpg,66,DHA,,Female,16,,983,2.0
female/66/1_DHA_16_2_983.jpg,66,DHA,,Female,16,,983,2.0
female/66/1_DHA_16_2_983.jpg,66,DHA,,Female,16,,983,2.0
female/66/1_DHA_16_2_983.jpg,66,DHA,,Female,16,,983,2.0
female/66/1_DHA_16_2_983.jpg,66,DHA,,Female,16,,983,2.0
female/66/1_DHA_16_2_983.jpg,66,DHA,,Female,16,,983,2.0
female/66/1_DHA_16_2_983.jpg,66,DHA,,Female,16,,983,2.0
female/66/1_DHA_16_2_983.jpg,66,DHA,,Female,16,,983,2.0
female/66/1_DHA_16_2_983.jpg,66,DHA,,Female,16,,983,2.0
female/66/1_DHA_16_2_983.jpg,66,DHA,,Female,16,,983,2.0
female/66/1_DHA_16_2_983.jpg,66,DHA,,Female,16,,983,2.0
female/66/1_DHA_16_2_983.jpg,66,DHA,,Female,16,,983,2.0
female/66/1_DHA_16_2_983.jpg,66,DHA,,Female,16,,983,2.0
female/66/1_DHA_16_2_983.jpg,66,DHA,,Female,16,,983,2.0
female/66/1_DHA_16_2_983.jpg,66,DHA,,Female,16,,983,2.0
female/66/1_DHA_16_2_983.jpg,66,DHA,,Female,16,,983,2.0
female/66/1_DHA_16_2_983.jpg,66,DHA,,Female,16,,983,2.0
female/66/1_DHA_16_2_983.jpg,66,DHA,,Female,16,,983,2.0
female/66/1_DHA_16_2_983.jpg,66,DHA,,Female,16,,983,2.0
female/66/1_DHA_16_2_983.jpg,66,DHA,,Female,16,,983,2.0
female/66/1_DHA_16_2_983.jpg,66,DHA,,Female,16,,983,2.0
female/66/1_DHA_16_2_983.jpg,66,DHA,,Female,16,,983,2.0
female/66/1_DHA_16_2_983.jpg,66,DHA,,Female,16,,983,2.0
female/66/1_DHA_16_2_983.jpg,66,DHA,,Female,16,,983,2.0
female/66/1_DHA_16_2_983.jpg,66,DHA,,Female,16,,983,2.0
female/66/1_DHA_16_2_983.jpg,66,DHA,,Female,16,,983,2.0
female/66/1_DHA_16_2_983.jpg,66,DHA,,Female,16,,983,2.0
female/66/1_DHA_16_2_983.jpg,66,DHA,,Female,16,,983,2.0
female/66/1_DHA_16_2_983.jpg,66,DHA,,Female,16,,983,2.0
female/66/1_DHA_16_2_983.jpg,66,DHA,,Female,16,,983,2.0
female/66/1_DHA_16_2_983.jpg,66,DHA,,Female,16,,983,2.0
female/66/1_DHA_16_2_983.jpg,66,DHA,,Female,16,,983,2.0
female/66/1_DHA_16_2_983.jpg,66,DHA,,Female,16,,983,2.0
female/66/1_DHA_16_2_983.jpg,66,DHA,,Female,16,,983,2.0
female/66/1_DHA_16_2_983.jpg,66,DHA,,Female,16,,983,2.0
female/66/1_DHA_16_2_983.jpg,66,DHA,,Female,16,,983,2.0
female/66/1_DHA_16_2_983.jpg,66,DHA,,Female,16,,983,2.0
female/66/1_DHA_16_2_983.jpg,66,DHA,,Female,16,,983,2.0
female/66/1_DHA_16_2_983.jpg,66,DHA,,Female,16,,983,2.0
female/66/1_DHA_16_2_983.jpg,66,DHA,,Female,16,,983,2.0
female/66/1_DHA_16_2_983.jpg,66,DHA,,Female,16,,983,2.0
female/66/1_DHA_16_2_983.jpg,66,DHA,,Female,16,,983,2.0
female/66/1_DHA_16_2_983.jpg,66,DHA,,Female,16,,983,2.0
female/66/1_DHA_16_2_983.jpg,66,DHA,,Female,16,,983,2.0
female/66/1_DHA_16_2_983.jpg,66,DHA,,Female,16,,983,2.0
female/66/1_DHA_16_2_983.jpg,66,DHA,,Female,16,,983,2.0
female/66/1_DHA_16_2_983.jpg,66,DHA,,Female,16,,983,2.0
female/66/1_DHA_16_2_983.jpg,66,DHA,,Female,16,,983,2.0
female/66/1_DHA_16_2_983.jpg,66,DHA,,Female,16,,983,2.0
female/66/1_DHA_16_2_983.jpg,66,DHA,,Female,16,,983,2.0
female/66/1_DHA_16_2_983.jpg,66,DHA,,Female,16,,983,2.0
female/66/1_DHA_16_2_983.jpg,66,DHA,,Female,16,,983,2.0
female/66/1_DHA_16_2_983.jpg,66,DHA,,Female,16,,983,2.0
female/66/1_DHA_16_2_983.jpg,66,DHA,,Female,16,,983,2.0
female/66/1_DHA_16_2_983.jpg,66,DHA,,Female,16,,983,2.0
female/66/1_DHA_16_2_983.jpg,66,DHA,,Female,16,,983,2.0
female/66/1_DHA_16_2_983.jpg,66,DHA,,Female,16,,983,2.0
female/66/1_DHA_16_2_983.jpg,66,DHA,,Female,16,,983,2.0
female/66/1_DHA_16_2_983.jpg,66,DHA,,Female,16,,983,2.0
female/66/1_DHA_16_2_983.jpg,66,DHA,,Female,16,,983,2.0
female/66/1_DHA_16_2_983.jpg,66,DHA,,Female,16,,983,2.0
female/66/1_DHA_16_2_983.jpg,66,DHA,,Female,16,,983,2.0
female/66/1_DHA_16_2_983.jpg,66,DHA,,Female,16,,983,2.0
female/66/1_DHA_16_2_983.jpg,66,DHA,,Female,16,,983,2.0
female/66/1_DHA_16_2_983.jpg,66,DHA,,Female,16,,983,2.0
female/66/1_DHA_16_2_983.jpg,66,DHA,,Female,16,,983,2.0
female/66/1_DHA_16_2_983.jpg,66,DHA,,Female,16,,983,2.0
female/66/1_DHA_16_2_983.jpg,66,DHA,,Female,16,,983,2.0
female/66/1_DHA_16_2_983.jpg,66,DHA,,Female,16,,983,2.0
female/66/1_DHA_16_2_983.jpg,66,DHA,,Female,16,,983,2.0
female/66/1_DHA_16_2_983.jpg,66,DHA,,Female,16,,983,2.0
female/66/1_DHA_16_2_983.jpg,66,DHA,,Female,16,,983,2.0
female/66/1_DHA_16_2_983.jpg,66,DHA,,Female,16,,983,2.0
female/66/1_DHA_16_2_983.jpg,66,DHA,,Female,16,,983,2.0
female/66/1_DHA_16_2_983.jpg,66,DHA,,Female,16,,983,2.0
female/66/1_DHA_16_2_983.jpg,66,DHA,,Female,16,,983,2.0
female/66/1_DHA_16_2_983.jpg,66,DHA,,Female,16,,983,2.0
female/66/1_DHA_16_2_983.jpg,66,DHA,,Female,16,,983,2.0
female/66/1_DHA_16_2_983.jpg,66,DHA,,Female,16,,983,2.0
female/66/1_DHA_16_2_983.jpg,66,DHA,,Female,16,,983,2.0
female/66/1_DHA_16_2_983.jpg,66,DHA,,Female,16,,983,2.0
female/66/1_DHA_16_2_983.jpg,66,DHA,,Female,16,,983,2.0
female/66/1_DHA_16_2_983.jpg,66,DHA,,Female,16,,983,2.0
female/66/1_DHA_16_2_983.jpg,66,DHA,,Female,16,,983,2.0
female/66/1_DHA_16_2_983.jpg,66,DHA,,Female,16,,983,2.0
female/66/1_DHA_16_2_983.jpg,66,DHA,,Female,16,,983,2.0
female/66/1_DHA_16_2_983.jpg,66,DHA,,Female,16,,983,2.0
female/66/1_DHA_16_2_983.jpg,66,DHA,,Female,16,,983,2.0
female/66/1_DHA_16_2_983.jpg,66,DHA,,Female,16,,983,2.0
female/66/1_DHA_16_2_983.jpg,66,DHA,,Female,16,,983,2.0
female/66/1_DHA_16_2_983.jpg,66,DHA,,Female,16,,983,2.0
female/66/1_DHA_16_2_983.jpg,66,DHA,,Female,16,,983,2.0
female/66/1_DHA_16_2_983.jpg,66,DHA,,Female,16,,983,2.0
female/66/1_DHA_16_2_983.jpg,66,DHA,,Female,16,,983,2.0
female/66/1_DHA_16_2_983.jpg,66,DHA,,Female,16,,983,2.0
female/66/1_DHA_16_2_983.jpg,66,DHA,,Female,16,,983,2.0
female/66/1_DHA_16_2_983.jpg,66,DHA,,Female,16,,983,2.0
female/66/1_DHA_16_2_983.jpg,66,DHA,,Female,16,,983,2.0
female/66/1_DHA_16_2_983.jpg,66,DHA,,Female,16,,983,2.0
female/66/1_DHA_16_2_983.jpg,66,DHA,,Female,16,,983,2.0
female/66/1_DHA_16_2_983.jpg,66,DHA,,Female,16,,983,2.0
female/66/1_DHA_16_2_983.jpg,66,DHA,,Female,16,,983,2.0
female/66/1_DHA_16_2_983.jpg,66,DHA,,Female,16,,983,2.0
female/66/1_DHA_16_2_983.jpg,66,DHA,,Female,16,,983,2.0
female/66/1_DHA_16_2_983.jpg,66,DHA,,Female,16,,983,2.0
female/66/1_DHA_16_2_983.jpg,66,DHA,,Female,16,,983,2.0
female/66/1_DHA_16_2_983.jpg,66,DHA,,Female,16,,983,2.0
female/66/1_DHA_16_2_983.jpg,66,DHA,,Female,16,,983,2.0
female/66/1_DHA_16_2_983.jpg,66,DHA,,Female,16,,983,2.0
female/66/1_DHA_16_2_983.jpg,66,DHA,,Female,16,,983,2.0
female/66/1_DHA_16_2_983.jpg,66,DHA,,Female,16,,983,2.0
female/66/1_DHA_16_2_983.jpg,66,DHA,,Female,16,,983,2.0
female/66/1_DHA_16_2_983.jpg,66,DHA,,Female,16,,983,2.0
female/66/1_DHA_16_2_983.jpg,66,DHA,,Female,16,,983,2.0
female/66/1_DHA_16_2_983.jpg,66,DHA,,Female,16,,983,2.0
female/66/1_DHA_16_2_983.jpg,66,DHA,,Female,16,,983,2.0
female/66/1_DHA_16_2_983.jpg,66,DHA,,Female,16,,983,2.0
female/66/1_DHA_16_2_983.jpg,66,DHA,,Female,16,,983,2.0
female/66/1_DHA_16_2_983.jpg,66,DHA,,Female,16,,983,2.0
female/66/1_DHA_16_2_983.jpg,66,DHA,,Female,16,,983,2.0
female/66/1_DHA_16_2_983.jpg,66,DHA,,Female,16,,983,2.0
female/66/1_DHA_16_2_983.jpg,66,DHA,,Female,16,,983,2.0
female/66/1_DHA_16_2_983.jpg,66,DHA,,Female,16,,983,2.0
female/66/1_DHA_16_2_983.jpg,66,DHA,,Female,16,,983,2.0
female/66/1_DHA_16_2_983.jpg,66,DHA,,Female,16,,983,2.0
female/66/1_DHA_16_2_983.jpg,66,DHA,,Female,16,,983,2.0
female/66/1_DHA_16_2_983.jpg,66,DHA,,Female,16,,983,2.0
female/66/1_DHA_16_2_983.jpg,66,DHA,,Female,16,,983,2.0
female/66/1_DHA_16_2_983.jpg,66,DHA,,Female,16,,983,2.0
female/66/1_DHA_16_2_983.jpg,66,DHA,,Female,16,,983,2.0
female/66/1_DHA_16_2_983.jpg,66,DHA,,Female,16,,983,2.0
female/66/1_DHA_16_2_983.jpg,66,DHA,,Female,16,,983,2.0
female/66/1_DHA_16_2_983.jpg,66,DHA,,Female,16,,983,2.0
female/66/1_DHA_16_2_983.jpg,66,DHA,,Female,16,,983,2.0
female/66/1_DHA_16_2_983.jpg,66,DHA,,Female,16,,983,2.0
female/66/1_DHA_16_2_983.jpg,66,DHA,,Female,16,,983,2.0
female/66/1_DHA_16_2_983.jpg,66,DHA,,Female,16,,983,2.0
female/66/1_DHA_16_2_983.jpg,66,DHA,,Female,16,,983,2.0
female/66/1_DHA_16_2_983.jpg,66,DHA,,Female,16,,983,2.0
female/66/1_DHA_16_2_983.jpg,66,DHA,,Female,16,,983,2.0
female/66/1_DHA_16_2_983.jpg,66,DHA,,Female,16,,983,2.0
female/66/1_DHA_16_2_983.jpg,66,DHA,,Female,16,,983,2.0
female/66/1_DHA_16_2_983.jpg,66,DHA,,Female,16,,983,2.0
female/66/1_DHA_16_2_983.jpg,66,DHA,,Female,16,,983,2.0
female/66/1_DHA_16_2_983.jpg,66,DHA,,Female,16,,983,2.0
female/66/1_DHA_16_2_983.jpg,66,DHA,,Female,16,,983,2.0
female/66/1_DHA_16_2_983.jpg,66,DHA,,Female,16,,983,2.0
female/66/1_DHA_16_2_983.jpg,66,DHA,,Female,16,,983,2.0
female/66/1_DHA_16_2_983.jpg,66,DHA,,Female,16,,983,2.0
female/66/1_DHA_16_2_983.jpg,66,DHA,,Female,16,,983,2.0
female/66/1_DHA_16_2_983.jpg,66,DHA,,Female,16,,983,2.0
female/66/1_DHA_16_2_983.jpg,66,DHA,,Female,16,,983,2.0
female/66/1_DHA_16_2_983.jpg,66,DHA,,Female,16,,983,2.0
female/66/1_DHA_16_2_983.jpg,66,DHA,,Female,16,,983,2.0
female/66/1_DHA_16_2_983.jpg,66,DHA,,Female,16,,983,2.0
female/66/1_DHA_16_2_983.jpg,66,DHA,,Female,16,,983,2.0
female/66/1_DHA_16_2_983.jpg,66,DHA,,Female,16,,983,2.0
female/66/1_DHA_16_2_983.jpg,66,DHA,,Female,16,,983,2.0
female/66/1_DHA_16_2_983.jpg,66,DHA,,Female,16,,983,2.0
female/66/1_DHA_16_2_983.jpg,66,DHA,,Female,16,,983,2.0
female/66/1_DHA_16_2_983.jpg,66,DHA,,Female,16,,983,2.0
female/66/1_DHA_16_2_983.jpg,66,DHA,,Female,16,,983,2.0
female/66/1_DHA_16_2_983.jpg,66,DHA,,Female,16,,983,2.0
female/66/1_DHA_16_2_983.jpg,66,DHA,,Female,16,,983,2.0
female/66/1_DHA_16_2_983.jpg,66,DHA,,Female,16,,983,2.0
female/66/1_DHA_16_2_983.jpg,66,DHA,,Female,16,,983,2.0
female/66/1_DHA_16_2_983.jpg,66,DHA,,Female,16,,983,2.0
female/66/1_DHA_16_2_983.jpg,66,DHA,,Female,16,,983,2.0
female/66/1_DHA_16_2_983.jpg,66,DHA,,Female,16,,983,2.0
female/66/1_DHA_16_2_983.jpg,66,DHA,,Female,16,,983,2.0
female/66/1_DHA_16_2_983.jpg,66,DHA,,Female,16,,983,2.0
female/66/1_DHA_16_2_983.jpg,66,DHA,,Female,16,,983,2.0
female/66/1_DHA_16_2_983.jpg,66,DHA,,Female,16,,983,2.0
female/66/1_DHA_16_2_983.jpg,66,DHA,,Female,16,,983,2.0
female/66/1_DHA_16_2_983.jpg,66,DHA,,Female,16,,983,2.0
female/66/1_DHA_16_2_983.jpg,66,DHA,,Female,16,,983,2.0
female/66/1_DHA_16_2_983.jpg,66,DHA,,Female,16,,983,2.0
female/66/1_DHA_16_2_983.jpg,66,DHA,,Female,16,,983,2.0
female/66/1_DHA_16_2_983.jpg,66,DHA,,Female,16,,983,2.0
female/66/1_DHA_16_2_983.jpg,66,DHA,,Female,16,,983,2.0
female/66/1_DHA_16_2_983.jpg,66,DHA,,Female,16,,983,2.0
female/66/1_DHA_16_2_983.jpg,66,DHA,,Female,16,,983,2.0
female/66/1_DHA_16_2_983.jpg,66,DHA,,Female,16,,983,2.0
female/66/1_DHA_16_2_983.jpg,66,DHA,,Female,16,,983,2.0
female/66/1_DHA_16_2_983.jpg,66,DHA,,Female,16,,983,2.0
female/66/1_DHA_16_2_983.jpg,66,DHA,,Female,16,,983,2.0
female/66/1_DHA_16_2_983.jpg,66,DHA,,Female,16,,983,2.0
female/66/1_DHA_16_2_983.jpg,66,DHA,,Female,16,,983,2.0
female/66/1_DHA_16_2_983.jpg,66,DHA,,Female,16,,983,2.0
female/66/1_DHA_16_2_983.jpg,66,DHA,,Female,16,,983,2.0
female/66/1_DHA_16_2_983.jpg,66,DHA,,Female,16,,983,2.0
female/66/1_DHA_16_2_983.jpg,66,DHA,,Female,16,,983,2.0
female/66/1_DHA_16_2_983.jpg,66,DHA,,Female,16,,983,2.0
female/66/1_DHA_16_2_983.jpg,66,DHA,,Female,16,,983,2.0
female/66/1_DHA_16_2_983.jpg,66,DHA,,Female,16,,983,2.0
female/66/1_DHA_16_2_983.jpg,66,DHA,,Female,16,,983,2.0
female/66/1_DHA_16_2_983.jpg,66,DHA,,Female,16,,983,2.0
female/66/1_DHA_16_2_983.jpg,66,DHA,,Female,16,,983,2.0
female/66/1_DHA_16_2_983.jpg,66,DHA,,Female,16,,983,2.0
female/66/1_DHA_16_2_983.jpg,66,DHA,,Female,16,,983,2.0
female/66/1_DHA_16_2_983.jpg,66,DHA,,Female,16,,983,2.0
female/66/1_DHA_16_2_983.jpg,66,DHA,,Female,16,,983,2.0
female/66/1_DHA_16_2_983.jpg,66,DHA,,Female,16,,983,2.0
female/66/1_DHA_16_2_983.jpg,66,DHA,,Female,16,,983,2.0
female/66/1_DHA_16_2_983.jpg,66,DHA,,Female,16,,983,2.0
female/66/1_DHA_16_2_983.jpg,66,DHA,,Female,16,,983,2.0
female/66/1_DHA_16_2_983.jpg,66,DHA,,Female,16,,983,2.0
female/66/1_DHA_16_2_983.jpg,66,DHA,,Female,16,,983,2.0
female/66/1_DHA_16_2_983.jpg,66,DHA,,Female,16,,983,2.0
female/66/1_DHA_16_2_983.jpg,66,DHA,,Female,16,,983,2.0
female/66/1_DHA_16_2_983.jpg,66,DHA,,Female,16,,983,2.0
female/66/1_DHA_16_2_983.jpg,66,DHA,,Female,16,,983,2.0
female/66/1_DHA_16_2_983.jpg,66,DHA,,Female,16,,983,2.0
female/66/1_DHA_16_2_983.jpg,66,DHA,,Female,16,,983,2.0
female/66/1_DHA_16_2_983.jpg,66,DHA,,Female,16,,983,2.0
female/66/1_DHA_16_2_983.jpg,66,DHA,,Female,16,,983,2.0
female/66/1_DHA_16_2_983.jpg,66,DHA,,Female,16,,983,2.0
female/66/1_DHA_16_2_983.jpg,66,DHA,,Female,16,,983,2.0
female/66/1_DHA_16_2_983.jpg,66,DHA,,Female,16,,983,2.0
female/66/1_DHA_16_2_983.jpg,66,DHA,,Female,16,,983,2.0
female/66/1_DHA_16_2_983.jpg,66,DHA,,Female,16,,983,2.0
female/66/1_DHA_16_2_983.jpg,66,DHA,,Female,16,,983,2.0
female/66/1_DHA_16_2_983.jpg,66,DHA,,Female,16,,983,2.0
female/66/1_DHA_16_2_983.jpg,66,DHA,,Female,16,,983,2.0
female/66/1_DHA_16_2_983.jpg,66,DHA,,Female,16,,983,2.0
female/66/1_DHA_16_2_983.jpg,66,DHA,,Female,16,,983,2.0
female/66/1_DHA_16_2_983.jpg,66,DHA,,Female,16,,983,2.0
female/66/1_DHA_16_2_983.jpg,66,DHA,,Female,16,,983,2.0
female/66/1_DHA_16_2_983.jpg,66,DHA,,Female,16,,983,2.0
female/66/1_DHA_16_2_983.jpg,66,DHA,,Female,16,,983,2.0
female/66/1_DHA_16_2_983.jpg,66,DHA,,Female,16,,983,2.0
female/66/1_DHA_16_2_983.jpg,66,DHA,,Female,16,,983,2.0
female/66/1_DHA_16_2_983.jpg,66,DHA,,Female,16,,983,2.0
female/66/1_DHA_16_2_983.jpg,66,DHA,,Female,16,,983,2.0
female/66/1_DHA_16_2_983.jpg,66,DHA,,Female,16,,983,2.0
female/66/1_DHA_16_2_983.jpg,66,DHA,,Female,16,,983,2.0
female/66/1_DHA_16_2_983.jpg,66,DHA,,Female,16,,983,2.0
female/66/1_DHA_16_2_983.jpg,66,DHA,,Female,16,,983,2.0
female/66/1_DHA_16_2_983.jpg,66,DHA,,Female,16,,983,2.0
female/66/1_DHA_16_2_983.jpg,66,DHA,,Female,16,,983,2.0
female/66/1_DHA_16_2_983.jpg,66,DHA,,Female,16,,983,2.0
female/66/1_DHA_16_2_983.jpg,66,DHA,,Female,16,,983,2.0
female/66/1_DHA_16_2_983.jpg,66,DHA,,Female,16,,983,2.0
female/66/1_DHA_16_2_983.jpg,66,DHA,,Female,16,,983,2.0
female/66/1_DHA_16_2_983.jpg,66,DHA,,Female,16,,983,2.0
female/66/1_DHA_16_2_983.jpg,66,DHA,,Female,16,,983,2.0
female/66/1_DHA_16_2_983.jpg,66,DHA,,Female,16,,983,2.0
female/66/1_DHA_16_2_983.jpg,66,DHA,,Female,16,,983,2.0
female/66/1_DHA_16_2_983.jpg,66,DHA,,Female,16,,983,2.0
female/66/1_DHA_16_2_983.jpg,66,DHA,,Female,16,,983,2.0
female/66/1_DHA_16_2_983.jpg,66,DHA,,Female,16,,983,2.0
female/66/1_DHA_16_2_983.jpg,66,DHA,,Female,16,,983,2.0
female/66/1_DHA_16_2_983.jpg,66,DHA,,Female,16,,983,2.0
female/66/1_DHA_16_2_983.jpg,66,DHA,,Female,16,,983,2.0
female/89/1_DHA_17_2_226.jpg,89,DHA,,Female,17,,226,2.0
female/89/1_DHA_17_2_226.jpg,89,DHA,,Female,17,,226,2.0
female/89/1_DHA_17_2_226.jpg,89,DHA,,Female,17,,226,2.0
female/89/1_DHA_17_2_226.jpg,89,DHA,,Female,17,,226,2.0
female/89/1_DHA_17_2_226.jpg,89,DHA,,Female,17,,226,2.0
female/89/1_DHA_17_2_226.jpg,89,DHA,,Female,17,,226,2.0
female/89/1_DHA_17_2_226.jpg,89,DHA,,Female,17,,226,2.0
female/89/1_DHA_17_2_226.jpg,89,DHA,,Female,17,,226,2.0
female/89/1_DHA_17_2_226.jpg,89,DHA,,Female,17,,226,2.0
female/89/1_DHA_17_2_226.jpg,89,DHA,,Female,17,,226,2.0
female/89/1_DHA_17_2_226.jpg,89,DHA,,Female,17,,226,2.0
female/89/1_DHA_17_2_226.jpg,89,DHA,,Female,17,,226,2.0
female/89/1_DHA_17_2_226.jpg,89,DHA,,Female,17,,226,2.0
female/89/1_DHA_17_2_226.jpg,89,DHA,,Female,17,,226,2.0
female/89/1_DHA_17_2_226.jpg,89,DHA,,Female,17,,226,2.0
female/89/1_DHA_17_2_226.jpg,89,DHA,,Female,17,,226,2.0
female/89/1_DHA_17_2_226.jpg,89,DHA,,Female,17,,226,2.0
female/89/1_DHA_17_2_226.jpg,89,DHA,,Female,17,,226,2.0
female/89/1_DHA_17_2_226.jpg,89,DHA,,Female,17,,226,2.0
female/89/1_DHA_17_2_226.jpg,89,DHA,,Female,17,,226,2.0
female/89/1_DHA_17_2_226.jpg,89,DHA,,Female,17,,226,2.0
female/89/1_DHA_17_2_226.jpg,89,DHA,,Female,17,,226,2.0
female/89/1_DHA_17_2_226.jpg,89,DHA,,Female,17,,226,2.0
female/89/1_DHA_17_2_226.jpg,89,DHA,,Female,17,,226,2.0
female/89/1_DHA_17_2_226.jpg,89,DHA,,Female,17,,226,2.0
female/89/1_DHA_17_2_226.jpg,89,DHA,,Female,17,,226,2.0
female/89/1_DHA_17_2_226.jpg,89,DHA,,Female,17,,226,2.0
female/89/1_DHA_17_2_226.jpg,89,DHA,,Female,17,,226,2.0
female/89/1_DHA_17_2_226.jpg,89,DHA,,Female,17,,226,2.0
female/89/1_DHA_17_2_226.jpg,89,DHA,,Female,17,,226,2.0
female/89/1_DHA_17_2_226.jpg,89,DHA,,Female,17,,226,2.0
female/89/1_DHA_17_2_226.jpg,89,DHA,,Female,17,,226,2.0
female/89/1_DHA_17_2_226.jpg,89,DHA,,Female,17,,226,2.0
female/89/1_DHA_17_2_226.jpg,89,DHA,,Female,17,,226,2.0
female/89/1_DHA_17_2_226.jpg,89,DHA,,Female,17,,226,2.0
female/89/1_DHA_17_2_226.jpg,89,DHA,,Female,17,,226,2.0
female/89/1_DHA_17_2_226.jpg,89,DHA,,Female,17,,226,2.0
female/89/1_DHA_17_2_226.jpg,89,DHA,,Female,17,,226,2.0
female/89/1_DHA_17_2_226.jpg,89,DHA,,Female,17,,226,2.0
female/89/1_DHA_17_2_226.jpg,89,DHA,,Female,17,,226,2.0
female/89/1_DHA_17_2_226.jpg,89,DHA,,Female,17,,226,2.0
female/89/1_DHA_17_2_226.jpg,89,DHA,,Female,17,,226,2.0
female/89/1_DHA_17_2_226.jpg,89,DHA,,Female,17,,226,2.0
female/89/1_DHA_17_2_226.jpg,89,DHA,,Female,17,,226,2.0
female/89/1_DHA_17_2_226.jpg,89,DHA,,Female,17,,226,2.0
female/89/1_DHA_17_2_226.jpg,89,DHA,,Female,17,,226,2.0
female/89/1_DHA_17_2_226.jpg,89,DHA,,Female,17,,226,2.0
female/89/1_DHA_17_2_226.jpg,89,DHA,,Female,17,,226,2.0
female/89/1_DHA_17_2_226.jpg,89,DHA,,Female,17,,226,2.0
female/89/1_DHA_17_2_226.jpg,89,DHA,,Female,17,,226,2.0
female/89/1_DHA_17_2_226.jpg,89,DHA,,Female,17,,226,2.0
female/89/1_DHA_17_2_226.jpg,89,DHA,,Female,17,,226,2.0
female/89/1_DHA_17_2_226.jpg,89,DHA,,Female,17,,226,2.0
female/89/1_DHA_17_2_226.jpg,89,DHA,,Female,17,,226,2.0
female/89/1_DHA_17_2_226.jpg,89,DHA,,Female,17,,226,2.0
female/89/1_DHA_17_2_226.jpg,89,DHA,,Female,17,,226,2.0
female/89/1_DHA_17_2_226.jpg,89,DHA,,Female,17,,226,2.0
female/89/1_DHA_17_2_226.jpg,89,DHA,,Female,17,,226,2.0
female/89/1_DHA_17_2_226.jpg,89,DHA,,Female,17,,226,2.0
female/89/1_DHA_17_2_226.jpg,89,DHA,,Female,17,,226,2.0
female/89/1_DHA_17_2_226.jpg,89,DHA,,Female,17,,226,2.0
female/89/1_DHA_17_2_226.jpg,89,DHA,,Female,17,,226,2.0
female/89/1_DHA_17_2_226.jpg,89,DHA,,Female,17,,226,2.0
female/89/1_DHA_17_2_226.jpg,89,DHA,,Female,17,,226,2.0
female/89/1_DHA_17_2_226.jpg,89,DHA,,Female,17,,226,2.0
female/89/1_DHA_17_2_226.jpg,89,DHA,,Female,17,,226,2.0
female/89/1_DHA_17_2_226.jpg,89,DHA,,Female,17,,226,2.0
female/89/1_DHA_17_2_226.jpg,89,DHA,,Female,17,,226,2.0
female/89/1_DHA_17_2_226.jpg,89,DHA,,Female,17,,226,2.0
female/89/1_DHA_17_2_226.jpg,89,DHA,,Female,17,,226,2.0
female/89/1_DHA_17_2_226.jpg,89,DHA,,Female,17,,226,2.0
female/89/1_DHA_17_2_226.jpg,89,DHA,,Female,17,,226,2.0
female/89/1_DHA_17_2_226.jpg,89,DHA,,Female,17,,226,2.0
female/89/1_DHA_17_2_226.jpg,89,DHA,,Female,17,,226,2.0
female/89/1_DHA_17_2_226.jpg,89,DHA,,Female,17,,226,2.0
female/89/1_DHA_17_2_226.jpg,89,DHA,,Female,17,,226,2.0
female/89/1_DHA_17_2_226.jpg,89,DHA,,Female,17,,226,2.0
female/89/1_DHA_17_2_226.jpg,89,DHA,,Female,17,,226,2.0
female/89/1_DHA_17_2_226.jpg,89,DHA,,Female,17,,226,2.0
female/89/1_DHA_17_2_226.jpg,89,DHA,,Female,17,,226,2.0
female/89/1_DHA_17_2_226.jpg,89,DHA,,Female,17,,226,2.0
female/89/1_DHA_17_2_226.jpg,89,DHA,,Female,17,,226,2.0
female/89/1_DHA_17_2_226.jpg,89,DHA,,Female,17,,226,2.0
female/89/1_DHA_17_2_226.jpg,89,DHA,,Female,17,,226,2.0
female/89/1_DHA_17_2_226.jpg,89,DHA,,Female,17,,226,2.0
female/89/1_DHA_17_2_226.jpg,89,DHA,,Female,17,,226,2.0
female/89/1_DHA_17_2_226.jpg,89,DHA,,Female,17,,226,2.0
female/89/1_DHA_17_2_226.jpg,89,DHA,,Female,17,,226,2.0
female/89/1_DHA_17_2_226.jpg,89,DHA,,Female,17,,226,2.0
female/89/1_DHA_17_2_226.jpg,89,DHA,,Female,17,,226,2.0
female/89/1_DHA_17_2_226.jpg,89,DHA,,Female,17,,226,2.0
female/89/1_DHA_17_2_226.jpg,89,DHA,,Female,17,,226,2.0
female/89/1_DHA_17_2_226.jpg,89,DHA,,Female,17,,226,2.0
female/89/1_DHA_17_2_226.jpg,89,DHA,,Female,17,,226,2.0
female/89/1_DHA_17_2_226.jpg,89,DHA,,Female,17,,226,2.0
female/89/1_DHA_17_2_226.jpg,89,DHA,,Female,17,,226,2.0
female/89/1_DHA_17_2_226.jpg,89,DHA,,Female,17,,226,2.0
female/89/1_DHA_17_2_226.jpg,89,DHA,,Female,17,,226,2.0
female/89/1_DHA_17_2_226.jpg,89,DHA,,Female,17,,226,2.0
female/89/1_DHA_17_2_226.jpg,89,DHA,,Female,17,,226,2.0
female/89/1_DHA_17_2_226.jpg,89,DHA,,Female,17,,226,2.0
female/89/1_DHA_17_2_226.jpg,89,DHA,,Female,17,,226,2.0
female/89/1_DHA_17_2_226.jpg,89,DHA,,Female,17,,226,2.0
female/89/1_DHA_17_2_226.jpg,89,DHA,,Female,17,,226,2.0
female/89/1_DHA_17_2_226.jpg,89,DHA,,Female,17,,226,2.0
female/89/1_DHA_17_2_226.jpg,89,DHA,,Female,17,,226,2.0
female/89/1_DHA_17_2_226.jpg,89,DHA,,Female,17,,226,2.0
female/89/1_DHA_17_2_226.jpg,89,DHA,,Female,17,,226,2.0
female/89/1_DHA_17_2_226.jpg,89,DHA,,Female,17,,226,2.0
female/89/1_DHA_17_2_226.jpg,89,DHA,,Female,17,,226,2.0
female/89/1_DHA_17_2_226.jpg,89,DHA,,Female,17,,226,2.0
female/89/1_DHA_17_2_226.jpg,89,DHA,,Female,17,,226,2.0
female/89/1_DHA_17_2_226.jpg,89,DHA,,Female,17,,226,2.0
female/89/1_DHA_17_2_226.jpg,89,DHA,,Female,17,,226,2.0
female/89/1_DHA_17_2_226.jpg,89,DHA,,Female,17,,226,2.0
female/89/1_DHA_17_2_226.jpg,89,DHA,,Female,17,,226,2.0
female/89/1_DHA_17_2_226.jpg,89,DHA,,Female,17,,226,2.0
female/89/1_DHA_17_2_226.jpg,89,DHA,,Female,17,,226,2.0
female/89/1_DHA_17_2_226.jpg,89,DHA,,Female,17,,226,2.0
female/89/1_DHA_17_2_226.jpg,89,DHA,,Female,17,,226,2.0
female/89/1_DHA_17_2_226.jpg,89,DHA,,Female,17,,226,2.0
female/89/1_DHA_17_2_226.jpg,89,DHA,,Female,17,,226,2.0
female/89/1_DHA_17_2_226.jpg,89,DHA,,Female,17,,226,2.0
female/89/1_DHA_17_2_226.jpg,89,DHA,,Female,17,,226,2.0
female/89/1_DHA_17_2_226.jpg,89,DHA,,Female,17,,226,2.0
female/89/1_DHA_17_2_226.jpg,89,DHA,,Female,17,,226,2.0
female/89/1_DHA_17_2_226.jpg,89,DHA,,Female,17,,226,2.0
female/89/1_DHA_17_2_226.jpg,89,DHA,,Female,17,,226,2.0
female/89/1_DHA_17_2_226.jpg,89,DHA,,Female,17,,226,2.0
female/89/1_DHA_17_2_226.jpg,89,DHA,,Female,17,,226,2.0
female/89/1_DHA_17_2_226.jpg,89,DHA,,Female,17,,226,2.0
female/89/1_DHA_17_2_226.jpg,89,DHA,,Female,17,,226,2.0
female/89/1_DHA_17_2_226.jpg,89,DHA,,Female,17,,226,2.0
female/89/1_DHA_17_2_226.jpg,89,DHA,,Female,17,,226,2.0
female/89/1_DHA_17_2_226.jpg,89,DHA,,Female,17,,226,2.0
female/89/1_DHA_17_2_226.jpg,89,DHA,,Female,17,,226,2.0
female/89/1_DHA_17_2_226.jpg,89,DHA,,Female,17,,226,2.0
female/89/1_DHA_17_2_226.jpg,89,DHA,,Female,17,,226,2.0
female/89/1_DHA_17_2_226.jpg,89,DHA,,Female,17,,226,2.0
female/89/1_DHA_17_2_226.jpg,89,DHA,,Female,17,,226,2.0
female/89/1_DHA_17_2_226.jpg,89,DHA,,Female,17,,226,2.0
female/89/1_DHA_17_2_226.jpg,89,DHA,,Female,17,,226,2.0
female/89/1_DHA_17_2_226.jpg,89,DHA,,Female,17,,226,2.0
female/89/1_DHA_17_2_226.jpg,89,DHA,,Female,17,,226,2.0
female/89/1_DHA_17_2_226.jpg,89,DHA,,Female,17,,226,2.0
female/89/1_DHA_17_2_226.jpg,89,DHA,,Female,17,,226,2.0
female/89/1_DHA_17_2_226.jpg,89,DHA,,Female,17,,226,2.0
female/89/1_DHA_17_2_226.jpg,89,DHA,,Female,17,,226,2.0
female/89/1_DHA_17_2_226.jpg,89,DHA,,Female,17,,226,2.0
female/89/1_DHA_17_2_226.jpg,89,DHA,,Female,17,,226,2.0
female/89/1_DHA_17_2_226.jpg,89,DHA,,Female,17,,226,2.0
female/89/1_DHA_17_2_226.jpg,89,DHA,,Female,17,,226,2.0
female/89/1_DHA_17_2_226.jpg,89,DHA,,Female,17,,226,2.0
female/89/1_DHA_17_2_226.jpg,89,DHA,,Female,17,,226,2.0
female/89/1_DHA_17_2_226.jpg,89,DHA,,Female,17,,226,2.0
female/89/1_DHA_17_2_226.jpg,89,DHA,,Female,17,,226,2.0
female/89/1_DHA_17_2_226.jpg,89,DHA,,Female,17,,226,2.0
female/89/1_DHA_17_2_226.jpg,89,DHA,,Female,17,,226,2.0
female/89/1_DHA_17_2_226.jpg,89,DHA,,Female,17,,226,2.0
female/89/1_DHA_17_2_226.jpg,89,DHA,,Female,17,,226,2.0
female/89/1_DHA_17_2_226.jpg,89,DHA,,Female,17,,226,2.0
female/89/1_DHA_17_2_226.jpg,89,DHA,,Female,17,,226,2.0
female/89/1_DHA_17_2_226.jpg,89,DHA,,Female,17,,226,2.0
female/89/1_DHA_17_2_226.jpg,89,DHA,,Female,17,,226,2.0
female/89/1_DHA_17_2_226.jpg,89,DHA,,Female,17,,226,2.0
female/89/1_DHA_17_2_226.jpg,89,DHA,,Female,17,,226,2.0
female/89/1_DHA_17_2_226.jpg,89,DHA,,Female,17,,226,2.0
female/89/1_DHA_17_2_226.jpg,89,DHA,,Female,17,,226,2.0
female/89/1_DHA_17_2_226.jpg,89,DHA,,Female,17,,226,2.0
female/89/1_DHA_17_2_226.jpg,89,DHA,,Female,17,,226,2.0
female/89/1_DHA_17_2_226.jpg,89,DHA,,Female,17,,226,2.0
female/89/1_DHA_17_2_226.jpg,89,DHA,,Female,17,,226,2.0
female/89/1_DHA_17_2_226.jpg,89,DHA,,Female,17,,226,2.0
female/89/1_DHA_17_2_226.jpg,89,DHA,,Female,17,,226,2.0
female/89/1_DHA_17_2_226.jpg,89,DHA,,Female,17,,226,2.0
female/89/1_DHA_17_2_226.jpg,89,DHA,,Female,17,,226,2.0
female/89/1_DHA_17_2_226.jpg,89,DHA,,Female,17,,226,2.0
female/89/1_DHA_17_2_226.jpg,89,DHA,,Female,17,,226,2.0
female/89/1_DHA_17_2_226.jpg,89,DHA,,Female,17,,226,2.0
female/89/1_DHA_17_2_226.jpg,89,DHA,,Female,17,,226,2.0
female/89/1_DHA_17_2_226.jpg,89,DHA,,Female,17,,226,2.0
female/89/1_DHA_17_2_226.jpg,89,DHA,,Female,17,,226,2.0
female/89/1_DHA_17_2_226.jpg,89,DHA,,Female,17,,226,2.0
female/89/1_DHA_17_2_226.jpg,89,DHA,,Female,17,,226,2.0
female/89/1_DHA_17_2_226.jpg,89,DHA,,Female,17,,226,2.0
female/89/1_DHA_17_2_226.jpg,89,DHA,,Female,17,,226,2.0
female/89/1_DHA_17_2_226.jpg,89,DHA,,Female,17,,226,2.0
female/89/1_DHA_17_2_226.jpg,89,DHA,,Female,17,,226,2.0
female/89/1_DHA_17_2_226.jpg,89,DHA,,Female,17,,226,2.0
female/89/1_DHA_17_2_226.jpg,89,DHA,,Female,17,,226,2.0
female/89/1_DHA_17_2_226.jpg,89,DHA,,Female,17,,226,2.0
female/89/1_DHA_17_2_226.jpg,89,DHA,,Female,17,,226,2.0
female/89/1_DHA_17_2_226.jpg,89,DHA,,Female,17,,226,2.0
female/89/1_DHA_17_2_226.jpg,89,DHA,,Female,17,,226,2.0
female/89/1_DHA_17_2_226.jpg,89,DHA,,Female,17,,226,2.0
female/89/1_DHA_17_2_226.jpg,89,DHA,,Female,17,,226,2.0
female/89/1_DHA_17_2_226.jpg,89,DHA,,Female,17,,226,2.0
female/89/1_DHA_17_2_226.jpg,89,DHA,,Female,17,,226,2.0
female/89/1_DHA_17_2_226.jpg,89,DHA,,Female,17,,226,2.0
female/89/1_DHA_17_2_226.jpg,89,DHA,,Female,17,,226,2.0
female/89/1_DHA_17_2_226.jpg,89,DHA,,Female,17,,226,2.0
female/89/1_DHA_17_2_226.jpg,89,DHA,,Female,17,,226,2.0
female/89/1_DHA_17_2_226.jpg,89,DHA,,Female,17,,226,2.0
female/89/1_DHA_17_2_226.jpg,89,DHA,,Female,17,,226,2.0
female/89/1_DHA_17_2_226.jpg,89,DHA,,Female,17,,226,2.0
female/89/1_DHA_17_2_226.jpg,89,DHA,,Female,17,,226,2.0
female/89/1_DHA_17_2_226.jpg,89,DHA,,Female,17,,226,2.0
female/89/1_DHA_17_2_226.jpg,89,DHA,,Female,17,,226,2.0
female/89/1_DHA_17_2_226.jpg,89,DHA,,Female,17,,226,2.0
female/89/1_DHA_17_2_226.jpg,89,DHA,,Female,17,,226,2.0
female/89/1_DHA_17_2_226.jpg,89,DHA,,Female,17,,226,2.0
female/89/1_DHA_17_2_226.jpg,89,DHA,,Female,17,,226,2.0
female/89/1_DHA_17_2_226.jpg,89,DHA,,Female,17,,226,2.0
female/89/1_DHA_17_2_226.jpg,89,DHA,,Female,17,,226,2.0
female/89/1_DHA_17_2_226.jpg,89,DHA,,Female,17,,226,2.0
female/89/1_DHA_17_2_226.jpg,89,DHA,,Female,17,,226,2.0
female/89/1_DHA_17_2_226.jpg,89,DHA,,Female,17,,226,2.0
female/89/1_DHA_17_2_226.jpg,89,DHA,,Female,17,,226,2.0
female/89/1_DHA_17_2_226.jpg,89,DHA,,Female,17,,226,2.0
female/89/1_DHA_17_2_226.jpg,89,DHA,,Female,17,,226,2.0
female/89/1_DHA_17_2_226.jpg,89,DHA,,Female,17,,226,2.0
female/89/1_DHA_17_2_226.jpg,89,DHA,,Female,17,,226,2.0
female/89/1_DHA_17_2_226.jpg,89,DHA,,Female,17,,226,2.0
female/89/1_DHA_17_2_226.jpg,89,DHA,,Female,17,,226,2.0
female/89/1_DHA_17_2_226.jpg,89,DHA,,Female,17,,226,2.0
female/89/1_DHA_17_2_226.jpg,89,DHA,,Female,17,,226,2.0
female/89/1_DHA_17_2_226.jpg,89,DHA,,Female,17,,226,2.0
female/89/1_DHA_17_2_226.jpg,89,DHA,,Female,17,,226,2.0
female/89/1_DHA_17_2_226.jpg,89,DHA,,Female,17,,226,2.0
female/89/1_DHA_17_2_226.jpg,89,DHA,,Female,17,,226,2.0
female/89/1_DHA_17_2_226.jpg,89,DHA,,Female,17,,226,2.0
female/89/1_DHA_17_2_226.jpg,89,DHA,,Female,17,,226,2.0
female/89/1_DHA_17_2_226.jpg,89,DHA,,Female,17,,226,2.0
female/89/1_DHA_17_2_226.jpg,89,DHA,,Female,17,,226,2.0
female/89/1_DHA_17_2_226.jpg,89,DHA,,Female,17,,226,2.0
female/89/1_DHA_17_2_226.jpg,89,DHA,,Female,17,,226,2.0
female/89/1_DHA_17_2_226.jpg,89,DHA,,Female,17,,226,2.0
female/89/1_DHA_17_2_226.jpg,89,DHA,,Female,17,,226,2.0
female/89/1_DHA_17_2_226.jpg,89,DHA,,Female,17,,226,2.0
female/89/1_DHA_17_2_226.jpg,89,DHA,,Female,17,,226,2.0
female/89/1_DHA_17_2_226.jpg,89,DHA,,Female,17,,226,2.0
female/89/1_DHA_17_2_226.jpg,89,DHA,,Female,17,,226,2.0
female/89/1_DHA_17_2_226.jpg,89,DHA,,Female,17,,226,2.0
female/89/1_DHA_17_2_226.jpg,89,DHA,,Female,17,,226,2.0
female/89/1_DHA_17_2_226.jpg,89,DHA,,Female,17,,226,2.0
female/89/1_DHA_17_2_226.jpg,89,DHA,,Female,17,,226,2.0
female/89/1_DHA_17_2_226.jpg,89,DHA,,Female,17,,226,2.0
female/89/1_DHA_17_2_226.jpg,89,DHA,,Female,17,,226,2.0
female/89/1_DHA_17_2_226.jpg,89,DHA,,Female,17,,226,2.0
female/89/1_DHA_17_2_226.jpg,89,DHA,,Female,17,,226,2.0
female/89/1_DHA_17_2_226.jpg,89,DHA,,Female,17,,226,2.0
female/89/1_DHA_17_2_226.jpg,89,DHA,,Female,17,,226,2.0
female/89/1_DHA_17_2_226.jpg,89,DHA,,Female,17,,226,2.0
female/89/1_DHA_17_2_226.jpg,89,DHA,,Female,17,,226,2.0
female/89/1_DHA_17_2_226.jpg,89,DHA,,Female,17,,226,2.0
female/89/1_DHA_17_2_226.jpg,89,DHA,,Female,17,,226,2.0
female/89/1_DHA_17_2_226.jpg,89,DHA,,Female,17,,226,2.0
female/89/1_DHA_17_2_226.jpg,89,DHA,,Female,17,,226,2.0
female/89/1_DHA_17_2_226.jpg,89,DHA,,Female,17,,226,2.0
female/89/1_DHA_17_2_226.jpg,89,DHA,,Female,17,,226,2.0
female/89/1_DHA_17_2_226.jpg,89,DHA,,Female,17,,226,2.0
female/89/1_DHA_17_2_226.jpg,89,DHA,,Female,17,,226,2.0
female/89/1_DHA_17_2_226.jpg,89,DHA,,Female,17,,226,2.0
female/89/1_DHA_17_2_226.jpg,89,DHA,,Female,17,,226,2.0
female/89/1_DHA_17_2_226.jpg,89,DHA,,Female,17,,226,2.0
female/89/1_DHA_17_2_226.jpg,89,DHA,,Female,17,,226,2.0
female/89/1_DHA_17_2_226.jpg,89,DHA,,Female,17,,226,2.0
female/89/1_DHA_17_2_226.jpg,89,DHA,,Female,17,,226,2.0
female/89/1_DHA_17_2_226.jpg,89,DHA,,Female,17,,226,2.0
female/89/1_DHA_17_2_226.jpg,89,DHA,,Female,17,,226,2.0
female/89/1_DHA_17_2_226.jpg,89,DHA,,Female,17,,226,2.0
female/89/1_DHA_17_2_226.jpg,89,DHA,,Female,17,,226,2.0
female/89/1_DHA_17_2_226.jpg,89,DHA,,Female,17,,226,2.0
female/89/1_DHA_17_2_226.jpg,89,DHA,,Female,17,,226,2.0
female/89/1_DHA_17_2_226.jpg,89,DHA,,Female,17,,226,2.0
female/89/1_DHA_17_2_226.jpg,89,DHA,,Female,17,,226,2.0
female/89/1_DHA_17_2_226.jpg,89,DHA,,Female,17,,226,2.0
female/89/1_DHA_17_2_226.jpg,89,DHA,,Female,17,,226,2.0
female/89/1_DHA_17_2_226.jpg,89,DHA,,Female,17,,226,2.0
female/89/1_DHA_17_2_226.jpg,89,DHA,,Female,17,,226,2.0
female/89/1_DHA_17_2_226.jpg,89,DHA,,Female,17,,226,2.0
female/89/1_DHA_17_2_226.jpg,89,DHA,,Female,17,,226,2.0
female/89/1_DHA_17_2_226.jpg,89,DHA,,Female,17,,226,2.0
female/89/1_DHA_17_2_226.jpg,89,DHA,,Female,17,,226,2.0
female/89/1_DHA_17_2_226.jpg,89,DHA,,Female,17,,226,2.0
female/89/1_DHA_17_2_226.jpg,89,DHA,,Female,17,,226,2.0
female/89/1_DHA_17_2_226.jpg,89,DHA,,Female,17,,226,2.0
female/89/1_DHA_17_2_226.jpg,89,DHA,,Female,17,,226,2.0
female/89/1_DHA_17_2_226.jpg,89,DHA,,Female,17,,226,2.0
female/89/1_DHA_17_2_226.jpg,89,DHA,,Female,17,,226,2.0
female/89/1_DHA_17_2_226.jpg,89,DHA,,Female,17,,226,2.0
female/89/1_DHA_17_2_226.jpg,89,DHA,,Female,17,,226,2.0
female/89/1_DHA_17_2_226.jpg,89,DHA,,Female,17,,226,2.0
female/89/1_DHA_17_2_226.jpg,89,DHA,,Female,17,,226,2.0
female/89/1_DHA_17_2_226.jpg,89,DHA,,Female,17,,226,2.0
female/89/1_DHA_17_2_226.jpg,89,DHA,,Female,17,,226,2.0
female/89/1_DHA_17_2_226.jpg,89,DHA,,Female,17,,226,2.0
female/89/1_DHA_17_2_226.jpg,89,DHA,,Female,17,,226,2.0
female/89/1_DHA_17_2_226.jpg,89,DHA,,Female,17,,226,2.0
female/89/1_DHA_17_2_226.jpg,89,DHA,,Female,17,,226,2.0
female/89/1_DHA_17_2_226.jpg,89,DHA,,Female,17,,226,2.0
female/89/1_DHA_17_2_226.jpg,89,DHA,,Female,17,,226,2.0
female/89/1_DHA_17_2_226.jpg,89,DHA,,Female,17,,226,2.0
female/89/1_DHA_17_2_226.jpg,89,DHA,,Female,17,,226,2.0
female/89/1_DHA_17_2_226.jpg,89,DHA,,Female,17,,226,2.0
female/89/1_DHA_17_2_226.jpg,89,DHA,,Female,17,,226,2.0
female/89/1_DHA_17_2_226.jpg,89,DHA,,Female,17,,226,2.0
female/89/1_DHA_17_2_226.jpg,89,DHA,,Female,17,,226,2.0
female/89/1_DHA_17_2_226.jpg,89,DHA,,Female,17,,226,2.0
female/89/1_DHA_17_2_226.jpg,89,DHA,,Female,17,,226,2.0
female/89/1_DHA_17_2_226.jpg,89,DHA,,Female,17,,226,2.0
female/89/1_DHA_17_2_226.jpg,89,DHA,,Female,17,,226,2.0
female/89/1_DHA_17_2_226.jpg,89,DHA,,Female,17,,226,2.0
female/89/1_DHA_17_2_226.jpg,89,DHA,,Female,17,,226,2.0
female/89/1_DHA_17_2_226.jpg,89,DHA,,Female,17,,226,2.0
female/89/1_DHA_17_2_226.jpg,89,DHA,,Female,17,,226,2.0
female/89/1_DHA_17_2_226.jpg,89,DHA,,Female,17,,226,2.0
female/89/1_DHA_17_2_226.jpg,89,DHA,,Female,17,,226,2.0
female/89/1_DHA_17_2_226.jpg,89,DHA,,Female,17,,226,2.0
female/89/1_DHA_17_2_226.jpg,89,DHA,,Female,17,,226,2.0
female/89/1_DHA_17_2_226.jpg,89,DHA,,Female,17,,226,2.0
female/89/1_DHA_17_2_226.jpg,89,DHA,,Female,17,,226,2.0
female/89/1_DHA_17_2_226.jpg,89,DHA,,Female,17,,226,2.0
female/89/1_DHA_17_2_226.jpg,89,DHA,,Female,17,,226,2.0
female/89/1_DHA_17_2_226.jpg,89,DHA,,Female,17,,226,2.0
female/89/1_DHA_17_2_226.jpg,89,DHA,,Female,17,,226,2.0
female/89/1_DHA_17_2_226.jpg,89,DHA,,Female,17,,226,2.0
female/89/1_DHA_17_2_226.jpg,89,DHA,,Female,17,,226,2.0
female/89/1_DHA_17_2_226.jpg,89,DHA,,Female,17,,226,2.0
female/89/1_DHA_17_2_226.jpg,89,DHA,,Female,17,,226,2.0
female/89/1_DHA_17_2_226.jpg,89,DHA,,Female,17,,226,2.0
female/89/1_DHA_17_2_226.jpg,89,DHA,,Female,17,,226,2.0
female/89/1_DHA_17_2_226.jpg,89,DHA,,Female,17,,226,2.0
female/89/1_DHA_17_2_226.jpg,89,DHA,,Female,17,,226,2.0
female/89/1_DHA_17_2_226.jpg,89,DHA,,Female,17,,226,2.0
female/89/1_DHA_17_2_226.jpg,89,DHA,,Female,17,,226,2.0
female/89/1_DHA_17_2_226.jpg,89,DHA,,Female,17,,226,2.0
female/89/1_DHA_17_2_226.jpg,89,DHA,,Female,17,,226,2.0
female/89/1_DHA_17_2_226.jpg,89,DHA,,Female,17,,226,2.0
female/89/1_DHA_17_2_226.jpg,89,DHA,,Female,17,,226,2.0
female/89/1_DHA_17_2_226.jpg,89,DHA,,Female,17,,226,2.0
female/89/1_DHA_17_2_226.jpg,89,DHA,,Female,17,,226,2.0
female/89/1_DHA_17_2_226.jpg,89,DHA,,Female,17,,226,2.0
female/89/1_DHA_17_2_226.jpg,89,DHA,,Female,17,,226,2.0
female/89/1_DHA_17_2_226.jpg,89,DHA,,Female,17,,226,2.0
female/89/1_DHA_17_2_226.jpg,89,DHA,,Female,17,,226,2.0
female/89/1_DHA_17_2_226.jpg,89,DHA,,Female,17,,226,2.0
female/89/1_DHA_17_2_226.jpg,89,DHA,,Female,17,,226,2.0
female/89/1_DHA_17_2_226.jpg,89,DHA,,Female,17,,226,2.0
female/89/1_DHA_17_2_226.jpg,89,DHA,,Female,17,,226,2.0
female/89/1_DHA_17_2_226.jpg,89,DHA,,Female,17,,226,2.0
female/89/1_DHA_17_2_226.jpg,89,DHA,,Female,17,,226,2.0
female/89/1_DHA_17_2_226.jpg,89,DHA,,Female,17,,226,2.0
female/89/1_DHA_17_2_226.jpg,89,DHA,,Female,17,,226,2.0
female/89/1_DHA_17_2_226.jpg,89,DHA,,Female,17,,226,2.0
female/89/1_DHA_17_2_226.jpg,89,DHA,,Female,17,,226,2.0
female/89/1_DHA_17_2_226.jpg,89,DHA,,Female,17,,226,2.0
female/89/1_DHA_17_2_226.jpg,89,DHA,,Female,17,,226,2.0
female/89/1_DHA_17_2_226.jpg,89,DHA,,Female,17,,226,2.0
female/89/1_DHA_17_2_226.jpg,89,DHA,,Female,17,,226,2.0
female/89/1_DHA_17_2_226.jpg,89,DHA,,Female,17,,226,2.0
female/89/1_DHA_17_2_226.jpg,89,DHA,,Female,17,,226,2.0
female/89/1_DHA_17_2_226.jpg,89,DHA,,Female,17,,226,2.0
female/89/1_DHA_17_2_226.jpg,89,DHA,,Female,17,,226,2.0
female/89/1_DHA_17_2_226.jpg,89,DHA,,Female,17,,226,2.0
female/89/1_DHA_17_2_226.jpg,89,DHA,,Female,17,,226,2.0
female/89/1_DHA_17_2_226.jpg,89,DHA,,Female,17,,226,2.0
female/89/1_DHA_17_2_226.jpg,89,DHA,,Female,17,,226,2.0
female/89/1_DHA_17_2_226.jpg,89,DHA,,Female,17,,226,2.0
female/89/1_DHA_17_2_226.jpg,89,DHA,,Female,17,,226,2.0
female/89/1_DHA_17_2_226.jpg,89,DHA,,Female,17,,226,2.0
female/89/1_DHA_17_2_226.jpg,89,DHA,,Female,17,,226,2.0
female/89/1_DHA_17_2_226.jpg,89,DHA,,Female,17,,226,2.0
female/89/1_DHA_17_2_226.jpg,89,DHA,,Female,17,,226,2.0
female/89/1_DHA_17_2_226.jpg,89,DHA,,Female,17,,226,2.0
female/89/1_DHA_17_2_226.jpg,89,DHA,,Female,17,,226,2.0
female/89/1_DHA_17_2_226.jpg,89,DHA,,Female,17,,226,2.0
female/89/1_DHA_17_2_226.jpg,89,DHA,,Female,17,,226,2.0
female/89/1_DHA_17_2_226.jpg,89,DHA,,Female,17,,226,2.0
female/89/1_DHA_17_2_226.jpg,89,DHA,,Female,17,,226,2.0
female/89/1_DHA_17_2_226.jpg,89,DHA,,Female,17,,226,2.0
female/89/1_DHA_17_2_226.jpg,89,DHA,,Female,17,,226,2.0
female/89/1_DHA_17_2_226.jpg,89,DHA,,Female,17,,226,2.0
female/89/1_DHA_17_2_226.jpg,89,DHA,,Female,17,,226,2.0
female/89/1_DHA_17_2_226.jpg,89,DHA,,Female,17,,226,2.0
female/89/1_DHA_17_2_226.jpg,89,DHA,,Female,17,,226,2.0
female/89/1_DHA_17_2_226.jpg,89,DHA,,Female,17,,226,2.0
female/89/1_DHA_17_2_226.jpg,89,DHA,,Female,17,,226,2.0
female/89/1_DHA_17_2_226.jpg,89,DHA,,Female,17,,226,2.0
female/89/1_DHA_17_2_226.jpg,89,DHA,,Female,17,,226,2.0
female/89/1_DHA_17_2_226.jpg,89,DHA,,Female,17,,226,2.0
female/89/1_DHA_17_2_226.jpg,89,DHA,,Female,17,,226,2.0
female/89/1_DHA_17_2_226.jpg,89,DHA,,Female,17,,226,2.0
female/89/1_DHA_17_2_226.jpg,89,DHA,,Female,17,,226,2.0
female/89/1_DHA_17_2_226.jpg,89,DHA,,Female,17,,226,2.0
female/89/1_DHA_17_2_226.jpg,89,DHA,,Female,17,,226,2.0
female/89/1_DHA_17_2_226.jpg,89,DHA,,Female,17,,226,2.0
female/89/1_DHA_17_2_226.jpg,89,DHA,,Female,17,,226,2.0
female/89/1_DHA_17_2_226.jpg,89,DHA,,Female,17,,226,2.0
female/89/1_DHA_17_2_226.jpg,89,DHA,,Female,17,,226,2.0
female/89/1_DHA_17_2_226.jpg,89,DHA,,Female,17,,226,2.0
female/89/1_DHA_17_2_226.jpg,89,DHA,,Female,17,,226,2.0
female/89/1_DHA_17_2_226.jpg,89,DHA,,Female,17,,226,2.0
female/89/1_DHA_17_2_226.jpg,89,DHA,,Female,17,,226,2.0
female/89/1_DHA_17_2_226.jpg,89,DHA,,Female,17,,226,2.0
female/89/1_DHA_17_2_226.jpg,89,DHA,,Female,17,,226,2.0
female/89/1_DHA_17_2_226.jpg,89,DHA,,Female,17,,226,2.0
female/89/1_DHA_17_2_226.jpg,89,DHA,,Female,17,,226,2.0
female/89/1_DHA_17_2_226.jpg,89,DHA,,Female,17,,226,2.0
female/89/1_DHA_17_2_226.jpg,89,DHA,,Female,17,,226,2.0
female/89/1_DHA_17_2_226.jpg,89,DHA,,Female,17,,226,2.0
female/89/1_DHA_17_2_226.jpg,89,DHA,,Female,17,,226,2.0
female/89/1_DHA_17_2_226.jpg,89,DHA,,Female,17,,226,2.0
female/89/1_DHA_17_2_226.jpg,89,DHA,,Female,17,,226,2.0
female/89/1_DHA_17_2_226.jpg,89,DHA,,Female,17,,226,2.0
female/89/1_DHA_17_2_226.jpg,89,DHA,,Female,17,,226,2.0
female/89/1_DHA_17_2_226.jpg,89,DHA,,Female,17,,226,2.0
female/89/1_DHA_17_2_226.jpg,89,DHA,,Female,17,,226,2.0
female/89/1_DHA_17_2_226.jpg,89,DHA,,Female,17,,226,2.0
female/89/1_DHA_17_2_226.jpg,89,DHA,,Female,17,,226,2.0
female/89/1_DHA_17_2_226.jpg,89,DHA,,Female,17,,226,2.0
female/89/1_DHA_17_2_226.jpg,89,DHA,,Female,17,,226,2.0
female/89/1_DHA_17_2_226.jpg,89,DHA,,Female,17,,226,2.0
female/89/1_DHA_17_2_226.jpg,89,DHA,,Female,17,,226,2.0
female/89/1_DHA_17_2_226.jpg,89,DHA,,Female,17,,226,2.0
female/89/1_DHA_17_2_226.jpg,89,DHA,,Female,17,,226,2.0
female/89/1_DHA_17_2_226.jpg,89,DHA,,Female,17,,226,2.0
female/89/1_DHA_17_2_226.jpg,89,DHA,,Female,17,,226,2.0
female/89/1_DHA_17_2_226.jpg,89,DHA,,Female,17,,226,2.0
female/89/1_DHA_17_2_226.jpg,89,DHA,,Female,17,,226,2.0
female/89/1_DHA_17_2_226.jpg,89,DHA,,Female,17,,226,2.0
female/89/1_DHA_17_2_226.jpg,89,DHA,,Female,17,,226,2.0
female/89/1_DHA_17_2_226.jpg,89,DHA,,Female,17,,226,2.0
female/89/1_DHA_17_2_226.jpg,89,DHA,,Female,17,,226,2.0
female/89/1_DHA_17_2_226.jpg,89,DHA,,Female,17,,226,2.0
female/89/1_DHA_17_2_226.jpg,89,DHA,,Female,17,,226,2.0
female/89/1_DHA_17_2_226.jpg,89,DHA,,Female,17,,226,2.0
female/89/1_DHA_17_2_226.jpg,89,DHA,,Female,17,,226,2.0
female/89/1_DHA_17_2_226.jpg,89,DHA,,Female,17,,226,2.0
female/89/1_DHA_17_2_226.jpg,89,DHA,,Female,17,,226,2.0
female/89/1_DHA_17_2_226.jpg,89,DHA,,Female,17,,226,2.0
female/89/1_DHA_17_2_226.jpg,89,DHA,,Female,17,,226,2.0
female/89/1_DHA_17_2_226.jpg,89,DHA,,Female,17,,226,2.0
female/89/1_DHA_17_2_226.jpg,89,DHA,,Female,17,,226,2.0
female/89/1_DHA_17_2_226.jpg,89,DHA,,Female,17,,226,2.0
female/89/1_DHA_17_2_226.jpg,89,DHA,,Female,17,,226,2.0
female/89/1_DHA_17_2_226.jpg,89,DHA,,Female,17,,226,2.0
female/89/1_DHA_17_2_226.jpg,89,DHA,,Female,17,,226,2.0
female/89/1_DHA_17_2_226.jpg,89,DHA,,Female,17,,226,2.0
female/89/1_DHA_17_2_226.jpg,89,DHA,,Female,17,,226,2.0
female/89/1_DHA_17_2_226.jpg,89,DHA,,Female,17,,226,2.0
female/89/1_DHA_17_2_226.jpg,89,DHA,,Female,17,,226,2.0
female/89/1_DHA_17_2_226.jpg,89,DHA,,Female,17,,226,2.0
female/89/1_DHA_17_2_226.jpg,89,DHA,,Female,17,,226,2.0
female/89/1_DHA_17_2_226.jpg,89,DHA,,Female,17,,226,2.0
female/89/1_DHA_17_2_226.jpg,89,DHA,,Female,17,,226,2.0
female/89/1_DHA_17_2_226.jpg,89,DHA,,Female,17,,226,2.0
female/89/1_DHA_17_2_226.jpg,89,DHA,,Female,17,,226,2.0
female/89/1_DHA_17_2_226.jpg,89,DHA,,Female,17,,226,2.0
female/89/1_DHA_17_2_226.jpg,89,DHA,,Female,17,,226,2.0
female/89/1_DHA_17_2_226.jpg,89,DHA,,Female,17,,226,2.0
female/89/1_DHA_17_2_226.jpg,89,DHA,,Female,17,,226,2.0
female/89/1_DHA_17_2_226.jpg,89,DHA,,Female,17,,226,2.0
female/89/1_DHA_17_2_226.jpg,89,DHA,,Female,17,,226,2.0
female/89/1_DHA_17_2_226.jpg,89,DHA,,Female,17,,226,2.0
female/89/1_DHA_17_2_226.jpg,89,DHA,,Female,17,,226,2.0
female/89/1_DHA_17_2_226.jpg,89,DHA,,Female,17,,226,2.0
female/89/1_DHA_17_2_226.jpg,89,DHA,,Female,17,,226,2.0
female/89/1_DHA_17_2_226.jpg,89,DHA,,Female,17,,226,2.0
female/89/1_DHA_17_2_226.jpg,89,DHA,,Female,17,,226,2.0
female/89/1_DHA_17_2_226.jpg,89,DHA,,Female,17,,226,2.0
female/89/1_DHA_17_2_226.jpg,89,DHA,,Female,17,,226,2.0
female/89/1_DHA_17_2_226.jpg,89,DHA,,Female,17,,226,2.0
female/89/1_DHA_17_2_226.jpg,89,DHA,,Female,17,,226,2.0
female/89/1_DHA_17_2_226.jpg,89,DHA,,Female,17,,226,2.0
female/89/1_DHA_17_2_226.jpg,89,DHA,,Female,17,,226,2.0
female/89/1_DHA_17_2_226.jpg,89,DHA,,Female,17,,226,2.0
female/89/1_DHA_17_2_226.jpg,89,DHA,,Female,17,,226,2.0
female/89/1_DHA_17_2_226.jpg,89,DHA,,Female,17,,226,2.0
female/89/1_DHA_17_2_226.jpg,89,DHA,,Female,17,,226,2.0
female/89/1_DHA_17_2_226.jpg,89,DHA,,Female,17,,226,2.0
female/89/1_DHA_17_2_226.jpg,89,DHA,,Female,17,,226,2.0
female/89/1_DHA_17_2_226.jpg,89,DHA,,Female,17,,226,2.0
female/89/1_DHA_17_2_226.jpg,89,DHA,,Female,17,,226,2.0
female/89/1_DHA_17_2_226.jpg,89,DHA,,Female,17,,226,2.0
female/89/1_DHA_17_2_226.jpg,89,DHA,,Female,17,,226,2.0
female/89/1_DHA_17_2_226.jpg,89,DHA,,Female,17,,226,2.0
female/89/1_DHA_17_2_226.jpg,89,DHA,,Female,17,,226,2.0
female/89/1_DHA_17_2_226.jpg,89,DHA,,Female,17,,226,2.0
female/89/1_DHA_17_2_226.jpg,89,DHA,,Female,17,,226,2.0
female/89/1_DHA_17_2_226.jpg,89,DHA,,Female,17,,226,2.0
female/89/1_DHA_17_2_226.jpg,89,DHA,,Female,17,,226,2.0
female/89/1_DHA_17_2_226.jpg,89,DHA,,Female,17,,226,2.0
female/89/1_DHA_17_2_226.jpg,89,DHA,,Female,17,,226,2.0
female/89/1_DHA_17_2_226.jpg,89,DHA,,Female,17,,226,2.0
female/89/1_DHA_17_2_226.jpg,89,DHA,,Female,17,,226,2.0
female/89/1_DHA_17_2_226.jpg,89,DHA,,Female,17,,226,2.0
female/89/1_DHA_17_2_226.jpg,89,DHA,,Female,17,,226,2.0
female/89/1_DHA_17_2_226.jpg,89,DHA,,Female,17,,226,2.0
female/89/1_DHA_17_2_226.jpg,89,DHA,,Female,17,,226,2.0
female/89/1_DHA_17_2_226.jpg,89,DHA,,Female,17,,226,2.0
female/89/1_DHA_17_2_226.jpg,89,DHA,,Female,17,,226,2.0
female/89/1_DHA_17_2_226.jpg,89,DHA,,Female,17,,226,2.0
female/89/1_DHA_17_2_226.jpg,89,DHA,,Female,17,,226,2.0
female/89/1_DHA_17_2_226.jpg,89,DHA,,Female,17,,226,2.0
female/89/1_DHA_17_2_226.jpg,89,DHA,,Female,17,,226,2.0
female/89/1_DHA_17_2_226.jpg,89,DHA,,Female,17,,226,2.0
female/89/1_DHA_17_2_226.jpg,89,DHA,,Female,17,,226,2.0
female/89/1_DHA_17_2_226.jpg,89,DHA,,Female,17,,226,2.0
female/89/1_DHA_17_2_226.jpg,89,DHA,,Female,17,,226,2.0
female/89/1_DHA_17_2_226.jpg,89,DHA,,Female,17,,226,2.0
female/89/1_DHA_17_2_226.jpg,89,DHA,,Female,17,,226,2.0
female/89/1_DHA_17_2_226.jpg,89,DHA,,Female,17,,226,2.0
female/89/1_DHA_17_2_226.jpg,89,DHA,,Female,17,,226,2.0
female/89/1_DHA_17_2_226.jpg,89,DHA,,Female,17,,226,2.0
female/89/1_DHA_17_2_226.jpg,89,DHA,,Female,17,,226,2.0
female/89/1_DHA_17_2_226.jpg,89,DHA,,Female,17,,226,2.0
female/89/1_DHA_17_2_226.jpg,89,DHA,,Female,17,,226,2.0
female/89/1_DHA_17_2_226.jpg,89,DHA,,Female,17,,226,2.0
female/89/1_DHA_17_2_226.jpg,89,DHA,,Female,17,,226,2.0
female/89/1_DHA_17_2_226.jpg,89,DHA,,Female,17,,226,2.0
female/89/1_DHA_17_2_226.jpg,89,DHA,,Female,17,,226,2.0
female/89/1_DHA_17_2_226.jpg,89,DHA,,Female,17,,226,2.0
female/89/1_DHA_17_2_226.jpg,89,DHA,,Female,17,,226,2.0
female/89/1_DHA_17_2_226.jpg,89,DHA,,Female,17,,226,2.0
female/89/1_DHA_17_2_226.jpg,89,DHA,,Female,17,,226,2.0
female/89/1_DHA_17_2_226.jpg,89,DHA,,Female,17,,226,2.0
female/89/1_DHA_17_2_226.jpg,89,DHA,,Female,17,,226,2.0
female/89/1_DHA_17_2_226.jpg,89,DHA,,Female,17,,226,2.0
female/89/1_DHA_17_2_226.jpg,89,DHA,,Female,17,,226,2.0
female/89/1_DHA_17_2_226.jpg,89,DHA,,Female,17,,226,2.0
female/89/1_DHA_17_2_226.jpg,89,DHA,,Female,17,,226,2.0
female/89/1_DHA_17_2_226.jpg,89,DHA,,Female,17,,226,2.0
female/89/1_DHA_17_2_226.jpg,89,DHA,,Female,17,,226,2.0
female/89/1_DHA_17_2_226.jpg,89,DHA,,Female,17,,226,2.0
female/89/1_DHA_17_2_226.jpg,89,DHA,,Female,17,,226,2.0
female/89/1_DHA_17_2_226.jpg,89,DHA,,Female,17,,226,2.0
female/89/1_DHA_17_2_226.jpg,89,DHA,,Female,17,,226,2.0
female/89/1_DHA_17_2_226.jpg,89,DHA,,Female,17,,226,2.0
female/89/1_DHA_17_2_226.jpg,89,DHA,,Female,17,,226,2.0
female/89/1_DHA_17_2_226.jpg,89,DHA,,Female,17,,226,2.0
female/89/1_DHA_17_2_226.jpg,89,DHA,,Female,17,,226,2.0
female/89/1_DHA_17_2_226.jpg,89,DHA,,Female,17,,226,2.0
female/89/1_DHA_17_2_226.jpg,89,DHA,,Female,17,,226,2.0
female/89/1_DHA_17_2_226.jpg,89,DHA,,Female,17,,226,2.0
female/89/1_DHA_17_2_226.jpg,89,DHA,,Female,17,,226,2.0
female/89/1_DHA_17_2_226.jpg,89,DHA,,Female,17,,226,2.0
female/89/1_DHA_17_2_226.jpg,89,DHA,,Female,17,,226,2.0
female/89/1_DHA_17_2_226.jpg,89,DHA,,Female,17,,226,2.0
female/89/1_DHA_17_2_226.jpg,89,DHA,,Female,17,,226,2.0
female/89/1_DHA_17_2_226.jpg,89,DHA,,Female,17,,226,2.0
female/89/1_DHA_17_2_226.jpg,89,DHA,,Female,17,,226,2.0
female/89/1_DHA_17_2_226.jpg,89,DHA,,Female,17,,226,2.0
female/89/1_DHA_17_2_226.jpg,89,DHA,,Female,17,,226,2.0
female/89/1_DHA_17_2_226.jpg,89,DHA,,Female,17,,226,2.0
female/89/1_DHA_17_2_226.jpg,89,DHA,,Female,17,,226,2.0
female/89/1_DHA_17_2_226.jpg,89,DHA,,Female,17,,226,2.0
female/89/1_DHA_17_2_226.jpg,89,DHA,,Female,17,,226,2.0
female/89/1_DHA_17_2_226.jpg,89,DHA,,Female,17,,226,2.0
female/89/1_DHA_17_2_226.jpg,89,DHA,,Female,17,,226,2.0
female/89/1_DHA_17_2_226.jpg,89,DHA,,Female,17,,226,2.0
female/89/1_DHA_17_2_226.jpg,89,DHA,,Female,17,,226,2.0
female/89/1_DHA_17_2_226.jpg,89,DHA,,Female,17,,226,2.0
female/89/1_DHA_17_2_226.jpg,89,DHA,,Female,17,,226,2.0
female/89/1_DHA_17_2_226.jpg,89,DHA,,Female,17,,226,2.0
female/89/1_DHA_17_2_226.jpg,89,DHA,,Female,17,,226,2.0
female/89/1_DHA_17_2_226.jpg,89,DHA,,Female,17,,226,2.0
female/89/1_DHA_17_2_226.jpg,89,DHA,,Female,17,,226,2.0
female/89/1_DHA_17_2_226.jpg,89,DHA,,Female,17,,226,2.0
female/89/1_DHA_17_2_226.jpg,89,DHA,,Female,17,,226,2.0
female/89/1_DHA_17_2_226.jpg,89,DHA,,Female,17,,226,2.0
female/89/1_DHA_17_2_226.jpg,89,DHA,,Female,17,,226,2.0
female/89/1_DHA_17_2_226.jpg,89,DHA,,Female,17,,226,2.0
female/89/1_DHA_17_2_226.jpg,89,DHA,,Female,17,,226,2.0
female/89/1_DHA_17_2_226.jpg,89,DHA,,Female,17,,226,2.0
female/89/1_DHA_17_2_226.jpg,89,DHA,,Female,17,,226,2.0
female/89/1_DHA_17_2_226.jpg,89,DHA,,Female,17,,226,2.0
female/89/1_DHA_17_2_226.jpg,89,DHA,,Female,17,,226,2.0
female/89/1_DHA_17_2_226.jpg,89,DHA,,Female,17,,226,2.0
female/89/1_DHA_17_2_226.jpg,89,DHA,,Female,17,,226,2.0
female/89/1_DHA_17_2_226.jpg,89,DHA,,Female,17,,226,2.0
female/89/1_DHA_17_2_226.jpg,89,DHA,,Female,17,,226,2.0
female/89/1_DHA_17_2_226.jpg,89,DHA,,Female,17,,226,2.0
female/89/1_DHA_17_2_226.jpg,89,DHA,,Female,17,,226,2.0
female/89/1_DHA_17_2_226.jpg,89,DHA,,Female,17,,226,2.0
female/89/1_DHA_17_2_226.jpg,89,DHA,,Female,17,,226,2.0
female/89/1_DHA_17_2_226.jpg,89,DHA,,Female,17,,226,2.0
female/89/1_DHA_17_2_226.jpg,89,DHA,,Female,17,,226,2.0
female/89/1_DHA_17_2_226.jpg,89,DHA,,Female,17,,226,2.0
female/89/1_DHA_17_2_226.jpg,89,DHA,,Female,17,,226,2.0
female/89/1_DHA_17_2_226.jpg,89,DHA,,Female,17,,226,2.0
female/89/1_DHA_17_2_226.jpg,89,DHA,,Female,17,,226,2.0
female/89/1_DHA_17_2_226.jpg,89,DHA,,Female,17,,226,2.0
female/89/1_DHA_17_2_226.jpg,89,DHA,,Female,17,,226,2.0
female/89/1_DHA_17_2_226.jpg,89,DHA,,Female,17,,226,2.0
female/89/1_DHA_17_2_226.jpg,89,DHA,,Female,17,,226,2.0
female/89/1_DHA_17_2_226.jpg,89,DHA,,Female,17,,226,2.0
female/89/1_DHA_17_2_226.jpg,89,DHA,,Female,17,,226,2.0
female/89/1_DHA_17_2_226.jpg,89,DHA,,Female,17,,226,2.0
female/89/1_DHA_17_2_226.jpg,89,DHA,,Female,17,,226,2.0
female/89/1_DHA_17_2_226.jpg,89,DHA,,Female,17,,226,2.0
female/89/1_DHA_17_2_226.jpg,89,DHA,,Female,17,,226,2.0
female/89/1_DHA_17_2_226.jpg,89,DHA,,Female,17,,226,2.0
female/89/1_DHA_17_2_226.jpg,89,DHA,,Female,17,,226,2.0
female/89/1_DHA_17_2_226.jpg,89,DHA,,Female,17,,226,2.0
female/89/1_DHA_17_2_226.jpg,89,DHA,,Female,17,,226,2.0
female/89/1_DHA_17_2_226.jpg,89,DHA,,Female,17,,226,2.0
female/89/1_DHA_17_2_226.jpg,89,DHA,,Female,17,,226,2.0
female/89/1_DHA_17_2_226.jpg,89,DHA,,Female,17,,226,2.0
female/89/1_DHA_17_2_226.jpg,89,DHA,,Female,17,,226,2.0
female/89/1_DHA_17_2_226.jpg,89,DHA,,Female,17,,226,2.0
female/89/1_DHA_17_2_226.jpg,89,DHA,,Female,17,,226,2.0
female/89/1_DHA_17_2_226.jpg,89,DHA,,Female,17,,226,2.0
female/89/1_DHA_17_2_226.jpg,89,DHA,,Female,17,,226,2.0
female/89/1_DHA_17_2_226.jpg,89,DHA,,Female,17,,226,2.0
female/89/1_DHA_17_2_226.jpg,89,DHA,,Female,17,,226,2.0
female/89/1_DHA_17_2_226.jpg,89,DHA,,Female,17,,226,2.0
female/89/1_DHA_17_2_226.jpg,89,DHA,,Female,17,,226,2.0
female/89/1_DHA_17_2_226.jpg,89,DHA,,Female,17,,226,2.0
female/89/1_DHA_17_2_226.jpg,89,DHA,,Female,17,,226,2.0
female/89/1_DHA_17_2_226.jpg,89,DHA,,Female,17,,226,2.0
female/89/1_DHA_17_2_226.jpg,89,DHA,,Female,17,,226,2.0
female/89/1_DHA_17_2_226.jpg,89,DHA,,Female,17,,226,2.0
female/89/1_DHA_17_2_226.jpg,89,DHA,,Female,17,,226,2.0
female/89/1_DHA_17_2_226.jpg,89,DHA,,Female,17,,226,2.0
female/89/1_DHA_17_2_226.jpg,89,DHA,,Female,17,,226,2.0
female/89/1_DHA_17_2_226.jpg,89,DHA,,Female,17,,226,2.0
female/89/1_DHA_17_2_226.jpg,89,DHA,,Female,17,,226,2.0
female/89/1_DHA_17_2_226.jpg,89,DHA,,Female,17,,226,2.0
female/89/1_DHA_17_2_226.jpg,89,DHA,,Female,17,,226,2.0
female/89/1_DHA_17_2_226.jpg,89,DHA,,Female,17,,226,2.0
female/89/1_DHA_17_2_226.jpg,89,DHA,,Female,17,,226,2.0
female/89/1_DHA_17_2_226.jpg,89,DHA,,Female,17,,226,2.0
female/89/1_DHA_17_2_226.jpg,89,DHA,,Female,17,,226,2.0
female/89/1_DHA_17_2_226.jpg,89,DHA,,Female,17,,226,2.0
female/89/1_DHA_17_2_226.jpg,89,DHA,,Female,17,,226,2.0
female/89/1_DHA_17_2_226.jpg,89,DHA,,Female,17,,226,2.0
female/89/1_DHA_17_2_226.jpg,89,DHA,,Female,17,,226,2.0
female/89/1_DHA_17_2_226.jpg,89,DHA,,Female,17,,226,2.0
female/89/1_DHA_17_2_226.jpg,89,DHA,,Female,17,,226,2.0
female/89/1_DHA_17_2_226.jpg,89,DHA,,Female,17,,226,2.0
female/89/1_DHA_17_2_226.jpg,89,DHA,,Female,17,,226,2.0
female/89/1_DHA_17_2_226.jpg,89,DHA,,Female,17,,226,2.0
female/89/1_DHA_17_2_226.jpg,89,DHA,,Female,17,,226,2.0
female/89/1_DHA_17_2_226.jpg,89,DHA,,Female,17,,226,2.0
female/89/1_DHA_17_2_226.jpg,89,DHA,,Female,17,,226,2.0
female/89/1_DHA_17_2_226.jpg,89,DHA,,Female,17,,226,2.0
female/89/1_DHA_17_2_226.jpg,89,DHA,,Female,17,,226,2.0
female/89/1_DHA_17_2_226.jpg,89,DHA,,Female,17,,226,2.0
female/89/1_DHA_17_2_226.jpg,89,DHA,,Female,17,,226,2.0
female/89/1_DHA_17_2_226.jpg,89,DHA,,Female,17,,226,2.0
female/89/1_DHA_17_2_226.jpg,89,DHA,,Female,17,,226,2.0
female/89/1_DHA_17_2_226.jpg,89,DHA,,Female,17,,226,2.0
female/89/1_DHA_17_2_226.jpg,89,DHA,,Female,17,,226,2.0
female/89/1_DHA_17_2_226.jpg,89,DHA,,Female,17,,226,2.0
female/89/1_DHA_17_2_226.jpg,89,DHA,,Female,17,,226,2.0
female/89/1_DHA_17_2_226.jpg,89,DHA,,Female,17,,226,2.0
female/89/1_DHA_17_2_226.jpg,89,DHA,,Female,17,,226,2.0
female/89/1_DHA_17_2_226.jpg,89,DHA,,Female,17,,226,2.0
female/89/1_DHA_17_2_226.jpg,89,DHA,,Female,17,,226,2.0
female/89/1_DHA_17_2_226.jpg,89,DHA,,Female,17,,226,2.0
female/89/1_DHA_17_2_226.jpg,89,DHA,,Female,17,,226,2.0
female/89/1_DHA_17_2_226.jpg,89,DHA,,Female,17,,226,2.0
female/89/1_DHA_17_2_226.jpg,89,DHA,,Female,17,,226,2.0
female/89/1_DHA_17_2_226.jpg,89,DHA,,Female,17,,226,2.0
female/89/1_DHA_17_2_226.jpg,89,DHA,,Female,17,,226,2.0
female/89/1_DHA_17_2_226.jpg,89,DHA,,Female,17,,226,2.0
female/89/1_DHA_17_2_226.jpg,89,DHA,,Female,17,,226,2.0
female/89/1_DHA_17_2_226.jpg,89,DHA,,Female,17,,226,2.0
female/89/1_DHA_17_2_226.jpg,89,DHA,,Female,17,,226,2.0
female/89/1_DHA_17_2_226.jpg,89,DHA,,Female,17,,226,2.0
female/89/1_DHA_17_2_226.jpg,89,DHA,,Female,17,,226,2.0
female/89/1_DHA_17_2_226.jpg,89,DHA,,Female,17,,226,2.0
female/89/1_DHA_17_2_226.jpg,89,DHA,,Female,17,,226,2.0
female/89/1_DHA_17_2_226.jpg,89,DHA,,Female,17,,226,2.0
female/89/1_DHA_17_2_226.jpg,89,DHA,,Female,17,,226,2.0
female/89/1_DHA_17_2_226.jpg,89,DHA,,Female,17,,226,2.0
female/89/1_DHA_17_2_226.jpg,89,DHA,,Female,17,,226,2.0
female/89/1_DHA_17_2_226.jpg,89,DHA,,Female,17,,226,2.0
female/89/1_DHA_17_2_226.jpg,89,DHA,,Female,17,,226,2.0
female/89/1_DHA_17_2_226.jpg,89,DHA,,Female,17,,226,2.0
female/89/1_DHA_17_2_226.jpg,89,DHA,,Female,17,,226,2.0
female/89/1_DHA_17_2_226.jpg,89,DHA,,Female,17,,226,2.0
female/89/1_DHA_17_2_226.jpg,89,DHA,,Female,17,,226,2.0
female/89/1_DHA_17_2_226.jpg,89,DHA,,Female,17,,226,2.0
female/89/1_DHA_17_2_226.jpg,89,DHA,,Female,17,,226,2.0
female/89/1_DHA_17_2_226.jpg,89,DHA,,Female,17,,226,2.0
female/89/1_DHA_17_2_226.jpg,89,DHA,,Female,17,,226,2.0
female/89/1_DHA_17_2_226.jpg,89,DHA,,Female,17,,226,2.0
female/89/1_DHA_17_2_226.jpg,89,DHA,,Female,17,,226,2.0
female/89/1_DHA_17_2_226.jpg,89,DHA,,Female,17,,226,2.0
female/89/1_DHA_17_2_226.jpg,89,DHA,,Female,17,,226,2.0
female/89/1_DHA_17_2_226.jpg,89,DHA,,Female,17,,226,2.0
female/89/1_DHA_17_2_226.jpg,89,DHA,,Female,17,,226,2.0
female/89/1_DHA_17_2_226.jpg,89,DHA,,Female,17,,226,2.0
female/89/1_DHA_17_2_226.jpg,89,DHA,,Female,17,,226,2.0
female/89/1_DHA_17_2_226.jpg,89,DHA,,Female,17,,226,2.0
female/89/1_DHA_17_2_226.jpg,89,DHA,,Female,17,,226,2.0
female/89/1_DHA_17_2_226.jpg,89,DHA,,Female,17,,226,2.0
female/89/1_DHA_17_2_226.jpg,89,DHA,,Female,17,,226,2.0
female/89/1_DHA_17_2_226.jpg,89,DHA,,Female,17,,226,2.0
female/89/1_DHA_17_2_226.jpg,89,DHA,,Female,17,,226,2.0
female/89/1_DHA_17_2_226.jpg,89,DHA,,Female,17,,226,2.0
female/89/1_DHA_17_2_226.jpg,89,DHA,,Female,17,,226,2.0
female/89/1_DHA_17_2_226.jpg,89,DHA,,Female,17,,226,2.0
female/89/1_DHA_17_2_226.jpg,89,DHA,,Female,17,,226,2.0
female/89/1_DHA_17_2_226.jpg,89,DHA,,Female,17,,226,2.0
female/89/1_DHA_17_2_226.jpg,89,DHA,,Female,17,,226,2.0
female/89/1_DHA_17_2_226.jpg,89,DHA,,Female,17,,226,2.0
female/89/1_DHA_17_2_226.jpg,89,DHA,,Female,17,,226,2.0
female/89/1_DHA_17_2_226.jpg,89,DHA,,Female,17,,226,2.0
female/89/1_DHA_17_2_226.jpg,89,DHA,,Female,17,,226,2.0
female/89/1_DHA_17_2_226.jpg,89,DHA,,Female,17,,226,2.0
female/89/1_DHA_17_2_226.jpg,89,DHA,,Female,17,,226,2.0
female/89/1_DHA_17_2_226.jpg,89,DHA,,Female,17,,226,2.0
female/89/1_DHA_17_2_226.jpg,89,DHA,,Female,17,,226,2.0
female/89/1_DHA_17_2_226.jpg,89,DHA,,Female,17,,226,2.0
female/89/1_DHA_17_2_226.jpg,89,DHA,,Female,17,,226,2.0
female/89/1_DHA_17_2_226.jpg,89,DHA,,Female,17,,226,2.0
female/89/1_DHA_17_2_226.jpg,89,DHA,,Female,17,,226,2.0
female/89/1_DHA_17_2_226.jpg,89,DHA,,Female,17,,226,2.0
female/89/1_DHA_17_2_226.jpg,89,DHA,,Female,17,,226,2.0
female/89/1_DHA_17_2_226.jpg,89,DHA,,Female,17,,226,2.0
female/89/1_DHA_17_2_226.jpg,89,DHA,,Female,17,,226,2.0
female/89/1_DHA_17_2_226.jpg,89,DHA,,Female,17,,226,2.0
female/89/1_DHA_17_2_226.jpg,89,DHA,,Female,17,,226,2.0
female/89/1_DHA_17_2_226.jpg,89,DHA,,Female,17,,226,2.0
female/89/1_DHA_17_2_226.jpg,89,DHA,,Female,17,,226,2.0
female/89/1_DHA_17_2_226.jpg,89,DHA,,Female,17,,226,2.0
female/89/1_DHA_17_2_226.jpg,89,DHA,,Female,17,,226,2.0
female/89/1_DHA_17_2_226.jpg,89,DHA,,Female,17,,226,2.0
female/89/1_DHA_17_2_226.jpg,89,DHA,,Female,17,,226,2.0
female/89/1_DHA_17_2_226.jpg,89,DHA,,Female,17,,226,2.0
female/89/1_DHA_17_2_226.jpg,89,DHA,,Female,17,,226,2.0
female/89/1_DHA_17_2_226.jpg,89,DHA,,Female,17,,226,2.0
female/89/1_DHA_17_2_226.jpg,89,DHA,,Female,17,,226,2.0
female/89/1_DHA_17_2_226.jpg,89,DHA,,Female,17,,226,2.0
female/89/1_DHA_17_2_226.jpg,89,DHA,,Female,17,,226,2.0
female/89/1_DHA_17_2_226.jpg,89,DHA,,Female,17,,226,2.0
female/89/1_DHA_17_2_226.jpg,89,DHA,,Female,17,,226,2.0
female/89/1_DHA_17_2_226.jpg,89,DHA,,Female,17,,226,2.0
female/89/1_DHA_17_2_226.jpg,89,DHA,,Female,17,,226,2.0
female/89/1_DHA_17_2_226.jpg,89,DHA,,Female,17,,226,2.0
female/89/1_DHA_17_2_226.jpg,89,DHA,,Female,17,,226,2.0
female/89/1_DHA_17_2_226.jpg,89,DHA,,Female,17,,226,2.0
female/89/1_DHA_17_2_226.jpg,89,DHA,,Female,17,,226,2.0
female/89/1_DHA_17_2_226.jpg,89,DHA,,Female,17,,226,2.0
female/89/1_DHA_17_2_226.jpg,89,DHA,,Female,17,,226,2.0
female/89/1_DHA_17_2_226.jpg,89,DHA,,Female,17,,226,2.0
female/89/1_DHA_17_2_226.jpg,89,DHA,,Female,17,,226,2.0
female/89/1_DHA_17_2_226.jpg,89,DHA,,Female,17,,226,2.0
female/89/1_DHA_17_2_226.jpg,89,DHA,,Female,17,,226,2.0
female/89/1_DHA_17_2_226.jpg,89,DHA,,Female,17,,226,2.0
female/89/1_DHA_17_2_226.jpg,89,DHA,,Female,17,,226,2.0
female/89/1_DHA_17_2_226.jpg,89,DHA,,Female,17,,226,2.0
female/89/1_DHA_17_2_226.jpg,89,DHA,,Female,17,,226,2.0
female/89/1_DHA_17_2_226.jpg,89,DHA,,Female,17,,226,2.0
female/89/1_DHA_17_2_226.jpg,89,DHA,,Female,17,,226,2.0
female/89/1_DHA_17_2_226.jpg,89,DHA,,Female,17,,226,2.0
female/89/1_DHA_17_2_226.jpg,89,DHA,,Female,17,,226,2.0
female/89/1_DHA_17_2_226.jpg,89,DHA,,Female,17,,226,2.0
female/89/1_DHA_17_2_226.jpg,89,DHA,,Female,17,,226,2.0
female/89/1_DHA_17_2_226.jpg,89,DHA,,Female,17,,226,2.0
female/89/1_DHA_17_2_226.jpg,89,DHA,,Female,17,,226,2.0
female/89/1_DHA_17_2_226.jpg,89,DHA,,Female,17,,226,2.0
female/89/1_DHA_17_2_226.jpg,89,DHA,,Female,17,,226,2.0
female/89/1_DHA_17_2_226.jpg,89,DHA,,Female,17,,226,2.0
female/89/1_DHA_17_2_226.jpg,89,DHA,,Female,17,,226,2.0
female/89/1_DHA_17_2_226.jpg,89,DHA,,Female,17,,226,2.0
female/89/1_DHA_17_2_226.jpg,89,DHA,,Female,17,,226,2.0
female/89/1_DHA_17_2_226.jpg,89,DHA,,Female,17,,226,2.0
female/89/1_DHA_17_2_226.jpg,89,DHA,,Female,17,,226,2.0
female/89/1_DHA_17_2_226.jpg,89,DHA,,Female,17,,226,2.0
female/89/1_DHA_17_2_226.jpg,89,DHA,,Female,17,,226,2.0
female/89/1_DHA_17_2_226.jpg,89,DHA,,Female,17,,226,2.0
female/89/1_DHA_17_2_226.jpg,89,DHA,,Female,17,,226,2.0
female/89/1_DHA_17_2_226.jpg,89,DHA,,Female,17,,226,2.0
female/89/1_DHA_17_2_226.jpg,89,DHA,,Female,17,,226,2.0
female/89/1_DHA_17_2_226.jpg,89,DHA,,Female,17,,226,2.0
female/89/1_DHA_17_2_226.jpg,89,DHA,,Female,17,,226,2.0
female/89/1_DHA_17_2_226.jpg,89,DHA,,Female,17,,226,2.0
female/89/1_DHA_17_2_226.jpg,89,DHA,,Female,17,,226,2.0
female/89/1_DHA_17_2_226.jpg,89,DHA,,Female,17,,226,2.0
female/89/1_DHA_17_2_226.jpg,89,DHA,,Female,17,,226,2.0
female/89/1_DHA_17_2_226.jpg,89,DHA,,Female,17,,226,2.0
female/89/1_DHA_17_2_226.jpg,89,DHA,,Female,17,,226,2.0
female/89/1_DHA_17_2_226.jpg,89,DHA,,Female,17,,226,2.0
female/89/1_DHA_17_2_226.jpg,89,DHA,,Female,17,,226,2.0
female/89/1_DHA_17_2_226.jpg,89,DHA,,Female,17,,226,2.0
female/89/1_DHA_17_2_226.jpg,89,DHA,,Female,17,,226,2.0
female/89/1_DHA_17_2_226.jpg,89,DHA,,Female,17,,226,2.0
female/89/1_DHA_17_2_226.jpg,89,DHA,,Female,17,,226,2.0
female/89/1_DHA_17_2_226.jpg,89,DHA,,Female,17,,226,2.0
female/89/1_DHA_17_2_226.jpg,89,DHA,,Female,17,,226,2.0
female/89/1_DHA_17_2_226.jpg,89,DHA,,Female,17,,226,2.0
female/89/1_DHA_17_2_226.jpg,89,DHA,,Female,17,,226,2.0
female/89/1_DHA_17_2_226.jpg,89,DHA,,Female,17,,226,2.0
female/89/1_DHA_17_2_226.jpg,89,DHA,,Female,17,,226,2.0
female/89/1_DHA_17_2_226.jpg,89,DHA,,Female,17,,226,2.0
female/89/1_DHA_17_2_226.jpg,89,DHA,,Female,17,,226,2.0
female/89/1_DHA_17_2_226.jpg,89,DHA,,Female,17,,226,2.0
female/89/1_DHA_17_2_226.jpg,89,DHA,,Female,17,,226,2.0
female/89/1_DHA_17_2_226.jpg,89,DHA,,Female,17,,226,2.0
female/89/1_DHA_17_2_226.jpg,89,DHA,,Female,17,,226,2.0
female/89/1_DHA_17_2_226.jpg,89,DHA,,Female,17,,226,2.0
female/89/1_DHA_17_2_226.jpg,89,DHA,,Female,17,,226,2.0
female/89/1_DHA_17_2_226.jpg,89,DHA,,Female,17,,226,2.0
female/89/1_DHA_17_2_226.jpg,89,DHA,,Female,17,,226,2.0
female/89/1_DHA_17_2_226.jpg,89,DHA,,Female,17,,226,2.0
female/89/1_DHA_17_2_226.jpg,89,DHA,,Female,17,,226,2.0
female/89/1_DHA_17_2_226.jpg,89,DHA,,Female,17,,226,2.0
female/89/1_DHA_17_2_226.jpg,89,DHA,,Female,17,,226,2.0
female/89/1_DHA_17_2_226.jpg,89,DHA,,Female,17,,226,2.0
female/89/1_DHA_17_2_226.jpg,89,DHA,,Female,17,,226,2.0
female/89/1_DHA_17_2_226.jpg,89,DHA,,Female,17,,226,2.0
female/89/1_DHA_17_2_226.jpg,89,DHA,,Female,17,,226,2.0
female/89/1_DHA_17_2_226.jpg,89,DHA,,Female,17,,226,2.0
female/89/1_DHA_17_2_226.jpg,89,DHA,,Female,17,,226,2.0
female/89/1_DHA_17_2_226.jpg,89,DHA,,Female,17,,226,2.0
female/89/1_DHA_17_2_226.jpg,89,DHA,,Female,17,,226,2.0
female/89/1_DHA_17_2_226.jpg,89,DHA,,Female,17,,226,2.0
female/89/1_DHA_17_2_226.jpg,89,DHA,,Female,17,,226,2.0
female/89/1_DHA_17_2_226.jpg,89,DHA,,Female,17,,226,2.0
female/89/1_DHA_17_2_226.jpg,89,DHA,,Female,17,,226,2.0
female/89/1_DHA_17_2_226.jpg,89,DHA,,Female,17,,226,2.0
female/89/1_DHA_17_2_226.jpg,89,DHA,,Female,17,,226,2.0
female/89/1_DHA_17_2_226.jpg,89,DHA,,Female,17,,226,2.0
female/89/1_DHA_17_2_226.jpg,89,DHA,,Female,17,,226,2.0
female/89/1_DHA_17_2_226.jpg,89,DHA,,Female,17,,226,2.0
female/89/1_DHA_17_2_226.jpg,89,DHA,,Female,17,,226,2.0
female/89/1_DHA_17_2_226.jpg,89,DHA,,Female,17,,226,2.0
female/89/1_DHA_17_2_226.jpg,89,DHA,,Female,17,,226,2.0
female/89/1_DHA_17_2_226.jpg,89,DHA,,Female,17,,226,2.0
female/89/1_DHA_17_2_226.jpg,89,DHA,,Female,17,,226,2.0
female/89/1_DHA_17_2_226.jpg,89,DHA,,Female,17,,226,2.0
female/89/1_DHA_17_2_226.jpg,89,DHA,,Female,17,,226,2.0
female/89/1_DHA_17_2_226.jpg,89,DHA,,Female,17,,226,2.0
female/89/1_DHA_17_2_226.jpg,89,DHA,,Female,17,,226,2.0
female/89/1_DHA_17_2_226.jpg,89,DHA,,Female,17,,226,2.0
female/89/1_DHA_17_2_226.jpg,89,DHA,,Female,17,,226,2.0
female/89/1_DHA_17_2_226.jpg,89,DHA,,Female,17,,226,2.0
female/89/1_DHA_17_2_226.jpg,89,DHA,,Female,17,,226,2.0
female/89/1_DHA_17_2_226.jpg,89,DHA,,Female,17,,226,2.0
female/89/1_DHA_17_2_226.jpg,89,DHA,,Female,17,,226,2.0
female/89/1_DHA_17_2_226.jpg,89,DHA,,Female,17,,226,2.0
female/89/1_DHA_17_2_226.jpg,89,DHA,,Female,17,,226,2.0
female/89/1_DHA_17_2_226.jpg,89,DHA,,Female,17,,226,2.0
female/89/1_DHA_17_2_226.jpg,89,DHA,,Female,17,,226,2.0
female/89/1_DHA_17_2_226.jpg,89,DHA,,Female,17,,226,2.0
female/89/1_DHA_17_2_226.jpg,89,DHA,,Female,17,,226,2.0
female/89/1_DHA_17_2_226.jpg,89,DHA,,Female,17,,226,2.0
female/89/1_DHA_17_2_226.jpg,89,DHA,,Female,17,,226,2.0
female/89/1_DHA_17_2_226.jpg,89,DHA,,Female,17,,226,2.0
female/89/1_DHA_17_2_226.jpg,89,DHA,,Female,17,,226,2.0
female/89/1_DHA_17_2_226.jpg,89,DHA,,Female,17,,226,2.0
female/89/1_DHA_17_2_226.jpg,89,DHA,,Female,17,,226,2.0
female/89/1_DHA_17_2_226.jpg,89,DHA,,Female,17,,226,2.0
female/89/1_DHA_17_2_226.jpg,89,DHA,,Female,17,,226,2.0
female/89/1_DHA_17_2_226.jpg,89,DHA,,Female,17,,226,2.0
female/89/1_DHA_17_2_226.jpg,89,DHA,,Female,17,,226,2.0
female/89/1_DHA_17_2_226.jpg,89,DHA,,Female,17,,226,2.0
female/89/1_DHA_17_2_226.jpg,89,DHA,,Female,17,,226,2.0
female/89/1_DHA_17_2_226.jpg,89,DHA,,Female,17,,226,2.0
female/89/1_DHA_17_2_226.jpg,89,DHA,,Female,17,,226,2.0
female/89/1_DHA_17_2_226.jpg,89,DHA,,Female,17,,226,2.0
female/89/1_DHA_17_2_226.jpg,89,DHA,,Female,17,,226,2.0
female/89/1_DHA_17_2_226.jpg,89,DHA,,Female,17,,226,2.0
female/89/1_DHA_17_2_226.jpg,89,DHA,,Female,17,,226,2.0
female/89/1_DHA_17_2_226.jpg,89,DHA,,Female,17,,226,2.0
female/89/1_DHA_17_2_226.jpg,89,DHA,,Female,17,,226,2.0
female/89/1_DHA_17_2_226.jpg,89,DHA,,Female,17,,226,2.0
female/89/1_DHA_17_2_226.jpg,89,DHA,,Female,17,,226,2.0
female/89/1_DHA_17_2_226.jpg,89,DHA,,Female,17,,226,2.0
female/89/1_DHA_17_2_226.jpg,89,DHA,,Female,17,,226,2.0
female/89/1_DHA_17_2_226.jpg,89,DHA,,Female,17,,226,2.0
female/89/1_DHA_17_2_226.jpg,89,DHA,,Female,17,,226,2.0
female/89/1_DHA_17_2_226.jpg,89,DHA,,Female,17,,226,2.0
female/89/1_DHA_17_2_226.jpg,89,DHA,,Female,17,,226,2.0
female/89/1_DHA_17_2_226.jpg,89,DHA,,Female,17,,226,2.0
female/89/1_DHA_17_2_226.jpg,89,DHA,,Female,17,,226,2.0
female/89/1_DHA_17_2_226.jpg,89,DHA,,Female,17,,226,2.0
female/89/1_DHA_17_2_226.jpg,89,DHA,,Female,17,,226,2.0
female/89/1_DHA_17_2_226.jpg,89,DHA,,Female,17,,226,2.0
female/89/1_DHA_17_2_226.jpg,89,DHA,,Female,17,,226,2.0
female/89/1_DHA_17_2_226.jpg,89,DHA,,Female,17,,226,2.0
female/89/1_DHA_17_2_226.jpg,89,DHA,,Female,17,,226,2.0
female/89/1_DHA_17_2_226.jpg,89,DHA,,Female,17,,226,2.0
female/89/1_DHA_17_2_226.jpg,89,DHA,,Female,17,,226,2.0
female/89/1_DHA_17_2_226.jpg,89,DHA,,Female,17,,226,2.0
female/89/1_DHA_17_2_226.jpg,89,DHA,,Female,17,,226,2.0
female/89/1_DHA_17_2_226.jpg,89,DHA,,Female,17,,226,2.0
female/89/1_DHA_17_2_226.jpg,89,DHA,,Female,17,,226,2.0
female/89/1_DHA_17_2_226.jpg,89,DHA,,Female,17,,226,2.0
female/89/1_DHA_17_2_226.jpg,89,DHA,,Female,17,,226,2.0
female/89/1_DHA_17_2_226.jpg,89,DHA,,Female,17,,226,2.0
female/89/1_DHA_17_2_226.jpg,89,DHA,,Female,17,,226,2.0
female/89/1_DHA_17_2_226.jpg,89,DHA,,Female,17,,226,2.0
female/89/1_DHA_17_2_226.jpg,89,DHA,,Female,17,,226,2.0
female/89/1_DHA_17_2_226.jpg,89,DHA,,Female,17,,226,2.0
female/89/1_DHA_17_2_226.jpg,89,DHA,,Female,17,,226,2.0
female/89/1_DHA_17_2_226.jpg,89,DHA,,Female,17,,226,2.0
female/89/1_DHA_17_2_226.jpg,89,DHA,,Female,17,,226,2.0
female/89/1_DHA_17_2_226.jpg,89,DHA,,Female,17,,226,2.0
female/89/1_DHA_17_2_226.jpg,89,DHA,,Female,17,,226,2.0
female/89/1_DHA_17_2_226.jpg,89,DHA,,Female,17,,226,2.0
female/89/1_DHA_17_2_226.jpg,89,DHA,,Female,17,,226,2.0
female/89/1_DHA_17_2_226.jpg,89,DHA,,Female,17,,226,2.0
female/89/1_DHA_17_2_226.jpg,89,DHA,,Female,17,,226,2.0
female/89/1_DHA_17_2_226.jpg,89,DHA,,Female,17,,226,2.0
female/89/1_DHA_17_2_226.jpg,89,DHA,,Female,17,,226,2.0
female/89/1_DHA_17_2_226.jpg,89,DHA,,Female,17,,226,2.0
female/89/1_DHA_17_2_226.jpg,89,DHA,,Female,17,,226,2.0
female/89/1_DHA_17_2_226.jpg,89,DHA,,Female,17,,226,2.0
female/89/1_DHA_17_2_226.jpg,89,DHA,,Female,17,,226,2.0
female/89/1_DHA_17_2_226.jpg,89,DHA,,Female,17,,226,2.0
female/89/1_DHA_17_2_226.jpg,89,DHA,,Female,17,,226,2.0
female/89/1_DHA_17_2_226.jpg,89,DHA,,Female,17,,226,2.0
female/89/1_DHA_17_2_226.jpg,89,DHA,,Female,17,,226,2.0
female/89/1_DHA_17_2_226.jpg,89,DHA,,Female,17,,226,2.0
female/89/1_DHA_17_2_226.jpg,89,DHA,,Female,17,,226,2.0
female/89/1_DHA_17_2_226.jpg,89,DHA,,Female,17,,226,2.0
female/89/1_DHA_17_2_226.jpg,89,DHA,,Female,17,,226,2.0
female/89/1_DHA_17_2_226.jpg,89,DHA,,Female,17,,226,2.0
female/89/1_DHA_17_2_226.jpg,89,DHA,,Female,17,,226,2.0
female/89/1_DHA_17_2_226.jpg,89,DHA,,Female,17,,226,2.0
female/89/1_DHA_17_2_226.jpg,89,DHA,,Female,17,,226,2.0
female/89/1_DHA_17_2_226.jpg,89,DHA,,Female,17,,226,2.0
female/89/1_DHA_17_2_226.jpg,89,DHA,,Female,17,,226,2.0
female/89/1_DHA_17_2_226.jpg,89,DHA,,Female,17,,226,2.0
female/89/1_DHA_17_2_226.jpg,89,DHA,,Female,17,,226,2.0
female/89/1_DHA_17_2_226.jpg,89,DHA,,Female,17,,226,2.0
female/89/1_DHA_17_2_226.jpg,89,DHA,,Female,17,,226,2.0
female/89/1_DHA_17_2_226.jpg,89,DHA,,Female,17,,226,2.0
female/89/1_DHA_17_2_226.jpg,89,DHA,,Female,17,,226,2.0
female/89/1_DHA_17_2_226.jpg,89,DHA,,Female,17,,226,2.0
female/89/1_DHA_17_2_226.jpg,89,DHA,,Female,17,,226,2.0
female/89/1_DHA_17_2_226.jpg,89,DHA,,Female,17,,226,2.0
female/89/1_DHA_17_2_226.jpg,89,DHA,,Female,17,,226,2.0
female/89/1_DHA_17_2_226.jpg,89,DHA,,Female,17,,226,2.0
female/89/1_DHA_17_2_226.jpg,89,DHA,,Female,17,,226,2.0
female/89/1_DHA_17_2_226.jpg,89,DHA,,Female,17,,226,2.0
female/89/1_DHA_17_2_226.jpg,89,DHA,,Female,17,,226,2.0
female/89/1_DHA_17_2_226.jpg,89,DHA,,Female,17,,226,2.0
female/89/1_DHA_17_2_226.jpg,89,DHA,,Female,17,,226,2.0
female/89/1_DHA_17_2_226.jpg,89,DHA,,Female,17,,226,2.0
female/89/1_DHA_17_2_226.jpg,89,DHA,,Female,17,,226,2.0
female/89/1_DHA_17_2_226.jpg,89,DHA,,Female,17,,226,2.0
female/89/1_DHA_17_2_226.jpg,89,DHA,,Female,17,,226,2.0
female/89/1_DHA_17_2_226.jpg,89,DHA,,Female,17,,226,2.0
female/89/1_DHA_17_2_226.jpg,89,DHA,,Female,17,,226,2.0
female/89/1_DHA_17_2_226.jpg,89,DHA,,Female,17,,226,2.0
female/89/1_DHA_17_2_226.jpg,89,DHA,,Female,17,,226,2.0
female/89/1_DHA_17_2_226.jpg,89,DHA,,Female,17,,226,2.0
female/89/1_DHA_17_2_226.jpg,89,DHA,,Female,17,,226,2.0
female/89/1_DHA_17_2_226.jpg,89,DHA,,Female,17,,226,2.0
female/89/1_DHA_17_2_226.jpg,89,DHA,,Female,17,,226,2.0
female/89/1_DHA_17_2_226.jpg,89,DHA,,Female,17,,226,2.0
female/89/1_DHA_17_2_226.jpg,89,DHA,,Female,17,,226,2.0
female/89/1_DHA_17_2_226.jpg,89,DHA,,Female,17,,226,2.0
female/89/1_DHA_17_2_226.jpg,89,DHA,,Female,17,,226,2.0
female/89/1_DHA_17_2_226.jpg,89,DHA,,Female,17,,226,2.0
female/89/1_DHA_17_2_226.jpg,89,DHA,,Female,17,,226,2.0
female/89/1_DHA_17_2_226.jpg,89,DHA,,Female,17,,226,2.0
female/89/1_DHA_17_2_226.jpg,89,DHA,,Female,17,,226,2.0
female/89/1_DHA_17_2_226.jpg,89,DHA,,Female,17,,226,2.0
female/89/1_DHA_17_2_226.jpg,89,DHA,,Female,17,,226,2.0
female/89/1_DHA_17_2_226.jpg,89,DHA,,Female,17,,226,2.0
female/89/1_DHA_17_2_226.jpg,89,DHA,,Female,17,,226,2.0
female/89/1_DHA_17_2_226.jpg,89,DHA,,Female,17,,226,2.0
female/89/1_DHA_17_2_226.jpg,89,DHA,,Female,17,,226,2.0
female/89/1_DHA_17_2_226.jpg,89,DHA,,Female,17,,226,2.0
female/89/1_DHA_17_2_226.jpg,89,DHA,,Female,17,,226,2.0
female/89/1_DHA_17_2_226.jpg,89,DHA,,Female,17,,226,2.0
female/89/1_DHA_17_2_226.jpg,89,DHA,,Female,17,,226,2.0
female/89/1_DHA_17_2_226.jpg,89,DHA,,Female,17,,226,2.0
female/89/1_DHA_17_2_226.jpg,89,DHA,,Female,17,,226,2.0
female/89/1_DHA_17_2_226.jpg,89,DHA,,Female,17,,226,2.0
female/89/1_DHA_17_2_226.jpg,89,DHA,,Female,17,,226,2.0
female/89/1_DHA_17_2_226.jpg,89,DHA,,Female,17,,226,2.0
female/89/1_DHA_17_2_226.jpg,89,DHA,,Female,17,,226,2.0
female/89/1_DHA_17_2_226.jpg,89,DHA,,Female,17,,226,2.0
female/89/1_DHA_17_2_226.jpg,89,DHA,,Female,17,,226,2.0
female/89/1_DHA_17_2_226.jpg,89,DHA,,Female,17,,226,2.0
female/89/1_DHA_17_2_226.jpg,89,DHA,,Female,17,,226,2.0
female/89/1_DHA_17_2_226.jpg,89,DHA,,Female,17,,226,2.0
female/89/1_DHA_17_2_226.jpg,89,DHA,,Female,17,,226,2.0
female/89/1_DHA_17_2_226.jpg,89,DHA,,Female,17,,226,2.0
female/89/1_DHA_17_2_226.jpg,89,DHA,,Female,17,,226,2.0
female/89/1_DHA_17_2_226.jpg,89,DHA,,Female,17,,226,2.0
female/89/1_DHA_17_2_226.jpg,89,DHA,,Female,17,,226,2.0
female/89/1_DHA_17_2_226.jpg,89,DHA,,Female,17,,226,2.0
female/89/1_DHA_17_2_226.jpg,89,DHA,,Female,17,,226,2.0
female/89/1_DHA_17_2_226.jpg,89,DHA,,Female,17,,226,2.0
female/89/1_DHA_17_2_226.jpg,89,DHA,,Female,17,,226,2.0
female/89/1_DHA_17_2_226.jpg,89,DHA,,Female,17,,226,2.0
female/89/1_DHA_17_2_226.jpg,89,DHA,,Female,17,,226,2.0
female/89/1_DHA_17_2_226.jpg,89,DHA,,Female,17,,226,2.0
female/89/1_DHA_17_2_226.jpg,89,DHA,,Female,17,,226,2.0
female/89/1_DHA_17_2_226.jpg,89,DHA,,Female,17,,226,2.0
female/89/1_DHA_17_2_226.jpg,89,DHA,,Female,17,,226,2.0
female/89/1_DHA_17_2_226.jpg,89,DHA,,Female,17,,226,2.0
female/89/1_DHA_17_2_226.jpg,89,DHA,,Female,17,,226,2.0
female/89/1_DHA_17_2_226.jpg,89,DHA,,Female,17,,226,2.0
female/89/1_DHA_17_2_226.jpg,89,DHA,,Female,17,,226,2.0
female/89/1_DHA_17_2_226.jpg,89,DHA,,Female,17,,226,2.0
female/89/1_DHA_17_2_226.jpg,89,DHA,,Female,17,,226,2.0
female/89/1_DHA_17_2_226.jpg,89,DHA,,Female,17,,226,2.0
female/89/1_DHA_17_2_226.jpg,89,DHA,,Female,17,,226,2.0
female/89/1_DHA_17_2_226.jpg,89,DHA,,Female,17,,226,2.0
female/89/1_DHA_17_2_226.jpg,89,DHA,,Female,17,,226,2.0
female/89/1_DHA_17_2_226.jpg,89,DHA,,Female,17,,226,2.0
female/89/1_DHA_17_2_226.jpg,89,DHA,,Female,17,,226,2.0
female/89/1_DHA_17_2_226.jpg,89,DHA,,Female,17,,226,2.0
female/89/1_DHA_17_2_226.jpg,89,DHA,,Female,17,,226,2.0
female/89/1_DHA_17_2_226.jpg,89,DHA,,Female,17,,226,2.0
female/89/1_DHA_17_2_226.jpg,89,DHA,,Female,17,,226,2.0
female/89/1_DHA_17_2_226.jpg,89,DHA,,Female,17,,226,2.0
female/89/1_DHA_17_2_226.jpg,89,DHA,,Female,17,,226,2.0
female/89/1_DHA_17_2_226.jpg,89,DHA,,Female,17,,226,2.0
female/89/1_DHA_17_2_226.jpg,89,DHA,,Female,17,,226,2.0
female/89/1_DHA_17_2_226.jpg,89,DHA,,Female,17,,226,2.0
female/89/1_DHA_17_2_226.jpg,89,DHA,,Female,17,,226,2.0
female/89/1_DHA_17_2_226.jpg,89,DHA,,Female,17,,226,2.0
female/89/1_DHA_17_2_226.jpg,89,DHA,,Female,17,,226,2.0
female/89/1_DHA_17_2_226.jpg,89,DHA,,Female,17,,226,2.0
female/89/1_DHA_17_2_226.jpg,89,DHA,,Female,17,,226,2.0
female/89/1_DHA_17_2_226.jpg,89,DHA,,Female,17,,226,2.0
female/89/1_DHA_17_2_226.jpg,89,DHA,,Female,17,,226,2.0
female/89/1_DHA_17_2_226.jpg,89,DHA,,Female,17,,226,2.0
female/89/1_DHA_17_2_226.jpg,89,DHA,,Female,17,,226,2.0
female/89/1_DHA_17_2_226.jpg,89,DHA,,Female,17,,226,2.0
female/89/1_DHA_17_2_226.jpg,89,DHA,,Female,17,,226,2.0
female/89/1_DHA_17_2_226.jpg,89,DHA,,Female,17,,226,2.0
female/89/1_DHA_17_2_226.jpg,89,DHA,,Female,17,,226,2.0
female/89/1_DHA_17_2_226.jpg,89,DHA,,Female,17,,226,2.0
female/89/1_DHA_17_2_226.jpg,89,DHA,,Female,17,,226,2.0
female/89/1_DHA_17_2_226.jpg,89,DHA,,Female,17,,226,2.0
female/89/1_DHA_17_2_226.jpg,89,DHA,,Female,17,,226,2.0
female/89/1_DHA_17_2_226.jpg,89,DHA,,Female,17,,226,2.0
female/89/1_DHA_17_2_226.jpg,89,DHA,,Female,17,,226,2.0
female/89/1_DHA_17_2_226.jpg,89,DHA,,Female,17,,226,2.0
female/89/1_DHA_17_2_226.jpg,89,DHA,,Female,17,,226,2.0
female/89/1_DHA_17_2_226.jpg,89,DHA,,Female,17,,226,2.0
female/89/1_DHA_17_2_226.jpg,89,DHA,,Female,17,,226,2.0
female/89/1_DHA_17_2_226.jpg,89,DHA,,Female,17,,226,2.0
female/89/1_DHA_17_2_226.jpg,89,DHA,,Female,17,,226,2.0
female/89/1_DHA_17_2_226.jpg,89,DHA,,Female,17,,226,2.0
female/89/1_DHA_17_2_226.jpg,89,DHA,,Female,17,,226,2.0
female/89/1_DHA_17_2_226.jpg,89,DHA,,Female,17,,226,2.0
female/89/1_DHA_17_2_226.jpg,89,DHA,,Female,17,,226,2.0
female/89/1_DHA_17_2_226.jpg,89,DHA,,Female,17,,226,2.0
female/89/1_DHA_17_2_226.jpg,89,DHA,,Female,17,,226,2.0
female/89/1_DHA_17_2_226.jpg,89,DHA,,Female,17,,226,2.0
female/89/1_DHA_17_2_226.jpg,89,DHA,,Female,17,,226,2.0
female/89/1_DHA_17_2_226.jpg,89,DHA,,Female,17,,226,2.0
female/89/1_DHA_17_2_226.jpg,89,DHA,,Female,17,,226,2.0
female/89/1_DHA_17_2_226.jpg,89,DHA,,Female,17,,226,2.0
female/89/1_DHA_17_2_226.jpg,89,DHA,,Female,17,,226,2.0
female/89/1_DHA_17_2_226.jpg,89,DHA,,Female,17,,226,2.0
female/89/1_DHA_17_2_226.jpg,89,DHA,,Female,17,,226,2.0
female/89/1_DHA_17_2_226.jpg,89,DHA,,Female,17,,226,2.0
female/89/1_DHA_17_2_226.jpg,89,DHA,,Female,17,,226,2.0
female/89/1_DHA_17_2_226.jpg,89,DHA,,Female,17,,226,2.0
female/89/1_DHA_17_2_226.jpg,89,DHA,,Female,17,,226,2.0
female/89/1_DHA_17_2_226.jpg,89,DHA,,Female,17,,226,2.0
female/89/1_DHA_17_2_226.jpg,89,DHA,,Female,17,,226,2.0
female/89/1_DHA_17_2_226.jpg,89,DHA,,Female,17,,226,2.0
female/89/1_DHA_17_2_226.jpg,89,DHA,,Female,17,,226,2.0
female/89/1_DHA_17_2_226.jpg,89,DHA,,Female,17,,226,2.0
female/89/1_DHA_17_2_226.jpg,89,DHA,,Female,17,,226,2.0
female/89/1_DHA_17_2_226.jpg,89,DHA,,Female,17,,226,2.0
female/89/1_DHA_17_2_226.jpg,89,DHA,,Female,17,,226,2.0
female/89/1_DHA_17_2_226.jpg,89,DHA,,Female,17,,226,2.0
female/89/1_DHA_17_2_226.jpg,89,DHA,,Female,17,,226,2.0
female/89/1_DHA_17_2_226.jpg,89,DHA,,Female,17,,226,2.0
female/89/1_DHA_17_2_226.jpg,89,DHA,,Female,17,,226,2.0
female/89/1_DHA_17_2_226.jpg,89,DHA,,Female,17,,226,2.0
female/89/1_DHA_17_2_226.jpg,89,DHA,,Female,17,,226,2.0
female/89/1_DHA_17_2_226.jpg,89,DHA,,Female,17,,226,2.0
female/89/1_DHA_17_2_226.jpg,89,DHA,,Female,17,,226,2.0
female/89/1_DHA_17_2_226.jpg,89,DHA,,Female,17,,226,2.0
female/89/1_DHA_17_2_226.jpg,89,DHA,,Female,17,,226,2.0
female/89/1_DHA_17_2_226.jpg,89,DHA,,Female,17,,226,2.0
female/89/1_DHA_17_2_226.jpg,89,DHA,,Female,17,,226,2.0
female/89/1_DHA_17_2_226.jpg,89,DHA,,Female,17,,226,2.0
female/89/1_DHA_17_2_226.jpg,89,DHA,,Female,17,,226,2.0
female/89/1_DHA_17_2_226.jpg,89,DHA,,Female,17,,226,2.0
female/89/1_DHA_17_2_226.jpg,89,DHA,,Female,17,,226,2.0
female/89/1_DHA_17_2_226.jpg,89,DHA,,Female,17,,226,2.0
female/89/1_DHA_17_2_226.jpg,89,DHA,,Female,17,,226,2.0
female/89/1_DHA_17_2_226.jpg,89,DHA,,Female,17,,226,2.0
female/89/1_DHA_17_2_226.jpg,89,DHA,,Female,17,,226,2.0
female/89/1_DHA_17_2_226.jpg,89,DHA,,Female,17,,226,2.0
female/89/1_DHA_17_2_226.jpg,89,DHA,,Female,17,,226,2.0
female/89/1_DHA_17_2_226.jpg,89,DHA,,Female,17,,226,2.0
female/89/1_DHA_17_2_226.jpg,89,DHA,,Female,17,,226,2.0
female/89/1_DHA_17_2_226.jpg,89,DHA,,Female,17,,226,2.0
female/89/1_DHA_17_2_226.jpg,89,DHA,,Female,17,,226,2.0
female/89/1_DHA_17_2_226.jpg,89,DHA,,Female,17,,226,2.0
female/89/1_DHA_17_2_226.jpg,89,DHA,,Female,17,,226,2.0
female/89/1_DHA_17_2_226.jpg,89,DHA,,Female,17,,226,2.0
female/89/1_DHA_17_2_226.jpg,89,DHA,,Female,17,,226,2.0
female/89/1_DHA_17_2_226.jpg,89,DHA,,Female,17,,226,2.0
female/89/1_DHA_17_2_226.jpg,89,DHA,,Female,17,,226,2.0
female/89/1_DHA_17_2_226.jpg,89,DHA,,Female,17,,226,2.0
female/89/1_DHA_17_2_226.jpg,89,DHA,,Female,17,,226,2.0
female/89/1_DHA_17_2_226.jpg,89,DHA,,Female,17,,226,2.0
female/89/1_DHA_17_2_226.jpg,89,DHA,,Female,17,,226,2.0
female/89/1_DHA_17_2_226.jpg,89,DHA,,Female,17,,226,2.0
female/89/1_DHA_17_2_226.jpg,89,DHA,,Female,17,,226,2.0
female/89/1_DHA_17_2_226.jpg,89,DHA,,Female,17,,226,2.0
female/89/1_DHA_17_2_226.jpg,89,DHA,,Female,17,,226,2.0
female/89/1_DHA_17_2_226.jpg,89,DHA,,Female,17,,226,2.0
female/89/1_DHA_17_2_226.jpg,89,DHA,,Female,17,,226,2.0
female/89/1_DHA_17_2_226.jpg,89,DHA,,Female,17,,226,2.0
female/89/1_DHA_17_2_226.jpg,89,DHA,,Female,17,,226,2.0
female/89/1_DHA_17_2_226.jpg,89,DHA,,Female,17,,226,2.0
female/89/1_DHA_17_2_226.jpg,89,DHA,,Female,17,,226,2.0
female/89/1_DHA_17_2_226.jpg,89,DHA,,Female,17,,226,2.0
female/89/1_DHA_17_2_226.jpg,89,DHA,,Female,17,,226,2.0
female/89/1_DHA_17_2_226.jpg,89,DHA,,Female,17,,226,2.0
female/89/1_DHA_17_2_226.jpg,89,DHA,,Female,17,,226,2.0
female/89/1_DHA_17_2_226.jpg,89,DHA,,Female,17,,226,2.0
female/89/1_DHA_17_2_226.jpg,89,DHA,,Female,17,,226,2.0
female/89/1_DHA_17_2_226.jpg,89,DHA,,Female,17,,226,2.0
female/89/1_DHA_17_2_226.jpg,89,DHA,,Female,17,,226,2.0
female/89/1_DHA_17_2_226.jpg,89,DHA,,Female,17,,226,2.0
female/89/1_DHA_17_2_226.jpg,89,DHA,,Female,17,,226,2.0
female/89/1_DHA_17_2_226.jpg,89,DHA,,Female,17,,226,2.0
female/89/1_DHA_17_2_226.jpg,89,DHA,,Female,17,,226,2.0
female/89/1_DHA_17_2_226.jpg,89,DHA,,Female,17,,226,2.0
female/89/1_DHA_17_2_226.jpg,89,DHA,,Female,17,,226,2.0
female/89/1_DHA_17_2_226.jpg,89,DHA,,Female,17,,226,2.0
female/89/1_DHA_17_2_226.jpg,89,DHA,,Female,17,,226,2.0
female/89/1_DHA_17_2_226.jpg,89,DHA,,Female,17,,226,2.0
female/89/1_DHA_17_2_226.jpg,89,DHA,,Female,17,,226,2.0
female/89/1_DHA_17_2_226.jpg,89,DHA,,Female,17,,226,2.0
female/89/1_DHA_17_2_226.jpg,89,DHA,,Female,17,,226,2.0
female/89/1_DHA_17_2_226.jpg,89,DHA,,Female,17,,226,2.0
female/89/1_DHA_17_2_226.jpg,89,DHA,,Female,17,,226,2.0
female/89/1_DHA_17_2_226.jpg,89,DHA,,Female,17,,226,2.0
female/89/1_DHA_17_2_226.jpg,89,DHA,,Female,17,,226,2.0
female/89/1_DHA_17_2_226.jpg,89,DHA,,Female,17,,226,2.0
female/89/1_DHA_17_2_226.jpg,89,DHA,,Female,17,,226,2.0
female/89/1_DHA_17_2_226.jpg,89,DHA,,Female,17,,226,2.0
female/89/1_DHA_17_2_226.jpg,89,DHA,,Female,17,,226,2.0
female/89/1_DHA_17_2_226.jpg,89,DHA,,Female,17,,226,2.0
female/89/1_DHA_17_2_226.jpg,89,DHA,,Female,17,,226,2.0
female/89/1_DHA_17_2_226.jpg,89,DHA,,Female,17,,226,2.0
female/89/1_DHA_17_2_226.jpg,89,DHA,,Female,17,,226,2.0
female/89/1_DHA_17_2_226.jpg,89,DHA,,Female,17,,226,2.0
female/89/1_DHA_17_2_226.jpg,89,DHA,,Female,17,,226,2.0
female/89/1_DHA_17_2_226.jpg,89,DHA,,Female,17,,226,2.0
female/89/1_DHA_17_2_226.jpg,89,DHA,,Female,17,,226,2.0
female/89/1_DHA_17_2_226.jpg,89,DHA,,Female,17,,226,2.0
female/89/1_DHA_17_2_226.jpg,89,DHA,,Female,17,,226,2.0
female/89/1_DHA_17_2_226.jpg,89,DHA,,Female,17,,226,2.0
female/89/1_DHA_17_2_226.jpg,89,DHA,,Female,17,,226,2.0
female/89/1_DHA_17_2_226.jpg,89,DHA,,Female,17,,226,2.0
female/89/1_DHA_17_2_226.jpg,89,DHA,,Female,17,,226,2.0
female/89/1_DHA_17_2_226.jpg,89,DHA,,Female,17,,226,2.0
female/89/1_DHA_17_2_226.jpg,89,DHA,,Female,17,,226,2.0
female/89/1_DHA_17_2_226.jpg,89,DHA,,Female,17,,226,2.0
female/89/1_DHA_17_2_226.jpg,89,DHA,,Female,17,,226,2.0
female/89/1_DHA_17_2_226.jpg,89,DHA,,Female,17,,226,2.0
female/89/1_DHA_17_2_226.jpg,89,DHA,,Female,17,,226,2.0
female/89/1_DHA_17_2_226.jpg,89,DHA,,Female,17,,226,2.0
female/89/1_DHA_17_2_226.jpg,89,DHA,,Female,17,,226,2.0
female/89/1_DHA_17_2_226.jpg,89,DHA,,Female,17,,226,2.0
female/89/1_DHA_17_2_226.jpg,89,DHA,,Female,17,,226,2.0
female/89/1_DHA_17_2_226.jpg,89,DHA,,Female,17,,226,2.0
female/89/1_DHA_17_2_226.jpg,89,DHA,,Female,17,,226,2.0
female/89/1_DHA_17_2_226.jpg,89,DHA,,Female,17,,226,2.0
female/89/1_DHA_17_2_226.jpg,89,DHA,,Female,17,,226,2.0
female/89/1_DHA_17_2_226.jpg,89,DHA,,Female,17,,226,2.0
female/89/1_DHA_17_2_226.jpg,89,DHA,,Female,17,,226,2.0
female/89/1_DHA_17_2_226.jpg,89,DHA,,Female,17,,226,2.0
female/89/1_DHA_17_2_226.jpg,89,DHA,,Female,17,,226,2.0
female/89/1_DHA_17_2_226.jpg,89,DHA,,Female,17,,226,2.0
female/89/1_DHA_17_2_226.jpg,89,DHA,,Female,17,,226,2.0
female/89/1_DHA_17_2_226.jpg,89,DHA,,Female,17,,226,2.0
female/89/1_DHA_17_2_226.jpg,89,DHA,,Female,17,,226,2.0
female/89/1_DHA_17_2_226.jpg,89,DHA,,Female,17,,226,2.0
female/89/1_DHA_17_2_226.jpg,89,DHA,,Female,17,,226,2.0
female/89/1_DHA_17_2_226.jpg,89,DHA,,Female,17,,226,2.0
female/89/1_DHA_17_2_226.jpg,89,DHA,,Female,17,,226,2.0
female/89/1_DHA_17_2_226.jpg,89,DHA,,Female,17,,226,2.0
female/89/1_DHA_17_2_226.jpg,89,DHA,,Female,17,,226,2.0
female/89/1_DHA_17_2_226.jpg,89,DHA,,Female,17,,226,2.0
female/89/1_DHA_17_2_226.jpg,89,DHA,,Female,17,,226,2.0
female/89/1_DHA_17_2_226.jpg,89,DHA,,Female,17,,226,2.0
female/89/1_DHA_17_2_226.jpg,89,DHA,,Female,17,,226,2.0
female/89/1_DHA_17_2_226.jpg,89,DHA,,Female,17,,226,2.0
female/89/1_DHA_17_2_226.jpg,89,DHA,,Female,17,,226,2.0
female/89/1_DHA_17_2_226.jpg,89,DHA,,Female,17,,226,2.0
female/89/1_DHA_17_2_226.jpg,89,DHA,,Female,17,,226,2.0
female/89/1_DHA_17_2_226.jpg,89,DHA,,Female,17,,226,2.0
female/89/1_DHA_17_2_226.jpg,89,DHA,,Female,17,,226,2.0
female/89/1_DHA_17_2_226.jpg,89,DHA,,Female,17,,226,2.0
female/89/1_DHA_17_2_226.jpg,89,DHA,,Female,17,,226,2.0
female/89/1_DHA_17_2_226.jpg,89,DHA,,Female,17,,226,2.0
female/89/1_DHA_17_2_226.jpg,89,DHA,,Female,17,,226,2.0
female/89/1_DHA_17_2_226.jpg,89,DHA,,Female,17,,226,2.0
female/89/1_DHA_17_2_226.jpg,89,DHA,,Female,17,,226,2.0
female/89/1_DHA_17_2_226.jpg,89,DHA,,Female,17,,226,2.0
female/89/1_DHA_17_2_226.jpg,89,DHA,,Female,17,,226,2.0
female/89/1_DHA_17_2_226.jpg,89,DHA,,Female,17,,226,2.0
female/89/1_DHA_17_2_226.jpg,89,DHA,,Female,17,,226,2.0
female/89/1_DHA_17_2_226.jpg,89,DHA,,Female,17,,226,2.0
female/89/1_DHA_17_2_226.jpg,89,DHA,,Female,17,,226,2.0
female/89/1_DHA_17_2_226.jpg,89,DHA,,Female,17,,226,2.0
female/89/1_DHA_17_2_226.jpg,89,DHA,,Female,17,,226,2.0
female/89/1_DHA_17_2_226.jpg,89,DHA,,Female,17,,226,2.0
female/89/1_DHA_17_2_226.jpg,89,DHA,,Female,17,,226,2.0
female/89/1_DHA_17_2_226.jpg,89,DHA,,Female,17,,226,2.0
female/89/1_DHA_17_2_226.jpg,89,DHA,,Female,17,,226,2.0
female/89/1_DHA_17_2_226.jpg,89,DHA,,Female,17,,226,2.0
female/89/1_DHA_17_2_226.jpg,89,DHA,,Female,17,,226,2.0
female/89/1_DHA_17_2_226.jpg,89,DHA,,Female,17,,226,2.0
female/89/1_DHA_17_2_226.jpg,89,DHA,,Female,17,,226,2.0
female/89/1_DHA_17_2_226.jpg,89,DHA,,Female,17,,226,2.0
female/89/1_DHA_17_2_226.jpg,89,DHA,,Female,17,,226,2.0
female/89/1_DHA_17_2_226.jpg,89,DHA,,Female,17,,226,2.0
female/89/1_DHA_17_2_226.jpg,89,DHA,,Female,17,,226,2.0
female/89/1_DHA_17_2_226.jpg,89,DHA,,Female,17,,226,2.0
female/89/1_DHA_17_2_226.jpg,89,DHA,,Female,17,,226,2.0
female/89/1_DHA_17_2_226.jpg,89,DHA,,Female,17,,226,2.0
female/89/1_DHA_17_2_226.jpg,89,DHA,,Female,17,,226,2.0
female/89/1_DHA_17_2_226.jpg,89,DHA,,Female,17,,226,2.0
female/89/1_DHA_17_2_226.jpg,89,DHA,,Female,17,,226,2.0
female/89/1_DHA_17_2_226.jpg,89,DHA,,Female,17,,226,2.0
female/89/1_DHA_17_2_226.jpg,89,DHA,,Female,17,,226,2.0
female/89/1_DHA_17_2_226.jpg,89,DHA,,Female,17,,226,2.0
female/89/1_DHA_17_2_226.jpg,89,DHA,,Female,17,,226,2.0
female/89/1_DHA_17_2_226.jpg,89,DHA,,Female,17,,226,2.0
female/89/1_DHA_17_2_226.jpg,89,DHA,,Female,17,,226,2.0
female/89/1_DHA_17_2_226.jpg,89,DHA,,Female,17,,226,2.0
female/89/1_DHA_17_2_226.jpg,89,DHA,,Female,17,,226,2.0
female/89/1_DHA_17_2_226.jpg,89,DHA,,Female,17,,226,2.0
female/89/1_DHA_17_2_226.jpg,89,DHA,,Female,17,,226,2.0
female/89/1_DHA_17_2_226.jpg,89,DHA,,Female,17,,226,2.0
female/89/1_DHA_17_2_226.jpg,89,DHA,,Female,17,,226,2.0
female/89/1_DHA_17_2_226.jpg,89,DHA,,Female,17,,226,2.0
female/89/1_DHA_17_2_226.jpg,89,DHA,,Female,17,,226,2.0
female/89/1_DHA_17_2_226.jpg,89,DHA,,Female,17,,226,2.0
female/89/1_DHA_17_2_226.jpg,89,DHA,,Female,17,,226,2.0
female/89/1_DHA_17_2_226.jpg,89,DHA,,Female,17,,226,2.0
female/89/1_DHA_17_2_226.jpg,89,DHA,,Female,17,,226,2.0
female/89/1_DHA_17_2_226.jpg,89,DHA,,Female,17,,226,2.0
female/89/1_DHA_17_2_226.jpg,89,DHA,,Female,17,,226,2.0
female/89/1_DHA_17_2_226.jpg,89,DHA,,Female,17,,226,2.0
female/89/1_DHA_17_2_226.jpg,89,DHA,,Female,17,,226,2.0
female/89/1_DHA_17_2_226.jpg,89,DHA,,Female,17,,226,2.0
female/89/1_DHA_17_2_226.jpg,89,DHA,,Female,17,,226,2.0
female/89/1_DHA_17_2_226.jpg,89,DHA,,Female,17,,226,2.0
female/89/1_DHA_17_2_226.jpg,89,DHA,,Female,17,,226,2.0
female/89/1_DHA_17_2_226.jpg,89,DHA,,Female,17,,226,2.0
female/89/1_DHA_17_2_226.jpg,89,DHA,,Female,17,,226,2.0
female/89/1_DHA_17_2_226.jpg,89,DHA,,Female,17,,226,2.0
female/89/1_DHA_17_2_226.jpg,89,DHA,,Female,17,,226,2.0
female/89/1_DHA_17_2_226.jpg,89,DHA,,Female,17,,226,2.0
female/89/1_DHA_17_2_226.jpg,89,DHA,,Female,17,,226,2.0
female/89/1_DHA_17_2_226.jpg,89,DHA,,Female,17,,226,2.0
female/89/1_DHA_17_2_226.jpg,89,DHA,,Female,17,,226,2.0
female/89/1_DHA_17_2_226.jpg,89,DHA,,Female,17,,226,2.0
female/89/1_DHA_17_2_226.jpg,89,DHA,,Female,17,,226,2.0
female/89/1_DHA_17_2_226.jpg,89,DHA,,Female,17,,226,2.0
female/89/1_DHA_17_2_226.jpg,89,DHA,,Female,17,,226,2.0
female/89/1_DHA_17_2_226.jpg,89,DHA,,Female,17,,226,2.0
female/89/1_DHA_17_2_226.jpg,89,DHA,,Female,17,,226,2.0
female/89/1_DHA_17_2_226.jpg,89,DHA,,Female,17,,226,2.0
female/89/1_DHA_17_2_226.jpg,89,DHA,,Female,17,,226,2.0
female/89/1_DHA_17_2_226.jpg,89,DHA,,Female,17,,226,2.0
female/89/1_DHA_17_2_226.jpg,89,DHA,,Female,17,,226,2.0
female/89/1_DHA_17_2_226.jpg,89,DHA,,Female,17,,226,2.0
female/89/1_DHA_17_2_226.jpg,89,DHA,,Female,17,,226,2.0
female/89/1_DHA_17_2_226.jpg,89,DHA,,Female,17,,226,2.0
female/93/1_BAR_14_1_597.jpg,93,BAR,,Female,14,,597,1.0
female/93/1_BAR_14_1_597.jpg,93,BAR,,Female,14,,597,1.0
female/93/1_BAR_14_1_597.jpg,93,BAR,,Female,14,,597,1.0
female/93/1_BAR_14_1_597.jpg,93,BAR,,Female,14,,597,1.0
female/93/1_BAR_14_1_597.jpg,93,BAR,,Female,14,,597,1.0
female/93/1_BAR_14_1_597.jpg,93,BAR,,Female,14,,597,1.0
female/93/1_BAR_14_1_597.jpg,93,BAR,,Female,14,,597,1.0
female/93/1_BAR_14_1_597.jpg,93,BAR,,Female,14,,597,1.0
female/93/1_BAR_14_1_597.jpg,93,BAR,,Female,14,,597,1.0
female/93/1_BAR_14_1_597.jpg,93,BAR,,Female,14,,597,1.0
female/93/1_BAR_14_1_597.jpg,93,BAR,,Female,14,,597,1.0
female/93/1_BAR_14_1_597.jpg,93,BAR,,Female,14,,597,1.0
female/93/1_BAR_14_1_597.jpg,93,BAR,,Female,14,,597,1.0
female/93/1_BAR_14_1_597.jpg,93,BAR,,Female,14,,597,1.0
female/93/1_BAR_14_1_597.jpg,93,BAR,,Female,14,,597,1.0
female/93/1_BAR_14_1_597.jpg,93,BAR,,Female,14,,597,1.0
female/93/1_BAR_14_1_597.jpg,93,BAR,,Female,14,,597,1.0
female/93/1_BAR_14_1_597.jpg,93,BAR,,Female,14,,597,1.0
female/93/1_BAR_14_1_597.jpg,93,BAR,,Female,14,,597,1.0
female/93/1_BAR_14_1_597.jpg,93,BAR,,Female,14,,597,1.0
female/93/1_BAR_14_1_597.jpg,93,BAR,,Female,14,,597,1.0
female/93/1_BAR_14_1_597.jpg,93,BAR,,Female,14,,597,1.0
female/93/1_BAR_14_1_597.jpg,93,BAR,,Female,14,,597,1.0
female/93/1_BAR_14_1_597.jpg,93,BAR,,Female,14,,597,1.0
female/93/1_BAR_14_1_597.jpg,93,BAR,,Female,14,,597,1.0
female/93/1_BAR_14_1_597.jpg,93,BAR,,Female,14,,597,1.0
female/93/1_BAR_14_1_597.jpg,93,BAR,,Female,14,,597,1.0
female/93/1_BAR_14_1_597.jpg,93,BAR,,Female,14,,597,1.0
female/93/1_BAR_14_1_597.jpg,93,BAR,,Female,14,,597,1.0
female/93/1_BAR_14_1_597.jpg,93,BAR,,Female,14,,597,1.0
female/93/1_BAR_14_1_597.jpg,93,BAR,,Female,14,,597,1.0
female/93/1_BAR_14_1_597.jpg,93,BAR,,Female,14,,597,1.0
female/93/1_BAR_14_1_597.jpg,93,BAR,,Female,14,,597,1.0
female/93/1_BAR_14_1_597.jpg,93,BAR,,Female,14,,597,1.0
female/93/1_BAR_14_1_597.jpg,93,BAR,,Female,14,,597,1.0
female/93/1_BAR_14_1_597.jpg,93,BAR,,Female,14,,597,1.0
female/93/1_BAR_14_1_597.jpg,93,BAR,,Female,14,,597,1.0
female/93/1_BAR_14_1_597.jpg,93,BAR,,Female,14,,597,1.0
female/93/1_BAR_14_1_597.jpg,93,BAR,,Female,14,,597,1.0
female/93/1_BAR_14_1_597.jpg,93,BAR,,Female,14,,597,1.0
female/93/1_BAR_14_1_597.jpg,93,BAR,,Female,14,,597,1.0
female/93/1_BAR_14_1_597.jpg,93,BAR,,Female,14,,597,1.0
female/93/1_BAR_14_1_597.jpg,93,BAR,,Female,14,,597,1.0
female/93/1_BAR_14_1_597.jpg,93,BAR,,Female,14,,597,1.0
female/93/1_BAR_14_1_597.jpg,93,BAR,,Female,14,,597,1.0
female/93/1_BAR_14_1_597.jpg,93,BAR,,Female,14,,597,1.0
female/93/1_BAR_14_1_597.jpg,93,BAR,,Female,14,,597,1.0
female/93/1_BAR_14_1_597.jpg,93,BAR,,Female,14,,597,1.0
female/93/1_BAR_14_1_597.jpg,93,BAR,,Female,14,,597,1.0
female/93/1_BAR_14_1_597.jpg,93,BAR,,Female,14,,597,1.0
female/93/1_BAR_14_1_597.jpg,93,BAR,,Female,14,,597,1.0
female/93/1_BAR_14_1_597.jpg,93,BAR,,Female,14,,597,1.0
female/93/1_BAR_14_1_597.jpg,93,BAR,,Female,14,,597,1.0
female/93/1_BAR_14_1_597.jpg,93,BAR,,Female,14,,597,1.0
female/93/1_BAR_14_1_597.jpg,93,BAR,,Female,14,,597,1.0
female/93/1_BAR_14_1_597.jpg,93,BAR,,Female,14,,597,1.0
female/93/1_BAR_14_1_597.jpg,93,BAR,,Female,14,,597,1.0
female/93/1_BAR_14_1_597.jpg,93,BAR,,Female,14,,597,1.0
female/93/1_BAR_14_1_597.jpg,93,BAR,,Female,14,,597,1.0
female/93/1_BAR_14_1_597.jpg,93,BAR,,Female,14,,597,1.0
female/93/1_BAR_14_1_597.jpg,93,BAR,,Female,14,,597,1.0
female/93/1_BAR_14_1_597.jpg,93,BAR,,Female,14,,597,1.0
female/93/1_BAR_14_1_597.jpg,93,BAR,,Female,14,,597,1.0
female/93/1_BAR_14_1_597.jpg,93,BAR,,Female,14,,597,1.0
female/93/1_BAR_14_1_597.jpg,93,BAR,,Female,14,,597,1.0
female/93/1_BAR_14_1_597.jpg,93,BAR,,Female,14,,597,1.0
female/93/1_BAR_14_1_597.jpg,93,BAR,,Female,14,,597,1.0
female/93/1_BAR_14_1_597.jpg,93,BAR,,Female,14,,597,1.0
female/93/1_BAR_14_1_597.jpg,93,BAR,,Female,14,,597,1.0
female/93/1_BAR_14_1_597.jpg,93,BAR,,Female,14,,597,1.0
female/93/1_BAR_14_1_597.jpg,93,BAR,,Female,14,,597,1.0
female/93/1_BAR_14_1_597.jpg,93,BAR,,Female,14,,597,1.0
female/93/1_BAR_14_1_597.jpg,93,BAR,,Female,14,,597,1.0
female/93/1_BAR_14_1_597.jpg,93,BAR,,Female,14,,597,1.0
female/93/1_BAR_14_1_597.jpg,93,BAR,,Female,14,,597,1.0
female/93/1_BAR_14_1_597.jpg,93,BAR,,Female,14,,597,1.0
female/93/1_BAR_14_1_597.jpg,93,BAR,,Female,14,,597,1.0
female/93/1_BAR_14_1_597.jpg,93,BAR,,Female,14,,597,1.0
female/93/1_BAR_14_1_597.jpg,93,BAR,,Female,14,,597,1.0
female/93/1_BAR_14_1_597.jpg,93,BAR,,Female,14,,597,1.0
female/93/1_BAR_14_1_597.jpg,93,BAR,,Female,14,,597,1.0
female/93/1_BAR_14_1_597.jpg,93,BAR,,Female,14,,597,1.0
female/93/1_BAR_14_1_597.jpg,93,BAR,,Female,14,,597,1.0
female/93/1_BAR_14_1_597.jpg,93,BAR,,Female,14,,597,1.0
female/93/1_BAR_14_1_597.jpg,93,BAR,,Female,14,,597,1.0
female/93/1_BAR_14_1_597.jpg,93,BAR,,Female,14,,597,1.0
female/93/1_BAR_14_1_597.jpg,93,BAR,,Female,14,,597,1.0
female/93/1_BAR_14_1_597.jpg,93,BAR,,Female,14,,597,1.0
female/93/1_BAR_14_1_597.jpg,93,BAR,,Female,14,,597,1.0
female/93/1_BAR_14_1_597.jpg,93,BAR,,Female,14,,597,1.0
female/93/1_BAR_14_1_597.jpg,93,BAR,,Female,14,,597,1.0
female/93/1_BAR_14_1_597.jpg,93,BAR,,Female,14,,597,1.0
female/93/1_BAR_14_1_597.jpg,93,BAR,,Female,14,,597,1.0
female/93/1_BAR_14_1_597.jpg,93,BAR,,Female,14,,597,1.0
female/93/1_BAR_14_1_597.jpg,93,BAR,,Female,14,,597,1.0
female/93/1_BAR_14_1_597.jpg,93,BAR,,Female,14,,597,1.0
female/93/1_BAR_14_1_597.jpg,93,BAR,,Female,14,,597,1.0
female/93/1_BAR_14_1_597.jpg,93,BAR,,Female,14,,597,1.0
female/93/1_BAR_14_1_597.jpg,93,BAR,,Female,14,,597,1.0
female/93/1_BAR_14_1_597.jpg,93,BAR,,Female,14,,597,1.0
female/93/1_BAR_14_1_597.jpg,93,BAR,,Female,14,,597,1.0
female/93/1_BAR_14_1_597.jpg,93,BAR,,Female,14,,597,1.0
female/93/1_BAR_14_1_597.jpg,93,BAR,,Female,14,,597,1.0
female/93/1_BAR_14_1_597.jpg,93,BAR,,Female,14,,597,1.0
female/93/1_BAR_14_1_597.jpg,93,BAR,,Female,14,,597,1.0
female/93/1_BAR_14_1_597.jpg,93,BAR,,Female,14,,597,1.0
female/93/1_BAR_14_1_597.jpg,93,BAR,,Female,14,,597,1.0
female/93/1_BAR_14_1_597.jpg,93,BAR,,Female,14,,597,1.0
female/93/1_BAR_14_1_597.jpg,93,BAR,,Female,14,,597,1.0
female/93/1_BAR_14_1_597.jpg,93,BAR,,Female,14,,597,1.0
female/93/1_BAR_14_1_597.jpg,93,BAR,,Female,14,,597,1.0
female/93/1_BAR_14_1_597.jpg,93,BAR,,Female,14,,597,1.0
female/93/1_BAR_14_1_597.jpg,93,BAR,,Female,14,,597,1.0
female/93/1_BAR_14_1_597.jpg,93,BAR,,Female,14,,597,1.0
female/93/1_BAR_14_1_597.jpg,93,BAR,,Female,14,,597,1.0
female/93/1_BAR_14_1_597.jpg,93,BAR,,Female,14,,597,1.0
female/93/1_BAR_14_1_597.jpg,93,BAR,,Female,14,,597,1.0
female/93/1_BAR_14_1_597.jpg,93,BAR,,Female,14,,597,1.0
female/93/1_BAR_14_1_597.jpg,93,BAR,,Female,14,,597,1.0
female/93/1_BAR_14_1_597.jpg,93,BAR,,Female,14,,597,1.0
female/93/1_BAR_14_1_597.jpg,93,BAR,,Female,14,,597,1.0
female/93/1_BAR_14_1_597.jpg,93,BAR,,Female,14,,597,1.0
female/93/1_BAR_14_1_597.jpg,93,BAR,,Female,14,,597,1.0
female/93/1_BAR_14_1_597.jpg,93,BAR,,Female,14,,597,1.0
female/93/1_BAR_14_1_597.jpg,93,BAR,,Female,14,,597,1.0
female/93/1_BAR_14_1_597.jpg,93,BAR,,Female,14,,597,1.0
female/93/1_BAR_14_1_597.jpg,93,BAR,,Female,14,,597,1.0
female/93/1_BAR_14_1_597.jpg,93,BAR,,Female,14,,597,1.0
female/93/1_BAR_14_1_597.jpg,93,BAR,,Female,14,,597,1.0
female/93/1_BAR_14_1_597.jpg,93,BAR,,Female,14,,597,1.0
female/93/1_BAR_14_1_597.jpg,93,BAR,,Female,14,,597,1.0
female/93/1_BAR_14_1_597.jpg,93,BAR,,Female,14,,597,1.0
female/93/1_BAR_14_1_597.jpg,93,BAR,,Female,14,,597,1.0
female/93/1_BAR_14_1_597.jpg,93,BAR,,Female,14,,597,1.0
female/93/1_BAR_14_1_597.jpg,93,BAR,,Female,14,,597,1.0
female/93/1_BAR_14_1_597.jpg,93,BAR,,Female,14,,597,1.0
female/93/1_BAR_14_1_597.jpg,93,BAR,,Female,14,,597,1.0
female/93/1_BAR_14_1_597.jpg,93,BAR,,Female,14,,597,1.0
female/93/1_BAR_14_1_597.jpg,93,BAR,,Female,14,,597,1.0
female/93/1_BAR_14_1_597.jpg,93,BAR,,Female,14,,597,1.0
female/93/1_BAR_14_1_597.jpg,93,BAR,,Female,14,,597,1.0
female/93/1_BAR_14_1_597.jpg,93,BAR,,Female,14,,597,1.0
female/93/1_BAR_14_1_597.jpg,93,BAR,,Female,14,,597,1.0
female/93/1_BAR_14_1_597.jpg,93,BAR,,Female,14,,597,1.0
female/93/1_BAR_14_1_597.jpg,93,BAR,,Female,14,,597,1.0
female/93/1_BAR_14_1_597.jpg,93,BAR,,Female,14,,597,1.0
female/93/1_BAR_14_1_597.jpg,93,BAR,,Female,14,,597,1.0
female/93/1_BAR_14_1_597.jpg,93,BAR,,Female,14,,597,1.0
female/93/1_BAR_14_1_597.jpg,93,BAR,,Female,14,,597,1.0
female/93/1_BAR_14_1_597.jpg,93,BAR,,Female,14,,597,1.0
female/93/1_BAR_14_1_597.jpg,93,BAR,,Female,14,,597,1.0
female/93/1_BAR_14_1_597.jpg,93,BAR,,Female,14,,597,1.0
female/93/1_BAR_14_1_597.jpg,93,BAR,,Female,14,,597,1.0
female/93/1_BAR_14_1_597.jpg,93,BAR,,Female,14,,597,1.0
female/93/1_BAR_14_1_597.jpg,93,BAR,,Female,14,,597,1.0
female/93/1_BAR_14_1_597.jpg,93,BAR,,Female,14,,597,1.0
female/93/1_BAR_14_1_597.jpg,93,BAR,,Female,14,,597,1.0
female/93/1_BAR_14_1_597.jpg,93,BAR,,Female,14,,597,1.0
female/93/1_BAR_14_1_597.jpg,93,BAR,,Female,14,,597,1.0
female/93/1_BAR_14_1_597.jpg,93,BAR,,Female,14,,597,1.0
female/93/1_BAR_14_1_597.jpg,93,BAR,,Female,14,,597,1.0
female/93/1_BAR_14_1_597.jpg,93,BAR,,Female,14,,597,1.0
female/93/1_BAR_14_1_597.jpg,93,BAR,,Female,14,,597,1.0
female/93/1_BAR_14_1_597.jpg,93,BAR,,Female,14,,597,1.0
female/93/1_BAR_14_1_597.jpg,93,BAR,,Female,14,,597,1.0
female/93/1_BAR_14_1_597.jpg,93,BAR,,Female,14,,597,1.0
female/93/1_BAR_14_1_597.jpg,93,BAR,,Female,14,,597,1.0
female/93/1_BAR_14_1_597.jpg,93,BAR,,Female,14,,597,1.0
female/93/1_BAR_14_1_597.jpg,93,BAR,,Female,14,,597,1.0
female/93/1_BAR_14_1_597.jpg,93,BAR,,Female,14,,597,1.0
female/93/1_BAR_14_1_597.jpg,93,BAR,,Female,14,,597,1.0
female/93/1_BAR_14_1_597.jpg,93,BAR,,Female,14,,597,1.0
female/93/1_BAR_14_1_597.jpg,93,BAR,,Female,14,,597,1.0
female/93/1_BAR_14_1_597.jpg,93,BAR,,Female,14,,597,1.0
female/93/1_BAR_14_1_597.jpg,93,BAR,,Female,14,,597,1.0
female/93/1_BAR_14_1_597.jpg,93,BAR,,Female,14,,597,1.0
female/93/1_BAR_14_1_597.jpg,93,BAR,,Female,14,,597,1.0
female/93/1_BAR_14_1_597.jpg,93,BAR,,Female,14,,597,1.0
female/93/1_BAR_14_1_597.jpg,93,BAR,,Female,14,,597,1.0
female/93/1_BAR_14_1_597.jpg,93,BAR,,Female,14,,597,1.0
female/93/1_BAR_14_1_597.jpg,93,BAR,,Female,14,,597,1.0
female/93/1_BAR_14_1_597.jpg,93,BAR,,Female,14,,597,1.0
female/93/1_BAR_14_1_597.jpg,93,BAR,,Female,14,,597,1.0
female/93/1_BAR_14_1_597.jpg,93,BAR,,Female,14,,597,1.0
female/93/1_BAR_14_1_597.jpg,93,BAR,,Female,14,,597,1.0
female/93/1_BAR_14_1_597.jpg,93,BAR,,Female,14,,597,1.0
female/93/1_BAR_14_1_597.jpg,93,BAR,,Female,14,,597,1.0
female/93/1_BAR_14_1_597.jpg,93,BAR,,Female,14,,597,1.0
female/93/1_BAR_14_1_597.jpg,93,BAR,,Female,14,,597,1.0
female/93/1_BAR_14_1_597.jpg,93,BAR,,Female,14,,597,1.0
female/93/1_BAR_14_1_597.jpg,93,BAR,,Female,14,,597,1.0
female/93/1_BAR_14_1_597.jpg,93,BAR,,Female,14,,597,1.0
female/93/1_BAR_14_1_597.jpg,93,BAR,,Female,14,,597,1.0
female/93/1_BAR_14_1_597.jpg,93,BAR,,Female,14,,597,1.0
female/93/1_BAR_14_1_597.jpg,93,BAR,,Female,14,,597,1.0
female/93/1_BAR_14_1_597.jpg,93,BAR,,Female,14,,597,1.0
female/93/1_BAR_14_1_597.jpg,93,BAR,,Female,14,,597,1.0
female/93/1_BAR_14_1_597.jpg,93,BAR,,Female,14,,597,1.0
female/93/1_BAR_14_1_597.jpg,93,BAR,,Female,14,,597,1.0
female/93/1_BAR_14_1_597.jpg,93,BAR,,Female,14,,597,1.0
female/93/1_BAR_14_1_597.jpg,93,BAR,,Female,14,,597,1.0
female/93/1_BAR_14_1_597.jpg,93,BAR,,Female,14,,597,1.0
female/93/1_BAR_14_1_597.jpg,93,BAR,,Female,14,,597,1.0
female/93/1_BAR_14_1_597.jpg,93,BAR,,Female,14,,597,1.0
female/93/1_BAR_14_1_597.jpg,93,BAR,,Female,14,,597,1.0
female/93/1_BAR_14_1_597.jpg,93,BAR,,Female,14,,597,1.0
female/93/1_BAR_14_1_597.jpg,93,BAR,,Female,14,,597,1.0
female/93/1_BAR_14_1_597.jpg,93,BAR,,Female,14,,597,1.0
female/93/1_BAR_14_1_597.jpg,93,BAR,,Female,14,,597,1.0
female/93/1_BAR_14_1_597.jpg,93,BAR,,Female,14,,597,1.0
female/93/1_BAR_14_1_597.jpg,93,BAR,,Female,14,,597,1.0
female/93/1_BAR_14_1_597.jpg,93,BAR,,Female,14,,597,1.0
female/93/1_BAR_14_1_597.jpg,93,BAR,,Female,14,,597,1.0
female/93/1_BAR_14_1_597.jpg,93,BAR,,Female,14,,597,1.0
female/93/1_BAR_14_1_597.jpg,93,BAR,,Female,14,,597,1.0
female/93/1_BAR_14_1_597.jpg,93,BAR,,Female,14,,597,1.0
female/93/1_BAR_14_1_597.jpg,93,BAR,,Female,14,,597,1.0
female/93/1_BAR_14_1_597.jpg,93,BAR,,Female,14,,597,1.0
female/93/1_BAR_14_1_597.jpg,93,BAR,,Female,14,,597,1.0
female/93/1_BAR_14_1_597.jpg,93,BAR,,Female,14,,597,1.0
female/93/1_BAR_14_1_597.jpg,93,BAR,,Female,14,,597,1.0
female/93/1_BAR_14_1_597.jpg,93,BAR,,Female,14,,597,1.0
female/93/1_BAR_14_1_597.jpg,93,BAR,,Female,14,,597,1.0
female/93/1_BAR_14_1_597.jpg,93,BAR,,Female,14,,597,1.0
female/93/1_BAR_14_1_597.jpg,93,BAR,,Female,14,,597,1.0
female/93/1_BAR_14_1_597.jpg,93,BAR,,Female,14,,597,1.0
female/93/1_BAR_14_1_597.jpg,93,BAR,,Female,14,,597,1.0
female/93/1_BAR_14_1_597.jpg,93,BAR,,Female,14,,597,1.0
female/93/1_BAR_14_1_597.jpg,93,BAR,,Female,14,,597,1.0
female/93/1_BAR_14_1_597.jpg,93,BAR,,Female,14,,597,1.0
female/93/1_BAR_14_1_597.jpg,93,BAR,,Female,14,,597,1.0
female/93/1_BAR_14_1_597.jpg,93,BAR,,Female,14,,597,1.0
female/93/1_BAR_14_1_597.jpg,93,BAR,,Female,14,,597,1.0
female/93/1_BAR_14_1_597.jpg,93,BAR,,Female,14,,597,1.0
female/93/1_BAR_14_1_597.jpg,93,BAR,,Female,14,,597,1.0
female/93/1_BAR_14_1_597.jpg,93,BAR,,Female,14,,597,1.0
female/93/1_BAR_14_1_597.jpg,93,BAR,,Female,14,,597,1.0
female/93/1_BAR_14_1_597.jpg,93,BAR,,Female,14,,597,1.0
female/93/1_BAR_14_1_597.jpg,93,BAR,,Female,14,,597,1.0
female/93/1_BAR_14_1_597.jpg,93,BAR,,Female,14,,597,1.0
female/93/1_BAR_14_1_597.jpg,93,BAR,,Female,14,,597,1.0
female/93/1_BAR_14_1_597.jpg,93,BAR,,Female,14,,597,1.0
female/93/1_BAR_14_1_597.jpg,93,BAR,,Female,14,,597,1.0
female/93/1_BAR_14_1_597.jpg,93,BAR,,Female,14,,597,1.0
female/93/1_BAR_14_1_597.jpg,93,BAR,,Female,14,,597,1.0
female/93/1_BAR_14_1_597.jpg,93,BAR,,Female,14,,597,1.0
female/93/1_BAR_14_1_597.jpg,93,BAR,,Female,14,,597,1.0
female/93/1_BAR_14_1_597.jpg,93,BAR,,Female,14,,597,1.0
female/93/1_BAR_14_1_597.jpg,93,BAR,,Female,14,,597,1.0
female/93/1_BAR_14_1_597.jpg,93,BAR,,Female,14,,597,1.0
female/93/1_BAR_14_1_597.jpg,93,BAR,,Female,14,,597,1.0
female/93/1_BAR_14_1_597.jpg,93,BAR,,Female,14,,597,1.0
female/93/1_BAR_14_1_597.jpg,93,BAR,,Female,14,,597,1.0
female/93/1_BAR_14_1_597.jpg,93,BAR,,Female,14,,597,1.0
female/93/1_BAR_14_1_597.jpg,93,BAR,,Female,14,,597,1.0
female/93/1_BAR_14_1_597.jpg,93,BAR,,Female,14,,597,1.0
female/93/1_BAR_14_1_597.jpg,93,BAR,,Female,14,,597,1.0
female/93/1_BAR_14_1_597.jpg,93,BAR,,Female,14,,597,1.0
female/93/1_BAR_14_1_597.jpg,93,BAR,,Female,14,,597,1.0
female/93/1_BAR_14_1_597.jpg,93,BAR,,Female,14,,597,1.0
female/93/1_BAR_14_1_597.jpg,93,BAR,,Female,14,,597,1.0
female/93/1_BAR_14_1_597.jpg,93,BAR,,Female,14,,597,1.0
female/93/1_BAR_14_1_597.jpg,93,BAR,,Female,14,,597,1.0
female/93/1_BAR_14_1_597.jpg,93,BAR,,Female,14,,597,1.0
female/93/1_BAR_14_1_597.jpg,93,BAR,,Female,14,,597,1.0
female/93/1_BAR_14_1_597.jpg,93,BAR,,Female,14,,597,1.0
female/93/1_BAR_14_1_597.jpg,93,BAR,,Female,14,,597,1.0
female/93/1_BAR_14_1_597.jpg,93,BAR,,Female,14,,597,1.0
female/93/1_BAR_14_1_597.jpg,93,BAR,,Female,14,,597,1.0
female/93/1_BAR_14_1_597.jpg,93,BAR,,Female,14,,597,1.0
female/93/1_BAR_14_1_597.jpg,93,BAR,,Female,14,,597,1.0
female/93/1_BAR_14_1_597.jpg,93,BAR,,Female,14,,597,1.0
female/93/1_BAR_14_1_597.jpg,93,BAR,,Female,14,,597,1.0
female/93/1_BAR_14_1_597.jpg,93,BAR,,Female,14,,597,1.0
female/93/1_BAR_14_1_597.jpg,93,BAR,,Female,14,,597,1.0
female/93/1_BAR_14_1_597.jpg,93,BAR,,Female,14,,597,1.0
female/93/1_BAR_14_1_597.jpg,93,BAR,,Female,14,,597,1.0
female/93/1_BAR_14_1_597.jpg,93,BAR,,Female,14,,597,1.0
female/93/1_BAR_14_1_597.jpg,93,BAR,,Female,14,,597,1.0
female/93/1_BAR_14_1_597.jpg,93,BAR,,Female,14,,597,1.0
female/93/1_BAR_14_1_597.jpg,93,BAR,,Female,14,,597,1.0
female/93/1_BAR_14_1_597.jpg,93,BAR,,Female,14,,597,1.0
female/93/1_BAR_14_1_597.jpg,93,BAR,,Female,14,,597,1.0
female/93/1_BAR_14_1_597.jpg,93,BAR,,Female,14,,597,1.0
female/93/1_BAR_14_1_597.jpg,93,BAR,,Female,14,,597,1.0
female/93/1_BAR_14_1_597.jpg,93,BAR,,Female,14,,597,1.0
female/93/1_BAR_14_1_597.jpg,93,BAR,,Female,14,,597,1.0
female/93/1_BAR_14_1_597.jpg,93,BAR,,Female,14,,597,1.0
female/93/1_BAR_14_1_597.jpg,93,BAR,,Female,14,,597,1.0
female/93/1_BAR_14_1_597.jpg,93,BAR,,Female,14,,597,1.0
female/93/1_BAR_14_1_597.jpg,93,BAR,,Female,14,,597,1.0
female/93/1_BAR_14_1_597.jpg,93,BAR,,Female,14,,597,1.0
female/93/1_BAR_14_1_597.jpg,93,BAR,,Female,14,,597,1.0
female/93/1_BAR_14_1_597.jpg,93,BAR,,Female,14,,597,1.0
female/93/1_BAR_14_1_597.jpg,93,BAR,,Female,14,,597,1.0
female/93/1_BAR_14_1_597.jpg,93,BAR,,Female,14,,597,1.0
female/93/1_BAR_14_1_597.jpg,93,BAR,,Female,14,,597,1.0
female/93/1_BAR_14_1_597.jpg,93,BAR,,Female,14,,597,1.0
female/93/1_BAR_14_1_597.jpg,93,BAR,,Female,14,,597,1.0
female/93/1_BAR_14_1_597.jpg,93,BAR,,Female,14,,597,1.0
female/93/1_BAR_14_1_597.jpg,93,BAR,,Female,14,,597,1.0
female/93/1_BAR_14_1_597.jpg,93,BAR,,Female,14,,597,1.0
female/93/1_BAR_14_1_597.jpg,93,BAR,,Female,14,,597,1.0
female/93/1_BAR_14_1_597.jpg,93,BAR,,Female,14,,597,1.0
female/93/1_BAR_14_1_597.jpg,93,BAR,,Female,14,,597,1.0
female/93/1_BAR_14_1_597.jpg,93,BAR,,Female,14,,597,1.0
female/93/1_BAR_14_1_597.jpg,93,BAR,,Female,14,,597,1.0
female/93/1_BAR_14_1_597.jpg,93,BAR,,Female,14,,597,1.0
female/93/1_BAR_14_1_597.jpg,93,BAR,,Female,14,,597,1.0
female/93/1_BAR_14_1_597.jpg,93,BAR,,Female,14,,597,1.0
female/93/1_BAR_14_1_597.jpg,93,BAR,,Female,14,,597,1.0
female/93/1_BAR_14_1_597.jpg,93,BAR,,Female,14,,597,1.0
female/93/1_BAR_14_1_597.jpg,93,BAR,,Female,14,,597,1.0
female/93/1_BAR_14_1_597.jpg,93,BAR,,Female,14,,597,1.0
female/93/1_BAR_14_1_597.jpg,93,BAR,,Female,14,,597,1.0
female/93/1_BAR_14_1_597.jpg,93,BAR,,Female,14,,597,1.0
female/93/1_BAR_14_1_597.jpg,93,BAR,,Female,14,,597,1.0
female/93/1_BAR_14_1_597.jpg,93,BAR,,Female,14,,597,1.0
female/93/1_BAR_14_1_597.jpg,93,BAR,,Female,14,,597,1.0
female/93/1_BAR_14_1_597.jpg,93,BAR,,Female,14,,597,1.0
female/93/1_BAR_14_1_597.jpg,93,BAR,,Female,14,,597,1.0
female/93/1_BAR_14_1_597.jpg,93,BAR,,Female,14,,597,1.0
female/93/1_BAR_14_1_597.jpg,93,BAR,,Female,14,,597,1.0
female/93/1_BAR_14_1_597.jpg,93,BAR,,Female,14,,597,1.0
female/93/1_BAR_14_1_597.jpg,93,BAR,,Female,14,,597,1.0
female/93/1_BAR_14_1_597.jpg,93,BAR,,Female,14,,597,1.0
female/93/1_BAR_14_1_597.jpg,93,BAR,,Female,14,,597,1.0
female/93/1_BAR_14_1_597.jpg,93,BAR,,Female,14,,597,1.0
female/93/1_BAR_14_1_597.jpg,93,BAR,,Female,14,,597,1.0
female/93/1_BAR_14_1_597.jpg,93,BAR,,Female,14,,597,1.0
female/93/1_BAR_14_1_597.jpg,93,BAR,,Female,14,,597,1.0
female/93/1_BAR_14_1_597.jpg,93,BAR,,Female,14,,597,1.0
female/93/1_BAR_14_1_597.jpg,93,BAR,,Female,14,,597,1.0
female/93/1_BAR_14_1_597.jpg,93,BAR,,Female,14,,597,1.0
female/93/1_BAR_14_1_597.jpg,93,BAR,,Female,14,,597,1.0
female/93/1_BAR_14_1_597.jpg,93,BAR,,Female,14,,597,1.0
female/93/1_BAR_14_1_597.jpg,93,BAR,,Female,14,,597,1.0
female/93/1_BAR_14_1_597.jpg,93,BAR,,Female,14,,597,1.0
female/93/1_BAR_14_1_597.jpg,93,BAR,,Female,14,,597,1.0
female/93/1_BAR_14_1_597.jpg,93,BAR,,Female,14,,597,1.0
female/93/1_BAR_14_1_597.jpg,93,BAR,,Female,14,,597,1.0
female/93/1_BAR_14_1_597.jpg,93,BAR,,Female,14,,597,1.0
female/93/1_BAR_14_1_597.jpg,93,BAR,,Female,14,,597,1.0
female/93/1_BAR_14_1_597.jpg,93,BAR,,Female,14,,597,1.0
female/93/1_BAR_14_1_597.jpg,93,BAR,,Female,14,,597,1.0
female/93/1_BAR_14_1_597.jpg,93,BAR,,Female,14,,597,1.0
female/93/1_BAR_14_1_597.jpg,93,BAR,,Female,14,,597,1.0
female/93/1_BAR_14_1_597.jpg,93,BAR,,Female,14,,597,1.0
female/93/1_BAR_14_1_597.jpg,93,BAR,,Female,14,,597,1.0
female/93/1_BAR_14_1_597.jpg,93,BAR,,Female,14,,597,1.0
female/93/1_BAR_14_1_597.jpg,93,BAR,,Female,14,,597,1.0
female/93/1_BAR_14_1_597.jpg,93,BAR,,Female,14,,597,1.0
female/93/1_BAR_14_1_597.jpg,93,BAR,,Female,14,,597,1.0
female/93/1_BAR_14_1_597.jpg,93,BAR,,Female,14,,597,1.0
female/93/1_BAR_14_1_597.jpg,93,BAR,,Female,14,,597,1.0
female/93/1_BAR_14_1_597.jpg,93,BAR,,Female,14,,597,1.0
female/93/1_BAR_14_1_597.jpg,93,BAR,,Female,14,,597,1.0
female/93/1_BAR_14_1_597.jpg,93,BAR,,Female,14,,597,1.0
female/93/1_BAR_14_1_597.jpg,93,BAR,,Female,14,,597,1.0
female/93/1_BAR_14_1_597.jpg,93,BAR,,Female,14,,597,1.0
female/93/1_BAR_14_1_597.jpg,93,BAR,,Female,14,,597,1.0
female/93/1_BAR_14_1_597.jpg,93,BAR,,Female,14,,597,1.0
female/93/1_BAR_14_1_597.jpg,93,BAR,,Female,14,,597,1.0
female/93/1_BAR_14_1_597.jpg,93,BAR,,Female,14,,597,1.0
female/93/1_BAR_14_1_597.jpg,93,BAR,,Female,14,,597,1.0
female/93/1_BAR_14_1_597.jpg,93,BAR,,Female,14,,597,1.0
female/93/1_BAR_14_1_597.jpg,93,BAR,,Female,14,,597,1.0
female/93/1_BAR_14_1_597.jpg,93,BAR,,Female,14,,597,1.0
female/93/1_BAR_14_1_597.jpg,93,BAR,,Female,14,,597,1.0
female/93/1_BAR_14_1_597.jpg,93,BAR,,Female,14,,597,1.0
female/93/1_BAR_14_1_597.jpg,93,BAR,,Female,14,,597,1.0
female/93/1_BAR_14_1_597.jpg,93,BAR,,Female,14,,597,1.0
female/93/1_BAR_14_1_597.jpg,93,BAR,,Female,14,,597,1.0
female/93/1_BAR_14_1_597.jpg,93,BAR,,Female,14,,597,1.0
female/93/1_BAR_14_1_597.jpg,93,BAR,,Female,14,,597,1.0
female/93/1_BAR_14_1_597.jpg,93,BAR,,Female,14,,597,1.0
female/93/1_BAR_14_1_597.jpg,93,BAR,,Female,14,,597,1.0
female/93/1_BAR_14_1_597.jpg,93,BAR,,Female,14,,597,1.0
female/93/1_BAR_14_1_597.jpg,93,BAR,,Female,14,,597,1.0
female/93/1_BAR_14_1_597.jpg,93,BAR,,Female,14,,597,1.0
female/93/1_BAR_14_1_597.jpg,93,BAR,,Female,14,,597,1.0
female/93/1_BAR_14_1_597.jpg,93,BAR,,Female,14,,597,1.0
female/93/1_BAR_14_1_597.jpg,93,BAR,,Female,14,,597,1.0
female/93/1_BAR_14_1_597.jpg,93,BAR,,Female,14,,597,1.0
female/93/1_BAR_14_1_597.jpg,93,BAR,,Female,14,,597,1.0
female/93/1_BAR_14_1_597.jpg,93,BAR,,Female,14,,597,1.0
female/93/1_BAR_14_1_597.jpg,93,BAR,,Female,14,,597,1.0
female/93/1_BAR_14_1_597.jpg,93,BAR,,Female,14,,597,1.0
female/93/1_BAR_14_1_597.jpg,93,BAR,,Female,14,,597,1.0
female/93/1_BAR_14_1_597.jpg,93,BAR,,Female,14,,597,1.0
female/93/1_BAR_14_1_597.jpg,93,BAR,,Female,14,,597,1.0
female/93/1_BAR_14_1_597.jpg,93,BAR,,Female,14,,597,1.0
female/93/1_BAR_14_1_597.jpg,93,BAR,,Female,14,,597,1.0
female/93/1_BAR_14_1_597.jpg,93,BAR,,Female,14,,597,1.0
female/93/1_BAR_14_1_597.jpg,93,BAR,,Female,14,,597,1.0
female/93/1_BAR_14_1_597.jpg,93,BAR,,Female,14,,597,1.0
female/93/1_BAR_14_1_597.jpg,93,BAR,,Female,14,,597,1.0
female/93/1_BAR_14_1_597.jpg,93,BAR,,Female,14,,597,1.0
female/93/1_BAR_14_1_597.jpg,93,BAR,,Female,14,,597,1.0
female/93/1_BAR_14_1_597.jpg,93,BAR,,Female,14,,597,1.0
female/93/1_BAR_14_1_597.jpg,93,BAR,,Female,14,,597,1.0
female/93/1_BAR_14_1_597.jpg,93,BAR,,Female,14,,597,1.0
female/93/1_BAR_14_1_597.jpg,93,BAR,,Female,14,,597,1.0
female/93/1_BAR_14_1_597.jpg,93,BAR,,Female,14,,597,1.0
female/93/1_BAR_14_1_597.jpg,93,BAR,,Female,14,,597,1.0
female/93/1_BAR_14_1_597.jpg,93,BAR,,Female,14,,597,1.0
female/93/1_BAR_14_1_597.jpg,93,BAR,,Female,14,,597,1.0
female/93/1_BAR_14_1_597.jpg,93,BAR,,Female,14,,597,1.0
female/93/1_BAR_14_1_597.jpg,93,BAR,,Female,14,,597,1.0
female/93/1_BAR_14_1_597.jpg,93,BAR,,Female,14,,597,1.0
female/93/1_BAR_14_1_597.jpg,93,BAR,,Female,14,,597,1.0
female/93/1_BAR_14_1_597.jpg,93,BAR,,Female,14,,597,1.0
female/93/1_BAR_14_1_597.jpg,93,BAR,,Female,14,,597,1.0
female/93/1_BAR_14_1_597.jpg,93,BAR,,Female,14,,597,1.0
female/93/1_BAR_14_1_597.jpg,93,BAR,,Female,14,,597,1.0
female/93/1_BAR_14_1_597.jpg,93,BAR,,Female,14,,597,1.0
female/93/1_BAR_14_1_597.jpg,93,BAR,,Female,14,,597,1.0
female/93/1_BAR_14_1_597.jpg,93,BAR,,Female,14,,597,1.0
female/93/1_BAR_14_1_597.jpg,93,BAR,,Female,14,,597,1.0
female/93/1_BAR_14_1_597.jpg,93,BAR,,Female,14,,597,1.0
female/93/1_BAR_14_1_597.jpg,93,BAR,,Female,14,,597,1.0
female/93/1_BAR_14_1_597.jpg,93,BAR,,Female,14,,597,1.0
female/93/1_BAR_14_1_597.jpg,93,BAR,,Female,14,,597,1.0
female/93/1_BAR_14_1_597.jpg,93,BAR,,Female,14,,597,1.0
female/93/1_BAR_14_1_597.jpg,93,BAR,,Female,14,,597,1.0
female/93/1_BAR_14_1_597.jpg,93,BAR,,Female,14,,597,1.0
female/93/1_BAR_14_1_597.jpg,93,BAR,,Female,14,,597,1.0
female/93/1_BAR_14_1_597.jpg,93,BAR,,Female,14,,597,1.0
female/93/1_BAR_14_1_597.jpg,93,BAR,,Female,14,,597,1.0
female/93/1_BAR_14_1_597.jpg,93,BAR,,Female,14,,597,1.0
female/93/1_BAR_14_1_597.jpg,93,BAR,,Female,14,,597,1.0
female/93/1_BAR_14_1_597.jpg,93,BAR,,Female,14,,597,1.0
female/93/1_BAR_14_1_597.jpg,93,BAR,,Female,14,,597,1.0
female/93/1_BAR_14_1_597.jpg,93,BAR,,Female,14,,597,1.0
female/93/1_BAR_14_1_597.jpg,93,BAR,,Female,14,,597,1.0
female/93/1_BAR_14_1_597.jpg,93,BAR,,Female,14,,597,1.0
female/93/1_BAR_14_1_597.jpg,93,BAR,,Female,14,,597,1.0
female/93/1_BAR_14_1_597.jpg,93,BAR,,Female,14,,597,1.0
female/93/1_BAR_14_1_597.jpg,93,BAR,,Female,14,,597,1.0
female/93/1_BAR_14_1_597.jpg,93,BAR,,Female,14,,597,1.0
female/93/1_BAR_14_1_597.jpg,93,BAR,,Female,14,,597,1.0
female/93/1_BAR_14_1_597.jpg,93,BAR,,Female,14,,597,1.0
female/93/1_BAR_14_1_597.jpg,93,BAR,,Female,14,,597,1.0
female/93/1_BAR_14_1_597.jpg,93,BAR,,Female,14,,597,1.0
female/93/1_BAR_14_1_597.jpg,93,BAR,,Female,14,,597,1.0
female/93/1_BAR_14_1_597.jpg,93,BAR,,Female,14,,597,1.0
female/93/1_BAR_14_1_597.jpg,93,BAR,,Female,14,,597,1.0
female/93/1_BAR_14_1_597.jpg,93,BAR,,Female,14,,597,1.0
female/93/1_BAR_14_1_597.jpg,93,BAR,,Female,14,,597,1.0
female/93/1_BAR_14_1_597.jpg,93,BAR,,Female,14,,597,1.0
female/93/1_BAR_14_1_597.jpg,93,BAR,,Female,14,,597,1.0
female/93/1_BAR_14_1_597.jpg,93,BAR,,Female,14,,597,1.0
female/93/1_BAR_14_1_597.jpg,93,BAR,,Female,14,,597,1.0
female/93/1_BAR_14_1_597.jpg,93,BAR,,Female,14,,597,1.0
female/93/1_BAR_14_1_597.jpg,93,BAR,,Female,14,,597,1.0
female/93/1_BAR_14_1_597.jpg,93,BAR,,Female,14,,597,1.0
female/93/1_BAR_14_1_597.jpg,93,BAR,,Female,14,,597,1.0
female/93/1_BAR_14_1_597.jpg,93,BAR,,Female,14,,597,1.0
female/93/1_BAR_14_1_597.jpg,93,BAR,,Female,14,,597,1.0
female/93/1_BAR_14_1_597.jpg,93,BAR,,Female,14,,597,1.0
female/93/1_BAR_14_1_597.jpg,93,BAR,,Female,14,,597,1.0
female/93/1_BAR_14_1_597.jpg,93,BAR,,Female,14,,597,1.0
female/93/1_BAR_14_1_597.jpg,93,BAR,,Female,14,,597,1.0
female/93/1_BAR_14_1_597.jpg,93,BAR,,Female,14,,597,1.0
female/93/1_BAR_14_1_597.jpg,93,BAR,,Female,14,,597,1.0
female/93/1_BAR_14_1_597.jpg,93,BAR,,Female,14,,597,1.0
female/93/1_BAR_14_1_597.jpg,93,BAR,,Female,14,,597,1.0
female/93/1_BAR_14_1_597.jpg,93,BAR,,Female,14,,597,1.0
female/93/1_BAR_14_1_597.jpg,93,BAR,,Female,14,,597,1.0
female/93/1_BAR_14_1_597.jpg,93,BAR,,Female,14,,597,1.0
female/93/1_BAR_14_1_597.jpg,93,BAR,,Female,14,,597,1.0
female/93/1_BAR_14_1_597.jpg,93,BAR,,Female,14,,597,1.0
female/93/1_BAR_14_1_597.jpg,93,BAR,,Female,14,,597,1.0
female/93/1_BAR_14_1_597.jpg,93,BAR,,Female,14,,597,1.0
female/93/1_BAR_14_1_597.jpg,93,BAR,,Female,14,,597,1.0
female/93/1_BAR_14_1_597.jpg,93,BAR,,Female,14,,597,1.0
female/93/1_BAR_14_1_597.jpg,93,BAR,,Female,14,,597,1.0
female/93/1_BAR_14_1_597.jpg,93,BAR,,Female,14,,597,1.0
female/93/1_BAR_14_1_597.jpg,93,BAR,,Female,14,,597,1.0
female/93/1_BAR_14_1_597.jpg,93,BAR,,Female,14,,597,1.0
female/93/1_BAR_14_1_597.jpg,93,BAR,,Female,14,,597,1.0
female/93/1_BAR_14_1_597.jpg,93,BAR,,Female,14,,597,1.0
female/93/1_BAR_14_1_597.jpg,93,BAR,,Female,14,,597,1.0
female/93/1_BAR_14_1_597.jpg,93,BAR,,Female,14,,597,1.0
female/93/1_BAR_14_1_597.jpg,93,BAR,,Female,14,,597,1.0
female/93/1_BAR_14_1_597.jpg,93,BAR,,Female,14,,597,1.0
female/93/1_BAR_14_1_597.jpg,93,BAR,,Female,14,,597,1.0
female/93/1_BAR_14_1_597.jpg,93,BAR,,Female,14,,597,1.0
female/93/1_BAR_14_1_597.jpg,93,BAR,,Female,14,,597,1.0
female/93/1_BAR_14_1_597.jpg,93,BAR,,Female,14,,597,1.0
female/93/1_BAR_14_1_597.jpg,93,BAR,,Female,14,,597,1.0
female/93/1_BAR_14_1_597.jpg,93,BAR,,Female,14,,597,1.0
female/93/1_BAR_14_1_597.jpg,93,BAR,,Female,14,,597,1.0
female/93/1_BAR_14_1_597.jpg,93,BAR,,Female,14,,597,1.0
female/93/1_BAR_14_1_597.jpg,93,BAR,,Female,14,,597,1.0
female/93/1_BAR_14_1_597.jpg,93,BAR,,Female,14,,597,1.0
female/93/1_BAR_14_1_597.jpg,93,BAR,,Female,14,,597,1.0
female/93/1_BAR_14_1_597.jpg,93,BAR,,Female,14,,597,1.0
female/93/1_BAR_14_1_597.jpg,93,BAR,,Female,14,,597,1.0
female/93/1_BAR_14_1_597.jpg,93,BAR,,Female,14,,597,1.0
female/93/1_BAR_14_1_597.jpg,93,BAR,,Female,14,,597,1.0
female/93/1_BAR_14_1_597.jpg,93,BAR,,Female,14,,597,1.0
female/93/1_BAR_14_1_597.jpg,93,BAR,,Female,14,,597,1.0
female/93/1_BAR_14_1_597.jpg,93,BAR,,Female,14,,597,1.0
female/93/1_BAR_14_1_597.jpg,93,BAR,,Female,14,,597,1.0
female/93/1_BAR_14_1_597.jpg,93,BAR,,Female,14,,597,1.0
female/93/1_BAR_14_1_597.jpg,93,BAR,,Female,14,,597,1.0
female/93/1_BAR_14_1_597.jpg,93,BAR,,Female,14,,597,1.0
female/93/1_BAR_14_1_597.jpg,93,BAR,,Female,14,,597,1.0
female/93/1_BAR_14_1_597.jpg,93,BAR,,Female,14,,597,1.0
female/93/1_BAR_14_1_597.jpg,93,BAR,,Female,14,,597,1.0
female/93/1_BAR_14_1_597.jpg,93,BAR,,Female,14,,597,1.0
female/93/1_BAR_14_1_597.jpg,93,BAR,,Female,14,,597,1.0
female/93/1_BAR_14_1_597.jpg,93,BAR,,Female,14,,597,1.0
female/93/1_BAR_14_1_597.jpg,93,BAR,,Female,14,,597,1.0
female/93/1_BAR_14_1_597.jpg,93,BAR,,Female,14,,597,1.0
female/93/1_BAR_14_1_597.jpg,93,BAR,,Female,14,,597,1.0
female/93/1_BAR_14_1_597.jpg,93,BAR,,Female,14,,597,1.0
female/93/1_BAR_14_1_597.jpg,93,BAR,,Female,14,,597,1.0
female/93/1_BAR_14_1_597.jpg,93,BAR,,Female,14,,597,1.0
female/93/1_BAR_14_1_597.jpg,93,BAR,,Female,14,,597,1.0
female/93/1_BAR_14_1_597.jpg,93,BAR,,Female,14,,597,1.0
female/93/1_BAR_14_1_597.jpg,93,BAR,,Female,14,,597,1.0
female/93/1_BAR_14_1_597.jpg,93,BAR,,Female,14,,597,1.0
female/93/1_BAR_14_1_597.jpg,93,BAR,,Female,14,,597,1.0
female/93/1_BAR_14_1_597.jpg,93,BAR,,Female,14,,597,1.0
female/93/1_BAR_14_1_597.jpg,93,BAR,,Female,14,,597,1.0
female/93/1_BAR_14_1_597.jpg,93,BAR,,Female,14,,597,1.0
female/93/1_BAR_14_1_597.jpg,93,BAR,,Female,14,,597,1.0
female/93/1_BAR_14_1_597.jpg,93,BAR,,Female,14,,597,1.0
female/93/1_BAR_14_1_597.jpg,93,BAR,,Female,14,,597,1.0
female/93/1_BAR_14_1_597.jpg,93,BAR,,Female,14,,597,1.0
female/93/1_BAR_14_1_597.jpg,93,BAR,,Female,14,,597,1.0
female/93/1_BAR_14_1_597.jpg,93,BAR,,Female,14,,597,1.0
female/93/1_BAR_14_1_597.jpg,93,BAR,,Female,14,,597,1.0
female/93/1_BAR_14_1_597.jpg,93,BAR,,Female,14,,597,1.0
female/93/1_BAR_14_1_597.jpg,93,BAR,,Female,14,,597,1.0
female/93/1_BAR_14_1_597.jpg,93,BAR,,Female,14,,597,1.0
female/93/1_BAR_14_1_597.jpg,93,BAR,,Female,14,,597,1.0
female/93/1_BAR_14_1_597.jpg,93,BAR,,Female,14,,597,1.0
female/93/1_BAR_14_1_597.jpg,93,BAR,,Female,14,,597,1.0
female/93/1_BAR_14_1_597.jpg,93,BAR,,Female,14,,597,1.0
female/93/1_BAR_14_1_597.jpg,93,BAR,,Female,14,,597,1.0
female/93/1_BAR_14_1_597.jpg,93,BAR,,Female,14,,597,1.0
female/93/1_BAR_14_1_597.jpg,93,BAR,,Female,14,,597,1.0
female/93/1_BAR_14_1_597.jpg,93,BAR,,Female,14,,597,1.0
female/93/1_BAR_14_1_597.jpg,93,BAR,,Female,14,,597,1.0
female/93/1_BAR_14_1_597.jpg,93,BAR,,Female,14,,597,1.0
female/93/1_BAR_14_1_597.jpg,93,BAR,,Female,14,,597,1.0
female/93/1_BAR_14_1_597.jpg,93,BAR,,Female,14,,597,1.0
female/93/1_BAR_14_1_597.jpg,93,BAR,,Female,14,,597,1.0
female/93/1_BAR_14_1_597.jpg,93,BAR,,Female,14,,597,1.0
female/93/1_BAR_14_1_597.jpg,93,BAR,,Female,14,,597,1.0
female/93/1_BAR_14_1_597.jpg,93,BAR,,Female,14,,597,1.0
female/93/1_BAR_14_1_597.jpg,93,BAR,,Female,14,,597,1.0
female/93/1_BAR_14_1_597.jpg,93,BAR,,Female,14,,597,1.0
female/93/1_BAR_14_1_597.jpg,93,BAR,,Female,14,,597,1.0
female/93/1_BAR_14_1_597.jpg,93,BAR,,Female,14,,597,1.0
female/93/1_BAR_14_1_597.jpg,93,BAR,,Female,14,,597,1.0
female/93/1_BAR_14_1_597.jpg,93,BAR,,Female,14,,597,1.0
female/93/1_BAR_14_1_597.jpg,93,BAR,,Female,14,,597,1.0
female/93/1_BAR_14_1_597.jpg,93,BAR,,Female,14,,597,1.0
female/93/1_BAR_14_1_597.jpg,93,BAR,,Female,14,,597,1.0
female/93/1_BAR_14_1_597.jpg,93,BAR,,Female,14,,597,1.0
female/93/1_BAR_14_1_597.jpg,93,BAR,,Female,14,,597,1.0
female/93/1_BAR_14_1_597.jpg,93,BAR,,Female,14,,597,1.0
female/93/1_BAR_14_1_597.jpg,93,BAR,,Female,14,,597,1.0
female/93/1_BAR_14_1_597.jpg,93,BAR,,Female,14,,597,1.0
female/93/1_BAR_14_1_597.jpg,93,BAR,,Female,14,,597,1.0
female/93/1_BAR_14_1_597.jpg,93,BAR,,Female,14,,597,1.0
female/93/1_BAR_14_1_597.jpg,93,BAR,,Female,14,,597,1.0
female/93/1_BAR_14_1_597.jpg,93,BAR,,Female,14,,597,1.0
female/93/1_BAR_14_1_597.jpg,93,BAR,,Female,14,,597,1.0
female/93/1_BAR_14_1_597.jpg,93,BAR,,Female,14,,597,1.0
female/93/1_BAR_14_1_597.jpg,93,BAR,,Female,14,,597,1.0
female/93/1_BAR_14_1_597.jpg,93,BAR,,Female,14,,597,1.0
female/93/1_BAR_14_1_597.jpg,93,BAR,,Female,14,,597,1.0
female/93/1_BAR_14_1_597.jpg,93,BAR,,Female,14,,597,1.0
female/93/1_BAR_14_1_597.jpg,93,BAR,,Female,14,,597,1.0
female/93/1_BAR_14_1_597.jpg,93,BAR,,Female,14,,597,1.0
female/93/1_BAR_14_1_597.jpg,93,BAR,,Female,14,,597,1.0
female/93/1_BAR_14_1_597.jpg,93,BAR,,Female,14,,597,1.0
female/93/1_BAR_14_1_597.jpg,93,BAR,,Female,14,,597,1.0
female/93/1_BAR_14_1_597.jpg,93,BAR,,Female,14,,597,1.0
female/93/1_BAR_14_1_597.jpg,93,BAR,,Female,14,,597,1.0
female/93/1_BAR_14_1_597.jpg,93,BAR,,Female,14,,597,1.0
female/93/1_BAR_14_1_597.jpg,93,BAR,,Female,14,,597,1.0
female/93/1_BAR_14_1_597.jpg,93,BAR,,Female,14,,597,1.0
female/93/1_BAR_14_1_597.jpg,93,BAR,,Female,14,,597,1.0
female/93/1_BAR_14_1_597.jpg,93,BAR,,Female,14,,597,1.0
female/93/1_BAR_14_1_597.jpg,93,BAR,,Female,14,,597,1.0
female/93/1_BAR_14_1_597.jpg,93,BAR,,Female,14,,597,1.0
female/93/1_BAR_14_1_597.jpg,93,BAR,,Female,14,,597,1.0
female/93/1_BAR_14_1_597.jpg,93,BAR,,Female,14,,597,1.0
female/93/1_BAR_14_1_597.jpg,93,BAR,,Female,14,,597,1.0
female/93/1_BAR_14_1_597.jpg,93,BAR,,Female,14,,597,1.0
female/93/1_BAR_14_1_597.jpg,93,BAR,,Female,14,,597,1.0
female/93/1_BAR_14_1_597.jpg,93,BAR,,Female,14,,597,1.0
female/93/1_BAR_14_1_597.jpg,93,BAR,,Female,14,,597,1.0
female/93/1_BAR_14_1_597.jpg,93,BAR,,Female,14,,597,1.0
female/93/1_BAR_14_1_597.jpg,93,BAR,,Female,14,,597,1.0
female/93/1_BAR_14_1_597.jpg,93,BAR,,Female,14,,597,1.0
female/93/1_BAR_14_1_597.jpg,93,BAR,,Female,14,,597,1.0
female/93/1_BAR_14_1_597.jpg,93,BAR,,Female,14,,597,1.0
female/93/1_BAR_14_1_597.jpg,93,BAR,,Female,14,,597,1.0
female/93/1_BAR_14_1_597.jpg,93,BAR,,Female,14,,597,1.0
female/93/1_BAR_14_1_597.jpg,93,BAR,,Female,14,,597,1.0
female/93/1_BAR_14_1_597.jpg,93,BAR,,Female,14,,597,1.0
female/93/1_BAR_14_1_597.jpg,93,BAR,,Female,14,,597,1.0
female/93/1_BAR_14_1_597.jpg,93,BAR,,Female,14,,597,1.0
female/93/1_BAR_14_1_597.jpg,93,BAR,,Female,14,,597,1.0
female/93/1_BAR_14_1_597.jpg,93,BAR,,Female,14,,597,1.0
female/93/1_BAR_14_1_597.jpg,93,BAR,,Female,14,,597,1.0
female/93/1_BAR_14_1_597.jpg,93,BAR,,Female,14,,597,1.0
female/93/1_BAR_14_1_597.jpg,93,BAR,,Female,14,,597,1.0
female/93/1_BAR_14_1_597.jpg,93,BAR,,Female,14,,597,1.0
female/93/1_BAR_14_1_597.jpg,93,BAR,,Female,14,,597,1.0
female/93/1_BAR_14_1_597.jpg,93,BAR,,Female,14,,597,1.0
female/93/1_BAR_14_1_597.jpg,93,BAR,,Female,14,,597,1.0
female/93/1_BAR_14_1_597.jpg,93,BAR,,Female,14,,597,1.0
female/93/1_BAR_14_1_597.jpg,93,BAR,,Female,14,,597,1.0
female/93/1_BAR_14_1_597.jpg,93,BAR,,Female,14,,597,1.0
female/93/1_BAR_14_1_597.jpg,93,BAR,,Female,14,,597,1.0
female/93/1_BAR_14_1_597.jpg,93,BAR,,Female,14,,597,1.0
female/93/1_BAR_14_1_597.jpg,93,BAR,,Female,14,,597,1.0
female/93/1_BAR_14_1_597.jpg,93,BAR,,Female,14,,597,1.0
female/93/1_BAR_14_1_597.jpg,93,BAR,,Female,14,,597,1.0
female/93/1_BAR_14_1_597.jpg,93,BAR,,Female,14,,597,1.0
female/93/1_BAR_14_1_597.jpg,93,BAR,,Female,14,,597,1.0
female/93/1_BAR_14_1_597.jpg,93,BAR,,Female,14,,597,1.0
female/93/1_BAR_14_1_597.jpg,93,BAR,,Female,14,,597,1.0
female/93/1_BAR_14_1_597.jpg,93,BAR,,Female,14,,597,1.0
female/93/1_BAR_14_1_597.jpg,93,BAR,,Female,14,,597,1.0
female/93/1_BAR_14_1_597.jpg,93,BAR,,Female,14,,597,1.0
female/93/1_BAR_14_1_597.jpg,93,BAR,,Female,14,,597,1.0
female/93/1_BAR_14_1_597.jpg,93,BAR,,Female,14,,597,1.0
female/93/1_BAR_14_1_597.jpg,93,BAR,,Female,14,,597,1.0
female/93/1_BAR_14_1_597.jpg,93,BAR,,Female,14,,597,1.0
female/93/1_BAR_14_1_597.jpg,93,BAR,,Female,14,,597,1.0
female/93/1_BAR_14_1_597.jpg,93,BAR,,Female,14,,597,1.0
female/93/1_BAR_14_1_597.jpg,93,BAR,,Female,14,,597,1.0
female/93/1_BAR_14_1_597.jpg,93,BAR,,Female,14,,597,1.0
female/93/1_BAR_14_1_597.jpg,93,BAR,,Female,14,,597,1.0
female/93/1_BAR_14_1_597.jpg,93,BAR,,Female,14,,597,1.0
female/93/1_BAR_14_1_597.jpg,93,BAR,,Female,14,,597,1.0
female/93/1_BAR_14_1_597.jpg,93,BAR,,Female,14,,597,1.0
female/93/1_BAR_14_1_597.jpg,93,BAR,,Female,14,,597,1.0
female/93/1_BAR_14_1_597.jpg,93,BAR,,Female,14,,597,1.0
female/93/1_BAR_14_1_597.jpg,93,BAR,,Female,14,,597,1.0
female/93/1_BAR_14_1_597.jpg,93,BAR,,Female,14,,597,1.0
female/93/1_BAR_14_1_597.jpg,93,BAR,,Female,14,,597,1.0
female/93/1_BAR_14_1_597.jpg,93,BAR,,Female,14,,597,1.0
female/93/1_BAR_14_1_597.jpg,93,BAR,,Female,14,,597,1.0
female/93/1_BAR_14_1_597.jpg,93,BAR,,Female,14,,597,1.0
female/93/1_BAR_14_1_597.jpg,93,BAR,,Female,14,,597,1.0
female/93/1_BAR_14_1_597.jpg,93,BAR,,Female,14,,597,1.0
female/93/1_BAR_14_1_597.jpg,93,BAR,,Female,14,,597,1.0
female/93/1_BAR_14_1_597.jpg,93,BAR,,Female,14,,597,1.0
female/93/1_BAR_14_1_597.jpg,93,BAR,,Female,14,,597,1.0
female/93/1_BAR_14_1_597.jpg,93,BAR,,Female,14,,597,1.0
female/93/1_BAR_14_1_597.jpg,93,BAR,,Female,14,,597,1.0
female/93/1_BAR_14_1_597.jpg,93,BAR,,Female,14,,597,1.0
female/93/1_BAR_14_1_597.jpg,93,BAR,,Female,14,,597,1.0
female/93/1_BAR_14_1_597.jpg,93,BAR,,Female,14,,597,1.0
female/93/1_BAR_14_1_597.jpg,93,BAR,,Female,14,,597,1.0
female/93/1_BAR_14_1_597.jpg,93,BAR,,Female,14,,597,1.0
female/93/1_BAR_14_1_597.jpg,93,BAR,,Female,14,,597,1.0
female/93/1_BAR_14_1_597.jpg,93,BAR,,Female,14,,597,1.0
female/93/1_BAR_14_1_597.jpg,93,BAR,,Female,14,,597,1.0
female/93/1_BAR_14_1_597.jpg,93,BAR,,Female,14,,597,1.0
female/93/1_BAR_14_1_597.jpg,93,BAR,,Female,14,,597,1.0
female/93/1_BAR_14_1_597.jpg,93,BAR,,Female,14,,597,1.0
female/93/1_BAR_14_1_597.jpg,93,BAR,,Female,14,,597,1.0
female/93/1_BAR_14_1_597.jpg,93,BAR,,Female,14,,597,1.0
female/93/1_BAR_14_1_597.jpg,93,BAR,,Female,14,,597,1.0
female/93/1_BAR_14_1_597.jpg,93,BAR,,Female,14,,597,1.0
female/93/1_BAR_14_1_597.jpg,93,BAR,,Female,14,,597,1.0
female/93/1_BAR_14_1_597.jpg,93,BAR,,Female,14,,597,1.0
female/93/1_BAR_14_1_597.jpg,93,BAR,,Female,14,,597,1.0
female/93/1_BAR_14_1_597.jpg,93,BAR,,Female,14,,597,1.0
female/93/1_BAR_14_1_597.jpg,93,BAR,,Female,14,,597,1.0
female/93/1_BAR_14_1_597.jpg,93,BAR,,Female,14,,597,1.0
female/93/1_BAR_14_1_597.jpg,93,BAR,,Female,14,,597,1.0
female/93/1_BAR_14_1_597.jpg,93,BAR,,Female,14,,597,1.0
female/93/1_BAR_14_1_597.jpg,93,BAR,,Female,14,,597,1.0
female/93/1_BAR_14_1_597.jpg,93,BAR,,Female,14,,597,1.0
female/93/1_BAR_14_1_597.jpg,93,BAR,,Female,14,,597,1.0
female/93/1_BAR_14_1_597.jpg,93,BAR,,Female,14,,597,1.0
female/93/1_BAR_14_1_597.jpg,93,BAR,,Female,14,,597,1.0
female/93/1_BAR_14_1_597.jpg,93,BAR,,Female,14,,597,1.0
female/93/1_BAR_14_1_597.jpg,93,BAR,,Female,14,,597,1.0
female/93/1_BAR_14_1_597.jpg,93,BAR,,Female,14,,597,1.0
female/93/1_BAR_14_1_597.jpg,93,BAR,,Female,14,,597,1.0
female/93/1_BAR_14_1_597.jpg,93,BAR,,Female,14,,597,1.0
female/93/1_BAR_14_1_597.jpg,93,BAR,,Female,14,,597,1.0
female/93/1_BAR_14_1_597.jpg,93,BAR,,Female,14,,597,1.0
female/93/1_BAR_14_1_597.jpg,93,BAR,,Female,14,,597,1.0
female/93/1_BAR_14_1_597.jpg,93,BAR,,Female,14,,597,1.0
female/93/1_BAR_14_1_597.jpg,93,BAR,,Female,14,,597,1.0
female/93/1_BAR_14_1_597.jpg,93,BAR,,Female,14,,597,1.0
female/93/1_BAR_14_1_597.jpg,93,BAR,,Female,14,,597,1.0
female/93/1_BAR_14_1_597.jpg,93,BAR,,Female,14,,597,1.0
female/93/1_BAR_14_1_597.jpg,93,BAR,,Female,14,,597,1.0
female/93/1_BAR_14_1_597.jpg,93,BAR,,Female,14,,597,1.0
female/93/1_BAR_14_1_597.jpg,93,BAR,,Female,14,,597,1.0
female/93/1_BAR_14_1_597.jpg,93,BAR,,Female,14,,597,1.0
female/93/1_BAR_14_1_597.jpg,93,BAR,,Female,14,,597,1.0
female/93/1_BAR_14_1_597.jpg,93,BAR,,Female,14,,597,1.0
female/93/1_BAR_14_1_597.jpg,93,BAR,,Female,14,,597,1.0
female/93/1_BAR_14_1_597.jpg,93,BAR,,Female,14,,597,1.0
female/93/1_BAR_14_1_597.jpg,93,BAR,,Female,14,,597,1.0
female/93/1_BAR_14_1_597.jpg,93,BAR,,Female,14,,597,1.0
female/93/1_BAR_14_1_597.jpg,93,BAR,,Female,14,,597,1.0
female/93/1_BAR_14_1_597.jpg,93,BAR,,Female,14,,597,1.0
female/93/1_BAR_14_1_597.jpg,93,BAR,,Female,14,,597,1.0
female/93/1_BAR_14_1_597.jpg,93,BAR,,Female,14,,597,1.0
female/93/1_BAR_14_1_597.jpg,93,BAR,,Female,14,,597,1.0
female/93/1_BAR_14_1_597.jpg,93,BAR,,Female,14,,597,1.0
female/93/1_BAR_14_1_597.jpg,93,BAR,,Female,14,,597,1.0
female/93/1_BAR_14_1_597.jpg,93,BAR,,Female,14,,597,1.0
female/93/1_BAR_14_1_597.jpg,93,BAR,,Female,14,,597,1.0
female/93/1_BAR_14_1_597.jpg,93,BAR,,Female,14,,597,1.0
female/93/1_BAR_14_1_597.jpg,93,BAR,,Female,14,,597,1.0
female/93/1_BAR_14_1_597.jpg,93,BAR,,Female,14,,597,1.0
female/93/1_BAR_14_1_597.jpg,93,BAR,,Female,14,,597,1.0
female/93/1_BAR_14_1_597.jpg,93,BAR,,Female,14,,597,1.0
female/93/1_BAR_14_1_597.jpg,93,BAR,,Female,14,,597,1.0
female/93/1_BAR_14_1_597.jpg,93,BAR,,Female,14,,597,1.0
female/93/1_BAR_14_1_597.jpg,93,BAR,,Female,14,,597,1.0
female/93/1_BAR_14_1_597.jpg,93,BAR,,Female,14,,597,1.0
female/93/1_BAR_14_1_597.jpg,93,BAR,,Female,14,,597,1.0
female/93/1_BAR_14_1_597.jpg,93,BAR,,Female,14,,597,1.0
female/93/1_BAR_14_1_597.jpg,93,BAR,,Female,14,,597,1.0
female/93/1_BAR_14_1_597.jpg,93,BAR,,Female,14,,597,1.0
female/93/1_BAR_14_1_597.jpg,93,BAR,,Female,14,,597,1.0
female/93/1_BAR_14_1_597.jpg,93,BAR,,Female,14,,597,1.0
female/93/1_BAR_14_1_597.jpg,93,BAR,,Female,14,,597,1.0
female/93/1_BAR_14_1_597.jpg,93,BAR,,Female,14,,597,1.0
female/93/1_BAR_14_1_597.jpg,93,BAR,,Female,14,,597,1.0
female/93/1_BAR_14_1_597.jpg,93,BAR,,Female,14,,597,1.0
female/93/1_BAR_14_1_597.jpg,93,BAR,,Female,14,,597,1.0
female/93/1_BAR_14_1_597.jpg,93,BAR,,Female,14,,597,1.0
female/93/1_BAR_14_1_597.jpg,93,BAR,,Female,14,,597,1.0
female/93/1_BAR_14_1_597.jpg,93,BAR,,Female,14,,597,1.0
female/93/1_BAR_14_1_597.jpg,93,BAR,,Female,14,,597,1.0
female/93/1_BAR_14_1_597.jpg,93,BAR,,Female,14,,597,1.0
female/93/1_BAR_14_1_597.jpg,93,BAR,,Female,14,,597,1.0
female/93/1_BAR_14_1_597.jpg,93,BAR,,Female,14,,597,1.0
female/93/1_BAR_14_1_597.jpg,93,BAR,,Female,14,,597,1.0
female/93/1_BAR_14_1_597.jpg,93,BAR,,Female,14,,597,1.0
female/93/1_BAR_14_1_597.jpg,93,BAR,,Female,14,,597,1.0
female/93/1_BAR_14_1_597.jpg,93,BAR,,Female,14,,597,1.0
female/93/1_BAR_14_1_597.jpg,93,BAR,,Female,14,,597,1.0
female/93/1_BAR_14_1_597.jpg,93,BAR,,Female,14,,597,1.0
female/93/1_BAR_14_1_597.jpg,93,BAR,,Female,14,,597,1.0
female/93/1_BAR_14_1_597.jpg,93,BAR,,Female,14,,597,1.0
female/93/1_BAR_14_1_597.jpg,93,BAR,,Female,14,,597,1.0
female/93/1_BAR_14_1_597.jpg,93,BAR,,Female,14,,597,1.0
female/93/1_BAR_14_1_597.jpg,93,BAR,,Female,14,,597,1.0
female/93/1_BAR_14_1_597.jpg,93,BAR,,Female,14,,597,1.0
female/93/1_BAR_14_1_597.jpg,93,BAR,,Female,14,,597,1.0
female/93/1_BAR_14_1_597.jpg,93,BAR,,Female,14,,597,1.0
female/93/1_BAR_14_1_597.jpg,93,BAR,,Female,14,,597,1.0
female/93/1_BAR_14_1_597.jpg,93,BAR,,Female,14,,597,1.0
female/93/1_BAR_14_1_597.jpg,93,BAR,,Female,14,,597,1.0
female/93/1_BAR_14_1_597.jpg,93,BAR,,Female,14,,597,1.0
female/93/1_BAR_14_1_597.jpg,93,BAR,,Female,14,,597,1.0
female/93/1_BAR_14_1_597.jpg,93,BAR,,Female,14,,597,1.0
female/93/1_BAR_14_1_597.jpg,93,BAR,,Female,14,,597,1.0
female/93/1_BAR_14_1_597.jpg,93,BAR,,Female,14,,597,1.0
female/93/1_BAR_14_1_597.jpg,93,BAR,,Female,14,,597,1.0
female/93/1_BAR_14_1_597.jpg,93,BAR,,Female,14,,597,1.0
female/93/1_BAR_14_1_597.jpg,93,BAR,,Female,14,,597,1.0
female/93/1_BAR_14_1_597.jpg,93,BAR,,Female,14,,597,1.0
female/93/1_BAR_14_1_597.jpg,93,BAR,,Female,14,,597,1.0
female/93/1_BAR_14_1_597.jpg,93,BAR,,Female,14,,597,1.0
female/93/1_BAR_14_1_597.jpg,93,BAR,,Female,14,,597,1.0
female/93/1_BAR_14_1_597.jpg,93,BAR,,Female,14,,597,1.0
female/93/1_BAR_14_1_597.jpg,93,BAR,,Female,14,,597,1.0
female/93/1_BAR_14_1_597.jpg,93,BAR,,Female,14,,597,1.0
female/93/1_BAR_14_1_597.jpg,93,BAR,,Female,14,,597,1.0
female/93/1_BAR_14_1_597.jpg,93,BAR,,Female,14,,597,1.0
female/93/1_BAR_14_1_597.jpg,93,BAR,,Female,14,,597,1.0
female/93/1_BAR_14_1_597.jpg,93,BAR,,Female,14,,597,1.0
female/93/1_BAR_14_1_597.jpg,93,BAR,,Female,14,,597,1.0
female/93/1_BAR_14_1_597.jpg,93,BAR,,Female,14,,597,1.0
female/93/1_BAR_14_1_597.jpg,93,BAR,,Female,14,,597,1.0
female/93/1_BAR_14_1_597.jpg,93,BAR,,Female,14,,597,1.0
female/93/1_BAR_14_1_597.jpg,93,BAR,,Female,14,,597,1.0
female/93/1_BAR_14_1_597.jpg,93,BAR,,Female,14,,597,1.0
female/93/1_BAR_14_1_597.jpg,93,BAR,,Female,14,,597,1.0
female/93/1_BAR_14_1_597.jpg,93,BAR,,Female,14,,597,1.0
female/93/1_BAR_14_1_597.jpg,93,BAR,,Female,14,,597,1.0
female/93/1_BAR_14_1_597.jpg,93,BAR,,Female,14,,597,1.0
female/93/1_BAR_14_1_597.jpg,93,BAR,,Female,14,,597,1.0
female/93/1_BAR_14_1_597.jpg,93,BAR,,Female,14,,597,1.0
female/93/1_BAR_14_1_597.jpg,93,BAR,,Female,14,,597,1.0
female/93/1_BAR_14_1_597.jpg,93,BAR,,Female,14,,597,1.0
female/93/1_BAR_14_1_597.jpg,93,BAR,,Female,14,,597,1.0
female/93/1_BAR_14_1_597.jpg,93,BAR,,Female,14,,597,1.0
female/93/1_BAR_14_1_597.jpg,93,BAR,,Female,14,,597,1.0
female/93/1_BAR_14_1_597.jpg,93,BAR,,Female,14,,597,1.0
female/93/1_BAR_14_1_597.jpg,93,BAR,,Female,14,,597,1.0
female/93/1_BAR_14_1_597.jpg,93,BAR,,Female,14,,597,1.0
female/93/1_BAR_14_1_597.jpg,93,BAR,,Female,14,,597,1.0
female/93/1_BAR_14_1_597.jpg,93,BAR,,Female,14,,597,1.0
female/93/1_BAR_14_1_597.jpg,93,BAR,,Female,14,,597,1.0
female/93/1_BAR_14_1_597.jpg,93,BAR,,Female,14,,597,1.0
female/93/1_BAR_14_1_597.jpg,93,BAR,,Female,14,,597,1.0
female/93/1_BAR_14_1_597.jpg,93,BAR,,Female,14,,597,1.0
female/93/1_BAR_14_1_597.jpg,93,BAR,,Female,14,,597,1.0
female/93/1_BAR_14_1_597.jpg,93,BAR,,Female,14,,597,1.0
female/93/1_BAR_14_1_597.jpg,93,BAR,,Female,14,,597,1.0
female/93/1_BAR_14_1_597.jpg,93,BAR,,Female,14,,597,1.0
female/93/1_BAR_14_1_597.jpg,93,BAR,,Female,14,,597,1.0
female/93/1_BAR_14_1_597.jpg,93,BAR,,Female,14,,597,1.0
female/93/1_BAR_14_1_597.jpg,93,BAR,,Female,14,,597,1.0
female/93/1_BAR_14_1_597.jpg,93,BAR,,Female,14,,597,1.0
female/93/1_BAR_14_1_597.jpg,93,BAR,,Female,14,,597,1.0
female/93/1_BAR_14_1_597.jpg,93,BAR,,Female,14,,597,1.0
female/93/1_BAR_14_1_597.jpg,93,BAR,,Female,14,,597,1.0
female/93/1_BAR_14_1_597.jpg,93,BAR,,Female,14,,597,1.0
female/93/1_BAR_14_1_597.jpg,93,BAR,,Female,14,,597,1.0
female/93/1_BAR_14_1_597.jpg,93,BAR,,Female,14,,597,1.0
female/93/1_BAR_14_1_597.jpg,93,BAR,,Female,14,,597,1.0
female/93/1_BAR_14_1_597.jpg,93,BAR,,Female,14,,597,1.0
female/93/1_BAR_14_1_597.jpg,93,BAR,,Female,14,,597,1.0
female/93/1_BAR_14_1_597.jpg,93,BAR,,Female,14,,597,1.0
female/93/1_BAR_14_1_597.jpg,93,BAR,,Female,14,,597,1.0
female/93/1_BAR_14_1_597.jpg,93,BAR,,Female,14,,597,1.0
female/93/1_BAR_14_1_597.jpg,93,BAR,,Female,14,,597,1.0
female/93/1_BAR_14_1_597.jpg,93,BAR,,Female,14,,597,1.0
female/93/1_BAR_14_1_597.jpg,93,BAR,,Female,14,,597,1.0
female/93/1_BAR_14_1_597.jpg,93,BAR,,Female,14,,597,1.0
female/93/1_BAR_14_1_597.jpg,93,BAR,,Female,14,,597,1.0
female/93/1_BAR_14_1_597.jpg,93,BAR,,Female,14,,597,1.0
female/93/1_BAR_14_1_597.jpg,93,BAR,,Female,14,,597,1.0
female/93/1_BAR_14_1_597.jpg,93,BAR,,Female,14,,597,1.0
female/93/1_BAR_14_1_597.jpg,93,BAR,,Female,14,,597,1.0
female/93/1_BAR_14_1_597.jpg,93,BAR,,Female,14,,597,1.0
female/93/1_BAR_14_1_597.jpg,93,BAR,,Female,14,,597,1.0
female/93/1_BAR_14_1_597.jpg,93,BAR,,Female,14,,597,1.0
female/93/1_BAR_14_1_597.jpg,93,BAR,,Female,14,,597,1.0
female/93/1_BAR_14_1_597.jpg,93,BAR,,Female,14,,597,1.0
female/93/1_BAR_14_1_597.jpg,93,BAR,,Female,14,,597,1.0
female/93/1_BAR_14_1_597.jpg,93,BAR,,Female,14,,597,1.0
female/93/1_BAR_14_1_597.jpg,93,BAR,,Female,14,,597,1.0
female/93/1_BAR_14_1_597.jpg,93,BAR,,Female,14,,597,1.0
female/93/1_BAR_14_1_597.jpg,93,BAR,,Female,14,,597,1.0
female/93/1_BAR_14_1_597.jpg,93,BAR,,Female,14,,597,1.0
female/93/1_BAR_14_1_597.jpg,93,BAR,,Female,14,,597,1.0
female/93/1_BAR_14_1_597.jpg,93,BAR,,Female,14,,597,1.0
female/93/1_BAR_14_1_597.jpg,93,BAR,,Female,14,,597,1.0
female/93/1_BAR_14_1_597.jpg,93,BAR,,Female,14,,597,1.0
female/93/1_BAR_14_1_597.jpg,93,BAR,,Female,14,,597,1.0
female/93/1_BAR_14_1_597.jpg,93,BAR,,Female,14,,597,1.0
female/93/1_BAR_14_1_597.jpg,93,BAR,,Female,14,,597,1.0
female/93/1_BAR_14_1_597.jpg,93,BAR,,Female,14,,597,1.0
female/93/1_BAR_14_1_597.jpg,93,BAR,,Female,14,,597,1.0
female/93/1_BAR_14_1_597.jpg,93,BAR,,Female,14,,597,1.0
female/93/1_BAR_14_1_597.jpg,93,BAR,,Female,14,,597,1.0
female/93/1_BAR_14_1_597.jpg,93,BAR,,Female,14,,597,1.0
female/93/1_BAR_14_1_597.jpg,93,BAR,,Female,14,,597,1.0
female/93/1_BAR_14_1_597.jpg,93,BAR,,Female,14,,597,1.0
female/93/1_BAR_14_1_597.jpg,93,BAR,,Female,14,,597,1.0
female/93/1_BAR_14_1_597.jpg,93,BAR,,Female,14,,597,1.0
female/93/1_BAR_14_1_597.jpg,93,BAR,,Female,14,,597,1.0
female/93/1_BAR_14_1_597.jpg,93,BAR,,Female,14,,597,1.0
female/93/1_BAR_14_1_597.jpg,93,BAR,,Female,14,,597,1.0
female/93/1_BAR_14_1_597.jpg,93,BAR,,Female,14,,597,1.0
female/93/1_BAR_14_1_597.jpg,93,BAR,,Female,14,,597,1.0
female/93/1_BAR_14_1_597.jpg,93,BAR,,Female,14,,597,1.0
female/93/1_BAR_14_1_597.jpg,93,BAR,,Female,14,,597,1.0
female/93/1_BAR_14_1_597.jpg,93,BAR,,Female,14,,597,1.0
female/93/1_BAR_14_1_597.jpg,93,BAR,,Female,14,,597,1.0
female/93/1_BAR_14_1_597.jpg,93,BAR,,Female,14,,597,1.0
female/93/1_BAR_14_1_597.jpg,93,BAR,,Female,14,,597,1.0
female/93/1_BAR_14_1_597.jpg,93,BAR,,Female,14,,597,1.0
female/93/1_BAR_14_1_597.jpg,93,BAR,,Female,14,,597,1.0
female/93/1_BAR_14_1_597.jpg,93,BAR,,Female,14,,597,1.0
female/93/1_BAR_14_1_597.jpg,93,BAR,,Female,14,,597,1.0
female/93/1_BAR_14_1_597.jpg,93,BAR,,Female,14,,597,1.0
female/93/1_BAR_14_1_597.jpg,93,BAR,,Female,14,,597,1.0
female/93/1_BAR_14_1_597.jpg,93,BAR,,Female,14,,597,1.0
female/93/1_BAR_14_1_597.jpg,93,BAR,,Female,14,,597,1.0
female/93/1_BAR_14_1_597.jpg,93,BAR,,Female,14,,597,1.0
female/93/1_BAR_14_1_597.jpg,93,BAR,,Female,14,,597,1.0
female/93/1_BAR_14_1_597.jpg,93,BAR,,Female,14,,597,1.0
female/93/1_BAR_14_1_597.jpg,93,BAR,,Female,14,,597,1.0
female/93/1_BAR_14_1_597.jpg,93,BAR,,Female,14,,597,1.0
female/93/1_BAR_14_1_597.jpg,93,BAR,,Female,14,,597,1.0
female/93/1_BAR_14_1_597.jpg,93,BAR,,Female,14,,597,1.0
female/93/1_BAR_14_1_597.jpg,93,BAR,,Female,14,,597,1.0
female/93/1_BAR_14_1_597.jpg,93,BAR,,Female,14,,597,1.0
female/93/1_BAR_14_1_597.jpg,93,BAR,,Female,14,,597,1.0
female/93/1_BAR_14_1_597.jpg,93,BAR,,Female,14,,597,1.0
female/93/1_BAR_14_1_597.jpg,93,BAR,,Female,14,,597,1.0
female/93/1_BAR_14_1_597.jpg,93,BAR,,Female,14,,597,1.0
female/93/1_BAR_14_1_597.jpg,93,BAR,,Female,14,,597,1.0
female/93/1_BAR_14_1_597.jpg,93,BAR,,Female,14,,597,1.0
female/93/1_BAR_14_1_597.jpg,93,BAR,,Female,14,,597,1.0
female/93/1_BAR_14_1_597.jpg,93,BAR,,Female,14,,597,1.0
female/93/1_BAR_14_1_597.jpg,93,BAR,,Female,14,,597,1.0
female/93/1_BAR_14_1_597.jpg,93,BAR,,Female,14,,597,1.0
female/93/1_BAR_14_1_597.jpg,93,BAR,,Female,14,,597,1.0
female/93/1_BAR_14_1_597.jpg,93,BAR,,Female,14,,597,1.0
female/93/1_BAR_14_1_597.jpg,93,BAR,,Female,14,,597,1.0
female/93/1_BAR_14_1_597.jpg,93,BAR,,Female,14,,597,1.0
female/93/1_BAR_14_1_597.jpg,93,BAR,,Female,14,,597,1.0
female/93/1_BAR_14_1_597.jpg,93,BAR,,Female,14,,597,1.0
female/93/1_BAR_14_1_597.jpg,93,BAR,,Female,14,,597,1.0
female/93/1_BAR_14_1_597.jpg,93,BAR,,Female,14,,597,1.0
female/93/1_BAR_14_1_597.jpg,93,BAR,,Female,14,,597,1.0
female/93/1_BAR_14_1_597.jpg,93,BAR,,Female,14,,597,1.0
female/93/1_BAR_14_1_597.jpg,93,BAR,,Female,14,,597,1.0
female/93/1_BAR_14_1_597.jpg,93,BAR,,Female,14,,597,1.0
female/93/1_BAR_14_1_597.jpg,93,BAR,,Female,14,,597,1.0
female/93/1_BAR_14_1_597.jpg,93,BAR,,Female,14,,597,1.0
female/93/1_BAR_14_1_597.jpg,93,BAR,,Female,14,,597,1.0
female/93/1_BAR_14_1_597.jpg,93,BAR,,Female,14,,597,1.0
female/93/1_BAR_14_1_597.jpg,93,BAR,,Female,14,,597,1.0
female/93/1_BAR_14_1_597.jpg,93,BAR,,Female,14,,597,1.0
female/93/1_BAR_14_1_597.jpg,93,BAR,,Female,14,,597,1.0
female/93/1_BAR_14_1_597.jpg,93,BAR,,Female,14,,597,1.0
female/93/1_BAR_14_1_597.jpg,93,BAR,,Female,14,,597,1.0
female/93/1_BAR_14_1_597.jpg,93,BAR,,Female,14,,597,1.0
female/93/1_BAR_14_1_597.jpg,93,BAR,,Female,14,,597,1.0
female/93/1_BAR_14_1_597.jpg,93,BAR,,Female,14,,597,1.0
female/93/1_BAR_14_1_597.jpg,93,BAR,,Female,14,,597,1.0
female/93/1_BAR_14_1_597.jpg,93,BAR,,Female,14,,597,1.0
female/93/1_BAR_14_1_597.jpg,93,BAR,,Female,14,,597,1.0
female/93/1_BAR_14_1_597.jpg,93,BAR,,Female,14,,597,1.0
female/93/1_BAR_14_1_597.jpg,93,BAR,,Female,14,,597,1.0
female/93/1_BAR_14_1_597.jpg,93,BAR,,Female,14,,597,1.0
female/93/1_BAR_14_1_597.jpg,93,BAR,,Female,14,,597,1.0
female/93/1_BAR_14_1_597.jpg,93,BAR,,Female,14,,597,1.0
female/93/1_BAR_14_1_597.jpg,93,BAR,,Female,14,,597,1.0
female/93/1_BAR_14_1_597.jpg,93,BAR,,Female,14,,597,1.0
female/93/1_BAR_14_1_597.jpg,93,BAR,,Female,14,,597,1.0
female/93/1_BAR_14_1_597.jpg,93,BAR,,Female,14,,597,1.0
female/93/1_BAR_14_1_597.jpg,93,BAR,,Female,14,,597,1.0
female/93/1_BAR_14_1_597.jpg,93,BAR,,Female,14,,597,1.0
female/93/1_BAR_14_1_597.jpg,93,BAR,,Female,14,,597,1.0
female/93/1_BAR_14_1_597.jpg,93,BAR,,Female,14,,597,1.0
female/93/1_BAR_14_1_597.jpg,93,BAR,,Female,14,,597,1.0
female/93/1_BAR_14_1_597.jpg,93,BAR,,Female,14,,597,1.0
female/93/1_BAR_14_1_597.jpg,93,BAR,,Female,14,,597,1.0
female/93/1_BAR_14_1_597.jpg,93,BAR,,Female,14,,597,1.0
female/93/1_BAR_14_1_597.jpg,93,BAR,,Female,14,,597,1.0
female/93/1_BAR_14_1_597.jpg,93,BAR,,Female,14,,597,1.0
female/93/1_BAR_14_1_597.jpg,93,BAR,,Female,14,,597,1.0
female/93/1_BAR_14_1_597.jpg,93,BAR,,Female,14,,597,1.0
female/93/1_BAR_14_1_597.jpg,93,BAR,,Female,14,,597,1.0
female/93/1_BAR_14_1_597.jpg,93,BAR,,Female,14,,597,1.0
female/93/1_BAR_14_1_597.jpg,93,BAR,,Female,14,,597,1.0
female/93/1_BAR_14_1_597.jpg,93,BAR,,Female,14,,597,1.0
female/93/1_BAR_14_1_597.jpg,93,BAR,,Female,14,,597,1.0
female/93/1_BAR_14_1_597.jpg,93,BAR,,Female,14,,597,1.0
female/93/1_BAR_14_1_597.jpg,93,BAR,,Female,14,,597,1.0
female/93/1_BAR_14_1_597.jpg,93,BAR,,Female,14,,597,1.0
female/93/1_BAR_14_1_597.jpg,93,BAR,,Female,14,,597,1.0
female/93/1_BAR_14_1_597.jpg,93,BAR,,Female,14,,597,1.0
female/93/1_BAR_14_1_597.jpg,93,BAR,,Female,14,,597,1.0
female/93/1_BAR_14_1_597.jpg,93,BAR,,Female,14,,597,1.0
female/93/1_BAR_14_1_597.jpg,93,BAR,,Female,14,,597,1.0
female/93/1_BAR_14_1_597.jpg,93,BAR,,Female,14,,597,1.0
female/93/1_BAR_14_1_597.jpg,93,BAR,,Female,14,,597,1.0
female/93/1_BAR_14_1_597.jpg,93,BAR,,Female,14,,597,1.0
female/93/1_BAR_14_1_597.jpg,93,BAR,,Female,14,,597,1.0
female/93/1_BAR_14_1_597.jpg,93,BAR,,Female,14,,597,1.0
female/93/1_BAR_14_1_597.jpg,93,BAR,,Female,14,,597,1.0
female/93/1_BAR_14_1_597.jpg,93,BAR,,Female,14,,597,1.0
female/93/1_BAR_14_1_597.jpg,93,BAR,,Female,14,,597,1.0
female/93/1_BAR_14_1_597.jpg,93,BAR,,Female,14,,597,1.0
female/93/1_BAR_14_1_597.jpg,93,BAR,,Female,14,,597,1.0
female/93/1_BAR_14_1_597.jpg,93,BAR,,Female,14,,597,1.0
female/93/1_BAR_14_1_597.jpg,93,BAR,,Female,14,,597,1.0
female/93/1_BAR_14_1_597.jpg,93,BAR,,Female,14,,597,1.0
female/93/1_BAR_14_1_597.jpg,93,BAR,,Female,14,,597,1.0
female/93/1_BAR_14_1_597.jpg,93,BAR,,Female,14,,597,1.0
female/93/1_BAR_14_1_597.jpg,93,BAR,,Female,14,,597,1.0
female/93/1_BAR_14_1_597.jpg,93,BAR,,Female,14,,597,1.0
female/93/1_BAR_14_1_597.jpg,93,BAR,,Female,14,,597,1.0
female/93/1_BAR_14_1_597.jpg,93,BAR,,Female,14,,597,1.0
female/93/1_BAR_14_1_597.jpg,93,BAR,,Female,14,,597,1.0
female/93/1_BAR_14_1_597.jpg,93,BAR,,Female,14,,597,1.0
female/93/1_BAR_14_1_597.jpg,93,BAR,,Female,14,,597,1.0
female/93/1_BAR_14_1_597.jpg,93,BAR,,Female,14,,597,1.0
female/93/1_BAR_14_1_597.jpg,93,BAR,,Female,14,,597,1.0
female/93/1_BAR_14_1_597.jpg,93,BAR,,Female,14,,597,1.0
female/93/1_BAR_14_1_597.jpg,93,BAR,,Female,14,,597,1.0
female/93/1_BAR_14_1_597.jpg,93,BAR,,Female,14,,597,1.0
female/93/1_BAR_14_1_597.jpg,93,BAR,,Female,14,,597,1.0
female/93/1_BAR_14_1_597.jpg,93,BAR,,Female,14,,597,1.0
female/93/1_BAR_14_1_597.jpg,93,BAR,,Female,14,,597,1.0
female/93/1_BAR_14_1_597.jpg,93,BAR,,Female,14,,597,1.0
female/93/1_BAR_14_1_597.jpg,93,BAR,,Female,14,,597,1.0
female/93/1_BAR_14_1_597.jpg,93,BAR,,Female,14,,597,1.0
female/93/1_BAR_14_1_597.jpg,93,BAR,,Female,14,,597,1.0
female/93/1_BAR_14_1_597.jpg,93,BAR,,Female,14,,597,1.0
female/93/1_BAR_14_1_597.jpg,93,BAR,,Female,14,,597,1.0
female/93/1_BAR_14_1_597.jpg,93,BAR,,Female,14,,597,1.0
female/93/1_BAR_14_1_597.jpg,93,BAR,,Female,14,,597,1.0
female/93/1_BAR_14_1_597.jpg,93,BAR,,Female,14,,597,1.0
female/93/1_BAR_14_1_597.jpg,93,BAR,,Female,14,,597,1.0
female/93/1_BAR_14_1_597.jpg,93,BAR,,Female,14,,597,1.0
female/93/1_BAR_14_1_597.jpg,93,BAR,,Female,14,,597,1.0
female/93/1_BAR_14_1_597.jpg,93,BAR,,Female,14,,597,1.0
female/93/1_BAR_14_1_597.jpg,93,BAR,,Female,14,,597,1.0
female/93/1_BAR_14_1_597.jpg,93,BAR,,Female,14,,597,1.0
female/93/1_BAR_14_1_597.jpg,93,BAR,,Female,14,,597,1.0
female/93/1_BAR_14_1_597.jpg,93,BAR,,Female,14,,597,1.0
female/93/1_BAR_14_1_597.jpg,93,BAR,,Female,14,,597,1.0
female/93/1_BAR_14_1_597.jpg,93,BAR,,Female,14,,597,1.0
female/93/1_BAR_14_1_597.jpg,93,BAR,,Female,14,,597,1.0
female/93/1_BAR_14_1_597.jpg,93,BAR,,Female,14,,597,1.0
female/93/1_BAR_14_1_597.jpg,93,BAR,,Female,14,,597,1.0
female/93/1_BAR_14_1_597.jpg,93,BAR,,Female,14,,597,1.0
female/93/1_BAR_14_1_597.jpg,93,BAR,,Female,14,,597,1.0
female/93/1_BAR_14_1_597.jpg,93,BAR,,Female,14,,597,1.0
female/93/1_BAR_14_1_597.jpg,93,BAR,,Female,14,,597,1.0
female/93/1_BAR_14_1_597.jpg,93,BAR,,Female,14,,597,1.0
female/93/1_BAR_14_1_597.jpg,93,BAR,,Female,14,,597,1.0
female/93/1_BAR_14_1_597.jpg,93,BAR,,Female,14,,597,1.0
female/93/1_BAR_14_1_597.jpg,93,BAR,,Female,14,,597,1.0
female/93/1_BAR_14_1_597.jpg,93,BAR,,Female,14,,597,1.0
female/93/1_BAR_14_1_597.jpg,93,BAR,,Female,14,,597,1.0
female/93/1_BAR_14_1_597.jpg,93,BAR,,Female,14,,597,1.0
female/93/1_BAR_14_1_597.jpg,93,BAR,,Female,14,,597,1.0
female/93/1_BAR_14_1_597.jpg,93,BAR,,Female,14,,597,1.0
female/93/1_BAR_14_1_597.jpg,93,BAR,,Female,14,,597,1.0
female/93/1_BAR_14_1_597.jpg,93,BAR,,Female,14,,597,1.0
female/93/1_BAR_14_1_597.jpg,93,BAR,,Female,14,,597,1.0
female/93/1_BAR_14_1_597.jpg,93,BAR,,Female,14,,597,1.0
female/93/1_BAR_14_1_597.jpg,93,BAR,,Female,14,,597,1.0
female/93/1_BAR_14_1_597.jpg,93,BAR,,Female,14,,597,1.0
female/93/1_BAR_14_1_597.jpg,93,BAR,,Female,14,,597,1.0
female/93/1_BAR_14_1_597.jpg,93,BAR,,Female,14,,597,1.0
female/93/1_BAR_14_1_597.jpg,93,BAR,,Female,14,,597,1.0
female/93/1_BAR_14_1_597.jpg,93,BAR,,Female,14,,597,1.0
female/93/1_BAR_14_1_597.jpg,93,BAR,,Female,14,,597,1.0
female/93/1_BAR_14_1_597.jpg,93,BAR,,Female,14,,597,1.0
female/93/1_BAR_14_1_597.jpg,93,BAR,,Female,14,,597,1.0
female/93/1_BAR_14_1_597.jpg,93,BAR,,Female,14,,597,1.0
female/93/1_BAR_14_1_597.jpg,93,BAR,,Female,14,,597,1.0
female/93/1_BAR_14_1_597.jpg,93,BAR,,Female,14,,597,1.0
female/93/1_BAR_14_1_597.jpg,93,BAR,,Female,14,,597,1.0
female/93/1_BAR_14_1_597.jpg,93,BAR,,Female,14,,597,1.0
female/93/1_BAR_14_1_597.jpg,93,BAR,,Female,14,,597,1.0
female/93/1_BAR_14_1_597.jpg,93,BAR,,Female,14,,597,1.0
female/93/1_BAR_14_1_597.jpg,93,BAR,,Female,14,,597,1.0
female/93/1_BAR_14_1_597.jpg,93,BAR,,Female,14,,597,1.0
female/93/1_BAR_14_1_597.jpg,93,BAR,,Female,14,,597,1.0
female/93/1_BAR_14_1_597.jpg,93,BAR,,Female,14,,597,1.0
female/93/1_BAR_14_1_597.jpg,93,BAR,,Female,14,,597,1.0
female/93/1_BAR_14_1_597.jpg,93,BAR,,Female,14,,597,1.0
female/93/1_BAR_14_1_597.jpg,93,BAR,,Female,14,,597,1.0
female/93/1_BAR_14_1_597.jpg,93,BAR,,Female,14,,597,1.0
female/93/1_BAR_14_1_597.jpg,93,BAR,,Female,14,,597,1.0
female/93/1_BAR_14_1_597.jpg,93,BAR,,Female,14,,597,1.0
female/93/1_BAR_14_1_597.jpg,93,BAR,,Female,14,,597,1.0
female/93/1_BAR_14_1_597.jpg,93,BAR,,Female,14,,597,1.0
female/93/1_BAR_14_1_597.jpg,93,BAR,,Female,14,,597,1.0
female/93/1_BAR_14_1_597.jpg,93,BAR,,Female,14,,597,1.0
female/93/1_BAR_14_1_597.jpg,93,BAR,,Female,14,,597,1.0
female/93/1_BAR_14_1_597.jpg,93,BAR,,Female,14,,597,1.0
female/93/1_BAR_14_1_597.jpg,93,BAR,,Female,14,,597,1.0
female/93/1_BAR_14_1_597.jpg,93,BAR,,Female,14,,597,1.0
female/93/1_BAR_14_1_597.jpg,93,BAR,,Female,14,,597,1.0
female/93/1_BAR_14_1_597.jpg,93,BAR,,Female,14,,597,1.0
female/93/1_BAR_14_1_597.jpg,93,BAR,,Female,14,,597,1.0
female/93/1_BAR_14_1_597.jpg,93,BAR,,Female,14,,597,1.0
female/93/1_BAR_14_1_597.jpg,93,BAR,,Female,14,,597,1.0
female/93/1_BAR_14_1_597.jpg,93,BAR,,Female,14,,597,1.0
female/93/1_BAR_14_1_597.jpg,93,BAR,,Female,14,,597,1.0
female/93/1_BAR_14_1_597.jpg,93,BAR,,Female,14,,597,1.0
female/93/1_BAR_14_1_597.jpg,93,BAR,,Female,14,,597,1.0
female/93/1_BAR_14_1_597.jpg,93,BAR,,Female,14,,597,1.0
female/93/1_BAR_14_1_597.jpg,93,BAR,,Female,14,,597,1.0
female/93/1_BAR_14_1_597.jpg,93,BAR,,Female,14,,597,1.0
female/93/1_BAR_14_1_597.jpg,93,BAR,,Female,14,,597,1.0
female/93/1_BAR_14_1_597.jpg,93,BAR,,Female,14,,597,1.0
female/93/1_BAR_14_1_597.jpg,93,BAR,,Female,14,,597,1.0
female/93/1_BAR_14_1_597.jpg,93,BAR,,Female,14,,597,1.0
female/93/1_BAR_14_1_597.jpg,93,BAR,,Female,14,,597,1.0
female/93/1_BAR_14_1_597.jpg,93,BAR,,Female,14,,597,1.0
female/93/1_BAR_14_1_597.jpg,93,BAR,,Female,14,,597,1.0
female/93/1_BAR_14_1_597.jpg,93,BAR,,Female,14,,597,1.0
female/93/1_BAR_14_1_597.jpg,93,BAR,,Female,14,,597,1.0
female/93/1_BAR_14_1_597.jpg,93,BAR,,Female,14,,597,1.0
female/93/1_BAR_14_1_597.jpg,93,BAR,,Female,14,,597,1.0
female/93/1_BAR_14_1_597.jpg,93,BAR,,Female,14,,597,1.0
female/93/1_BAR_14_1_597.jpg,93,BAR,,Female,14,,597,1.0
female/93/1_BAR_14_1_597.jpg,93,BAR,,Female,14,,597,1.0
female/93/1_BAR_14_1_597.jpg,93,BAR,,Female,14,,597,1.0
female/93/1_BAR_14_1_597.jpg,93,BAR,,Female,14,,597,1.0
female/93/1_BAR_14_1_597.jpg,93,BAR,,Female,14,,597,1.0
female/93/1_BAR_14_1_597.jpg,93,BAR,,Female,14,,597,1.0
female/93/1_BAR_14_1_597.jpg,93,BAR,,Female,14,,597,1.0
female/93/1_BAR_14_1_597.jpg,93,BAR,,Female,14,,597,1.0
female/93/1_BAR_14_1_597.jpg,93,BAR,,Female,14,,597,1.0
female/93/1_BAR_14_1_597.jpg,93,BAR,,Female,14,,597,1.0
female/93/1_BAR_14_1_597.jpg,93,BAR,,Female,14,,597,1.0
female/93/1_BAR_14_1_597.jpg,93,BAR,,Female,14,,597,1.0
female/93/1_BAR_14_1_597.jpg,93,BAR,,Female,14,,597,1.0
female/93/1_BAR_14_1_597.jpg,93,BAR,,Female,14,,597,1.0
female/93/1_BAR_14_1_597.jpg,93,BAR,,Female,14,,597,1.0
female/93/1_BAR_14_1_597.jpg,93,BAR,,Female,14,,597,1.0
female/93/1_BAR_14_1_597.jpg,93,BAR,,Female,14,,597,1.0
female/93/1_BAR_14_1_597.jpg,93,BAR,,Female,14,,597,1.0
female/93/1_BAR_14_1_597.jpg,93,BAR,,Female,14,,597,1.0
female/93/1_BAR_14_1_597.jpg,93,BAR,,Female,14,,597,1.0
female/93/1_BAR_14_1_597.jpg,93,BAR,,Female,14,,597,1.0
female/93/1_BAR_14_1_597.jpg,93,BAR,,Female,14,,597,1.0
female/93/1_BAR_14_1_597.jpg,93,BAR,,Female,14,,597,1.0
female/93/1_BAR_14_1_597.jpg,93,BAR,,Female,14,,597,1.0
female/93/1_BAR_14_1_597.jpg,93,BAR,,Female,14,,597,1.0
female/93/1_BAR_14_1_597.jpg,93,BAR,,Female,14,,597,1.0
female/93/1_BAR_14_1_597.jpg,93,BAR,,Female,14,,597,1.0
female/93/1_BAR_14_1_597.jpg,93,BAR,,Female,14,,597,1.0
female/93/1_BAR_14_1_597.jpg,93,BAR,,Female,14,,597,1.0
female/93/1_BAR_14_1_597.jpg,93,BAR,,Female,14,,597,1.0
female/93/1_BAR_14_1_597.jpg,93,BAR,,Female,14,,597,1.0
female/93/1_BAR_14_1_597.jpg,93,BAR,,Female,14,,597,1.0
female/93/1_BAR_14_1_597.jpg,93,BAR,,Female,14,,597,1.0
female/93/1_BAR_14_1_597.jpg,93,BAR,,Female,14,,597,1.0
female/93/1_BAR_14_1_597.jpg,93,BAR,,Female,14,,597,1.0
female/93/1_BAR_14_1_597.jpg,93,BAR,,Female,14,,597,1.0
female/93/1_BAR_14_1_597.jpg,93,BAR,,Female,14,,597,1.0
female/93/1_BAR_14_1_597.jpg,93,BAR,,Female,14,,597,1.0
female/93/1_BAR_14_1_597.jpg,93,BAR,,Female,14,,597,1.0
female/93/1_BAR_14_1_597.jpg,93,BAR,,Female,14,,597,1.0
female/93/1_BAR_14_1_597.jpg,93,BAR,,Female,14,,597,1.0
female/93/1_BAR_14_1_597.jpg,93,BAR,,Female,14,,597,1.0
female/93/1_BAR_14_1_597.jpg,93,BAR,,Female,14,,597,1.0
female/93/1_BAR_14_1_597.jpg,93,BAR,,Female,14,,597,1.0
female/93/1_BAR_14_1_597.jpg,93,BAR,,Female,14,,597,1.0
female/93/1_BAR_14_1_597.jpg,93,BAR,,Female,14,,597,1.0
female/93/1_BAR_14_1_597.jpg,93,BAR,,Female,14,,597,1.0
female/93/1_BAR_14_1_597.jpg,93,BAR,,Female,14,,597,1.0
female/93/1_BAR_14_1_597.jpg,93,BAR,,Female,14,,597,1.0
female/93/1_BAR_14_1_597.jpg,93,BAR,,Female,14,,597,1.0
female/93/1_BAR_14_1_597.jpg,93,BAR,,Female,14,,597,1.0
female/93/1_BAR_14_1_597.jpg,93,BAR,,Female,14,,597,1.0
female/93/1_BAR_14_1_597.jpg,93,BAR,,Female,14,,597,1.0
female/93/1_BAR_14_1_597.jpg,93,BAR,,Female,14,,597,1.0
female/93/1_BAR_14_1_597.jpg,93,BAR,,Female,14,,597,1.0
female/93/1_BAR_14_1_597.jpg,93,BAR,,Female,14,,597,1.0
female/93/1_BAR_14_1_597.jpg,93,BAR,,Female,14,,597,1.0
female/93/1_BAR_14_1_597.jpg,93,BAR,,Female,14,,597,1.0
female/93/1_BAR_14_1_597.jpg,93,BAR,,Female,14,,597,1.0
female/93/1_BAR_14_1_597.jpg,93,BAR,,Female,14,,597,1.0
female/93/1_BAR_14_1_597.jpg,93,BAR,,Female,14,,597,1.0
female/93/1_BAR_14_1_597.jpg,93,BAR,,Female,14,,597,1.0
female/93/1_BAR_14_1_597.jpg,93,BAR,,Female,14,,597,1.0
female/93/1_BAR_14_1_597.jpg,93,BAR,,Female,14,,597,1.0
female/93/1_BAR_14_1_597.jpg,93,BAR,,Female,14,,597,1.0
female/93/1_BAR_14_1_597.jpg,93,BAR,,Female,14,,597,1.0
female/93/1_BAR_14_1_597.jpg,93,BAR,,Female,14,,597,1.0
female/93/1_BAR_14_1_597.jpg,93,BAR,,Female,14,,597,1.0
female/93/1_BAR_14_1_597.jpg,93,BAR,,Female,14,,597,1.0
female/93/1_BAR_14_1_597.jpg,93,BAR,,Female,14,,597,1.0
female/93/1_BAR_14_1_597.jpg,93,BAR,,Female,14,,597,1.0
female/93/1_BAR_14_1_597.jpg,93,BAR,,Female,14,,597,1.0
female/93/1_BAR_14_1_597.jpg,93,BAR,,Female,14,,597,1.0
female/93/1_BAR_14_1_597.jpg,93,BAR,,Female,14,,597,1.0
female/93/1_BAR_14_1_597.jpg,93,BAR,,Female,14,,597,1.0
female/93/1_BAR_14_1_597.jpg,93,BAR,,Female,14,,597,1.0
female/93/1_BAR_14_1_597.jpg,93,BAR,,Female,14,,597,1.0
female/93/1_BAR_14_1_597.jpg,93,BAR,,Female,14,,597,1.0
female/93/1_BAR_14_1_597.jpg,93,BAR,,Female,14,,597,1.0
female/93/1_BAR_14_1_597.jpg,93,BAR,,Female,14,,597,1.0
female/93/1_BAR_14_1_597.jpg,93,BAR,,Female,14,,597,1.0
female/93/1_BAR_14_1_597.jpg,93,BAR,,Female,14,,597,1.0
female/93/1_BAR_14_1_597.jpg,93,BAR,,Female,14,,597,1.0
female/93/1_BAR_14_1_597.jpg,93,BAR,,Female,14,,597,1.0
female/93/1_BAR_14_1_597.jpg,93,BAR,,Female,14,,597,1.0
female/93/1_BAR_14_1_597.jpg,93,BAR,,Female,14,,597,1.0
female/93/1_BAR_14_1_597.jpg,93,BAR,,Female,14,,597,1.0
female/93/1_BAR_14_1_597.jpg,93,BAR,,Female,14,,597,1.0
female/93/1_BAR_14_1_597.jpg,93,BAR,,Female,14,,597,1.0
female/93/1_BAR_14_1_597.jpg,93,BAR,,Female,14,,597,1.0
female/93/1_BAR_14_1_597.jpg,93,BAR,,Female,14,,597,1.0
female/93/1_BAR_14_1_597.jpg,93,BAR,,Female,14,,597,1.0
female/93/1_BAR_14_1_597.jpg,93,BAR,,Female,14,,597,1.0
female/93/1_BAR_14_1_597.jpg,93,BAR,,Female,14,,597,1.0
female/93/1_BAR_14_1_597.jpg,93,BAR,,Female,14,,597,1.0
female/93/1_BAR_14_1_597.jpg,93,BAR,,Female,14,,597,1.0
female/93/1_BAR_14_1_597.jpg,93,BAR,,Female,14,,597,1.0
female/93/1_BAR_14_1_597.jpg,93,BAR,,Female,14,,597,1.0
female/93/1_BAR_14_1_597.jpg,93,BAR,,Female,14,,597,1.0
female/93/1_BAR_14_1_597.jpg,93,BAR,,Female,14,,597,1.0
female/93/1_BAR_14_1_597.jpg,93,BAR,,Female,14,,597,1.0
female/93/1_BAR_14_1_597.jpg,93,BAR,,Female,14,,597,1.0
female/93/1_BAR_14_1_597.jpg,93,BAR,,Female,14,,597,1.0
female/93/1_BAR_14_1_597.jpg,93,BAR,,Female,14,,597,1.0
female/93/1_BAR_14_1_597.jpg,93,BAR,,Female,14,,597,1.0
female/93/1_BAR_14_1_597.jpg,93,BAR,,Female,14,,597,1.0
female/93/1_BAR_14_1_597.jpg,93,BAR,,Female,14,,597,1.0
female/93/1_BAR_14_1_597.jpg,93,BAR,,Female,14,,597,1.0
female/93/1_BAR_14_1_597.jpg,93,BAR,,Female,14,,597,1.0
female/93/1_BAR_14_1_597.jpg,93,BAR,,Female,14,,597,1.0
female/93/1_BAR_14_1_597.jpg,93,BAR,,Female,14,,597,1.0
female/93/1_BAR_14_1_597.jpg,93,BAR,,Female,14,,597,1.0
female/93/1_BAR_14_1_597.jpg,93,BAR,,Female,14,,597,1.0
female/93/1_BAR_14_1_597.jpg,93,BAR,,Female,14,,597,1.0
female/93/1_BAR_14_1_597.jpg,93,BAR,,Female,14,,597,1.0
female/93/1_BAR_14_1_597.jpg,93,BAR,,Female,14,,597,1.0
female/93/1_BAR_14_1_597.jpg,93,BAR,,Female,14,,597,1.0
female/93/1_BAR_14_1_597.jpg,93,BAR,,Female,14,,597,1.0
female/93/1_BAR_14_1_597.jpg,93,BAR,,Female,14,,597,1.0
female/93/1_BAR_14_1_597.jpg,93,BAR,,Female,14,,597,1.0
female/93/1_BAR_14_1_597.jpg,93,BAR,,Female,14,,597,1.0
female/93/1_BAR_14_1_597.jpg,93,BAR,,Female,14,,597,1.0
female/93/1_BAR_14_1_597.jpg,93,BAR,,Female,14,,597,1.0
female/93/1_BAR_14_1_597.jpg,93,BAR,,Female,14,,597,1.0
female/93/1_BAR_14_1_597.jpg,93,BAR,,Female,14,,597,1.0
female/93/1_BAR_14_1_597.jpg,93,BAR,,Female,14,,597,1.0
female/93/1_BAR_14_1_597.jpg,93,BAR,,Female,14,,597,1.0
female/93/1_BAR_14_1_597.jpg,93,BAR,,Female,14,,597,1.0
female/93/1_BAR_14_1_597.jpg,93,BAR,,Female,14,,597,1.0
female/93/1_BAR_14_1_597.jpg,93,BAR,,Female,14,,597,1.0
female/93/1_BAR_14_1_597.jpg,93,BAR,,Female,14,,597,1.0
female/93/1_BAR_14_1_597.jpg,93,BAR,,Female,14,,597,1.0
female/93/1_BAR_14_1_597.jpg,93,BAR,,Female,14,,597,1.0
female/93/1_BAR_14_1_597.jpg,93,BAR,,Female,14,,597,1.0
female/93/1_BAR_14_1_597.jpg,93,BAR,,Female,14,,597,1.0
female/93/1_BAR_14_1_597.jpg,93,BAR,,Female,14,,597,1.0
female/93/1_BAR_14_1_597.jpg,93,BAR,,Female,14,,597,1.0
female/93/1_BAR_14_1_597.jpg,93,BAR,,Female,14,,597,1.0
female/93/1_BAR_14_1_597.jpg,93,BAR,,Female,14,,597,1.0
female/93/1_BAR_14_1_597.jpg,93,BAR,,Female,14,,597,1.0
female/93/1_BAR_14_1_597.jpg,93,BAR,,Female,14,,597,1.0
female/93/1_BAR_14_1_597.jpg,93,BAR,,Female,14,,597,1.0
female/93/1_BAR_14_1_597.jpg,93,BAR,,Female,14,,597,1.0
female/93/1_BAR_14_1_597.jpg,93,BAR,,Female,14,,597,1.0
female/93/1_BAR_14_1_597.jpg,93,BAR,,Female,14,,597,1.0
female/93/1_BAR_14_1_597.jpg,93,BAR,,Female,14,,597,1.0
female/93/1_BAR_14_1_597.jpg,93,BAR,,Female,14,,597,1.0
female/93/1_BAR_14_1_597.jpg,93,BAR,,Female,14,,597,1.0
female/93/1_BAR_14_1_597.jpg,93,BAR,,Female,14,,597,1.0
female/93/1_BAR_14_1_597.jpg,93,BAR,,Female,14,,597,1.0
female/93/1_BAR_14_1_597.jpg,93,BAR,,Female,14,,597,1.0
female/93/1_BAR_14_1_597.jpg,93,BAR,,Female,14,,597,1.0
female/93/1_BAR_14_1_597.jpg,93,BAR,,Female,14,,597,1.0
female/93/1_BAR_14_1_597.jpg,93,BAR,,Female,14,,597,1.0
female/93/1_BAR_14_1_597.jpg,93,BAR,,Female,14,,597,1.0
female/93/1_BAR_14_1_597.jpg,93,BAR,,Female,14,,597,1.0
female/93/1_BAR_14_1_597.jpg,93,BAR,,Female,14,,597,1.0
female/93/1_BAR_14_1_597.jpg,93,BAR,,Female,14,,597,1.0
female/93/1_BAR_14_1_597.jpg,93,BAR,,Female,14,,597,1.0
female/93/1_BAR_14_1_597.jpg,93,BAR,,Female,14,,597,1.0
female/93/1_BAR_14_1_597.jpg,93,BAR,,Female,14,,597,1.0
female/93/1_BAR_14_1_597.jpg,93,BAR,,Female,14,,597,1.0
female/93/1_BAR_14_1_597.jpg,93,BAR,,Female,14,,597,1.0
female/93/1_BAR_14_1_597.jpg,93,BAR,,Female,14,,597,1.0
female/93/1_BAR_14_1_597.jpg,93,BAR,,Female,14,,597,1.0
female/93/1_BAR_14_1_597.jpg,93,BAR,,Female,14,,597,1.0
female/93/1_BAR_14_1_597.jpg,93,BAR,,Female,14,,597,1.0
female/93/1_BAR_14_1_597.jpg,93,BAR,,Female,14,,597,1.0
female/93/1_BAR_14_1_597.jpg,93,BAR,,Female,14,,597,1.0
female/93/1_BAR_14_1_597.jpg,93,BAR,,Female,14,,597,1.0
female/93/1_BAR_14_1_597.jpg,93,BAR,,Female,14,,597,1.0
female/93/1_BAR_14_1_597.jpg,93,BAR,,Female,14,,597,1.0
female/93/1_BAR_14_1_597.jpg,93,BAR,,Female,14,,597,1.0
female/93/1_BAR_14_1_597.jpg,93,BAR,,Female,14,,597,1.0
female/93/1_BAR_14_1_597.jpg,93,BAR,,Female,14,,597,1.0
female/93/1_BAR_14_1_597.jpg,93,BAR,,Female,14,,597,1.0
female/93/1_BAR_14_1_597.jpg,93,BAR,,Female,14,,597,1.0
female/93/1_BAR_14_1_597.jpg,93,BAR,,Female,14,,597,1.0
female/93/1_BAR_14_1_597.jpg,93,BAR,,Female,14,,597,1.0
female/93/1_BAR_14_1_597.jpg,93,BAR,,Female,14,,597,1.0
female/93/1_BAR_14_1_597.jpg,93,BAR,,Female,14,,597,1.0
female/93/1_BAR_14_1_597.jpg,93,BAR,,Female,14,,597,1.0
female/93/1_BAR_14_1_597.jpg,93,BAR,,Female,14,,597,1.0
female/93/1_BAR_14_1_597.jpg,93,BAR,,Female,14,,597,1.0
female/93/1_BAR_14_1_597.jpg,93,BAR,,Female,14,,597,1.0
female/95/1_BAR_13_1_472.jpg,95,BAR,,Female,13,,472,1.0
female/95/1_BAR_13_1_472.jpg,95,BAR,,Female,13,,472,1.0
female/95/1_BAR_13_1_472.jpg,95,BAR,,Female,13,,472,1.0
female/95/1_BAR_13_1_472.jpg,95,BAR,,Female,13,,472,1.0
female/95/1_BAR_13_1_472.jpg,95,BAR,,Female,13,,472,1.0
female/95/1_BAR_13_1_472.jpg,95,BAR,,Female,13,,472,1.0
female/95/1_BAR_13_1_472.jpg,95,BAR,,Female,13,,472,1.0
female/95/1_BAR_13_1_472.jpg,95,BAR,,Female,13,,472,1.0
female/95/1_BAR_13_1_472.jpg,95,BAR,,Female,13,,472,1.0
female/95/1_BAR_13_1_472.jpg,95,BAR,,Female,13,,472,1.0
female/95/1_BAR_13_1_472.jpg,95,BAR,,Female,13,,472,1.0
female/95/1_BAR_13_1_472.jpg,95,BAR,,Female,13,,472,1.0
female/95/1_BAR_13_1_472.jpg,95,BAR,,Female,13,,472,1.0
female/95/1_BAR_13_1_472.jpg,95,BAR,,Female,13,,472,1.0
female/95/1_BAR_13_1_472.jpg,95,BAR,,Female,13,,472,1.0
female/95/1_BAR_13_1_472.jpg,95,BAR,,Female,13,,472,1.0
female/95/1_BAR_13_1_472.jpg,95,BAR,,Female,13,,472,1.0
female/95/1_BAR_13_1_472.jpg,95,BAR,,Female,13,,472,1.0
female/95/1_BAR_13_1_472.jpg,95,BAR,,Female,13,,472,1.0
female/95/1_BAR_13_1_472.jpg,95,BAR,,Female,13,,472,1.0
female/95/1_BAR_13_1_472.jpg,95,BAR,,Female,13,,472,1.0
female/95/1_BAR_13_1_472.jpg,95,BAR,,Female,13,,472,1.0
female/95/1_BAR_13_1_472.jpg,95,BAR,,Female,13,,472,1.0
female/95/1_BAR_13_1_472.jpg,95,BAR,,Female,13,,472,1.0
female/95/1_BAR_13_1_472.jpg,95,BAR,,Female,13,,472,1.0
female/95/1_BAR_13_1_472.jpg,95,BAR,,Female,13,,472,1.0
female/95/1_BAR_13_1_472.jpg,95,BAR,,Female,13,,472,1.0
female/95/1_BAR_13_1_472.jpg,95,BAR,,Female,13,,472,1.0
female/95/1_BAR_13_1_472.jpg,95,BAR,,Female,13,,472,1.0
female/95/1_BAR_13_1_472.jpg,95,BAR,,Female,13,,472,1.0
female/95/1_BAR_13_1_472.jpg,95,BAR,,Female,13,,472,1.0
female/95/1_BAR_13_1_472.jpg,95,BAR,,Female,13,,472,1.0
female/95/1_BAR_13_1_472.jpg,95,BAR,,Female,13,,472,1.0
female/95/1_BAR_13_1_472.jpg,95,BAR,,Female,13,,472,1.0
female/95/1_BAR_13_1_472.jpg,95,BAR,,Female,13,,472,1.0
female/95/1_BAR_13_1_472.jpg,95,BAR,,Female,13,,472,1.0
female/95/1_BAR_13_1_472.jpg,95,BAR,,Female,13,,472,1.0
female/95/1_BAR_13_1_472.jpg,95,BAR,,Female,13,,472,1.0
female/95/1_BAR_13_1_472.jpg,95,BAR,,Female,13,,472,1.0
female/95/1_BAR_13_1_472.jpg,95,BAR,,Female,13,,472,1.0
female/95/1_BAR_13_1_472.jpg,95,BAR,,Female,13,,472,1.0
female/95/1_BAR_13_1_472.jpg,95,BAR,,Female,13,,472,1.0
female/95/1_BAR_13_1_472.jpg,95,BAR,,Female,13,,472,1.0
female/95/1_BAR_13_1_472.jpg,95,BAR,,Female,13,,472,1.0
female/95/1_BAR_13_1_472.jpg,95,BAR,,Female,13,,472,1.0
female/95/1_BAR_13_1_472.jpg,95,BAR,,Female,13,,472,1.0
female/95/1_BAR_13_1_472.jpg,95,BAR,,Female,13,,472,1.0
female/95/1_BAR_13_1_472.jpg,95,BAR,,Female,13,,472,1.0
female/95/1_BAR_13_1_472.jpg,95,BAR,,Female,13,,472,1.0
female/95/1_BAR_13_1_472.jpg,95,BAR,,Female,13,,472,1.0
female/95/1_BAR_13_1_472.jpg,95,BAR,,Female,13,,472,1.0
female/95/1_BAR_13_1_472.jpg,95,BAR,,Female,13,,472,1.0
female/95/1_BAR_13_1_472.jpg,95,BAR,,Female,13,,472,1.0
female/95/1_BAR_13_1_472.jpg,95,BAR,,Female,13,,472,1.0
female/95/1_BAR_13_1_472.jpg,95,BAR,,Female,13,,472,1.0
female/95/1_BAR_13_1_472.jpg,95,BAR,,Female,13,,472,1.0
female/95/1_BAR_13_1_472.jpg,95,BAR,,Female,13,,472,1.0
female/95/1_BAR_13_1_472.jpg,95,BAR,,Female,13,,472,1.0
female/95/1_BAR_13_1_472.jpg,95,BAR,,Female,13,,472,1.0
female/95/1_BAR_13_1_472.jpg,95,BAR,,Female,13,,472,1.0
female/95/1_BAR_13_1_472.jpg,95,BAR,,Female,13,,472,1.0
female/95/1_BAR_13_1_472.jpg,95,BAR,,Female,13,,472,1.0
female/95/1_BAR_13_1_472.jpg,95,BAR,,Female,13,,472,1.0
female/95/1_BAR_13_1_472.jpg,95,BAR,,Female,13,,472,1.0
female/95/1_BAR_13_1_472.jpg,95,BAR,,Female,13,,472,1.0
female/95/1_BAR_13_1_472.jpg,95,BAR,,Female,13,,472,1.0
female/95/1_BAR_13_1_472.jpg,95,BAR,,Female,13,,472,1.0
female/95/1_BAR_13_1_472.jpg,95,BAR,,Female,13,,472,1.0
female/95/1_BAR_13_1_472.jpg,95,BAR,,Female,13,,472,1.0
female/95/1_BAR_13_1_472.jpg,95,BAR,,Female,13,,472,1.0
female/95/1_BAR_13_1_472.jpg,95,BAR,,Female,13,,472,1.0
female/95/1_BAR_13_1_472.jpg,95,BAR,,Female,13,,472,1.0
female/95/1_BAR_13_1_472.jpg,95,BAR,,Female,13,,472,1.0
female/95/1_BAR_13_1_472.jpg,95,BAR,,Female,13,,472,1.0
female/95/1_BAR_13_1_472.jpg,95,BAR,,Female,13,,472,1.0
female/95/1_BAR_13_1_472.jpg,95,BAR,,Female,13,,472,1.0
female/95/1_BAR_13_1_472.jpg,95,BAR,,Female,13,,472,1.0
female/95/1_BAR_13_1_472.jpg,95,BAR,,Female,13,,472,1.0
female/95/1_BAR_13_1_472.jpg,95,BAR,,Female,13,,472,1.0
female/95/1_BAR_13_1_472.jpg,95,BAR,,Female,13,,472,1.0
female/95/1_BAR_13_1_472.jpg,95,BAR,,Female,13,,472,1.0
female/95/1_BAR_13_1_472.jpg,95,BAR,,Female,13,,472,1.0
female/95/1_BAR_13_1_472.jpg,95,BAR,,Female,13,,472,1.0
female/95/1_BAR_13_1_472.jpg,95,BAR,,Female,13,,472,1.0
female/95/1_BAR_13_1_472.jpg,95,BAR,,Female,13,,472,1.0
female/95/1_BAR_13_1_472.jpg,95,BAR,,Female,13,,472,1.0
female/95/1_BAR_13_1_472.jpg,95,BAR,,Female,13,,472,1.0
female/95/1_BAR_13_1_472.jpg,95,BAR,,Female,13,,472,1.0
female/95/1_BAR_13_1_472.jpg,95,BAR,,Female,13,,472,1.0
female/95/1_BAR_13_1_472.jpg,95,BAR,,Female,13,,472,1.0
female/95/1_BAR_13_1_472.jpg,95,BAR,,Female,13,,472,1.0
female/95/1_BAR_13_1_472.jpg,95,BAR,,Female,13,,472,1.0
female/95/1_BAR_13_1_472.jpg,95,BAR,,Female,13,,472,1.0
female/95/1_BAR_13_1_472.jpg,95,BAR,,Female,13,,472,1.0
female/95/1_BAR_13_1_472.jpg,95,BAR,,Female,13,,472,1.0
female/95/1_BAR_13_1_472.jpg,95,BAR,,Female,13,,472,1.0
female/95/1_BAR_13_1_472.jpg,95,BAR,,Female,13,,472,1.0
female/95/1_BAR_13_1_472.jpg,95,BAR,,Female,13,,472,1.0
female/95/1_BAR_13_1_472.jpg,95,BAR,,Female,13,,472,1.0
female/95/1_BAR_13_1_472.jpg,95,BAR,,Female,13,,472,1.0
female/95/1_BAR_13_1_472.jpg,95,BAR,,Female,13,,472,1.0
female/95/1_BAR_13_1_472.jpg,95,BAR,,Female,13,,472,1.0
female/95/1_BAR_13_1_472.jpg,95,BAR,,Female,13,,472,1.0
female/95/1_BAR_13_1_472.jpg,95,BAR,,Female,13,,472,1.0
female/95/1_BAR_13_1_472.jpg,95,BAR,,Female,13,,472,1.0
female/95/1_BAR_13_1_472.jpg,95,BAR,,Female,13,,472,1.0
female/95/1_BAR_13_1_472.jpg,95,BAR,,Female,13,,472,1.0
female/95/1_BAR_13_1_472.jpg,95,BAR,,Female,13,,472,1.0
female/95/1_BAR_13_1_472.jpg,95,BAR,,Female,13,,472,1.0
female/95/1_BAR_13_1_472.jpg,95,BAR,,Female,13,,472,1.0
female/95/1_BAR_13_1_472.jpg,95,BAR,,Female,13,,472,1.0
female/95/1_BAR_13_1_472.jpg,95,BAR,,Female,13,,472,1.0
female/95/1_BAR_13_1_472.jpg,95,BAR,,Female,13,,472,1.0
female/95/1_BAR_13_1_472.jpg,95,BAR,,Female,13,,472,1.0
female/95/1_BAR_13_1_472.jpg,95,BAR,,Female,13,,472,1.0
female/95/1_BAR_13_1_472.jpg,95,BAR,,Female,13,,472,1.0
female/95/1_BAR_13_1_472.jpg,95,BAR,,Female,13,,472,1.0
female/95/1_BAR_13_1_472.jpg,95,BAR,,Female,13,,472,1.0
female/95/1_BAR_13_1_472.jpg,95,BAR,,Female,13,,472,1.0
female/95/1_BAR_13_1_472.jpg,95,BAR,,Female,13,,472,1.0
female/95/1_BAR_13_1_472.jpg,95,BAR,,Female,13,,472,1.0
female/95/1_BAR_13_1_472.jpg,95,BAR,,Female,13,,472,1.0
female/95/1_BAR_13_1_472.jpg,95,BAR,,Female,13,,472,1.0
female/95/1_BAR_13_1_472.jpg,95,BAR,,Female,13,,472,1.0
female/95/1_BAR_13_1_472.jpg,95,BAR,,Female,13,,472,1.0
female/95/1_BAR_13_1_472.jpg,95,BAR,,Female,13,,472,1.0
female/95/1_BAR_13_1_472.jpg,95,BAR,,Female,13,,472,1.0
female/95/1_BAR_13_1_472.jpg,95,BAR,,Female,13,,472,1.0
female/95/1_BAR_13_1_472.jpg,95,BAR,,Female,13,,472,1.0
female/95/1_BAR_13_1_472.jpg,95,BAR,,Female,13,,472,1.0
female/95/1_BAR_13_1_472.jpg,95,BAR,,Female,13,,472,1.0
female/95/1_BAR_13_1_472.jpg,95,BAR,,Female,13,,472,1.0
female/95/1_BAR_13_1_472.jpg,95,BAR,,Female,13,,472,1.0
female/95/1_BAR_13_1_472.jpg,95,BAR,,Female,13,,472,1.0
female/95/1_BAR_13_1_472.jpg,95,BAR,,Female,13,,472,1.0
female/95/1_BAR_13_1_472.jpg,95,BAR,,Female,13,,472,1.0
female/95/1_BAR_13_1_472.jpg,95,BAR,,Female,13,,472,1.0
female/95/1_BAR_13_1_472.jpg,95,BAR,,Female,13,,472,1.0
female/95/1_BAR_13_1_472.jpg,95,BAR,,Female,13,,472,1.0
female/95/1_BAR_13_1_472.jpg,95,BAR,,Female,13,,472,1.0
female/95/1_BAR_13_1_472.jpg,95,BAR,,Female,13,,472,1.0
female/95/1_BAR_13_1_472.jpg,95,BAR,,Female,13,,472,1.0
female/95/1_BAR_13_1_472.jpg,95,BAR,,Female,13,,472,1.0
female/95/1_BAR_13_1_472.jpg,95,BAR,,Female,13,,472,1.0
female/95/1_BAR_13_1_472.jpg,95,BAR,,Female,13,,472,1.0
female/95/1_BAR_13_1_472.jpg,95,BAR,,Female,13,,472,1.0
female/95/1_BAR_13_1_472.jpg,95,BAR,,Female,13,,472,1.0
female/95/1_BAR_13_1_472.jpg,95,BAR,,Female,13,,472,1.0
female/95/1_BAR_13_1_472.jpg,95,BAR,,Female,13,,472,1.0
female/95/1_BAR_13_1_472.jpg,95,BAR,,Female,13,,472,1.0
female/95/1_BAR_13_1_472.jpg,95,BAR,,Female,13,,472,1.0
female/95/1_BAR_13_1_472.jpg,95,BAR,,Female,13,,472,1.0
female/95/1_BAR_13_1_472.jpg,95,BAR,,Female,13,,472,1.0
female/95/1_BAR_13_1_472.jpg,95,BAR,,Female,13,,472,1.0
female/95/1_BAR_13_1_472.jpg,95,BAR,,Female,13,,472,1.0
female/95/1_BAR_13_1_472.jpg,95,BAR,,Female,13,,472,1.0
female/95/1_BAR_13_1_472.jpg,95,BAR,,Female,13,,472,1.0
female/95/1_BAR_13_1_472.jpg,95,BAR,,Female,13,,472,1.0
female/95/1_BAR_13_1_472.jpg,95,BAR,,Female,13,,472,1.0
female/95/1_BAR_13_1_472.jpg,95,BAR,,Female,13,,472,1.0
female/95/1_BAR_13_1_472.jpg,95,BAR,,Female,13,,472,1.0
female/95/1_BAR_13_1_472.jpg,95,BAR,,Female,13,,472,1.0
female/95/1_BAR_13_1_472.jpg,95,BAR,,Female,13,,472,1.0
female/95/1_BAR_13_1_472.jpg,95,BAR,,Female,13,,472,1.0
female/95/1_BAR_13_1_472.jpg,95,BAR,,Female,13,,472,1.0
female/95/1_BAR_13_1_472.jpg,95,BAR,,Female,13,,472,1.0
female/95/1_BAR_13_1_472.jpg,95,BAR,,Female,13,,472,1.0
female/95/1_BAR_13_1_472.jpg,95,BAR,,Female,13,,472,1.0
female/95/1_BAR_13_1_472.jpg,95,BAR,,Female,13,,472,1.0
female/95/1_BAR_13_1_472.jpg,95,BAR,,Female,13,,472,1.0
female/95/1_BAR_13_1_472.jpg,95,BAR,,Female,13,,472,1.0
female/95/1_BAR_13_1_472.jpg,95,BAR,,Female,13,,472,1.0
female/95/1_BAR_13_1_472.jpg,95,BAR,,Female,13,,472,1.0
female/95/1_BAR_13_1_472.jpg,95,BAR,,Female,13,,472,1.0
female/95/1_BAR_13_1_472.jpg,95,BAR,,Female,13,,472,1.0
female/95/1_BAR_13_1_472.jpg,95,BAR,,Female,13,,472,1.0
female/95/1_BAR_13_1_472.jpg,95,BAR,,Female,13,,472,1.0
female/95/1_BAR_13_1_472.jpg,95,BAR,,Female,13,,472,1.0
female/95/1_BAR_13_1_472.jpg,95,BAR,,Female,13,,472,1.0
female/95/1_BAR_13_1_472.jpg,95,BAR,,Female,13,,472,1.0
female/95/1_BAR_13_1_472.jpg,95,BAR,,Female,13,,472,1.0
female/95/1_BAR_13_1_472.jpg,95,BAR,,Female,13,,472,1.0
female/95/1_BAR_13_1_472.jpg,95,BAR,,Female,13,,472,1.0
female/95/1_BAR_13_1_472.jpg,95,BAR,,Female,13,,472,1.0
female/95/1_BAR_13_1_472.jpg,95,BAR,,Female,13,,472,1.0
female/95/1_BAR_13_1_472.jpg,95,BAR,,Female,13,,472,1.0
female/95/1_BAR_13_1_472.jpg,95,BAR,,Female,13,,472,1.0
female/95/1_BAR_13_1_472.jpg,95,BAR,,Female,13,,472,1.0
female/95/1_BAR_13_1_472.jpg,95,BAR,,Female,13,,472,1.0
female/95/1_BAR_13_1_472.jpg,95,BAR,,Female,13,,472,1.0
female/95/1_BAR_13_1_472.jpg,95,BAR,,Female,13,,472,1.0
female/95/1_BAR_13_1_472.jpg,95,BAR,,Female,13,,472,1.0
female/95/1_BAR_13_1_472.jpg,95,BAR,,Female,13,,472,1.0
female/95/1_BAR_13_1_472.jpg,95,BAR,,Female,13,,472,1.0
female/95/1_BAR_13_1_472.jpg,95,BAR,,Female,13,,472,1.0
female/95/1_BAR_13_1_472.jpg,95,BAR,,Female,13,,472,1.0
female/95/1_BAR_13_1_472.jpg,95,BAR,,Female,13,,472,1.0
female/95/1_BAR_13_1_472.jpg,95,BAR,,Female,13,,472,1.0
female/95/1_BAR_13_1_472.jpg,95,BAR,,Female,13,,472,1.0
female/95/1_BAR_13_1_472.jpg,95,BAR,,Female,13,,472,1.0
female/95/1_BAR_13_1_472.jpg,95,BAR,,Female,13,,472,1.0
female/95/1_BAR_13_1_472.jpg,95,BAR,,Female,13,,472,1.0
female/95/1_BAR_13_1_472.jpg,95,BAR,,Female,13,,472,1.0
female/95/1_BAR_13_1_472.jpg,95,BAR,,Female,13,,472,1.0
female/95/1_BAR_13_1_472.jpg,95,BAR,,Female,13,,472,1.0
female/95/1_BAR_16_2_128.jpg,95,BAR,,Female,16,,128,2.0
female/95/1_BAR_16_2_128.jpg,95,BAR,,Female,16,,128,2.0
female/95/1_BAR_16_2_128.jpg,95,BAR,,Female,16,,128,2.0
female/95/1_BAR_16_2_128.jpg,95,BAR,,Female,16,,128,2.0
female/95/1_BAR_16_2_128.jpg,95,BAR,,Female,16,,128,2.0
female/95/1_BAR_16_2_128.jpg,95,BAR,,Female,16,,128,2.0
female/95/1_BAR_16_2_128.jpg,95,BAR,,Female,16,,128,2.0
female/95/1_BAR_16_2_128.jpg,95,BAR,,Female,16,,128,2.0
female/95/1_BAR_16_2_128.jpg,95,BAR,,Female,16,,128,2.0
female/95/1_BAR_16_2_128.jpg,95,BAR,,Female,16,,128,2.0
female/95/1_BAR_16_2_128.jpg,95,BAR,,Female,16,,128,2.0
female/95/1_BAR_16_2_128.jpg,95,BAR,,Female,16,,128,2.0
female/95/1_BAR_16_2_128.jpg,95,BAR,,Female,16,,128,2.0
female/95/1_BAR_16_2_128.jpg,95,BAR,,Female,16,,128,2.0
female/95/1_BAR_16_2_128.jpg,95,BAR,,Female,16,,128,2.0
female/95/1_BAR_16_2_128.jpg,95,BAR,,Female,16,,128,2.0
female/95/1_BAR_16_2_128.jpg,95,BAR,,Female,16,,128,2.0
female/95/1_BAR_16_2_128.jpg,95,BAR,,Female,16,,128,2.0
female/95/1_BAR_16_2_128.jpg,95,BAR,,Female,16,,128,2.0
female/95/1_BAR_16_2_128.jpg,95,BAR,,Female,16,,128,2.0
female/95/1_BAR_16_2_128.jpg,95,BAR,,Female,16,,128,2.0
female/95/1_BAR_16_2_128.jpg,95,BAR,,Female,16,,128,2.0
female/95/1_BAR_16_2_128.jpg,95,BAR,,Female,16,,128,2.0
female/95/1_BAR_16_2_128.jpg,95,BAR,,Female,16,,128,2.0
female/95/1_BAR_16_2_128.jpg,95,BAR,,Female,16,,128,2.0
female/95/1_BAR_16_2_128.jpg,95,BAR,,Female,16,,128,2.0
female/95/1_BAR_16_2_128.jpg,95,BAR,,Female,16,,128,2.0
female/95/1_BAR_16_2_128.jpg,95,BAR,,Female,16,,128,2.0
female/95/1_BAR_16_2_128.jpg,95,BAR,,Female,16,,128,2.0
female/95/1_BAR_16_2_128.jpg,95,BAR,,Female,16,,128,2.0
female/95/1_BAR_16_2_128.jpg,95,BAR,,Female,16,,128,2.0
female/95/1_BAR_16_2_128.jpg,95,BAR,,Female,16,,128,2.0
female/95/1_BAR_16_2_128.jpg,95,BAR,,Female,16,,128,2.0
female/95/1_BAR_16_2_128.jpg,95,BAR,,Female,16,,128,2.0
female/95/1_BAR_16_2_128.jpg,95,BAR,,Female,16,,128,2.0
female/95/1_BAR_16_2_128.jpg,95,BAR,,Female,16,,128,2.0
female/95/1_BAR_16_2_128.jpg,95,BAR,,Female,16,,128,2.0
female/95/1_BAR_16_2_128.jpg,95,BAR,,Female,16,,128,2.0
female/95/1_BAR_16_2_128.jpg,95,BAR,,Female,16,,128,2.0
female/95/1_BAR_16_2_128.jpg,95,BAR,,Female,16,,128,2.0
female/95/1_BAR_16_2_128.jpg,95,BAR,,Female,16,,128,2.0
female/95/1_BAR_16_2_128.jpg,95,BAR,,Female,16,,128,2.0
female/95/1_BAR_16_2_128.jpg,95,BAR,,Female,16,,128,2.0
female/95/1_BAR_16_2_128.jpg,95,BAR,,Female,16,,128,2.0
female/95/1_BAR_16_2_128.jpg,95,BAR,,Female,16,,128,2.0
female/95/1_BAR_16_2_128.jpg,95,BAR,,Female,16,,128,2.0
female/95/1_BAR_16_2_128.jpg,95,BAR,,Female,16,,128,2.0
female/95/1_BAR_16_2_128.jpg,95,BAR,,Female,16,,128,2.0
female/95/1_BAR_16_2_128.jpg,95,BAR,,Female,16,,128,2.0
female/95/1_BAR_16_2_128.jpg,95,BAR,,Female,16,,128,2.0
female/95/1_BAR_16_2_128.jpg,95,BAR,,Female,16,,128,2.0
female/95/1_BAR_16_2_128.jpg,95,BAR,,Female,16,,128,2.0
female/95/1_BAR_16_2_128.jpg,95,BAR,,Female,16,,128,2.0
female/95/1_BAR_16_2_128.jpg,95,BAR,,Female,16,,128,2.0
female/95/1_BAR_16_2_128.jpg,95,BAR,,Female,16,,128,2.0
female/95/1_BAR_16_2_128.jpg,95,BAR,,Female,16,,128,2.0
female/95/1_BAR_16_2_128.jpg,95,BAR,,Female,16,,128,2.0
female/95/1_BAR_16_2_128.jpg,95,BAR,,Female,16,,128,2.0
female/95/1_BAR_16_2_128.jpg,95,BAR,,Female,16,,128,2.0
female/95/1_BAR_16_2_128.jpg,95,BAR,,Female,16,,128,2.0
female/95/1_BAR_16_2_128.jpg,95,BAR,,Female,16,,128,2.0
female/95/1_BAR_16_2_128.jpg,95,BAR,,Female,16,,128,2.0
female/95/1_BAR_16_2_128.jpg,95,BAR,,Female,16,,128,2.0
female/95/1_BAR_16_2_128.jpg,95,BAR,,Female,16,,128,2.0
female/95/1_BAR_16_2_128.jpg,95,BAR,,Female,16,,128,2.0
female/95/1_BAR_16_2_128.jpg,95,BAR,,Female,16,,128,2.0
female/95/1_BAR_16_2_128.jpg,95,BAR,,Female,16,,128,2.0
female/95/1_BAR_16_2_128.jpg,95,BAR,,Female,16,,128,2.0
female/95/1_BAR_16_2_128.jpg,95,BAR,,Female,16,,128,2.0
female/95/1_BAR_16_2_128.jpg,95,BAR,,Female,16,,128,2.0
female/95/1_BAR_16_2_128.jpg,95,BAR,,Female,16,,128,2.0
female/95/1_BAR_16_2_128.jpg,95,BAR,,Female,16,,128,2.0
female/95/1_BAR_16_2_128.jpg,95,BAR,,Female,16,,128,2.0
female/95/1_BAR_16_2_128.jpg,95,BAR,,Female,16,,128,2.0
female/95/1_BAR_16_2_128.jpg,95,BAR,,Female,16,,128,2.0
female/95/1_BAR_16_2_128.jpg,95,BAR,,Female,16,,128,2.0
female/95/1_BAR_16_2_128.jpg,95,BAR,,Female,16,,128,2.0
female/95/1_BAR_16_2_128.jpg,95,BAR,,Female,16,,128,2.0
female/95/1_BAR_16_2_128.jpg,95,BAR,,Female,16,,128,2.0
female/95/1_BAR_16_2_128.jpg,95,BAR,,Female,16,,128,2.0
female/95/1_BAR_16_2_128.jpg,95,BAR,,Female,16,,128,2.0
female/95/1_BAR_16_2_128.jpg,95,BAR,,Female,16,,128,2.0
female/95/1_BAR_16_2_128.jpg,95,BAR,,Female,16,,128,2.0
female/95/1_BAR_16_2_128.jpg,95,BAR,,Female,16,,128,2.0
female/95/1_BAR_16_2_128.jpg,95,BAR,,Female,16,,128,2.0
female/95/1_BAR_16_2_128.jpg,95,BAR,,Female,16,,128,2.0
female/95/1_BAR_16_2_128.jpg,95,BAR,,Female,16,,128,2.0
female/95/1_BAR_16_2_128.jpg,95,BAR,,Female,16,,128,2.0
female/95/1_BAR_16_2_128.jpg,95,BAR,,Female,16,,128,2.0
female/95/1_BAR_16_2_128.jpg,95,BAR,,Female,16,,128,2.0
female/95/1_BAR_16_2_128.jpg,95,BAR,,Female,16,,128,2.0
female/95/1_BAR_16_2_128.jpg,95,BAR,,Female,16,,128,2.0
female/95/1_BAR_16_2_128.jpg,95,BAR,,Female,16,,128,2.0
female/95/1_BAR_16_2_128.jpg,95,BAR,,Female,16,,128,2.0
female/95/1_BAR_16_2_128.jpg,95,BAR,,Female,16,,128,2.0
female/95/1_BAR_16_2_128.jpg,95,BAR,,Female,16,,128,2.0
female/95/1_BAR_16_2_128.jpg,95,BAR,,Female,16,,128,2.0
female/95/1_BAR_16_2_128.jpg,95,BAR,,Female,16,,128,2.0
female/95/1_BAR_16_2_128.jpg,95,BAR,,Female,16,,128,2.0
female/95/1_BAR_16_2_128.jpg,95,BAR,,Female,16,,128,2.0
female/95/1_BAR_16_2_128.jpg,95,BAR,,Female,16,,128,2.0
female/95/1_BAR_16_2_128.jpg,95,BAR,,Female,16,,128,2.0
female/95/1_BAR_16_2_128.jpg,95,BAR,,Female,16,,128,2.0
female/95/1_BAR_16_2_128.jpg,95,BAR,,Female,16,,128,2.0
female/95/1_BAR_16_2_128.jpg,95,BAR,,Female,16,,128,2.0
female/95/1_BAR_16_2_128.jpg,95,BAR,,Female,16,,128,2.0
female/95/1_BAR_16_2_128.jpg,95,BAR,,Female,16,,128,2.0
female/95/1_BAR_16_2_128.jpg,95,BAR,,Female,16,,128,2.0
female/95/1_BAR_16_2_128.jpg,95,BAR,,Female,16,,128,2.0
female/95/1_BAR_16_2_128.jpg,95,BAR,,Female,16,,128,2.0
female/95/1_BAR_16_2_128.jpg,95,BAR,,Female,16,,128,2.0
female/95/1_BAR_16_2_128.jpg,95,BAR,,Female,16,,128,2.0
female/95/1_BAR_16_2_128.jpg,95,BAR,,Female,16,,128,2.0
female/95/1_BAR_16_2_128.jpg,95,BAR,,Female,16,,128,2.0
female/95/1_BAR_16_2_128.jpg,95,BAR,,Female,16,,128,2.0
female/95/1_BAR_16_2_128.jpg,95,BAR,,Female,16,,128,2.0
female/95/1_BAR_16_2_128.jpg,95,BAR,,Female,16,,128,2.0
female/95/1_BAR_16_2_128.jpg,95,BAR,,Female,16,,128,2.0
female/95/1_BAR_16_2_128.jpg,95,BAR,,Female,16,,128,2.0
female/95/1_BAR_16_2_128.jpg,95,BAR,,Female,16,,128,2.0
female/95/1_BAR_16_2_128.jpg,95,BAR,,Female,16,,128,2.0
female/95/1_BAR_16_2_128.jpg,95,BAR,,Female,16,,128,2.0
female/95/1_BAR_16_2_128.jpg,95,BAR,,Female,16,,128,2.0
female/95/1_BAR_16_2_128.jpg,95,BAR,,Female,16,,128,2.0
female/95/1_BAR_16_2_128.jpg,95,BAR,,Female,16,,128,2.0
female/95/1_BAR_16_2_128.jpg,95,BAR,,Female,16,,128,2.0
female/95/1_BAR_16_2_128.jpg,95,BAR,,Female,16,,128,2.0
female/95/1_BAR_16_2_128.jpg,95,BAR,,Female,16,,128,2.0
female/95/1_BAR_16_2_128.jpg,95,BAR,,Female,16,,128,2.0
female/95/1_BAR_16_2_128.jpg,95,BAR,,Female,16,,128,2.0
female/95/1_BAR_16_2_128.jpg,95,BAR,,Female,16,,128,2.0
female/95/1_BAR_16_2_128.jpg,95,BAR,,Female,16,,128,2.0
female/95/1_BAR_16_2_128.jpg,95,BAR,,Female,16,,128,2.0
female/95/1_BAR_16_2_128.jpg,95,BAR,,Female,16,,128,2.0
female/95/1_BAR_16_2_128.jpg,95,BAR,,Female,16,,128,2.0
female/95/1_BAR_16_2_128.jpg,95,BAR,,Female,16,,128,2.0
female/95/1_BAR_16_2_128.jpg,95,BAR,,Female,16,,128,2.0
female/95/1_BAR_16_2_128.jpg,95,BAR,,Female,16,,128,2.0
female/95/1_BAR_16_2_128.jpg,95,BAR,,Female,16,,128,2.0
female/95/1_BAR_16_2_128.jpg,95,BAR,,Female,16,,128,2.0
female/95/1_BAR_16_2_128.jpg,95,BAR,,Female,16,,128,2.0
female/95/1_BAR_16_2_128.jpg,95,BAR,,Female,16,,128,2.0
female/95/1_BAR_16_2_128.jpg,95,BAR,,Female,16,,128,2.0
female/95/1_BAR_16_2_128.jpg,95,BAR,,Female,16,,128,2.0
female/95/1_BAR_16_2_128.jpg,95,BAR,,Female,16,,128,2.0
female/95/1_BAR_16_2_128.jpg,95,BAR,,Female,16,,128,2.0
female/95/1_BAR_16_2_128.jpg,95,BAR,,Female,16,,128,2.0
female/95/1_BAR_16_2_128.jpg,95,BAR,,Female,16,,128,2.0
female/95/1_BAR_16_2_128.jpg,95,BAR,,Female,16,,128,2.0
female/95/1_BAR_16_2_128.jpg,95,BAR,,Female,16,,128,2.0
female/95/1_BAR_16_2_128.jpg,95,BAR,,Female,16,,128,2.0
female/95/1_BAR_16_2_128.jpg,95,BAR,,Female,16,,128,2.0
female/95/1_BAR_16_2_128.jpg,95,BAR,,Female,16,,128,2.0
female/95/1_BAR_16_2_128.jpg,95,BAR,,Female,16,,128,2.0
female/95/1_BAR_16_2_128.jpg,95,BAR,,Female,16,,128,2.0
female/95/1_BAR_16_2_128.jpg,95,BAR,,Female,16,,128,2.0
female/95/1_BAR_16_2_128.jpg,95,BAR,,Female,16,,128,2.0
female/95/1_BAR_16_2_128.jpg,95,BAR,,Female,16,,128,2.0
female/95/1_BAR_16_2_128.jpg,95,BAR,,Female,16,,128,2.0
female/95/1_BAR_16_2_128.jpg,95,BAR,,Female,16,,128,2.0
female/95/1_BAR_16_2_128.jpg,95,BAR,,Female,16,,128,2.0
female/95/1_BAR_16_2_128.jpg,95,BAR,,Female,16,,128,2.0
female/95/1_BAR_16_2_128.jpg,95,BAR,,Female,16,,128,2.0
female/95/1_BAR_16_2_128.jpg,95,BAR,,Female,16,,128,2.0
female/95/1_BAR_16_2_128.jpg,95,BAR,,Female,16,,128,2.0
female/95/1_BAR_16_2_128.jpg,95,BAR,,Female,16,,128,2.0
female/95/1_BAR_16_2_128.jpg,95,BAR,,Female,16,,128,2.0
female/95/1_BAR_16_2_128.jpg,95,BAR,,Female,16,,128,2.0
female/95/1_BAR_16_2_128.jpg,95,BAR,,Female,16,,128,2.0
female/95/1_BAR_16_2_128.jpg,95,BAR,,Female,16,,128,2.0
female/95/1_BAR_16_2_128.jpg,95,BAR,,Female,16,,128,2.0
female/95/1_BAR_16_2_128.jpg,95,BAR,,Female,16,,128,2.0
female/95/1_BAR_16_2_128.jpg,95,BAR,,Female,16,,128,2.0
female/95/1_BAR_16_2_128.jpg,95,BAR,,Female,16,,128,2.0
female/95/1_BAR_16_2_128.jpg,95,BAR,,Female,16,,128,2.0
female/95/1_BAR_16_2_128.jpg,95,BAR,,Female,16,,128,2.0
female/95/1_BAR_16_2_128.jpg,95,BAR,,Female,16,,128,2.0
female/95/1_BAR_16_2_128.jpg,95,BAR,,Female,16,,128,2.0
female/95/1_BAR_16_2_128.jpg,95,BAR,,Female,16,,128,2.0
female/95/1_BAR_16_2_128.jpg,95,BAR,,Female,16,,128,2.0
female/95/1_BAR_16_2_128.jpg,95,BAR,,Female,16,,128,2.0
female/95/1_BAR_16_2_128.jpg,95,BAR,,Female,16,,128,2.0
female/95/1_BAR_16_2_128.jpg,95,BAR,,Female,16,,128,2.0
female/95/1_BAR_16_2_128.jpg,95,BAR,,Female,16,,128,2.0
female/95/1_BAR_16_2_128.jpg,95,BAR,,Female,16,,128,2.0
female/95/1_BAR_16_2_128.jpg,95,BAR,,Female,16,,128,2.0
female/95/1_BAR_16_2_128.jpg,95,BAR,,Female,16,,128,2.0
female/95/1_BAR_16_2_128.jpg,95,BAR,,Female,16,,128,2.0
female/95/1_BAR_16_2_128.jpg,95,BAR,,Female,16,,128,2.0
female/95/1_BAR_16_2_128.jpg,95,BAR,,Female,16,,128,2.0
female/95/1_DHA_13_1_427.jpg,95,DHA,,Female,13,,427,1.0
female/95/1_DHA_13_1_427.jpg,95,DHA,,Female,13,,427,1.0
female/95/1_DHA_13_1_427.jpg,95,DHA,,Female,13,,427,1.0
female/95/1_DHA_13_1_427.jpg,95,DHA,,Female,13,,427,1.0
female/95/1_DHA_13_1_427.jpg,95,DHA,,Female,13,,427,1.0
female/95/1_DHA_13_1_427.jpg,95,DHA,,Female,13,,427,1.0
female/95/1_DHA_13_1_427.jpg,95,DHA,,Female,13,,427,1.0
female/95/1_DHA_13_1_427.jpg,95,DHA,,Female,13,,427,1.0
female/95/1_DHA_13_1_427.jpg,95,DHA,,Female,13,,427,1.0
female/95/1_DHA_13_1_427.jpg,95,DHA,,Female,13,,427,1.0
female/95/1_DHA_13_1_427.jpg,95,DHA,,Female,13,,427,1.0
female/95/1_DHA_13_1_427.jpg,95,DHA,,Female,13,,427,1.0
female/95/1_DHA_13_1_427.jpg,95,DHA,,Female,13,,427,1.0
female/95/1_DHA_13_1_427.jpg,95,DHA,,Female,13,,427,1.0
female/95/1_DHA_13_1_427.jpg,95,DHA,,Female,13,,427,1.0
female/95/1_DHA_13_1_427.jpg,95,DHA,,Female,13,,427,1.0
female/95/1_DHA_13_1_427.jpg,95,DHA,,Female,13,,427,1.0
female/95/1_DHA_13_1_427.jpg,95,DHA,,Female,13,,427,1.0
female/95/1_DHA_13_1_427.jpg,95,DHA,,Female,13,,427,1.0
female/95/1_DHA_13_1_427.jpg,95,DHA,,Female,13,,427,1.0
female/95/1_DHA_13_1_427.jpg,95,DHA,,Female,13,,427,1.0
female/95/1_DHA_13_1_427.jpg,95,DHA,,Female,13,,427,1.0
female/95/1_DHA_13_1_427.jpg,95,DHA,,Female,13,,427,1.0
female/95/1_DHA_13_1_427.jpg,95,DHA,,Female,13,,427,1.0
female/95/1_DHA_13_1_427.jpg,95,DHA,,Female,13,,427,1.0
female/95/1_DHA_13_1_427.jpg,95,DHA,,Female,13,,427,1.0
female/95/1_DHA_13_1_427.jpg,95,DHA,,Female,13,,427,1.0
female/95/1_DHA_13_1_427.jpg,95,DHA,,Female,13,,427,1.0
female/95/1_DHA_13_1_427.jpg,95,DHA,,Female,13,,427,1.0
female/95/1_DHA_13_1_427.jpg,95,DHA,,Female,13,,427,1.0
female/95/1_DHA_13_1_427.jpg,95,DHA,,Female,13,,427,1.0
female/95/1_DHA_13_1_427.jpg,95,DHA,,Female,13,,427,1.0
female/95/1_DHA_13_1_427.jpg,95,DHA,,Female,13,,427,1.0
female/95/1_DHA_13_1_427.jpg,95,DHA,,Female,13,,427,1.0
female/95/1_DHA_13_1_427.jpg,95,DHA,,Female,13,,427,1.0
female/95/1_DHA_13_1_427.jpg,95,DHA,,Female,13,,427,1.0
female/95/1_DHA_13_1_427.jpg,95,DHA,,Female,13,,427,1.0
female/95/1_DHA_13_1_427.jpg,95,DHA,,Female,13,,427,1.0
female/95/1_DHA_13_1_427.jpg,95,DHA,,Female,13,,427,1.0
female/95/1_DHA_13_1_427.jpg,95,DHA,,Female,13,,427,1.0
female/95/1_DHA_13_1_427.jpg,95,DHA,,Female,13,,427,1.0
female/95/1_DHA_13_1_427.jpg,95,DHA,,Female,13,,427,1.0
female/95/1_DHA_13_1_427.jpg,95,DHA,,Female,13,,427,1.0
female/95/1_DHA_13_1_427.jpg,95,DHA,,Female,13,,427,1.0
female/95/1_DHA_13_1_427.jpg,95,DHA,,Female,13,,427,1.0
female/95/1_DHA_13_1_427.jpg,95,DHA,,Female,13,,427,1.0
female/95/1_DHA_13_1_427.jpg,95,DHA,,Female,13,,427,1.0
female/95/1_DHA_13_1_427.jpg,95,DHA,,Female,13,,427,1.0
female/95/1_DHA_13_1_427.jpg,95,DHA,,Female,13,,427,1.0
female/95/1_DHA_13_1_427.jpg,95,DHA,,Female,13,,427,1.0
female/95/1_DHA_13_1_427.jpg,95,DHA,,Female,13,,427,1.0
female/95/1_DHA_13_1_427.jpg,95,DHA,,Female,13,,427,1.0
female/95/1_DHA_13_1_427.jpg,95,DHA,,Female,13,,427,1.0
female/95/1_DHA_13_1_427.jpg,95,DHA,,Female,13,,427,1.0
female/95/1_DHA_13_1_427.jpg,95,DHA,,Female,13,,427,1.0
female/95/1_DHA_13_1_427.jpg,95,DHA,,Female,13,,427,1.0
female/95/1_DHA_13_1_427.jpg,95,DHA,,Female,13,,427,1.0
female/95/1_DHA_13_1_427.jpg,95,DHA,,Female,13,,427,1.0
female/95/1_DHA_13_1_427.jpg,95,DHA,,Female,13,,427,1.0
female/95/1_DHA_13_1_427.jpg,95,DHA,,Female,13,,427,1.0
female/95/1_DHA_13_1_427.jpg,95,DHA,,Female,13,,427,1.0
female/95/1_DHA_13_1_427.jpg,95,DHA,,Female,13,,427,1.0
female/95/1_DHA_13_1_427.jpg,95,DHA,,Female,13,,427,1.0
female/95/1_DHA_13_1_427.jpg,95,DHA,,Female,13,,427,1.0
female/95/1_DHA_13_1_427.jpg,95,DHA,,Female,13,,427,1.0
female/95/1_DHA_13_1_427.jpg,95,DHA,,Female,13,,427,1.0
female/95/1_DHA_13_1_427.jpg,95,DHA,,Female,13,,427,1.0
female/95/1_DHA_13_1_427.jpg,95,DHA,,Female,13,,427,1.0
female/95/1_DHA_13_1_427.jpg,95,DHA,,Female,13,,427,1.0
female/95/1_DHA_13_1_427.jpg,95,DHA,,Female,13,,427,1.0
female/95/1_DHA_13_1_427.jpg,95,DHA,,Female,13,,427,1.0
female/95/1_DHA_13_1_427.jpg,95,DHA,,Female,13,,427,1.0
female/95/1_DHA_13_1_427.jpg,95,DHA,,Female,13,,427,1.0
female/95/1_DHA_13_1_427.jpg,95,DHA,,Female,13,,427,1.0
female/95/1_DHA_13_1_427.jpg,95,DHA,,Female,13,,427,1.0
female/95/1_DHA_13_1_427.jpg,95,DHA,,Female,13,,427,1.0
female/95/1_DHA_13_1_427.jpg,95,DHA,,Female,13,,427,1.0
female/95/1_DHA_13_1_427.jpg,95,DHA,,Female,13,,427,1.0
female/95/1_DHA_13_1_427.jpg,95,DHA,,Female,13,,427,1.0
female/95/1_DHA_13_1_427.jpg,95,DHA,,Female,13,,427,1.0
female/95/1_DHA_13_1_427.jpg,95,DHA,,Female,13,,427,1.0
female/95/1_DHA_13_1_427.jpg,95,DHA,,Female,13,,427,1.0
female/95/1_DHA_13_1_427.jpg,95,DHA,,Female,13,,427,1.0
female/95/1_DHA_13_1_427.jpg,95,DHA,,Female,13,,427,1.0
female/95/1_DHA_13_1_427.jpg,95,DHA,,Female,13,,427,1.0
female/95/1_DHA_13_1_427.jpg,95,DHA,,Female,13,,427,1.0
female/95/1_DHA_13_1_427.jpg,95,DHA,,Female,13,,427,1.0
female/95/1_DHA_13_1_427.jpg,95,DHA,,Female,13,,427,1.0
female/95/1_DHA_13_1_427.jpg,95,DHA,,Female,13,,427,1.0
female/95/1_DHA_13_1_427.jpg,95,DHA,,Female,13,,427,1.0
female/95/1_DHA_13_1_427.jpg,95,DHA,,Female,13,,427,1.0
female/95/1_DHA_13_1_427.jpg,95,DHA,,Female,13,,427,1.0
female/95/1_DHA_13_1_427.jpg,95,DHA,,Female,13,,427,1.0
female/95/1_DHA_13_1_427.jpg,95,DHA,,Female,13,,427,1.0
female/95/1_DHA_13_1_427.jpg,95,DHA,,Female,13,,427,1.0
female/95/1_DHA_13_1_427.jpg,95,DHA,,Female,13,,427,1.0
female/95/1_DHA_13_1_427.jpg,95,DHA,,Female,13,,427,1.0
female/95/1_DHA_13_1_427.jpg,95,DHA,,Female,13,,427,1.0
female/95/1_DHA_13_1_427.jpg,95,DHA,,Female,13,,427,1.0
female/95/1_DHA_13_1_427.jpg,95,DHA,,Female,13,,427,1.0
female/95/1_DHA_13_1_427.jpg,95,DHA,,Female,13,,427,1.0
female/95/1_DHA_13_1_427.jpg,95,DHA,,Female,13,,427,1.0
female/95/1_DHA_13_1_427.jpg,95,DHA,,Female,13,,427,1.0
female/95/1_DHA_13_1_427.jpg,95,DHA,,Female,13,,427,1.0
female/95/1_DHA_13_1_427.jpg,95,DHA,,Female,13,,427,1.0
female/95/1_DHA_13_1_427.jpg,95,DHA,,Female,13,,427,1.0
female/95/1_DHA_13_1_427.jpg,95,DHA,,Female,13,,427,1.0
female/95/1_DHA_13_1_427.jpg,95,DHA,,Female,13,,427,1.0
female/95/1_DHA_13_1_427.jpg,95,DHA,,Female,13,,427,1.0
female/95/1_DHA_13_1_427.jpg,95,DHA,,Female,13,,427,1.0
female/95/1_DHA_13_1_427.jpg,95,DHA,,Female,13,,427,1.0
female/95/1_DHA_13_1_427.jpg,95,DHA,,Female,13,,427,1.0
female/95/1_DHA_13_1_427.jpg,95,DHA,,Female,13,,427,1.0
female/95/1_DHA_13_1_427.jpg,95,DHA,,Female,13,,427,1.0
female/95/1_DHA_13_1_427.jpg,95,DHA,,Female,13,,427,1.0
female/95/1_DHA_13_1_427.jpg,95,DHA,,Female,13,,427,1.0
female/95/1_DHA_13_1_427.jpg,95,DHA,,Female,13,,427,1.0
female/95/1_DHA_13_1_427.jpg,95,DHA,,Female,13,,427,1.0
female/95/1_DHA_13_1_427.jpg,95,DHA,,Female,13,,427,1.0
female/95/1_DHA_13_1_427.jpg,95,DHA,,Female,13,,427,1.0
female/95/1_DHA_13_1_427.jpg,95,DHA,,Female,13,,427,1.0
female/95/1_DHA_13_1_427.jpg,95,DHA,,Female,13,,427,1.0
female/95/1_DHA_13_1_427.jpg,95,DHA,,Female,13,,427,1.0
female/95/1_DHA_13_1_427.jpg,95,DHA,,Female,13,,427,1.0
female/95/1_DHA_13_1_427.jpg,95,DHA,,Female,13,,427,1.0
female/95/1_DHA_13_1_427.jpg,95,DHA,,Female,13,,427,1.0
female/95/1_DHA_13_1_427.jpg,95,DHA,,Female,13,,427,1.0
female/95/1_DHA_13_1_427.jpg,95,DHA,,Female,13,,427,1.0
female/95/1_DHA_13_1_427.jpg,95,DHA,,Female,13,,427,1.0
female/95/1_DHA_13_1_427.jpg,95,DHA,,Female,13,,427,1.0
female/95/1_DHA_13_1_427.jpg,95,DHA,,Female,13,,427,1.0
female/95/1_DHA_13_1_427.jpg,95,DHA,,Female,13,,427,1.0
female/95/1_DHA_13_1_427.jpg,95,DHA,,Female,13,,427,1.0
female/95/1_DHA_13_1_427.jpg,95,DHA,,Female,13,,427,1.0
female/95/1_DHA_13_1_427.jpg,95,DHA,,Female,13,,427,1.0
female/95/1_DHA_13_1_427.jpg,95,DHA,,Female,13,,427,1.0
female/95/1_DHA_13_1_427.jpg,95,DHA,,Female,13,,427,1.0
female/95/1_DHA_13_1_427.jpg,95,DHA,,Female,13,,427,1.0
female/95/1_DHA_13_1_427.jpg,95,DHA,,Female,13,,427,1.0
female/95/1_DHA_13_1_427.jpg,95,DHA,,Female,13,,427,1.0
female/95/1_DHA_13_1_427.jpg,95,DHA,,Female,13,,427,1.0
female/95/1_DHA_13_1_427.jpg,95,DHA,,Female,13,,427,1.0
female/95/1_DHA_13_1_427.jpg,95,DHA,,Female,13,,427,1.0
female/95/1_DHA_13_1_427.jpg,95,DHA,,Female,13,,427,1.0
female/95/1_DHA_13_1_427.jpg,95,DHA,,Female,13,,427,1.0
female/95/1_DHA_13_1_427.jpg,95,DHA,,Female,13,,427,1.0
female/95/1_DHA_13_1_427.jpg,95,DHA,,Female,13,,427,1.0
female/95/1_DHA_13_1_427.jpg,95,DHA,,Female,13,,427,1.0
female/95/1_DHA_13_1_427.jpg,95,DHA,,Female,13,,427,1.0
female/95/1_DHA_13_1_427.jpg,95,DHA,,Female,13,,427,1.0
female/95/1_DHA_13_1_427.jpg,95,DHA,,Female,13,,427,1.0
female/95/1_DHA_13_1_427.jpg,95,DHA,,Female,13,,427,1.0
female/95/1_DHA_13_1_427.jpg,95,DHA,,Female,13,,427,1.0
female/95/1_DHA_13_1_427.jpg,95,DHA,,Female,13,,427,1.0
female/95/1_DHA_13_1_427.jpg,95,DHA,,Female,13,,427,1.0
female/95/1_DHA_13_1_427.jpg,95,DHA,,Female,13,,427,1.0
female/95/1_DHA_13_1_427.jpg,95,DHA,,Female,13,,427,1.0
female/95/1_DHA_13_1_427.jpg,95,DHA,,Female,13,,427,1.0
female/95/1_DHA_13_1_427.jpg,95,DHA,,Female,13,,427,1.0
female/95/1_DHA_13_1_427.jpg,95,DHA,,Female,13,,427,1.0
female/95/1_DHA_13_1_427.jpg,95,DHA,,Female,13,,427,1.0
female/95/1_DHA_13_1_427.jpg,95,DHA,,Female,13,,427,1.0
female/95/1_DHA_13_1_427.jpg,95,DHA,,Female,13,,427,1.0
female/95/1_DHA_13_1_427.jpg,95,DHA,,Female,13,,427,1.0
female/95/1_DHA_13_1_427.jpg,95,DHA,,Female,13,,427,1.0
female/95/1_DHA_13_1_427.jpg,95,DHA,,Female,13,,427,1.0
female/95/1_DHA_13_1_427.jpg,95,DHA,,Female,13,,427,1.0
female/95/1_DHA_13_1_427.jpg,95,DHA,,Female,13,,427,1.0
female/95/1_DHA_13_1_427.jpg,95,DHA,,Female,13,,427,1.0
female/95/1_DHA_13_1_427.jpg,95,DHA,,Female,13,,427,1.0
female/95/1_DHA_13_1_427.jpg,95,DHA,,Female,13,,427,1.0
female/95/1_DHA_13_1_427.jpg,95,DHA,,Female,13,,427,1.0
female/95/1_DHA_13_1_427.jpg,95,DHA,,Female,13,,427,1.0
female/95/1_DHA_13_1_427.jpg,95,DHA,,Female,13,,427,1.0
female/95/1_DHA_13_1_427.jpg,95,DHA,,Female,13,,427,1.0
female/95/1_DHA_13_1_427.jpg,95,DHA,,Female,13,,427,1.0
female/95/1_DHA_13_1_427.jpg,95,DHA,,Female,13,,427,1.0
female/95/1_DHA_13_1_427.jpg,95,DHA,,Female,13,,427,1.0
female/95/1_DHA_13_1_427.jpg,95,DHA,,Female,13,,427,1.0
female/95/1_DHA_13_1_427.jpg,95,DHA,,Female,13,,427,1.0
female/95/1_DHA_13_1_427.jpg,95,DHA,,Female,13,,427,1.0
female/95/1_DHA_13_1_427.jpg,95,DHA,,Female,13,,427,1.0
female/95/1_DHA_13_1_427.jpg,95,DHA,,Female,13,,427,1.0
female/95/1_DHA_13_1_427.jpg,95,DHA,,Female,13,,427,1.0
female/95/1_DHA_13_1_427.jpg,95,DHA,,Female,13,,427,1.0
female/95/1_DHA_13_1_427.jpg,95,DHA,,Female,13,,427,1.0
female/95/1_DHA_13_1_427.jpg,95,DHA,,Female,13,,427,1.0
female/95/1_DHA_13_1_427.jpg,95,DHA,,Female,13,,427,1.0
female/95/1_DHA_13_1_427.jpg,95,DHA,,Female,13,,427,1.0
female/95/1_DHA_13_1_427.jpg,95,DHA,,Female,13,,427,1.0
female/95/1_DHA_13_1_427.jpg,95,DHA,,Female,13,,427,1.0
female/95/1_DHA_13_1_427.jpg,95,DHA,,Female,13,,427,1.0
female/95/1_DHA_13_1_427.jpg,95,DHA,,Female,13,,427,1.0
female/95/1_DHA_13_1_427.jpg,95,DHA,,Female,13,,427,1.0
female/95/1_DHA_13_1_427.jpg,95,DHA,,Female,13,,427,1.0
female/95/1_DHA_13_1_427.jpg,95,DHA,,Female,13,,427,1.0
female/95/1_DHA_13_1_427.jpg,95,DHA,,Female,13,,427,1.0
female/95/1_DHA_13_1_427.jpg,95,DHA,,Female,13,,427,1.0
female/95/1_DHA_13_1_427.jpg,95,DHA,,Female,13,,427,1.0
female/95/1_DHA_13_1_427.jpg,95,DHA,,Female,13,,427,1.0
female/95/1_DHA_13_1_427.jpg,95,DHA,,Female,13,,427,1.0
female/95/1_DHA_13_1_427.jpg,95,DHA,,Female,13,,427,1.0
female/95/1_DHA_13_1_427.jpg,95,DHA,,Female,13,,427,1.0
female/95/1_DHA_13_1_427.jpg,95,DHA,,Female,13,,427,1.0
female/95/1_DHA_13_1_427.jpg,95,DHA,,Female,13,,427,1.0
female/95/1_DHA_13_1_427.jpg,95,DHA,,Female,13,,427,1.0
female/95/1_DHA_13_1_427.jpg,95,DHA,,Female,13,,427,1.0
female/95/1_DHA_13_1_427.jpg,95,DHA,,Female,13,,427,1.0
female/95/1_DHA_13_1_427.jpg,95,DHA,,Female,13,,427,1.0
female/95/1_DHA_17_2_145.jpg,95,DHA,,Female,17,,145,2.0
female/95/1_DHA_17_2_145.jpg,95,DHA,,Female,17,,145,2.0
female/95/1_DHA_17_2_145.jpg,95,DHA,,Female,17,,145,2.0
female/95/1_DHA_17_2_145.jpg,95,DHA,,Female,17,,145,2.0
female/95/1_DHA_17_2_145.jpg,95,DHA,,Female,17,,145,2.0
female/95/1_DHA_17_2_145.jpg,95,DHA,,Female,17,,145,2.0
female/95/1_DHA_17_2_145.jpg,95,DHA,,Female,17,,145,2.0
female/95/1_DHA_17_2_145.jpg,95,DHA,,Female,17,,145,2.0
female/95/1_DHA_17_2_145.jpg,95,DHA,,Female,17,,145,2.0
female/95/1_DHA_17_2_145.jpg,95,DHA,,Female,17,,145,2.0
female/95/1_DHA_17_2_145.jpg,95,DHA,,Female,17,,145,2.0
female/95/1_DHA_17_2_145.jpg,95,DHA,,Female,17,,145,2.0
female/95/1_DHA_17_2_145.jpg,95,DHA,,Female,17,,145,2.0
female/95/1_DHA_17_2_145.jpg,95,DHA,,Female,17,,145,2.0
female/95/1_DHA_17_2_145.jpg,95,DHA,,Female,17,,145,2.0
female/95/1_DHA_17_2_145.jpg,95,DHA,,Female,17,,145,2.0
female/95/1_DHA_17_2_145.jpg,95,DHA,,Female,17,,145,2.0
female/95/1_DHA_17_2_145.jpg,95,DHA,,Female,17,,145,2.0
female/95/1_DHA_17_2_145.jpg,95,DHA,,Female,17,,145,2.0
female/95/1_DHA_17_2_145.jpg,95,DHA,,Female,17,,145,2.0
female/95/1_DHA_17_2_145.jpg,95,DHA,,Female,17,,145,2.0
female/95/1_DHA_17_2_145.jpg,95,DHA,,Female,17,,145,2.0
female/95/1_DHA_17_2_145.jpg,95,DHA,,Female,17,,145,2.0
female/95/1_DHA_17_2_145.jpg,95,DHA,,Female,17,,145,2.0
female/95/1_DHA_17_2_145.jpg,95,DHA,,Female,17,,145,2.0
female/95/1_DHA_17_2_145.jpg,95,DHA,,Female,17,,145,2.0
female/95/1_DHA_17_2_145.jpg,95,DHA,,Female,17,,145,2.0
female/95/1_DHA_17_2_145.jpg,95,DHA,,Female,17,,145,2.0
female/95/1_DHA_17_2_145.jpg,95,DHA,,Female,17,,145,2.0
female/95/1_DHA_17_2_145.jpg,95,DHA,,Female,17,,145,2.0
female/95/1_DHA_17_2_145.jpg,95,DHA,,Female,17,,145,2.0
female/95/1_DHA_17_2_145.jpg,95,DHA,,Female,17,,145,2.0
female/95/1_DHA_17_2_145.jpg,95,DHA,,Female,17,,145,2.0
female/95/1_DHA_17_2_145.jpg,95,DHA,,Female,17,,145,2.0
female/95/1_DHA_17_2_145.jpg,95,DHA,,Female,17,,145,2.0
female/95/1_DHA_17_2_145.jpg,95,DHA,,Female,17,,145,2.0
female/95/1_DHA_17_2_145.jpg,95,DHA,,Female,17,,145,2.0
female/95/1_DHA_17_2_145.jpg,95,DHA,,Female,17,,145,2.0
female/95/1_DHA_17_2_145.jpg,95,DHA,,Female,17,,145,2.0
female/95/1_DHA_17_2_145.jpg,95,DHA,,Female,17,,145,2.0
female/95/1_DHA_17_2_145.jpg,95,DHA,,Female,17,,145,2.0
female/95/1_DHA_17_2_145.jpg,95,DHA,,Female,17,,145,2.0
female/95/1_DHA_17_2_145.jpg,95,DHA,,Female,17,,145,2.0
female/95/1_DHA_17_2_145.jpg,95,DHA,,Female,17,,145,2.0
female/95/1_DHA_17_2_145.jpg,95,DHA,,Female,17,,145,2.0
female/95/1_DHA_17_2_145.jpg,95,DHA,,Female,17,,145,2.0
female/95/1_DHA_17_2_145.jpg,95,DHA,,Female,17,,145,2.0
female/95/1_DHA_17_2_145.jpg,95,DHA,,Female,17,,145,2.0
female/95/1_DHA_17_2_145.jpg,95,DHA,,Female,17,,145,2.0
female/95/1_DHA_17_2_145.jpg,95,DHA,,Female,17,,145,2.0
female/95/1_DHA_17_2_145.jpg,95,DHA,,Female,17,,145,2.0
female/95/1_DHA_17_2_145.jpg,95,DHA,,Female,17,,145,2.0
female/95/1_DHA_17_2_145.jpg,95,DHA,,Female,17,,145,2.0
female/95/1_DHA_17_2_145.jpg,95,DHA,,Female,17,,145,2.0
female/95/1_DHA_17_2_145.jpg,95,DHA,,Female,17,,145,2.0
female/95/1_DHA_17_2_145.jpg,95,DHA,,Female,17,,145,2.0
female/95/1_DHA_17_2_145.jpg,95,DHA,,Female,17,,145,2.0
female/95/1_DHA_17_2_145.jpg,95,DHA,,Female,17,,145,2.0
female/95/1_DHA_17_2_145.jpg,95,DHA,,Female,17,,145,2.0
female/95/1_DHA_17_2_145.jpg,95,DHA,,Female,17,,145,2.0
female/95/1_DHA_17_2_145.jpg,95,DHA,,Female,17,,145,2.0
female/95/1_DHA_17_2_145.jpg,95,DHA,,Female,17,,145,2.0
female/95/1_DHA_17_2_145.jpg,95,DHA,,Female,17,,145,2.0
female/95/1_DHA_17_2_145.jpg,95,DHA,,Female,17,,145,2.0
female/95/1_DHA_17_2_145.jpg,95,DHA,,Female,17,,145,2.0
female/95/1_DHA_17_2_145.jpg,95,DHA,,Female,17,,145,2.0
female/95/1_DHA_17_2_145.jpg,95,DHA,,Female,17,,145,2.0
female/95/1_DHA_17_2_145.jpg,95,DHA,,Female,17,,145,2.0
female/95/1_DHA_17_2_145.jpg,95,DHA,,Female,17,,145,2.0
female/95/1_DHA_17_2_145.jpg,95,DHA,,Female,17,,145,2.0
female/95/1_DHA_17_2_145.jpg,95,DHA,,Female,17,,145,2.0
female/95/1_DHA_17_2_145.jpg,95,DHA,,Female,17,,145,2.0
female/95/1_DHA_17_2_145.jpg,95,DHA,,Female,17,,145,2.0
female/95/1_DHA_17_2_145.jpg,95,DHA,,Female,17,,145,2.0
female/95/1_DHA_17_2_145.jpg,95,DHA,,Female,17,,145,2.0
female/95/1_DHA_17_2_145.jpg,95,DHA,,Female,17,,145,2.0
female/95/1_DHA_17_2_145.jpg,95,DHA,,Female,17,,145,2.0
female/95/1_DHA_17_2_145.jpg,95,DHA,,Female,17,,145,2.0
female/95/1_DHA_17_2_145.jpg,95,DHA,,Female,17,,145,2.0
female/95/1_DHA_17_2_145.jpg,95,DHA,,Female,17,,145,2.0
female/95/1_DHA_17_2_145.jpg,95,DHA,,Female,17,,145,2.0
female/95/1_DHA_17_2_145.jpg,95,DHA,,Female,17,,145,2.0
female/95/1_DHA_17_2_145.jpg,95,DHA,,Female,17,,145,2.0
female/95/1_DHA_17_2_145.jpg,95,DHA,,Female,17,,145,2.0
female/95/1_DHA_17_2_145.jpg,95,DHA,,Female,17,,145,2.0
female/95/1_DHA_17_2_145.jpg,95,DHA,,Female,17,,145,2.0
female/95/1_DHA_17_2_145.jpg,95,DHA,,Female,17,,145,2.0
female/95/1_DHA_17_2_145.jpg,95,DHA,,Female,17,,145,2.0
female/95/1_DHA_17_2_145.jpg,95,DHA,,Female,17,,145,2.0
female/95/1_DHA_17_2_145.jpg,95,DHA,,Female,17,,145,2.0
female/95/1_DHA_17_2_145.jpg,95,DHA,,Female,17,,145,2.0
female/95/1_DHA_17_2_145.jpg,95,DHA,,Female,17,,145,2.0
female/95/1_DHA_17_2_145.jpg,95,DHA,,Female,17,,145,2.0
female/95/1_DHA_17_2_145.jpg,95,DHA,,Female,17,,145,2.0
female/95/1_DHA_17_2_145.jpg,95,DHA,,Female,17,,145,2.0
female/95/1_DHA_17_2_145.jpg,95,DHA,,Female,17,,145,2.0
female/95/1_DHA_17_2_145.jpg,95,DHA,,Female,17,,145,2.0
female/95/1_DHA_17_2_145.jpg,95,DHA,,Female,17,,145,2.0
female/95/1_DHA_17_2_145.jpg,95,DHA,,Female,17,,145,2.0
female/95/1_DHA_17_2_145.jpg,95,DHA,,Female,17,,145,2.0
female/95/1_DHA_17_2_145.jpg,95,DHA,,Female,17,,145,2.0
female/95/1_DHA_17_2_145.jpg,95,DHA,,Female,17,,145,2.0
female/95/1_DHA_17_2_145.jpg,95,DHA,,Female,17,,145,2.0
female/95/1_DHA_17_2_145.jpg,95,DHA,,Female,17,,145,2.0
female/95/1_DHA_17_2_145.jpg,95,DHA,,Female,17,,145,2.0
female/95/1_DHA_17_2_145.jpg,95,DHA,,Female,17,,145,2.0
female/95/1_DHA_17_2_145.jpg,95,DHA,,Female,17,,145,2.0
female/95/1_DHA_17_2_145.jpg,95,DHA,,Female,17,,145,2.0
female/95/1_DHA_17_2_145.jpg,95,DHA,,Female,17,,145,2.0
female/95/1_DHA_17_2_145.jpg,95,DHA,,Female,17,,145,2.0
female/95/1_DHA_17_2_145.jpg,95,DHA,,Female,17,,145,2.0
female/95/1_DHA_17_2_145.jpg,95,DHA,,Female,17,,145,2.0
female/95/1_DHA_17_2_145.jpg,95,DHA,,Female,17,,145,2.0
female/95/1_DHA_17_2_145.jpg,95,DHA,,Female,17,,145,2.0
female/95/1_DHA_17_2_145.jpg,95,DHA,,Female,17,,145,2.0
female/95/1_DHA_17_2_145.jpg,95,DHA,,Female,17,,145,2.0
female/95/1_DHA_17_2_145.jpg,95,DHA,,Female,17,,145,2.0
female/95/1_DHA_17_2_145.jpg,95,DHA,,Female,17,,145,2.0
female/95/1_DHA_17_2_145.jpg,95,DHA,,Female,17,,145,2.0
female/95/1_DHA_17_2_145.jpg,95,DHA,,Female,17,,145,2.0
female/95/1_DHA_17_2_145.jpg,95,DHA,,Female,17,,145,2.0
female/95/1_DHA_17_2_145.jpg,95,DHA,,Female,17,,145,2.0
female/95/1_DHA_17_2_145.jpg,95,DHA,,Female,17,,145,2.0
female/95/1_DHA_17_2_145.jpg,95,DHA,,Female,17,,145,2.0
female/95/1_DHA_17_2_145.jpg,95,DHA,,Female,17,,145,2.0
female/95/1_DHA_17_2_145.jpg,95,DHA,,Female,17,,145,2.0
female/95/1_DHA_17_2_145.jpg,95,DHA,,Female,17,,145,2.0
female/95/1_DHA_17_2_145.jpg,95,DHA,,Female,17,,145,2.0
female/95/1_DHA_17_2_145.jpg,95,DHA,,Female,17,,145,2.0
female/95/1_DHA_17_2_145.jpg,95,DHA,,Female,17,,145,2.0
female/95/1_DHA_17_2_145.jpg,95,DHA,,Female,17,,145,2.0
female/95/1_DHA_17_2_145.jpg,95,DHA,,Female,17,,145,2.0
female/95/1_DHA_17_2_145.jpg,95,DHA,,Female,17,,145,2.0
female/95/1_DHA_17_2_145.jpg,95,DHA,,Female,17,,145,2.0
female/95/1_DHA_17_2_145.jpg,95,DHA,,Female,17,,145,2.0
female/95/1_DHA_17_2_145.jpg,95,DHA,,Female,17,,145,2.0
female/95/1_DHA_17_2_145.jpg,95,DHA,,Female,17,,145,2.0
female/95/1_DHA_17_2_145.jpg,95,DHA,,Female,17,,145,2.0
female/95/1_DHA_17_2_145.jpg,95,DHA,,Female,17,,145,2.0
female/95/1_DHA_17_2_145.jpg,95,DHA,,Female,17,,145,2.0
female/95/1_DHA_17_2_145.jpg,95,DHA,,Female,17,,145,2.0
female/95/1_DHA_17_2_145.jpg,95,DHA,,Female,17,,145,2.0
female/95/1_DHA_17_2_145.jpg,95,DHA,,Female,17,,145,2.0
female/95/1_DHA_17_2_145.jpg,95,DHA,,Female,17,,145,2.0
female/95/1_DHA_17_2_145.jpg,95,DHA,,Female,17,,145,2.0
female/95/1_DHA_17_2_145.jpg,95,DHA,,Female,17,,145,2.0
female/95/1_DHA_17_2_145.jpg,95,DHA,,Female,17,,145,2.0
female/95/1_DHA_17_2_145.jpg,95,DHA,,Female,17,,145,2.0
female/95/1_DHA_17_2_145.jpg,95,DHA,,Female,17,,145,2.0
female/95/1_DHA_17_2_145.jpg,95,DHA,,Female,17,,145,2.0
female/95/1_DHA_17_2_145.jpg,95,DHA,,Female,17,,145,2.0
female/95/1_DHA_17_2_145.jpg,95,DHA,,Female,17,,145,2.0
female/95/1_DHA_17_2_145.jpg,95,DHA,,Female,17,,145,2.0
female/95/1_DHA_17_2_145.jpg,95,DHA,,Female,17,,145,2.0
female/95/1_DHA_17_2_145.jpg,95,DHA,,Female,17,,145,2.0
female/95/1_DHA_17_2_145.jpg,95,DHA,,Female,17,,145,2.0
female/95/1_DHA_17_2_145.jpg,95,DHA,,Female,17,,145,2.0
female/95/1_DHA_17_2_145.jpg,95,DHA,,Female,17,,145,2.0
female/95/1_DHA_17_2_145.jpg,95,DHA,,Female,17,,145,2.0
female/95/1_DHA_17_2_145.jpg,95,DHA,,Female,17,,145,2.0
female/95/1_DHA_17_2_145.jpg,95,DHA,,Female,17,,145,2.0
female/95/1_DHA_17_2_145.jpg,95,DHA,,Female,17,,145,2.0
female/95/1_DHA_17_2_145.jpg,95,DHA,,Female,17,,145,2.0
female/95/1_DHA_17_2_145.jpg,95,DHA,,Female,17,,145,2.0
female/95/1_DHA_17_2_145.jpg,95,DHA,,Female,17,,145,2.0
female/95/1_DHA_17_2_145.jpg,95,DHA,,Female,17,,145,2.0
female/95/1_DHA_17_2_145.jpg,95,DHA,,Female,17,,145,2.0
female/95/1_DHA_17_2_145.jpg,95,DHA,,Female,17,,145,2.0
female/95/1_DHA_17_2_145.jpg,95,DHA,,Female,17,,145,2.0
female/95/1_DHA_17_2_145.jpg,95,DHA,,Female,17,,145,2.0
female/95/1_DHA_17_2_145.jpg,95,DHA,,Female,17,,145,2.0
female/95/1_DHA_17_2_145.jpg,95,DHA,,Female,17,,145,2.0
female/95/1_DHA_17_2_145.jpg,95,DHA,,Female,17,,145,2.0
female/95/1_DHA_17_2_145.jpg,95,DHA,,Female,17,,145,2.0
female/95/1_DHA_17_2_145.jpg,95,DHA,,Female,17,,145,2.0
female/95/1_DHA_17_2_145.jpg,95,DHA,,Female,17,,145,2.0
female/95/1_DHA_17_2_145.jpg,95,DHA,,Female,17,,145,2.0
female/95/1_DHA_17_2_145.jpg,95,DHA,,Female,17,,145,2.0
female/95/1_DHA_17_2_145.jpg,95,DHA,,Female,17,,145,2.0
female/95/1_DHA_17_2_145.jpg,95,DHA,,Female,17,,145,2.0
female/95/1_DHA_17_2_145.jpg,95,DHA,,Female,17,,145,2.0
female/95/1_DHA_17_2_145.jpg,95,DHA,,Female,17,,145,2.0
female/95/1_DHA_17_2_145.jpg,95,DHA,,Female,17,,145,2.0
female/95/1_DHA_17_2_145.jpg,95,DHA,,Female,17,,145,2.0
female/95/1_DHA_17_2_145.jpg,95,DHA,,Female,17,,145,2.0
female/95/1_DHA_17_2_145.jpg,95,DHA,,Female,17,,145,2.0
female/95/1_DHA_17_2_145.jpg,95,DHA,,Female,17,,145,2.0
female/95/1_DHA_17_2_145.jpg,95,DHA,,Female,17,,145,2.0
female/95/1_DHA_17_2_145.jpg,95,DHA,,Female,17,,145,2.0
female/95/1_DHA_17_2_145.jpg,95,DHA,,Female,17,,145,2.0
female/95/1_DHA_17_2_145.jpg,95,DHA,,Female,17,,145,2.0
female/95/1_DHA_17_2_145.jpg,95,DHA,,Female,17,,145,2.0
female/95/1_DHA_17_2_145.jpg,95,DHA,,Female,17,,145,2.0
female/95/1_DHA_17_2_145.jpg,95,DHA,,Female,17,,145,2.0
female/95/1_DHA_17_2_145.jpg,95,DHA,,Female,17,,145,2.0
female/95/1_DHA_17_2_145.jpg,95,DHA,,Female,17,,145,2.0
female/95/1_DHA_17_2_145.jpg,95,DHA,,Female,17,,145,2.0
female/95/1_DHA_17_2_145.jpg,95,DHA,,Female,17,,145,2.0
female/95/1_DHA_17_2_145.jpg,95,DHA,,Female,17,,145,2.0
female/95/1_DHA_17_2_145.jpg,95,DHA,,Female,17,,145,2.0
female/95/1_DHA_17_2_145.jpg,95,DHA,,Female,17,,145,2.0
female/95/1_DHA_17_2_145.jpg,95,DHA,,Female,17,,145,2.0
female/95/1_DHA_17_2_145.jpg,95,DHA,,Female,17,,145,2.0
female/95/1_DHA_17_2_145.jpg,95,DHA,,Female,17,,145,2.0
female/95/1_DHA_17_2_145.jpg,95,DHA,,Female,17,,145,2.0
female/95/1_DHA_17_2_145.jpg,95,DHA,,Female,17,,145,2.0
female/95/1_DHA_17_2_145.jpg,95,DHA,,Female,17,,145,2.0
female/95/1_DHA_17_2_145.jpg,95,DHA,,Female,17,,145,2.0
female/95/1_DHA_17_2_145.jpg,95,DHA,,Female,17,,145,2.0
female/95/1_DHA_17_2_145.jpg,95,DHA,,Female,17,,145,2.0
female/95/1_DHA_17_2_145.jpg,95,DHA,,Female,17,,145,2.0
female/95/1_DHA_17_2_145.jpg,95,DHA,,Female,17,,145,2.0
female/95/1_DHA_17_2_145.jpg,95,DHA,,Female,17,,145,2.0
female/95/1_DHA_17_2_145.jpg,95,DHA,,Female,17,,145,2.0
female/95/1_DHA_17_2_145.jpg,95,DHA,,Female,17,,145,2.0
female/95/1_DHA_17_2_145.jpg,95,DHA,,Female,17,,145,2.0
female/95/1_DHA_17_2_145.jpg,95,DHA,,Female,17,,145,2.0
female/95/1_DHA_17_2_145.jpg,95,DHA,,Female,17,,145,2.0
female/95/1_DHA_17_2_145.jpg,95,DHA,,Female,17,,145,2.0
female/95/1_DHA_17_2_145.jpg,95,DHA,,Female,17,,145,2.0
female/95/1_DHA_17_2_145.jpg,95,DHA,,Female,17,,145,2.0
female/95/1_DHA_17_2_145.jpg,95,DHA,,Female,17,,145,2.0
female/95/1_DHA_17_2_145.jpg,95,DHA,,Female,17,,145,2.0
female/95/1_DHA_17_2_145.jpg,95,DHA,,Female,17,,145,2.0
female/95/1_DHA_17_2_145.jpg,95,DHA,,Female,17,,145,2.0
female/95/1_DHA_17_2_145.jpg,95,DHA,,Female,17,,145,2.0
female/95/1_DHA_17_2_145.jpg,95,DHA,,Female,17,,145,2.0
female/95/1_DHA_17_2_145.jpg,95,DHA,,Female,17,,145,2.0
female/95/1_DHA_17_2_145.jpg,95,DHA,,Female,17,,145,2.0
female/95/1_DHA_17_2_145.jpg,95,DHA,,Female,17,,145,2.0
female/95/1_DHA_17_2_145.jpg,95,DHA,,Female,17,,145,2.0
female/95/1_DHA_17_2_145.jpg,95,DHA,,Female,17,,145,2.0
female/95/1_DHA_17_2_145.jpg,95,DHA,,Female,17,,145,2.0
female/95/1_DHA_17_2_145.jpg,95,DHA,,Female,17,,145,2.0
female/95/1_DHA_17_2_145.jpg,95,DHA,,Female,17,,145,2.0
female/95/1_DHA_17_2_145.jpg,95,DHA,,Female,17,,145,2.0
female/95/1_DHA_17_2_331.jpg,95,DHA,,Female,17,,331,2.0
female/95/1_DHA_17_2_331.jpg,95,DHA,,Female,17,,331,2.0
female/95/1_DHA_17_2_331.jpg,95,DHA,,Female,17,,331,2.0
female/95/1_DHA_17_2_331.jpg,95,DHA,,Female,17,,331,2.0
female/95/1_DHA_17_2_331.jpg,95,DHA,,Female,17,,331,2.0
female/95/1_DHA_17_2_331.jpg,95,DHA,,Female,17,,331,2.0
female/95/1_DHA_17_2_331.jpg,95,DHA,,Female,17,,331,2.0
female/95/1_DHA_17_2_331.jpg,95,DHA,,Female,17,,331,2.0
female/95/1_DHA_17_2_331.jpg,95,DHA,,Female,17,,331,2.0
female/95/1_DHA_17_2_331.jpg,95,DHA,,Female,17,,331,2.0
female/95/1_DHA_17_2_331.jpg,95,DHA,,Female,17,,331,2.0
female/95/1_DHA_17_2_331.jpg,95,DHA,,Female,17,,331,2.0
female/95/1_DHA_17_2_331.jpg,95,DHA,,Female,17,,331,2.0
female/95/1_DHA_17_2_331.jpg,95,DHA,,Female,17,,331,2.0
female/95/1_DHA_17_2_331.jpg,95,DHA,,Female,17,,331,2.0
female/95/1_DHA_17_2_331.jpg,95,DHA,,Female,17,,331,2.0
female/95/1_DHA_17_2_331.jpg,95,DHA,,Female,17,,331,2.0
female/95/1_DHA_17_2_331.jpg,95,DHA,,Female,17,,331,2.0
female/95/1_DHA_17_2_331.jpg,95,DHA,,Female,17,,331,2.0
female/95/1_DHA_17_2_331.jpg,95,DHA,,Female,17,,331,2.0
female/95/1_DHA_17_2_331.jpg,95,DHA,,Female,17,,331,2.0
female/95/1_DHA_17_2_331.jpg,95,DHA,,Female,17,,331,2.0
female/95/1_DHA_17_2_331.jpg,95,DHA,,Female,17,,331,2.0
female/95/1_DHA_17_2_331.jpg,95,DHA,,Female,17,,331,2.0
female/95/1_DHA_17_2_331.jpg,95,DHA,,Female,17,,331,2.0
female/95/1_DHA_17_2_331.jpg,95,DHA,,Female,17,,331,2.0
female/95/1_DHA_17_2_331.jpg,95,DHA,,Female,17,,331,2.0
female/95/1_DHA_17_2_331.jpg,95,DHA,,Female,17,,331,2.0
female/95/1_DHA_17_2_331.jpg,95,DHA,,Female,17,,331,2.0
female/95/1_DHA_17_2_331.jpg,95,DHA,,Female,17,,331,2.0
female/95/1_DHA_17_2_331.jpg,95,DHA,,Female,17,,331,2.0
female/95/1_DHA_17_2_331.jpg,95,DHA,,Female,17,,331,2.0
female/95/1_DHA_17_2_331.jpg,95,DHA,,Female,17,,331,2.0
female/95/1_DHA_17_2_331.jpg,95,DHA,,Female,17,,331,2.0
female/95/1_DHA_17_2_331.jpg,95,DHA,,Female,17,,331,2.0
female/95/1_DHA_17_2_331.jpg,95,DHA,,Female,17,,331,2.0
female/95/1_DHA_17_2_331.jpg,95,DHA,,Female,17,,331,2.0
female/95/1_DHA_17_2_331.jpg,95,DHA,,Female,17,,331,2.0
female/95/1_DHA_17_2_331.jpg,95,DHA,,Female,17,,331,2.0
female/95/1_DHA_17_2_331.jpg,95,DHA,,Female,17,,331,2.0
female/95/1_DHA_17_2_331.jpg,95,DHA,,Female,17,,331,2.0
female/95/1_DHA_17_2_331.jpg,95,DHA,,Female,17,,331,2.0
female/95/1_DHA_17_2_331.jpg,95,DHA,,Female,17,,331,2.0
female/95/1_DHA_17_2_331.jpg,95,DHA,,Female,17,,331,2.0
female/95/1_DHA_17_2_331.jpg,95,DHA,,Female,17,,331,2.0
female/95/1_DHA_17_2_331.jpg,95,DHA,,Female,17,,331,2.0
female/95/1_DHA_17_2_331.jpg,95,DHA,,Female,17,,331,2.0
female/95/1_DHA_17_2_331.jpg,95,DHA,,Female,17,,331,2.0
female/95/1_DHA_17_2_331.jpg,95,DHA,,Female,17,,331,2.0
female/95/1_DHA_17_2_331.jpg,95,DHA,,Female,17,,331,2.0
female/95/1_DHA_17_2_331.jpg,95,DHA,,Female,17,,331,2.0
female/95/1_DHA_17_2_331.jpg,95,DHA,,Female,17,,331,2.0
female/95/1_DHA_17_2_331.jpg,95,DHA,,Female,17,,331,2.0
female/95/1_DHA_17_2_331.jpg,95,DHA,,Female,17,,331,2.0
female/95/1_DHA_17_2_331.jpg,95,DHA,,Female,17,,331,2.0
female/95/1_DHA_17_2_331.jpg,95,DHA,,Female,17,,331,2.0
female/95/1_DHA_17_2_331.jpg,95,DHA,,Female,17,,331,2.0
female/95/1_DHA_17_2_331.jpg,95,DHA,,Female,17,,331,2.0
female/95/1_DHA_17_2_331.jpg,95,DHA,,Female,17,,331,2.0
female/95/1_DHA_17_2_331.jpg,95,DHA,,Female,17,,331,2.0
female/95/1_DHA_17_2_331.jpg,95,DHA,,Female,17,,331,2.0
female/95/1_DHA_17_2_331.jpg,95,DHA,,Female,17,,331,2.0
female/95/1_DHA_17_2_331.jpg,95,DHA,,Female,17,,331,2.0
female/95/1_DHA_17_2_331.jpg,95,DHA,,Female,17,,331,2.0
female/95/1_DHA_17_2_331.jpg,95,DHA,,Female,17,,331,2.0
female/95/1_DHA_17_2_331.jpg,95,DHA,,Female,17,,331,2.0
female/95/1_DHA_17_2_331.jpg,95,DHA,,Female,17,,331,2.0
female/95/1_DHA_17_2_331.jpg,95,DHA,,Female,17,,331,2.0
female/95/1_DHA_17_2_331.jpg,95,DHA,,Female,17,,331,2.0
female/95/1_DHA_17_2_331.jpg,95,DHA,,Female,17,,331,2.0
female/95/1_DHA_17_2_331.jpg,95,DHA,,Female,17,,331,2.0
female/95/1_DHA_17_2_331.jpg,95,DHA,,Female,17,,331,2.0
female/95/1_DHA_17_2_331.jpg,95,DHA,,Female,17,,331,2.0
female/95/1_DHA_17_2_331.jpg,95,DHA,,Female,17,,331,2.0
female/95/1_DHA_17_2_331.jpg,95,DHA,,Female,17,,331,2.0
female/95/1_DHA_17_2_331.jpg,95,DHA,,Female,17,,331,2.0
female/95/1_DHA_17_2_331.jpg,95,DHA,,Female,17,,331,2.0
female/95/1_DHA_17_2_331.jpg,95,DHA,,Female,17,,331,2.0
female/95/1_DHA_17_2_331.jpg,95,DHA,,Female,17,,331,2.0
female/95/1_DHA_17_2_331.jpg,95,DHA,,Female,17,,331,2.0
female/95/1_DHA_17_2_331.jpg,95,DHA,,Female,17,,331,2.0
female/95/1_DHA_17_2_331.jpg,95,DHA,,Female,17,,331,2.0
female/95/1_DHA_17_2_331.jpg,95,DHA,,Female,17,,331,2.0
female/95/1_DHA_17_2_331.jpg,95,DHA,,Female,17,,331,2.0
female/95/1_DHA_17_2_331.jpg,95,DHA,,Female,17,,331,2.0
female/95/1_DHA_17_2_331.jpg,95,DHA,,Female,17,,331,2.0
female/95/1_DHA_17_2_331.jpg,95,DHA,,Female,17,,331,2.0
female/95/1_DHA_17_2_331.jpg,95,DHA,,Female,17,,331,2.0
female/95/1_DHA_17_2_331.jpg,95,DHA,,Female,17,,331,2.0
female/95/1_DHA_17_2_331.jpg,95,DHA,,Female,17,,331,2.0
female/95/1_DHA_17_2_331.jpg,95,DHA,,Female,17,,331,2.0
female/95/1_DHA_17_2_331.jpg,95,DHA,,Female,17,,331,2.0
female/95/1_DHA_17_2_331.jpg,95,DHA,,Female,17,,331,2.0
female/95/1_DHA_17_2_331.jpg,95,DHA,,Female,17,,331,2.0
female/95/1_DHA_17_2_331.jpg,95,DHA,,Female,17,,331,2.0
female/95/1_DHA_17_2_331.jpg,95,DHA,,Female,17,,331,2.0
female/95/1_DHA_17_2_331.jpg,95,DHA,,Female,17,,331,2.0
female/95/1_DHA_17_2_331.jpg,95,DHA,,Female,17,,331,2.0
female/95/1_DHA_17_2_331.jpg,95,DHA,,Female,17,,331,2.0
female/95/1_DHA_17_2_331.jpg,95,DHA,,Female,17,,331,2.0
female/95/1_DHA_17_2_331.jpg,95,DHA,,Female,17,,331,2.0
female/95/1_DHA_17_2_331.jpg,95,DHA,,Female,17,,331,2.0
female/95/1_DHA_17_2_331.jpg,95,DHA,,Female,17,,331,2.0
female/95/1_DHA_17_2_331.jpg,95,DHA,,Female,17,,331,2.0
female/95/1_DHA_17_2_331.jpg,95,DHA,,Female,17,,331,2.0
female/95/1_DHA_17_2_331.jpg,95,DHA,,Female,17,,331,2.0
female/95/1_DHA_17_2_331.jpg,95,DHA,,Female,17,,331,2.0
female/95/1_DHA_17_2_331.jpg,95,DHA,,Female,17,,331,2.0
female/95/1_DHA_17_2_331.jpg,95,DHA,,Female,17,,331,2.0
female/95/1_DHA_17_2_331.jpg,95,DHA,,Female,17,,331,2.0
female/95/1_DHA_17_2_331.jpg,95,DHA,,Female,17,,331,2.0
female/95/1_DHA_17_2_331.jpg,95,DHA,,Female,17,,331,2.0
female/95/1_DHA_17_2_331.jpg,95,DHA,,Female,17,,331,2.0
female/95/1_DHA_17_2_331.jpg,95,DHA,,Female,17,,331,2.0
female/95/1_DHA_17_2_331.jpg,95,DHA,,Female,17,,331,2.0
female/95/1_DHA_17_2_331.jpg,95,DHA,,Female,17,,331,2.0
female/95/1_DHA_17_2_331.jpg,95,DHA,,Female,17,,331,2.0
female/95/1_DHA_17_2_331.jpg,95,DHA,,Female,17,,331,2.0
female/95/1_DHA_17_2_331.jpg,95,DHA,,Female,17,,331,2.0
female/95/1_DHA_17_2_331.jpg,95,DHA,,Female,17,,331,2.0
female/95/1_DHA_17_2_331.jpg,95,DHA,,Female,17,,331,2.0
female/95/1_DHA_17_2_331.jpg,95,DHA,,Female,17,,331,2.0
female/95/1_DHA_17_2_331.jpg,95,DHA,,Female,17,,331,2.0
female/95/1_DHA_17_2_331.jpg,95,DHA,,Female,17,,331,2.0
female/95/1_DHA_17_2_331.jpg,95,DHA,,Female,17,,331,2.0
female/95/1_DHA_17_2_331.jpg,95,DHA,,Female,17,,331,2.0
female/95/1_DHA_17_2_331.jpg,95,DHA,,Female,17,,331,2.0
female/95/1_DHA_17_2_331.jpg,95,DHA,,Female,17,,331,2.0
female/95/1_DHA_17_2_331.jpg,95,DHA,,Female,17,,331,2.0
female/95/1_DHA_17_2_331.jpg,95,DHA,,Female,17,,331,2.0
female/95/1_DHA_17_2_331.jpg,95,DHA,,Female,17,,331,2.0
female/95/1_DHA_17_2_331.jpg,95,DHA,,Female,17,,331,2.0
female/95/1_DHA_17_2_331.jpg,95,DHA,,Female,17,,331,2.0
female/95/1_DHA_17_2_331.jpg,95,DHA,,Female,17,,331,2.0
female/95/1_DHA_17_2_331.jpg,95,DHA,,Female,17,,331,2.0
female/95/1_DHA_17_2_331.jpg,95,DHA,,Female,17,,331,2.0
female/95/1_DHA_17_2_331.jpg,95,DHA,,Female,17,,331,2.0
female/95/1_DHA_17_2_331.jpg,95,DHA,,Female,17,,331,2.0
female/95/1_DHA_17_2_331.jpg,95,DHA,,Female,17,,331,2.0
female/95/1_DHA_17_2_331.jpg,95,DHA,,Female,17,,331,2.0
female/95/1_DHA_17_2_331.jpg,95,DHA,,Female,17,,331,2.0
female/95/1_DHA_17_2_331.jpg,95,DHA,,Female,17,,331,2.0
female/95/1_DHA_17_2_331.jpg,95,DHA,,Female,17,,331,2.0
female/95/1_DHA_17_2_331.jpg,95,DHA,,Female,17,,331,2.0
female/95/1_DHA_17_2_331.jpg,95,DHA,,Female,17,,331,2.0
female/95/1_DHA_17_2_331.jpg,95,DHA,,Female,17,,331,2.0
female/95/1_DHA_17_2_331.jpg,95,DHA,,Female,17,,331,2.0
female/95/1_DHA_17_2_331.jpg,95,DHA,,Female,17,,331,2.0
female/95/1_DHA_17_2_331.jpg,95,DHA,,Female,17,,331,2.0
female/95/1_DHA_17_2_331.jpg,95,DHA,,Female,17,,331,2.0
female/95/1_DHA_17_2_331.jpg,95,DHA,,Female,17,,331,2.0
female/95/1_DHA_17_2_331.jpg,95,DHA,,Female,17,,331,2.0
female/95/1_DHA_17_2_331.jpg,95,DHA,,Female,17,,331,2.0
female/95/1_DHA_17_2_331.jpg,95,DHA,,Female,17,,331,2.0
female/95/1_DHA_17_2_331.jpg,95,DHA,,Female,17,,331,2.0
female/95/1_DHA_17_2_331.jpg,95,DHA,,Female,17,,331,2.0
female/95/1_DHA_17_2_331.jpg,95,DHA,,Female,17,,331,2.0
female/95/1_DHA_17_2_331.jpg,95,DHA,,Female,17,,331,2.0
female/95/1_DHA_17_2_331.jpg,95,DHA,,Female,17,,331,2.0
female/95/1_DHA_17_2_331.jpg,95,DHA,,Female,17,,331,2.0
female/95/1_DHA_17_2_331.jpg,95,DHA,,Female,17,,331,2.0
female/95/1_DHA_17_2_331.jpg,95,DHA,,Female,17,,331,2.0
female/95/1_DHA_17_2_331.jpg,95,DHA,,Female,17,,331,2.0
female/95/1_DHA_17_2_331.jpg,95,DHA,,Female,17,,331,2.0
female/95/1_DHA_17_2_331.jpg,95,DHA,,Female,17,,331,2.0
female/95/1_DHA_17_2_331.jpg,95,DHA,,Female,17,,331,2.0
female/95/1_DHA_17_2_331.jpg,95,DHA,,Female,17,,331,2.0
female/95/1_DHA_17_2_331.jpg,95,DHA,,Female,17,,331,2.0
female/95/1_DHA_17_2_331.jpg,95,DHA,,Female,17,,331,2.0
female/95/1_DHA_17_2_331.jpg,95,DHA,,Female,17,,331,2.0
female/95/1_DHA_17_2_331.jpg,95,DHA,,Female,17,,331,2.0
female/95/1_DHA_17_2_331.jpg,95,DHA,,Female,17,,331,2.0
female/95/1_DHA_17_2_331.jpg,95,DHA,,Female,17,,331,2.0
female/95/1_DHA_17_2_331.jpg,95,DHA,,Female,17,,331,2.0
female/95/1_DHA_17_2_331.jpg,95,DHA,,Female,17,,331,2.0
female/95/1_DHA_17_2_331.jpg,95,DHA,,Female,17,,331,2.0
female/95/1_DHA_17_2_331.jpg,95,DHA,,Female,17,,331,2.0
female/95/1_DHA_17_2_331.jpg,95,DHA,,Female,17,,331,2.0
female/95/1_DHA_17_2_331.jpg,95,DHA,,Female,17,,331,2.0
female/95/1_DHA_17_2_331.jpg,95,DHA,,Female,17,,331,2.0
female/95/1_DHA_17_2_331.jpg,95,DHA,,Female,17,,331,2.0
female/95/1_DHA_17_2_331.jpg,95,DHA,,Female,17,,331,2.0
female/95/1_DHA_17_2_331.jpg,95,DHA,,Female,17,,331,2.0
female/95/1_DHA_17_2_331.jpg,95,DHA,,Female,17,,331,2.0
female/95/1_DHA_17_2_331.jpg,95,DHA,,Female,17,,331,2.0
female/95/1_DHA_17_2_331.jpg,95,DHA,,Female,17,,331,2.0
female/95/1_DHA_17_2_331.jpg,95,DHA,,Female,17,,331,2.0
female/95/1_DHA_17_2_331.jpg,95,DHA,,Female,17,,331,2.0
female/95/1_DHA_17_2_331.jpg,95,DHA,,Female,17,,331,2.0
female/95/1_DHA_17_2_331.jpg,95,DHA,,Female,17,,331,2.0
female/95/1_DHA_17_2_331.jpg,95,DHA,,Female,17,,331,2.0
female/95/1_DHA_17_2_331.jpg,95,DHA,,Female,17,,331,2.0
female/95/1_DHA_17_2_331.jpg,95,DHA,,Female,17,,331,2.0
female/95/1_DHA_17_2_331.jpg,95,DHA,,Female,17,,331,2.0
female/95/1_DHA_17_2_331.jpg,95,DHA,,Female,17,,331,2.0
female/95/1_DHA_17_2_331.jpg,95,DHA,,Female,17,,331,2.0
female/95/1_DHA_17_2_331.jpg,95,DHA,,Female,17,,331,2.0
female/95/1_DHA_17_2_331.jpg,95,DHA,,Female,17,,331,2.0
female/95/1_DHA_17_2_331.jpg,95,DHA,,Female,17,,331,2.0
female/95/1_DHA_17_2_331.jpg,95,DHA,,Female,17,,331,2.0
female/95/1_DHA_17_2_331.jpg,95,DHA,,Female,17,,331,2.0
female/95/1_DHA_17_2_331.jpg,95,DHA,,Female,17,,331,2.0
female/95/1_DHA_17_2_331.jpg,95,DHA,,Female,17,,331,2.0
female/95/1_DHA_17_2_331.jpg,95,DHA,,Female,17,,331,2.0
female/95/1_DHA_17_2_331.jpg,95,DHA,,Female,17,,331,2.0
female/95/1_DHA_17_2_331.jpg,95,DHA,,Female,17,,331,2.0
female/95/1_DHA_17_2_331.jpg,95,DHA,,Female,17,,331,2.0
female/95/1_DHA_17_2_331.jpg,95,DHA,,Female,17,,331,2.0
female/95/1_DHA_17_2_331.jpg,95,DHA,,Female,17,,331,2.0
female/95/1_DHA_17_2_331.jpg,95,DHA,,Female,17,,331,2.0
female/95/1_DHA_17_2_331.jpg,95,DHA,,Female,17,,331,2.0
female/95/1_DHA_17_2_331.jpg,95,DHA,,Female,17,,331,2.0
female/95/1_DHA_17_2_331.jpg,95,DHA,,Female,17,,331,2.0
female/95/1_DHA_17_2_331.jpg,95,DHA,,Female,17,,331,2.0
female/95/1_DHA_17_2_331.jpg,95,DHA,,Female,17,,331,2.0
female/95/1_DHA_17_2_331.jpg,95,DHA,,Female,17,,331,2.0
female/95/1_DHA_17_2_331.jpg,95,DHA,,Female,17,,331,2.0
female/95/1_DHA_17_2_331.jpg,95,DHA,,Female,17,,331,2.0
female/95/1_DHA_17_2_331.jpg,95,DHA,,Female,17,,331,2.0
female/95/1_DHA_17_2_331.jpg,95,DHA,,Female,17,,331,2.0
female/95/1_DHA_17_2_331.jpg,95,DHA,,Female,17,,331,2.0
female/95/1_FEN_17_2_1280.jpg,95,FEN,,Female,17,,1280,2.0
female/95/1_FEN_17_2_1280.jpg,95,FEN,,Female,17,,1280,2.0
female/95/1_FEN_17_2_1280.jpg,95,FEN,,Female,17,,1280,2.0
female/95/1_FEN_17_2_1280.jpg,95,FEN,,Female,17,,1280,2.0
female/95/1_FEN_17_2_1280.jpg,95,FEN,,Female,17,,1280,2.0
female/95/1_FEN_17_2_1280.jpg,95,FEN,,Female,17,,1280,2.0
female/95/1_FEN_17_2_1280.jpg,95,FEN,,Female,17,,1280,2.0
female/95/1_FEN_17_2_1280.jpg,95,FEN,,Female,17,,1280,2.0
female/95/1_FEN_17_2_1280.jpg,95,FEN,,Female,17,,1280,2.0
female/95/1_FEN_17_2_1280.jpg,95,FEN,,Female,17,,1280,2.0
female/95/1_FEN_17_2_1280.jpg,95,FEN,,Female,17,,1280,2.0
female/95/1_FEN_17_2_1280.jpg,95,FEN,,Female,17,,1280,2.0
female/95/1_FEN_17_2_1280.jpg,95,FEN,,Female,17,,1280,2.0
female/95/1_FEN_17_2_1280.jpg,95,FEN,,Female,17,,1280,2.0
female/95/1_FEN_17_2_1280.jpg,95,FEN,,Female,17,,1280,2.0
female/95/1_FEN_17_2_1280.jpg,95,FEN,,Female,17,,1280,2.0
female/95/1_FEN_17_2_1280.jpg,95,FEN,,Female,17,,1280,2.0
female/95/1_FEN_17_2_1280.jpg,95,FEN,,Female,17,,1280,2.0
female/95/1_FEN_17_2_1280.jpg,95,FEN,,Female,17,,1280,2.0
female/95/1_FEN_17_2_1280.jpg,95,FEN,,Female,17,,1280,2.0
female/95/1_FEN_17_2_1280.jpg,95,FEN,,Female,17,,1280,2.0
female/95/1_FEN_17_2_1280.jpg,95,FEN,,Female,17,,1280,2.0
female/95/1_FEN_17_2_1280.jpg,95,FEN,,Female,17,,1280,2.0
female/95/1_FEN_17_2_1280.jpg,95,FEN,,Female,17,,1280,2.0
female/95/1_FEN_17_2_1280.jpg,95,FEN,,Female,17,,1280,2.0
female/95/1_FEN_17_2_1280.jpg,95,FEN,,Female,17,,1280,2.0
female/95/1_FEN_17_2_1280.jpg,95,FEN,,Female,17,,1280,2.0
female/95/1_FEN_17_2_1280.jpg,95,FEN,,Female,17,,1280,2.0
female/95/1_FEN_17_2_1280.jpg,95,FEN,,Female,17,,1280,2.0
female/95/1_FEN_17_2_1280.jpg,95,FEN,,Female,17,,1280,2.0
female/95/1_FEN_17_2_1280.jpg,95,FEN,,Female,17,,1280,2.0
female/95/1_FEN_17_2_1280.jpg,95,FEN,,Female,17,,1280,2.0
female/95/1_FEN_17_2_1280.jpg,95,FEN,,Female,17,,1280,2.0
female/95/1_FEN_17_2_1280.jpg,95,FEN,,Female,17,,1280,2.0
female/95/1_FEN_17_2_1280.jpg,95,FEN,,Female,17,,1280,2.0
female/95/1_FEN_17_2_1280.jpg,95,FEN,,Female,17,,1280,2.0
female/95/1_FEN_17_2_1280.jpg,95,FEN,,Female,17,,1280,2.0
female/95/1_FEN_17_2_1280.jpg,95,FEN,,Female,17,,1280,2.0
female/95/1_FEN_17_2_1280.jpg,95,FEN,,Female,17,,1280,2.0
female/95/1_FEN_17_2_1280.jpg,95,FEN,,Female,17,,1280,2.0
female/95/1_FEN_17_2_1280.jpg,95,FEN,,Female,17,,1280,2.0
female/95/1_FEN_17_2_1280.jpg,95,FEN,,Female,17,,1280,2.0
female/95/1_FEN_17_2_1280.jpg,95,FEN,,Female,17,,1280,2.0
female/95/1_FEN_17_2_1280.jpg,95,FEN,,Female,17,,1280,2.0
female/95/1_FEN_17_2_1280.jpg,95,FEN,,Female,17,,1280,2.0
female/95/1_FEN_17_2_1280.jpg,95,FEN,,Female,17,,1280,2.0
female/95/1_FEN_17_2_1280.jpg,95,FEN,,Female,17,,1280,2.0
female/95/1_FEN_17_2_1280.jpg,95,FEN,,Female,17,,1280,2.0
female/95/1_FEN_17_2_1280.jpg,95,FEN,,Female,17,,1280,2.0
female/95/1_FEN_17_2_1280.jpg,95,FEN,,Female,17,,1280,2.0
female/95/1_FEN_17_2_1280.jpg,95,FEN,,Female,17,,1280,2.0
female/95/1_FEN_17_2_1280.jpg,95,FEN,,Female,17,,1280,2.0
female/95/1_FEN_17_2_1280.jpg,95,FEN,,Female,17,,1280,2.0
female/95/1_FEN_17_2_1280.jpg,95,FEN,,Female,17,,1280,2.0
female/95/1_FEN_17_2_1280.jpg,95,FEN,,Female,17,,1280,2.0
female/95/1_FEN_17_2_1280.jpg,95,FEN,,Female,17,,1280,2.0
female/95/1_FEN_17_2_1280.jpg,95,FEN,,Female,17,,1280,2.0
female/95/1_FEN_17_2_1280.jpg,95,FEN,,Female,17,,1280,2.0
female/95/1_FEN_17_2_1280.jpg,95,FEN,,Female,17,,1280,2.0
female/95/1_FEN_17_2_1280.jpg,95,FEN,,Female,17,,1280,2.0
female/95/1_FEN_17_2_1280.jpg,95,FEN,,Female,17,,1280,2.0
female/95/1_FEN_17_2_1280.jpg,95,FEN,,Female,17,,1280,2.0
female/95/1_FEN_17_2_1280.jpg,95,FEN,,Female,17,,1280,2.0
female/95/1_FEN_17_2_1280.jpg,95,FEN,,Female,17,,1280,2.0
female/95/1_FEN_17_2_1280.jpg,95,FEN,,Female,17,,1280,2.0
female/95/1_FEN_17_2_1280.jpg,95,FEN,,Female,17,,1280,2.0
female/95/1_FEN_17_2_1280.jpg,95,FEN,,Female,17,,1280,2.0
female/95/1_FEN_17_2_1280.jpg,95,FEN,,Female,17,,1280,2.0
female/95/1_FEN_17_2_1280.jpg,95,FEN,,Female,17,,1280,2.0
female/95/1_FEN_17_2_1280.jpg,95,FEN,,Female,17,,1280,2.0
female/95/1_FEN_17_2_1280.jpg,95,FEN,,Female,17,,1280,2.0
female/95/1_FEN_17_2_1280.jpg,95,FEN,,Female,17,,1280,2.0
female/95/1_FEN_17_2_1280.jpg,95,FEN,,Female,17,,1280,2.0
female/95/1_FEN_17_2_1280.jpg,95,FEN,,Female,17,,1280,2.0
female/95/1_FEN_17_2_1280.jpg,95,FEN,,Female,17,,1280,2.0
female/95/1_FEN_17_2_1280.jpg,95,FEN,,Female,17,,1280,2.0
female/95/1_FEN_17_2_1280.jpg,95,FEN,,Female,17,,1280,2.0
female/95/1_FEN_17_2_1280.jpg,95,FEN,,Female,17,,1280,2.0
female/95/1_FEN_17_2_1280.jpg,95,FEN,,Female,17,,1280,2.0
female/95/1_FEN_17_2_1280.jpg,95,FEN,,Female,17,,1280,2.0
female/95/1_FEN_17_2_1280.jpg,95,FEN,,Female,17,,1280,2.0
female/95/1_FEN_17_2_1280.jpg,95,FEN,,Female,17,,1280,2.0
female/95/1_FEN_17_2_1280.jpg,95,FEN,,Female,17,,1280,2.0
female/95/1_FEN_17_2_1280.jpg,95,FEN,,Female,17,,1280,2.0
female/95/1_FEN_17_2_1280.jpg,95,FEN,,Female,17,,1280,2.0
female/95/1_FEN_17_2_1280.jpg,95,FEN,,Female,17,,1280,2.0
female/95/1_FEN_17_2_1280.jpg,95,FEN,,Female,17,,1280,2.0
female/95/1_FEN_17_2_1280.jpg,95,FEN,,Female,17,,1280,2.0
female/95/1_FEN_17_2_1280.jpg,95,FEN,,Female,17,,1280,2.0
female/95/1_FEN_17_2_1280.jpg,95,FEN,,Female,17,,1280,2.0
female/95/1_FEN_17_2_1280.jpg,95,FEN,,Female,17,,1280,2.0
female/95/1_FEN_17_2_1280.jpg,95,FEN,,Female,17,,1280,2.0
female/95/1_FEN_17_2_1280.jpg,95,FEN,,Female,17,,1280,2.0
female/95/1_FEN_17_2_1280.jpg,95,FEN,,Female,17,,1280,2.0
female/95/1_FEN_17_2_1280.jpg,95,FEN,,Female,17,,1280,2.0
female/95/1_FEN_17_2_1280.jpg,95,FEN,,Female,17,,1280,2.0
female/95/1_FEN_17_2_1280.jpg,95,FEN,,Female,17,,1280,2.0
female/95/1_FEN_17_2_1280.jpg,95,FEN,,Female,17,,1280,2.0
female/95/1_FEN_17_2_1280.jpg,95,FEN,,Female,17,,1280,2.0
female/95/1_FEN_17_2_1280.jpg,95,FEN,,Female,17,,1280,2.0
female/95/1_FEN_17_2_1280.jpg,95,FEN,,Female,17,,1280,2.0
female/95/1_FEN_17_2_1280.jpg,95,FEN,,Female,17,,1280,2.0
female/95/1_FEN_17_2_1280.jpg,95,FEN,,Female,17,,1280,2.0
female/95/1_FEN_17_2_1280.jpg,95,FEN,,Female,17,,1280,2.0
female/95/1_FEN_17_2_1280.jpg,95,FEN,,Female,17,,1280,2.0
female/95/1_FEN_17_2_1280.jpg,95,FEN,,Female,17,,1280,2.0
female/95/1_FEN_17_2_1280.jpg,95,FEN,,Female,17,,1280,2.0
female/95/1_FEN_17_2_1280.jpg,95,FEN,,Female,17,,1280,2.0
female/95/1_FEN_17_2_1280.jpg,95,FEN,,Female,17,,1280,2.0
female/95/1_FEN_17_2_1280.jpg,95,FEN,,Female,17,,1280,2.0
female/95/1_FEN_17_2_1280.jpg,95,FEN,,Female,17,,1280,2.0
female/95/1_FEN_17_2_1280.jpg,95,FEN,,Female,17,,1280,2.0
female/95/1_FEN_17_2_1280.jpg,95,FEN,,Female,17,,1280,2.0
female/95/1_FEN_17_2_1280.jpg,95,FEN,,Female,17,,1280,2.0
female/95/1_FEN_17_2_1280.jpg,95,FEN,,Female,17,,1280,2.0
female/95/1_FEN_17_2_1280.jpg,95,FEN,,Female,17,,1280,2.0
female/95/1_FEN_17_2_1280.jpg,95,FEN,,Female,17,,1280,2.0
female/95/1_FEN_17_2_1280.jpg,95,FEN,,Female,17,,1280,2.0
female/95/1_FEN_17_2_1280.jpg,95,FEN,,Female,17,,1280,2.0
female/95/1_FEN_17_2_1280.jpg,95,FEN,,Female,17,,1280,2.0
female/95/1_FEN_17_2_1280.jpg,95,FEN,,Female,17,,1280,2.0
female/95/1_FEN_17_2_1280.jpg,95,FEN,,Female,17,,1280,2.0
female/95/1_FEN_17_2_1280.jpg,95,FEN,,Female,17,,1280,2.0
female/95/1_FEN_17_2_1280.jpg,95,FEN,,Female,17,,1280,2.0
female/95/1_FEN_17_2_1280.jpg,95,FEN,,Female,17,,1280,2.0
female/95/1_FEN_17_2_1280.jpg,95,FEN,,Female,17,,1280,2.0
female/95/1_FEN_17_2_1280.jpg,95,FEN,,Female,17,,1280,2.0
female/95/1_FEN_17_2_1280.jpg,95,FEN,,Female,17,,1280,2.0
female/95/1_FEN_17_2_1280.jpg,95,FEN,,Female,17,,1280,2.0
female/95/1_FEN_17_2_1280.jpg,95,FEN,,Female,17,,1280,2.0
female/95/1_FEN_17_2_1280.jpg,95,FEN,,Female,17,,1280,2.0
female/95/1_FEN_17_2_1280.jpg,95,FEN,,Female,17,,1280,2.0
female/95/1_FEN_17_2_1280.jpg,95,FEN,,Female,17,,1280,2.0
female/95/1_FEN_17_2_1280.jpg,95,FEN,,Female,17,,1280,2.0
female/95/1_FEN_17_2_1280.jpg,95,FEN,,Female,17,,1280,2.0
female/95/1_FEN_17_2_1280.jpg,95,FEN,,Female,17,,1280,2.0
female/95/1_FEN_17_2_1280.jpg,95,FEN,,Female,17,,1280,2.0
female/95/1_FEN_17_2_1280.jpg,95,FEN,,Female,17,,1280,2.0
female/95/1_FEN_17_2_1280.jpg,95,FEN,,Female,17,,1280,2.0
female/95/1_FEN_17_2_1280.jpg,95,FEN,,Female,17,,1280,2.0
female/95/1_FEN_17_2_1280.jpg,95,FEN,,Female,17,,1280,2.0
female/95/1_FEN_17_2_1280.jpg,95,FEN,,Female,17,,1280,2.0
female/95/1_FEN_17_2_1280.jpg,95,FEN,,Female,17,,1280,2.0
female/95/1_FEN_17_2_1280.jpg,95,FEN,,Female,17,,1280,2.0
female/95/1_FEN_17_2_1280.jpg,95,FEN,,Female,17,,1280,2.0
female/95/1_FEN_17_2_1280.jpg,95,FEN,,Female,17,,1280,2.0
female/95/1_FEN_17_2_1280.jpg,95,FEN,,Female,17,,1280,2.0
female/95/1_FEN_17_2_1280.jpg,95,FEN,,Female,17,,1280,2.0
female/95/1_FEN_17_2_1280.jpg,95,FEN,,Female,17,,1280,2.0
female/95/1_FEN_17_2_1280.jpg,95,FEN,,Female,17,,1280,2.0
female/95/1_FEN_17_2_1280.jpg,95,FEN,,Female,17,,1280,2.0
female/95/1_FEN_17_2_1280.jpg,95,FEN,,Female,17,,1280,2.0
female/95/1_FEN_17_2_1280.jpg,95,FEN,,Female,17,,1280,2.0
female/95/1_FEN_17_2_1280.jpg,95,FEN,,Female,17,,1280,2.0
female/95/1_FEN_17_2_1280.jpg,95,FEN,,Female,17,,1280,2.0
female/95/1_FEN_17_2_1280.jpg,95,FEN,,Female,17,,1280,2.0
female/95/1_FEN_17_2_1280.jpg,95,FEN,,Female,17,,1280,2.0
female/95/1_FEN_17_2_1280.jpg,95,FEN,,Female,17,,1280,2.0
female/95/1_FEN_17_2_1280.jpg,95,FEN,,Female,17,,1280,2.0
female/95/1_FEN_17_2_1280.jpg,95,FEN,,Female,17,,1280,2.0
female/95/1_FEN_17_2_1280.jpg,95,FEN,,Female,17,,1280,2.0
female/95/1_FEN_17_2_1280.jpg,95,FEN,,Female,17,,1280,2.0
female/95/1_FEN_17_2_1280.jpg,95,FEN,,Female,17,,1280,2.0
female/95/1_FEN_17_2_1280.jpg,95,FEN,,Female,17,,1280,2.0
female/95/1_FEN_17_2_1280.jpg,95,FEN,,Female,17,,1280,2.0
female/95/1_FEN_17_2_1280.jpg,95,FEN,,Female,17,,1280,2.0
female/95/1_FEN_17_2_1280.jpg,95,FEN,,Female,17,,1280,2.0
female/95/1_FEN_17_2_1280.jpg,95,FEN,,Female,17,,1280,2.0
female/95/1_FEN_17_2_1280.jpg,95,FEN,,Female,17,,1280,2.0
female/95/1_FEN_17_2_1280.jpg,95,FEN,,Female,17,,1280,2.0
female/95/1_FEN_17_2_1280.jpg,95,FEN,,Female,17,,1280,2.0
female/95/1_FEN_17_2_1280.jpg,95,FEN,,Female,17,,1280,2.0
female/95/1_FEN_17_2_1280.jpg,95,FEN,,Female,17,,1280,2.0
female/95/1_FEN_17_2_1280.jpg,95,FEN,,Female,17,,1280,2.0
female/95/1_FEN_17_2_1280.jpg,95,FEN,,Female,17,,1280,2.0
female/95/1_FEN_17_2_1280.jpg,95,FEN,,Female,17,,1280,2.0
female/95/1_FEN_17_2_1280.jpg,95,FEN,,Female,17,,1280,2.0
female/95/1_FEN_17_2_1280.jpg,95,FEN,,Female,17,,1280,2.0
female/95/1_FEN_17_2_1280.jpg,95,FEN,,Female,17,,1280,2.0
female/95/1_FEN_17_2_1280.jpg,95,FEN,,Female,17,,1280,2.0
female/95/1_FEN_17_2_1280.jpg,95,FEN,,Female,17,,1280,2.0
female/95/1_FEN_17_2_1280.jpg,95,FEN,,Female,17,,1280,2.0
female/95/1_FEN_17_2_1280.jpg,95,FEN,,Female,17,,1280,2.0
female/95/1_FEN_17_2_1280.jpg,95,FEN,,Female,17,,1280,2.0
female/95/1_FEN_17_2_1280.jpg,95,FEN,,Female,17,,1280,2.0
female/95/1_FEN_17_2_1280.jpg,95,FEN,,Female,17,,1280,2.0
female/95/1_FEN_17_2_1280.jpg,95,FEN,,Female,17,,1280,2.0
female/95/1_FEN_17_2_1280.jpg,95,FEN,,Female,17,,1280,2.0
female/95/1_FEN_17_2_1280.jpg,95,FEN,,Female,17,,1280,2.0
female/95/1_FEN_17_2_1280.jpg,95,FEN,,Female,17,,1280,2.0
female/95/1_FEN_17_2_1280.jpg,95,FEN,,Female,17,,1280,2.0
female/95/1_FEN_17_2_1280.jpg,95,FEN,,Female,17,,1280,2.0
female/95/1_FEN_17_2_1280.jpg,95,FEN,,Female,17,,1280,2.0
female/95/1_FEN_17_2_1280.jpg,95,FEN,,Female,17,,1280,2.0
female/95/1_FEN_17_2_1280.jpg,95,FEN,,Female,17,,1280,2.0
female/95/1_FEN_17_2_1280.jpg,95,FEN,,Female,17,,1280,2.0
female/95/1_FEN_17_2_1280.jpg,95,FEN,,Female,17,,1280,2.0
female/95/1_FEN_17_2_1280.jpg,95,FEN,,Female,17,,1280,2.0
female/95/1_FEN_17_2_1280.jpg,95,FEN,,Female,17,,1280,2.0
female/95/1_FEN_17_2_1280.jpg,95,FEN,,Female,17,,1280,2.0
female/95/1_FEN_17_2_1280.jpg,95,FEN,,Female,17,,1280,2.0
female/95/1_FEN_17_2_1280.jpg,95,FEN,,Female,17,,1280,2.0
female/95/1_FEN_17_2_1280.jpg,95,FEN,,Female,17,,1280,2.0
female/95/1_FEN_17_2_1280.jpg,95,FEN,,Female,17,,1280,2.0
female/95/1_FEN_17_2_1280.jpg,95,FEN,,Female,17,,1280,2.0
female/95/1_FEN_17_2_1280.jpg,95,FEN,,Female,17,,1280,2.0
female/95/1_FEN_17_2_1280.jpg,95,FEN,,Female,17,,1280,2.0
female/95/1_FEN_17_2_1280.jpg,95,FEN,,Female,17,,1280,2.0
female/95/1_FEN_17_2_1280.jpg,95,FEN,,Female,17,,1280,2.0
female/95/1_FEN_17_2_1280.jpg,95,FEN,,Female,17,,1280,2.0
female/95/1_FEN_17_2_1280.jpg,95,FEN,,Female,17,,1280,2.0
female/95/1_FEN_17_2_1280.jpg,95,FEN,,Female,17,,1280,2.0
female/95/1_FEN_17_2_1280.jpg,95,FEN,,Female,17,,1280,2.0
female/95/1_FEN_17_2_1280.jpg,95,FEN,,Female,17,,1280,2.0
female/95/1_FEN_17_2_1280.jpg,95,FEN,,Female,17,,1280,2.0
female/95/1_FEN_17_2_1280.jpg,95,FEN,,Female,17,,1280,2.0
female/104/1_DHA_17_2_178.jpg,104,DHA,,Female,17,,178,2.0
female/104/1_DHA_17_2_178.jpg,104,DHA,,Female,17,,178,2.0
female/104/1_DHA_17_2_178.jpg,104,DHA,,Female,17,,178,2.0
female/104/1_DHA_17_2_178.jpg,104,DHA,,Female,17,,178,2.0
female/104/1_DHA_17_2_178.jpg,104,DHA,,Female,17,,178,2.0
female/104/1_DHA_17_2_178.jpg,104,DHA,,Female,17,,178,2.0
female/104/1_DHA_17_2_178.jpg,104,DHA,,Female,17,,178,2.0
female/104/1_DHA_17_2_178.jpg,104,DHA,,Female,17,,178,2.0
female/104/1_DHA_17_2_178.jpg,104,DHA,,Female,17,,178,2.0
female/104/1_DHA_17_2_178.jpg,104,DHA,,Female,17,,178,2.0
female/104/1_DHA_17_2_178.jpg,104,DHA,,Female,17,,178,2.0
female/104/1_DHA_17_2_178.jpg,104,DHA,,Female,17,,178,2.0
female/104/1_DHA_17_2_178.jpg,104,DHA,,Female,17,,178,2.0
female/104/1_DHA_17_2_178.jpg,104,DHA,,Female,17,,178,2.0
female/104/1_DHA_17_2_178.jpg,104,DHA,,Female,17,,178,2.0
female/104/1_DHA_17_2_178.jpg,104,DHA,,Female,17,,178,2.0
female/104/1_DHA_17_2_178.jpg,104,DHA,,Female,17,,178,2.0
female/104/1_DHA_17_2_178.jpg,104,DHA,,Female,17,,178,2.0
female/104/1_DHA_17_2_178.jpg,104,DHA,,Female,17,,178,2.0
female/104/1_DHA_17_2_178.jpg,104,DHA,,Female,17,,178,2.0
female/104/1_DHA_17_2_178.jpg,104,DHA,,Female,17,,178,2.0
female/104/1_DHA_17_2_178.jpg,104,DHA,,Female,17,,178,2.0
female/104/1_DHA_17_2_178.jpg,104,DHA,,Female,17,,178,2.0
female/104/1_DHA_17_2_178.jpg,104,DHA,,Female,17,,178,2.0
female/104/1_DHA_17_2_178.jpg,104,DHA,,Female,17,,178,2.0
female/104/1_DHA_17_2_178.jpg,104,DHA,,Female,17,,178,2.0
female/104/1_DHA_17_2_178.jpg,104,DHA,,Female,17,,178,2.0
female/104/1_DHA_17_2_178.jpg,104,DHA,,Female,17,,178,2.0
female/104/1_DHA_17_2_178.jpg,104,DHA,,Female,17,,178,2.0
female/104/1_DHA_17_2_178.jpg,104,DHA,,Female,17,,178,2.0
female/104/1_DHA_17_2_178.jpg,104,DHA,,Female,17,,178,2.0
female/104/1_DHA_17_2_178.jpg,104,DHA,,Female,17,,178,2.0
female/104/1_DHA_17_2_178.jpg,104,DHA,,Female,17,,178,2.0
female/104/1_DHA_17_2_178.jpg,104,DHA,,Female,17,,178,2.0
female/104/1_DHA_17_2_178.jpg,104,DHA,,Female,17,,178,2.0
female/104/1_DHA_17_2_178.jpg,104,DHA,,Female,17,,178,2.0
female/104/1_DHA_17_2_178.jpg,104,DHA,,Female,17,,178,2.0
female/104/1_DHA_17_2_178.jpg,104,DHA,,Female,17,,178,2.0
female/104/1_DHA_17_2_178.jpg,104,DHA,,Female,17,,178,2.0
female/104/1_DHA_17_2_178.jpg,104,DHA,,Female,17,,178,2.0
female/104/1_DHA_17_2_178.jpg,104,DHA,,Female,17,,178,2.0
female/104/1_DHA_17_2_178.jpg,104,DHA,,Female,17,,178,2.0
female/104/1_DHA_17_2_178.jpg,104,DHA,,Female,17,,178,2.0
female/104/1_DHA_17_2_178.jpg,104,DHA,,Female,17,,178,2.0
female/104/1_DHA_17_2_178.jpg,104,DHA,,Female,17,,178,2.0
female/104/1_DHA_17_2_178.jpg,104,DHA,,Female,17,,178,2.0
female/104/1_DHA_17_2_178.jpg,104,DHA,,Female,17,,178,2.0
female/104/1_DHA_17_2_178.jpg,104,DHA,,Female,17,,178,2.0
female/104/1_DHA_17_2_178.jpg,104,DHA,,Female,17,,178,2.0
female/104/1_DHA_17_2_178.jpg,104,DHA,,Female,17,,178,2.0
female/104/1_DHA_17_2_178.jpg,104,DHA,,Female,17,,178,2.0
female/104/1_DHA_17_2_178.jpg,104,DHA,,Female,17,,178,2.0
female/104/1_DHA_17_2_178.jpg,104,DHA,,Female,17,,178,2.0
female/104/1_DHA_17_2_178.jpg,104,DHA,,Female,17,,178,2.0
female/104/1_DHA_17_2_178.jpg,104,DHA,,Female,17,,178,2.0
female/104/1_DHA_17_2_178.jpg,104,DHA,,Female,17,,178,2.0
female/104/1_DHA_17_2_178.jpg,104,DHA,,Female,17,,178,2.0
female/104/1_DHA_17_2_178.jpg,104,DHA,,Female,17,,178,2.0
female/104/1_DHA_17_2_178.jpg,104,DHA,,Female,17,,178,2.0
female/104/1_DHA_17_2_178.jpg,104,DHA,,Female,17,,178,2.0
female/104/1_DHA_17_2_178.jpg,104,DHA,,Female,17,,178,2.0
female/104/1_DHA_17_2_178.jpg,104,DHA,,Female,17,,178,2.0
female/104/1_DHA_17_2_178.jpg,104,DHA,,Female,17,,178,2.0
female/104/1_DHA_17_2_178.jpg,104,DHA,,Female,17,,178,2.0
female/104/1_DHA_17_2_178.jpg,104,DHA,,Female,17,,178,2.0
female/104/1_DHA_17_2_178.jpg,104,DHA,,Female,17,,178,2.0
female/104/1_DHA_17_2_178.jpg,104,DHA,,Female,17,,178,2.0
female/104/1_DHA_17_2_178.jpg,104,DHA,,Female,17,,178,2.0
female/104/1_DHA_17_2_178.jpg,104,DHA,,Female,17,,178,2.0
female/104/1_DHA_17_2_178.jpg,104,DHA,,Female,17,,178,2.0
female/104/1_DHA_17_2_178.jpg,104,DHA,,Female,17,,178,2.0
female/104/1_DHA_17_2_178.jpg,104,DHA,,Female,17,,178,2.0
female/104/1_DHA_17_2_178.jpg,104,DHA,,Female,17,,178,2.0
female/104/1_DHA_17_2_178.jpg,104,DHA,,Female,17,,178,2.0
female/104/1_DHA_17_2_178.jpg,104,DHA,,Female,17,,178,2.0
female/104/1_DHA_17_2_178.jpg,104,DHA,,Female,17,,178,2.0
female/104/1_DHA_17_2_178.jpg,104,DHA,,Female,17,,178,2.0
female/104/1_DHA_17_2_178.jpg,104,DHA,,Female,17,,178,2.0
female/104/1_DHA_17_2_178.jpg,104,DHA,,Female,17,,178,2.0
female/104/1_DHA_17_2_178.jpg,104,DHA,,Female,17,,178,2.0
female/104/1_DHA_17_2_178.jpg,104,DHA,,Female,17,,178,2.0
female/104/1_DHA_17_2_178.jpg,104,DHA,,Female,17,,178,2.0
female/104/1_DHA_17_2_178.jpg,104,DHA,,Female,17,,178,2.0
female/104/1_DHA_17_2_178.jpg,104,DHA,,Female,17,,178,2.0
female/104/1_DHA_17_2_178.jpg,104,DHA,,Female,17,,178,2.0
female/104/1_DHA_17_2_178.jpg,104,DHA,,Female,17,,178,2.0
female/104/1_DHA_17_2_178.jpg,104,DHA,,Female,17,,178,2.0
female/104/1_DHA_17_2_178.jpg,104,DHA,,Female,17,,178,2.0
female/104/1_DHA_17_2_178.jpg,104,DHA,,Female,17,,178,2.0
female/104/1_DHA_17_2_178.jpg,104,DHA,,Female,17,,178,2.0
female/104/1_DHA_17_2_178.jpg,104,DHA,,Female,17,,178,2.0
female/104/1_DHA_17_2_178.jpg,104,DHA,,Female,17,,178,2.0
female/104/1_DHA_17_2_178.jpg,104,DHA,,Female,17,,178,2.0
female/104/1_DHA_17_2_178.jpg,104,DHA,,Female,17,,178,2.0
female/104/1_DHA_17_2_178.jpg,104,DHA,,Female,17,,178,2.0
female/104/1_DHA_17_2_178.jpg,104,DHA,,Female,17,,178,2.0
female/104/1_DHA_17_2_178.jpg,104,DHA,,Female,17,,178,2.0
female/104/1_DHA_17_2_178.jpg,104,DHA,,Female,17,,178,2.0
female/104/1_DHA_17_2_178.jpg,104,DHA,,Female,17,,178,2.0
female/104/1_DHA_17_2_178.jpg,104,DHA,,Female,17,,178,2.0
female/104/1_DHA_17_2_178.jpg,104,DHA,,Female,17,,178,2.0
female/104/1_DHA_17_2_178.jpg,104,DHA,,Female,17,,178,2.0
female/104/1_DHA_17_2_178.jpg,104,DHA,,Female,17,,178,2.0
female/104/1_DHA_17_2_178.jpg,104,DHA,,Female,17,,178,2.0
female/104/1_DHA_17_2_178.jpg,104,DHA,,Female,17,,178,2.0
female/104/1_DHA_17_2_178.jpg,104,DHA,,Female,17,,178,2.0
female/104/1_DHA_17_2_178.jpg,104,DHA,,Female,17,,178,2.0
female/104/1_DHA_17_2_178.jpg,104,DHA,,Female,17,,178,2.0
female/104/1_DHA_17_2_178.jpg,104,DHA,,Female,17,,178,2.0
female/104/1_DHA_17_2_178.jpg,104,DHA,,Female,17,,178,2.0
female/104/1_DHA_17_2_178.jpg,104,DHA,,Female,17,,178,2.0
female/104/1_DHA_17_2_178.jpg,104,DHA,,Female,17,,178,2.0
female/104/1_DHA_17_2_178.jpg,104,DHA,,Female,17,,178,2.0
female/104/1_DHA_17_2_178.jpg,104,DHA,,Female,17,,178,2.0
female/104/1_DHA_17_2_178.jpg,104,DHA,,Female,17,,178,2.0
female/104/1_DHA_17_2_178.jpg,104,DHA,,Female,17,,178,2.0
female/104/1_DHA_17_2_178.jpg,104,DHA,,Female,17,,178,2.0
female/104/1_DHA_17_2_178.jpg,104,DHA,,Female,17,,178,2.0
female/104/1_DHA_17_2_178.jpg,104,DHA,,Female,17,,178,2.0
female/104/1_DHA_17_2_178.jpg,104,DHA,,Female,17,,178,2.0
female/104/1_DHA_17_2_178.jpg,104,DHA,,Female,17,,178,2.0
female/104/1_DHA_17_2_178.jpg,104,DHA,,Female,17,,178,2.0
female/104/1_DHA_17_2_178.jpg,104,DHA,,Female,17,,178,2.0
female/104/1_DHA_17_2_178.jpg,104,DHA,,Female,17,,178,2.0
female/104/1_DHA_17_2_178.jpg,104,DHA,,Female,17,,178,2.0
female/104/1_DHA_17_2_178.jpg,104,DHA,,Female,17,,178,2.0
female/104/1_DHA_17_2_178.jpg,104,DHA,,Female,17,,178,2.0
female/104/1_DHA_17_2_178.jpg,104,DHA,,Female,17,,178,2.0
female/104/1_DHA_17_2_178.jpg,104,DHA,,Female,17,,178,2.0
female/104/1_DHA_17_2_178.jpg,104,DHA,,Female,17,,178,2.0
female/104/1_DHA_17_2_178.jpg,104,DHA,,Female,17,,178,2.0
female/104/1_DHA_17_2_178.jpg,104,DHA,,Female,17,,178,2.0
female/104/1_DHA_17_2_178.jpg,104,DHA,,Female,17,,178,2.0
female/104/1_DHA_17_2_178.jpg,104,DHA,,Female,17,,178,2.0
female/104/1_DHA_17_2_178.jpg,104,DHA,,Female,17,,178,2.0
female/104/1_DHA_17_2_178.jpg,104,DHA,,Female,17,,178,2.0
female/104/1_DHA_17_2_178.jpg,104,DHA,,Female,17,,178,2.0
female/104/1_DHA_17_2_178.jpg,104,DHA,,Female,17,,178,2.0
female/104/1_DHA_17_2_178.jpg,104,DHA,,Female,17,,178,2.0
female/104/1_DHA_17_2_178.jpg,104,DHA,,Female,17,,178,2.0
female/104/1_DHA_17_2_178.jpg,104,DHA,,Female,17,,178,2.0
female/104/1_DHA_17_2_178.jpg,104,DHA,,Female,17,,178,2.0
female/104/1_DHA_17_2_178.jpg,104,DHA,,Female,17,,178,2.0
female/104/1_DHA_17_2_178.jpg,104,DHA,,Female,17,,178,2.0
female/104/1_DHA_17_2_178.jpg,104,DHA,,Female,17,,178,2.0
female/104/1_DHA_17_2_178.jpg,104,DHA,,Female,17,,178,2.0
female/104/1_DHA_17_2_178.jpg,104,DHA,,Female,17,,178,2.0
female/104/1_DHA_17_2_178.jpg,104,DHA,,Female,17,,178,2.0
female/104/1_DHA_17_2_178.jpg,104,DHA,,Female,17,,178,2.0
female/104/1_DHA_17_2_178.jpg,104,DHA,,Female,17,,178,2.0
female/104/1_DHA_17_2_178.jpg,104,DHA,,Female,17,,178,2.0
female/104/1_DHA_17_2_178.jpg,104,DHA,,Female,17,,178,2.0
female/104/1_DHA_17_2_178.jpg,104,DHA,,Female,17,,178,2.0
female/104/1_DHA_17_2_178.jpg,104,DHA,,Female,17,,178,2.0
female/104/1_DHA_17_2_178.jpg,104,DHA,,Female,17,,178,2.0
female/104/1_DHA_17_2_178.jpg,104,DHA,,Female,17,,178,2.0
female/104/1_DHA_17_2_178.jpg,104,DHA,,Female,17,,178,2.0
female/104/1_DHA_17_2_178.jpg,104,DHA,,Female,17,,178,2.0
female/104/1_DHA_17_2_178.jpg,104,DHA,,Female,17,,178,2.0
female/104/1_DHA_17_2_178.jpg,104,DHA,,Female,17,,178,2.0
female/104/1_DHA_17_2_178.jpg,104,DHA,,Female,17,,178,2.0
female/104/1_DHA_17_2_178.jpg,104,DHA,,Female,17,,178,2.0
female/104/1_DHA_17_2_178.jpg,104,DHA,,Female,17,,178,2.0
female/104/1_DHA_17_2_178.jpg,104,DHA,,Female,17,,178,2.0
female/104/1_DHA_17_2_178.jpg,104,DHA,,Female,17,,178,2.0
female/104/1_DHA_17_2_178.jpg,104,DHA,,Female,17,,178,2.0
female/104/1_DHA_17_2_178.jpg,104,DHA,,Female,17,,178,2.0
female/104/1_DHA_17_2_178.jpg,104,DHA,,Female,17,,178,2.0
female/104/1_DHA_17_2_178.jpg,104,DHA,,Female,17,,178,2.0
female/104/1_DHA_17_2_178.jpg,104,DHA,,Female,17,,178,2.0
female/104/1_DHA_17_2_178.jpg,104,DHA,,Female,17,,178,2.0
female/104/1_DHA_17_2_178.jpg,104,DHA,,Female,17,,178,2.0
female/104/1_DHA_17_2_178.jpg,104,DHA,,Female,17,,178,2.0
female/104/1_DHA_17_2_178.jpg,104,DHA,,Female,17,,178,2.0
female/104/1_DHA_17_2_178.jpg,104,DHA,,Female,17,,178,2.0
female/104/1_DHA_17_2_178.jpg,104,DHA,,Female,17,,178,2.0
female/104/1_DHA_17_2_178.jpg,104,DHA,,Female,17,,178,2.0
female/104/1_DHA_17_2_178.jpg,104,DHA,,Female,17,,178,2.0
female/104/1_DHA_17_2_178.jpg,104,DHA,,Female,17,,178,2.0
female/104/1_DHA_17_2_178.jpg,104,DHA,,Female,17,,178,2.0
female/104/1_DHA_17_2_178.jpg,104,DHA,,Female,17,,178,2.0
female/104/1_DHA_17_2_178.jpg,104,DHA,,Female,17,,178,2.0
female/104/1_DHA_17_2_178.jpg,104,DHA,,Female,17,,178,2.0
female/104/1_DHA_17_2_178.jpg,104,DHA,,Female,17,,178,2.0
female/104/1_DHA_17_2_178.jpg,104,DHA,,Female,17,,178,2.0
female/104/1_DHA_17_2_178.jpg,104,DHA,,Female,17,,178,2.0
female/104/1_DHA_17_2_178.jpg,104,DHA,,Female,17,,178,2.0
female/104/1_DHA_17_2_178.jpg,104,DHA,,Female,17,,178,2.0
female/104/1_DHA_17_2_178.jpg,104,DHA,,Female,17,,178,2.0
female/104/1_DHA_17_2_178.jpg,104,DHA,,Female,17,,178,2.0
female/104/1_DHA_17_2_178.jpg,104,DHA,,Female,17,,178,2.0
female/104/1_DHA_17_2_178.jpg,104,DHA,,Female,17,,178,2.0
female/104/1_DHA_17_2_178.jpg,104,DHA,,Female,17,,178,2.0
female/104/1_DHA_17_2_178.jpg,104,DHA,,Female,17,,178,2.0
female/104/1_DHA_17_2_178.jpg,104,DHA,,Female,17,,178,2.0
female/104/1_DHA_17_2_178.jpg,104,DHA,,Female,17,,178,2.0
female/104/1_DHA_17_2_178.jpg,104,DHA,,Female,17,,178,2.0
female/104/1_DHA_17_2_178.jpg,104,DHA,,Female,17,,178,2.0
female/104/1_DHA_17_2_178.jpg,104,DHA,,Female,17,,178,2.0
female/104/1_DHA_17_2_178.jpg,104,DHA,,Female,17,,178,2.0
female/104/1_DHA_17_2_178.jpg,104,DHA,,Female,17,,178,2.0
female/104/1_DHA_17_2_178.jpg,104,DHA,,Female,17,,178,2.0
female/104/1_DHA_17_2_178.jpg,104,DHA,,Female,17,,178,2.0
female/104/1_DHA_17_2_178.jpg,104,DHA,,Female,17,,178,2.0
female/104/1_DHA_17_2_178.jpg,104,DHA,,Female,17,,178,2.0
female/104/1_DHA_17_2_178.jpg,104,DHA,,Female,17,,178,2.0
female/104/1_DHA_17_2_178.jpg,104,DHA,,Female,17,,178,2.0
female/104/1_DHA_17_2_178.jpg,104,DHA,,Female,17,,178,2.0
female/104/1_DHA_17_2_178.jpg,104,DHA,,Female,17,,178,2.0
female/104/1_DHA_17_2_178.jpg,104,DHA,,Female,17,,178,2.0
female/104/1_DHA_17_2_178.jpg,104,DHA,,Female,17,,178,2.0
female/104/1_DHA_17_2_178.jpg,104,DHA,,Female,17,,178,2.0
female/104/1_DHA_17_2_178.jpg,104,DHA,,Female,17,,178,2.0
female/104/1_DHA_17_2_178.jpg,104,DHA,,Female,17,,178,2.0
female/104/1_DHA_17_2_178.jpg,104,DHA,,Female,17,,178,2.0
female/104/1_DHA_17_2_178.jpg,104,DHA,,Female,17,,178,2.0
female/104/1_DHA_17_2_178.jpg,104,DHA,,Female,17,,178,2.0
female/104/1_DHA_17_2_178.jpg,104,DHA,,Female,17,,178,2.0
female/104/1_DHA_17_2_178.jpg,104,DHA,,Female,17,,178,2.0
female/104/1_DHA_17_2_178.jpg,104,DHA,,Female,17,,178,2.0
female/104/1_DHA_17_2_178.jpg,104,DHA,,Female,17,,178,2.0
female/104/1_DHA_17_2_178.jpg,104,DHA,,Female,17,,178,2.0
female/104/1_DHA_17_2_178.jpg,104,DHA,,Female,17,,178,2.0
female/104/1_DHA_17_2_178.jpg,104,DHA,,Female,17,,178,2.0
female/104/1_DHA_17_2_178.jpg,104,DHA,,Female,17,,178,2.0
female/104/1_DHA_17_2_178.jpg,104,DHA,,Female,17,,178,2.0
female/104/1_DHA_17_2_178.jpg,104,DHA,,Female,17,,178,2.0
female/104/1_DHA_17_2_178.jpg,104,DHA,,Female,17,,178,2.0
female/104/1_DHA_17_2_178.jpg,104,DHA,,Female,17,,178,2.0
female/104/1_DHA_17_2_178.jpg,104,DHA,,Female,17,,178,2.0
female/104/1_DHA_17_2_178.jpg,104,DHA,,Female,17,,178,2.0
female/104/1_DHA_17_2_178.jpg,104,DHA,,Female,17,,178,2.0
female/104/1_DHA_17_2_178.jpg,104,DHA,,Female,17,,178,2.0
female/104/1_DHA_17_2_178.jpg,104,DHA,,Female,17,,178,2.0
female/104/1_DHA_17_2_178.jpg,104,DHA,,Female,17,,178,2.0
female/104/1_DHA_17_2_178.jpg,104,DHA,,Female,17,,178,2.0
female/104/1_DHA_17_2_178.jpg,104,DHA,,Female,17,,178,2.0
female/104/1_DHA_17_2_178.jpg,104,DHA,,Female,17,,178,2.0
female/104/1_DHA_17_2_178.jpg,104,DHA,,Female,17,,178,2.0
female/104/1_DHA_17_2_178.jpg,104,DHA,,Female,17,,178,2.0
female/104/1_DHA_17_2_178.jpg,104,DHA,,Female,17,,178,2.0
female/104/1_DHA_17_2_178.jpg,104,DHA,,Female,17,,178,2.0
female/104/1_DHA_17_2_178.jpg,104,DHA,,Female,17,,178,2.0
female/104/1_DHA_17_2_178.jpg,104,DHA,,Female,17,,178,2.0
female/104/1_DHA_17_2_178.jpg,104,DHA,,Female,17,,178,2.0
female/104/1_DHA_17_2_178.jpg,104,DHA,,Female,17,,178,2.0
female/104/1_DHA_17_2_178.jpg,104,DHA,,Female,17,,178,2.0
female/104/1_DHA_17_2_178.jpg,104,DHA,,Female,17,,178,2.0
female/104/1_DHA_17_2_178.jpg,104,DHA,,Female,17,,178,2.0
female/104/1_DHA_17_2_178.jpg,104,DHA,,Female,17,,178,2.0
female/104/1_DHA_17_2_178.jpg,104,DHA,,Female,17,,178,2.0
female/104/1_DHA_17_2_178.jpg,104,DHA,,Female,17,,178,2.0
female/104/1_DHA_17_2_178.jpg,104,DHA,,Female,17,,178,2.0
female/104/1_DHA_17_2_178.jpg,104,DHA,,Female,17,,178,2.0
female/104/1_DHA_17_2_178.jpg,104,DHA,,Female,17,,178,2.0
female/104/1_DHA_17_2_178.jpg,104,DHA,,Female,17,,178,2.0
female/104/1_DHA_17_2_178.jpg,104,DHA,,Female,17,,178,2.0
female/104/1_DHA_17_2_178.jpg,104,DHA,,Female,17,,178,2.0
female/104/1_DHA_17_2_178.jpg,104,DHA,,Female,17,,178,2.0
female/104/1_DHA_17_2_178.jpg,104,DHA,,Female,17,,178,2.0
female/104/1_DHA_17_2_178.jpg,104,DHA,,Female,17,,178,2.0
female/104/1_DHA_17_2_178.jpg,104,DHA,,Female,17,,178,2.0
female/104/1_DHA_17_2_178.jpg,104,DHA,,Female,17,,178,2.0
female/104/1_DHA_17_2_178.jpg,104,DHA,,Female,17,,178,2.0
female/104/1_DHA_17_2_178.jpg,104,DHA,,Female,17,,178,2.0
female/104/1_DHA_17_2_178.jpg,104,DHA,,Female,17,,178,2.0
female/104/1_DHA_17_2_178.jpg,104,DHA,,Female,17,,178,2.0
female/104/1_DHA_17_2_178.jpg,104,DHA,,Female,17,,178,2.0
female/104/1_DHA_17_2_178.jpg,104,DHA,,Female,17,,178,2.0
female/104/1_DHA_17_2_178.jpg,104,DHA,,Female,17,,178,2.0
female/104/1_DHA_17_2_178.jpg,104,DHA,,Female,17,,178,2.0
female/104/1_DHA_17_2_178.jpg,104,DHA,,Female,17,,178,2.0
female/104/1_DHA_17_2_178.jpg,104,DHA,,Female,17,,178,2.0
female/104/1_DHA_17_2_178.jpg,104,DHA,,Female,17,,178,2.0
female/104/1_DHA_17_2_178.jpg,104,DHA,,Female,17,,178,2.0
female/104/1_DHA_17_2_178.jpg,104,DHA,,Female,17,,178,2.0
female/104/1_DHA_17_2_178.jpg,104,DHA,,Female,17,,178,2.0
female/104/1_DHA_17_2_178.jpg,104,DHA,,Female,17,,178,2.0
female/104/1_DHA_17_2_178.jpg,104,DHA,,Female,17,,178,2.0
female/104/1_DHA_17_2_178.jpg,104,DHA,,Female,17,,178,2.0
female/104/1_DHA_17_2_178.jpg,104,DHA,,Female,17,,178,2.0
female/104/1_DHA_17_2_178.jpg,104,DHA,,Female,17,,178,2.0
female/104/1_DHA_17_2_178.jpg,104,DHA,,Female,17,,178,2.0
female/104/1_DHA_17_2_178.jpg,104,DHA,,Female,17,,178,2.0
female/104/1_DHA_17_2_178.jpg,104,DHA,,Female,17,,178,2.0
female/104/1_DHA_17_2_178.jpg,104,DHA,,Female,17,,178,2.0
female/104/1_DHA_17_2_178.jpg,104,DHA,,Female,17,,178,2.0
female/104/1_DHA_17_2_178.jpg,104,DHA,,Female,17,,178,2.0
female/104/1_DHA_17_2_178.jpg,104,DHA,,Female,17,,178,2.0
female/104/1_DHA_17_2_178.jpg,104,DHA,,Female,17,,178,2.0
female/104/1_DHA_17_2_178.jpg,104,DHA,,Female,17,,178,2.0
female/104/1_DHA_17_2_178.jpg,104,DHA,,Female,17,,178,2.0
female/104/1_DHA_17_2_178.jpg,104,DHA,,Female,17,,178,2.0
female/104/1_DHA_17_2_178.jpg,104,DHA,,Female,17,,178,2.0
female/104/1_DHA_17_2_178.jpg,104,DHA,,Female,17,,178,2.0
female/104/1_DHA_17_2_178.jpg,104,DHA,,Female,17,,178,2.0
female/104/1_DHA_17_2_178.jpg,104,DHA,,Female,17,,178,2.0
female/104/1_DHA_17_2_178.jpg,104,DHA,,Female,17,,178,2.0
female/104/1_DHA_17_2_178.jpg,104,DHA,,Female,17,,178,2.0
female/104/1_DHA_17_2_178.jpg,104,DHA,,Female,17,,178,2.0
female/104/1_DHA_17_2_178.jpg,104,DHA,,Female,17,,178,2.0
female/104/1_DHA_17_2_178.jpg,104,DHA,,Female,17,,178,2.0
female/104/1_DHA_17_2_178.jpg,104,DHA,,Female,17,,178,2.0
female/104/1_DHA_17_2_178.jpg,104,DHA,,Female,17,,178,2.0
female/104/1_DHA_17_2_178.jpg,104,DHA,,Female,17,,178,2.0
female/104/1_DHA_17_2_178.jpg,104,DHA,,Female,17,,178,2.0
female/104/1_DHA_17_2_178.jpg,104,DHA,,Female,17,,178,2.0
female/104/1_DHA_17_2_178.jpg,104,DHA,,Female,17,,178,2.0
female/104/1_DHA_17_2_178.jpg,104,DHA,,Female,17,,178,2.0
female/104/1_DHA_17_2_178.jpg,104,DHA,,Female,17,,178,2.0
female/104/1_DHA_17_2_178.jpg,104,DHA,,Female,17,,178,2.0
female/104/1_DHA_17_2_178.jpg,104,DHA,,Female,17,,178,2.0
female/104/1_DHA_17_2_178.jpg,104,DHA,,Female,17,,178,2.0
female/104/1_DHA_17_2_178.jpg,104,DHA,,Female,17,,178,2.0
female/104/1_DHA_17_2_178.jpg,104,DHA,,Female,17,,178,2.0
female/104/1_DHA_17_2_178.jpg,104,DHA,,Female,17,,178,2.0
female/104/1_DHA_17_2_178.jpg,104,DHA,,Female,17,,178,2.0
female/104/1_DHA_17_2_178.jpg,104,DHA,,Female,17,,178,2.0
female/104/1_DHA_17_2_178.jpg,104,DHA,,Female,17,,178,2.0
female/104/1_DHA_17_2_178.jpg,104,DHA,,Female,17,,178,2.0
female/104/1_DHA_17_2_178.jpg,104,DHA,,Female,17,,178,2.0
female/104/1_DHA_17_2_178.jpg,104,DHA,,Female,17,,178,2.0
female/104/1_DHA_17_2_178.jpg,104,DHA,,Female,17,,178,2.0
female/104/1_DHA_17_2_178.jpg,104,DHA,,Female,17,,178,2.0
female/104/1_DHA_17_2_178.jpg,104,DHA,,Female,17,,178,2.0
female/104/1_DHA_17_2_178.jpg,104,DHA,,Female,17,,178,2.0
female/104/1_DHA_17_2_178.jpg,104,DHA,,Female,17,,178,2.0
female/104/1_DHA_17_2_178.jpg,104,DHA,,Female,17,,178,2.0
female/104/1_DHA_17_2_178.jpg,104,DHA,,Female,17,,178,2.0
female/104/1_DHA_17_2_178.jpg,104,DHA,,Female,17,,178,2.0
female/104/1_DHA_17_2_178.jpg,104,DHA,,Female,17,,178,2.0
female/104/1_DHA_17_2_178.jpg,104,DHA,,Female,17,,178,2.0
female/104/1_DHA_17_2_178.jpg,104,DHA,,Female,17,,178,2.0
female/104/1_DHA_17_2_178.jpg,104,DHA,,Female,17,,178,2.0
female/104/1_DHA_17_2_178.jpg,104,DHA,,Female,17,,178,2.0
female/104/1_DHA_17_2_178.jpg,104,DHA,,Female,17,,178,2.0
female/104/1_DHA_17_2_178.jpg,104,DHA,,Female,17,,178,2.0
female/104/1_DHA_17_2_178.jpg,104,DHA,,Female,17,,178,2.0
female/104/1_DHA_17_2_178.jpg,104,DHA,,Female,17,,178,2.0
female/104/1_DHA_17_2_178.jpg,104,DHA,,Female,17,,178,2.0
female/104/1_DHA_17_2_178.jpg,104,DHA,,Female,17,,178,2.0
female/104/1_DHA_17_2_178.jpg,104,DHA,,Female,17,,178,2.0
female/104/1_DHA_17_2_178.jpg,104,DHA,,Female,17,,178,2.0
female/104/1_DHA_17_2_178.jpg,104,DHA,,Female,17,,178,2.0
female/104/1_DHA_17_2_178.jpg,104,DHA,,Female,17,,178,2.0
female/104/1_DHA_17_2_178.jpg,104,DHA,,Female,17,,178,2.0
female/104/1_DHA_17_2_178.jpg,104,DHA,,Female,17,,178,2.0
female/104/1_DHA_17_2_178.jpg,104,DHA,,Female,17,,178,2.0
female/104/1_DHA_17_2_178.jpg,104,DHA,,Female,17,,178,2.0
female/104/1_DHA_17_2_178.jpg,104,DHA,,Female,17,,178,2.0
female/104/1_DHA_17_2_178.jpg,104,DHA,,Female,17,,178,2.0
female/104/1_DHA_17_2_178.jpg,104,DHA,,Female,17,,178,2.0
female/104/1_DHA_17_2_178.jpg,104,DHA,,Female,17,,178,2.0
female/104/1_DHA_17_2_178.jpg,104,DHA,,Female,17,,178,2.0
female/104/1_DHA_17_2_178.jpg,104,DHA,,Female,17,,178,2.0
female/104/1_DHA_17_2_178.jpg,104,DHA,,Female,17,,178,2.0
female/104/1_DHA_17_2_178.jpg,104,DHA,,Female,17,,178,2.0
female/104/1_DHA_17_2_178.jpg,104,DHA,,Female,17,,178,2.0
female/104/1_DHA_17_2_178.jpg,104,DHA,,Female,17,,178,2.0
female/104/1_DHA_17_2_178.jpg,104,DHA,,Female,17,,178,2.0
female/104/1_DHA_17_2_178.jpg,104,DHA,,Female,17,,178,2.0
female/104/1_DHA_17_2_178.jpg,104,DHA,,Female,17,,178,2.0
female/104/1_DHA_17_2_178.jpg,104,DHA,,Female,17,,178,2.0
female/104/1_DHA_17_2_178.jpg,104,DHA,,Female,17,,178,2.0
female/104/1_DHA_17_2_178.jpg,104,DHA,,Female,17,,178,2.0
female/104/1_DHA_17_2_178.jpg,104,DHA,,Female,17,,178,2.0
female/104/1_DHA_17_2_178.jpg,104,DHA,,Female,17,,178,2.0
female/104/1_DHA_17_2_178.jpg,104,DHA,,Female,17,,178,2.0
female/104/1_DHA_17_2_178.jpg,104,DHA,,Female,17,,178,2.0
female/104/1_DHA_17_2_178.jpg,104,DHA,,Female,17,,178,2.0
female/104/1_DHA_17_2_178.jpg,104,DHA,,Female,17,,178,2.0
female/104/1_DHA_17_2_178.jpg,104,DHA,,Female,17,,178,2.0
female/104/1_DHA_17_2_178.jpg,104,DHA,,Female,17,,178,2.0
female/104/1_DHA_17_2_178.jpg,104,DHA,,Female,17,,178,2.0
female/104/1_DHA_17_2_178.jpg,104,DHA,,Female,17,,178,2.0
female/104/1_DHA_17_2_178.jpg,104,DHA,,Female,17,,178,2.0
female/104/1_DHA_17_2_178.jpg,104,DHA,,Female,17,,178,2.0
female/104/1_DHA_17_2_178.jpg,104,DHA,,Female,17,,178,2.0
female/104/1_DHA_17_2_178.jpg,104,DHA,,Female,17,,178,2.0
female/104/1_DHA_17_2_178.jpg,104,DHA,,Female,17,,178,2.0
female/104/1_DHA_17_2_178.jpg,104,DHA,,Female,17,,178,2.0
female/104/1_DHA_17_2_178.jpg,104,DHA,,Female,17,,178,2.0
female/104/1_DHA_17_2_178.jpg,104,DHA,,Female,17,,178,2.0
female/104/1_DHA_17_2_178.jpg,104,DHA,,Female,17,,178,2.0
female/104/1_DHA_17_2_178.jpg,104,DHA,,Female,17,,178,2.0
female/104/1_DHA_17_2_178.jpg,104,DHA,,Female,17,,178,2.0
female/104/1_DHA_17_2_178.jpg,104,DHA,,Female,17,,178,2.0
female/104/1_DHA_17_2_178.jpg,104,DHA,,Female,17,,178,2.0
female/104/1_DHA_17_2_178.jpg,104,DHA,,Female,17,,178,2.0
female/104/1_DHA_17_2_178.jpg,104,DHA,,Female,17,,178,2.0
female/104/1_DHA_17_2_178.jpg,104,DHA,,Female,17,,178,2.0
female/104/1_DHA_17_2_178.jpg,104,DHA,,Female,17,,178,2.0
female/104/1_DHA_17_2_178.jpg,104,DHA,,Female,17,,178,2.0
female/104/1_DHA_17_2_178.jpg,104,DHA,,Female,17,,178,2.0
female/104/1_DHA_17_2_178.jpg,104,DHA,,Female,17,,178,2.0
female/104/1_DHA_17_2_178.jpg,104,DHA,,Female,17,,178,2.0
female/104/1_DHA_17_2_178.jpg,104,DHA,,Female,17,,178,2.0
female/104/1_DHA_17_2_178.jpg,104,DHA,,Female,17,,178,2.0
female/104/1_DHA_17_2_178.jpg,104,DHA,,Female,17,,178,2.0
female/104/1_DHA_17_2_178.jpg,104,DHA,,Female,17,,178,2.0
female/104/1_DHA_17_2_178.jpg,104,DHA,,Female,17,,178,2.0
female/104/1_DHA_17_2_178.jpg,104,DHA,,Female,17,,178,2.0
female/104/1_DHA_17_2_178.jpg,104,DHA,,Female,17,,178,2.0
female/104/1_DHA_17_2_178.jpg,104,DHA,,Female,17,,178,2.0
female/104/1_DHA_17_2_178.jpg,104,DHA,,Female,17,,178,2.0
female/104/1_DHA_17_2_178.jpg,104,DHA,,Female,17,,178,2.0
female/104/1_DHA_17_2_178.jpg,104,DHA,,Female,17,,178,2.0
female/104/1_DHA_17_2_178.jpg,104,DHA,,Female,17,,178,2.0
female/104/1_DHA_17_2_178.jpg,104,DHA,,Female,17,,178,2.0
female/104/1_DHA_17_2_178.jpg,104,DHA,,Female,17,,178,2.0
female/104/1_DHA_17_2_178.jpg,104,DHA,,Female,17,,178,2.0
female/104/1_DHA_17_2_178.jpg,104,DHA,,Female,17,,178,2.0
female/104/1_DHA_17_2_178.jpg,104,DHA,,Female,17,,178,2.0
female/104/1_DHA_17_2_178.jpg,104,DHA,,Female,17,,178,2.0
female/104/1_DHA_17_2_178.jpg,104,DHA,,Female,17,,178,2.0
female/104/1_DHA_17_2_178.jpg,104,DHA,,Female,17,,178,2.0
female/104/1_DHA_17_2_178.jpg,104,DHA,,Female,17,,178,2.0
female/104/1_DHA_17_2_178.jpg,104,DHA,,Female,17,,178,2.0
female/104/1_DHA_17_2_178.jpg,104,DHA,,Female,17,,178,2.0
female/104/1_DHA_17_2_178.jpg,104,DHA,,Female,17,,178,2.0
female/104/1_DHA_17_2_178.jpg,104,DHA,,Female,17,,178,2.0
female/104/1_DHA_17_2_178.jpg,104,DHA,,Female,17,,178,2.0
female/104/1_DHA_17_2_178.jpg,104,DHA,,Female,17,,178,2.0
female/104/1_DHA_17_2_178.jpg,104,DHA,,Female,17,,178,2.0
female/104/1_DHA_17_2_178.jpg,104,DHA,,Female,17,,178,2.0
female/104/1_DHA_17_2_178.jpg,104,DHA,,Female,17,,178,2.0
female/104/1_DHA_17_2_178.jpg,104,DHA,,Female,17,,178,2.0
female/104/1_DHA_17_2_178.jpg,104,DHA,,Female,17,,178,2.0
female/104/1_DHA_17_2_178.jpg,104,DHA,,Female,17,,178,2.0
female/104/1_DHA_17_2_178.jpg,104,DHA,,Female,17,,178,2.0
female/104/1_DHA_17_2_178.jpg,104,DHA,,Female,17,,178,2.0
female/104/1_DHA_17_2_178.jpg,104,DHA,,Female,17,,178,2.0
female/104/1_DHA_17_2_178.jpg,104,DHA,,Female,17,,178,2.0
female/104/1_DHA_17_2_178.jpg,104,DHA,,Female,17,,178,2.0
female/104/1_DHA_17_2_178.jpg,104,DHA,,Female,17,,178,2.0
female/104/1_DHA_17_2_178.jpg,104,DHA,,Female,17,,178,2.0
female/104/1_DHA_17_2_178.jpg,104,DHA,,Female,17,,178,2.0
female/104/1_DHA_17_2_178.jpg,104,DHA,,Female,17,,178,2.0
female/104/1_DHA_17_2_178.jpg,104,DHA,,Female,17,,178,2.0
female/104/1_DHA_17_2_178.jpg,104,DHA,,Female,17,,178,2.0
female/104/1_DHA_17_2_178.jpg,104,DHA,,Female,17,,178,2.0
female/104/1_DHA_17_2_178.jpg,104,DHA,,Female,17,,178,2.0
female/104/1_DHA_17_2_178.jpg,104,DHA,,Female,17,,178,2.0
female/104/1_DHA_17_2_178.jpg,104,DHA,,Female,17,,178,2.0
female/104/1_DHA_17_2_178.jpg,104,DHA,,Female,17,,178,2.0
female/104/1_DHA_17_2_178.jpg,104,DHA,,Female,17,,178,2.0
female/104/1_DHA_17_2_178.jpg,104,DHA,,Female,17,,178,2.0
female/104/1_DHA_17_2_178.jpg,104,DHA,,Female,17,,178,2.0
female/104/1_DHA_17_2_178.jpg,104,DHA,,Female,17,,178,2.0
female/104/1_DHA_17_2_178.jpg,104,DHA,,Female,17,,178,2.0
female/104/1_DHA_17_2_178.jpg,104,DHA,,Female,17,,178,2.0
female/104/1_DHA_17_2_178.jpg,104,DHA,,Female,17,,178,2.0
female/104/1_DHA_17_2_178.jpg,104,DHA,,Female,17,,178,2.0
female/104/1_DHA_17_2_178.jpg,104,DHA,,Female,17,,178,2.0
female/104/1_DHA_17_2_178.jpg,104,DHA,,Female,17,,178,2.0
female/104/1_DHA_17_2_178.jpg,104,DHA,,Female,17,,178,2.0
female/104/1_DHA_17_2_178.jpg,104,DHA,,Female,17,,178,2.0
female/104/1_DHA_17_2_178.jpg,104,DHA,,Female,17,,178,2.0
female/104/1_DHA_17_2_178.jpg,104,DHA,,Female,17,,178,2.0
female/104/1_DHA_17_2_178.jpg,104,DHA,,Female,17,,178,2.0
female/104/1_DHA_17_2_178.jpg,104,DHA,,Female,17,,178,2.0
female/104/1_DHA_17_2_178.jpg,104,DHA,,Female,17,,178,2.0
female/104/1_DHA_17_2_178.jpg,104,DHA,,Female,17,,178,2.0
female/104/1_DHA_17_2_178.jpg,104,DHA,,Female,17,,178,2.0
female/104/1_DHA_17_2_178.jpg,104,DHA,,Female,17,,178,2.0
female/104/1_DHA_17_2_178.jpg,104,DHA,,Female,17,,178,2.0
female/104/1_DHA_17_2_178.jpg,104,DHA,,Female,17,,178,2.0
female/104/1_DHA_17_2_178.jpg,104,DHA,,Female,17,,178,2.0
female/104/1_DHA_17_2_178.jpg,104,DHA,,Female,17,,178,2.0
female/104/1_DHA_17_2_178.jpg,104,DHA,,Female,17,,178,2.0
female/104/1_DHA_17_2_178.jpg,104,DHA,,Female,17,,178,2.0
female/104/1_DHA_17_2_178.jpg,104,DHA,,Female,17,,178,2.0
female/104/1_DHA_17_2_178.jpg,104,DHA,,Female,17,,178,2.0
female/104/1_DHA_17_2_178.jpg,104,DHA,,Female,17,,178,2.0
female/104/1_DHA_17_2_178.jpg,104,DHA,,Female,17,,178,2.0
female/104/1_DHA_17_2_178.jpg,104,DHA,,Female,17,,178,2.0
female/104/1_DHA_17_2_178.jpg,104,DHA,,Female,17,,178,2.0
female/104/1_DHA_17_2_178.jpg,104,DHA,,Female,17,,178,2.0
female/104/1_DHA_17_2_178.jpg,104,DHA,,Female,17,,178,2.0
female/104/1_DHA_17_2_178.jpg,104,DHA,,Female,17,,178,2.0
female/104/1_DHA_17_2_178.jpg,104,DHA,,Female,17,,178,2.0
female/104/1_DHA_17_2_178.jpg,104,DHA,,Female,17,,178,2.0
female/104/1_DHA_17_2_178.jpg,104,DHA,,Female,17,,178,2.0
female/104/1_DHA_17_2_178.jpg,104,DHA,,Female,17,,178,2.0
female/104/1_DHA_17_2_178.jpg,104,DHA,,Female,17,,178,2.0
female/104/1_DHA_17_2_178.jpg,104,DHA,,Female,17,,178,2.0
female/104/1_DHA_17_2_178.jpg,104,DHA,,Female,17,,178,2.0
female/104/1_DHA_17_2_178.jpg,104,DHA,,Female,17,,178,2.0
female/104/1_DHA_17_2_178.jpg,104,DHA,,Female,17,,178,2.0
female/104/1_DHA_17_2_178.jpg,104,DHA,,Female,17,,178,2.0
female/104/1_DHA_17_2_178.jpg,104,DHA,,Female,17,,178,2.0
female/104/1_DHA_17_2_178.jpg,104,DHA,,Female,17,,178,2.0
female/104/1_DHA_17_2_178.jpg,104,DHA,,Female,17,,178,2.0
female/104/1_DHA_17_2_178.jpg,104,DHA,,Female,17,,178,2.0
female/104/1_DHA_17_2_178.jpg,104,DHA,,Female,17,,178,2.0
female/104/1_DHA_17_2_178.jpg,104,DHA,,Female,17,,178,2.0
female/104/1_DHA_17_2_178.jpg,104,DHA,,Female,17,,178,2.0
female/104/1_DHA_17_2_178.jpg,104,DHA,,Female,17,,178,2.0
female/104/1_DHA_17_2_178.jpg,104,DHA,,Female,17,,178,2.0
female/104/1_DHA_17_2_178.jpg,104,DHA,,Female,17,,178,2.0
female/104/1_DHA_17_2_178.jpg,104,DHA,,Female,17,,178,2.0
female/104/1_DHA_17_2_178.jpg,104,DHA,,Female,17,,178,2.0
female/104/1_DHA_17_2_178.jpg,104,DHA,,Female,17,,178,2.0
female/104/1_DHA_17_2_178.jpg,104,DHA,,Female,17,,178,2.0
female/104/1_DHA_17_2_178.jpg,104,DHA,,Female,17,,178,2.0
female/104/1_DHA_17_2_178.jpg,104,DHA,,Female,17,,178,2.0
female/104/1_DHA_17_2_178.jpg,104,DHA,,Female,17,,178,2.0
female/104/1_DHA_17_2_178.jpg,104,DHA,,Female,17,,178,2.0
female/104/1_DHA_17_2_178.jpg,104,DHA,,Female,17,,178,2.0
female/104/1_DHA_17_2_178.jpg,104,DHA,,Female,17,,178,2.0
female/104/1_DHA_17_2_178.jpg,104,DHA,,Female,17,,178,2.0
female/104/1_DHA_17_2_178.jpg,104,DHA,,Female,17,,178,2.0
female/104/1_DHA_17_2_178.jpg,104,DHA,,Female,17,,178,2.0
female/104/1_DHA_17_2_178.jpg,104,DHA,,Female,17,,178,2.0
female/104/1_DHA_17_2_178.jpg,104,DHA,,Female,17,,178,2.0
female/104/1_DHA_17_2_178.jpg,104,DHA,,Female,17,,178,2.0
female/104/1_DHA_17_2_178.jpg,104,DHA,,Female,17,,178,2.0
female/104/1_DHA_17_2_178.jpg,104,DHA,,Female,17,,178,2.0
female/104/1_DHA_17_2_178.jpg,104,DHA,,Female,17,,178,2.0
female/104/1_DHA_17_2_178.jpg,104,DHA,,Female,17,,178,2.0
female/104/1_DHA_17_2_178.jpg,104,DHA,,Female,17,,178,2.0
female/104/1_DHA_17_2_178.jpg,104,DHA,,Female,17,,178,2.0
female/104/1_DHA_17_2_178.jpg,104,DHA,,Female,17,,178,2.0
female/104/1_DHA_17_2_178.jpg,104,DHA,,Female,17,,178,2.0
female/104/1_DHA_17_2_178.jpg,104,DHA,,Female,17,,178,2.0
female/104/1_DHA_17_2_178.jpg,104,DHA,,Female,17,,178,2.0
female/104/1_DHA_17_2_178.jpg,104,DHA,,Female,17,,178,2.0
female/104/1_DHA_17_2_178.jpg,104,DHA,,Female,17,,178,2.0
female/104/1_DHA_17_2_178.jpg,104,DHA,,Female,17,,178,2.0
female/104/1_DHA_17_2_178.jpg,104,DHA,,Female,17,,178,2.0
female/104/1_DHA_17_2_178.jpg,104,DHA,,Female,17,,178,2.0
female/104/1_DHA_17_2_178.jpg,104,DHA,,Female,17,,178,2.0
female/104/1_DHA_17_2_178.jpg,104,DHA,,Female,17,,178,2.0
female/104/1_DHA_17_2_178.jpg,104,DHA,,Female,17,,178,2.0
female/104/1_DHA_17_2_178.jpg,104,DHA,,Female,17,,178,2.0
female/104/1_DHA_17_2_178.jpg,104,DHA,,Female,17,,178,2.0
female/104/1_DHA_17_2_178.jpg,104,DHA,,Female,17,,178,2.0
female/104/1_DHA_17_2_178.jpg,104,DHA,,Female,17,,178,2.0
female/104/1_DHA_17_2_178.jpg,104,DHA,,Female,17,,178,2.0
female/104/1_DHA_17_2_178.jpg,104,DHA,,Female,17,,178,2.0
female/104/1_DHA_17_2_178.jpg,104,DHA,,Female,17,,178,2.0
female/104/1_DHA_17_2_178.jpg,104,DHA,,Female,17,,178,2.0
female/104/1_DHA_17_2_178.jpg,104,DHA,,Female,17,,178,2.0
female/104/1_DHA_17_2_178.jpg,104,DHA,,Female,17,,178,2.0
female/104/1_DHA_17_2_178.jpg,104,DHA,,Female,17,,178,2.0
female/104/1_DHA_17_2_178.jpg,104,DHA,,Female,17,,178,2.0
female/104/1_DHA_17_2_178.jpg,104,DHA,,Female,17,,178,2.0
female/104/1_DHA_17_2_178.jpg,104,DHA,,Female,17,,178,2.0
female/104/1_DHA_17_2_178.jpg,104,DHA,,Female,17,,178,2.0
female/104/1_DHA_17_2_178.jpg,104,DHA,,Female,17,,178,2.0
female/104/1_DHA_17_2_178.jpg,104,DHA,,Female,17,,178,2.0
female/104/1_DHA_17_2_178.jpg,104,DHA,,Female,17,,178,2.0
female/104/1_DHA_17_2_178.jpg,104,DHA,,Female,17,,178,2.0
female/104/1_DHA_17_2_178.jpg,104,DHA,,Female,17,,178,2.0
female/104/1_DHA_17_2_178.jpg,104,DHA,,Female,17,,178,2.0
female/104/1_DHA_17_2_178.jpg,104,DHA,,Female,17,,178,2.0
female/104/1_DHA_17_2_178.jpg,104,DHA,,Female,17,,178,2.0
female/104/1_DHA_17_2_178.jpg,104,DHA,,Female,17,,178,2.0
female/104/1_DHA_17_2_178.jpg,104,DHA,,Female,17,,178,2.0
female/104/1_DHA_17_2_178.jpg,104,DHA,,Female,17,,178,2.0
female/104/1_DHA_17_2_178.jpg,104,DHA,,Female,17,,178,2.0
female/104/1_DHA_17_2_178.jpg,104,DHA,,Female,17,,178,2.0
female/104/1_DHA_17_2_178.jpg,104,DHA,,Female,17,,178,2.0
female/104/1_DHA_17_2_178.jpg,104,DHA,,Female,17,,178,2.0
female/104/1_DHA_17_2_178.jpg,104,DHA,,Female,17,,178,2.0
female/104/1_DHA_17_2_178.jpg,104,DHA,,Female,17,,178,2.0
female/104/1_DHA_17_2_178.jpg,104,DHA,,Female,17,,178,2.0
female/104/1_DHA_17_2_178.jpg,104,DHA,,Female,17,,178,2.0
female/104/1_DHA_17_2_178.jpg,104,DHA,,Female,17,,178,2.0
female/104/1_DHA_17_2_178.jpg,104,DHA,,Female,17,,178,2.0
female/104/1_DHA_17_2_178.jpg,104,DHA,,Female,17,,178,2.0
female/104/1_DHA_17_2_178.jpg,104,DHA,,Female,17,,178,2.0
female/104/1_DHA_17_2_178.jpg,104,DHA,,Female,17,,178,2.0
female/104/1_DHA_17_2_178.jpg,104,DHA,,Female,17,,178,2.0
female/104/1_DHA_17_2_178.jpg,104,DHA,,Female,17,,178,2.0
female/104/1_DHA_17_2_178.jpg,104,DHA,,Female,17,,178,2.0
female/104/1_DHA_17_2_178.jpg,104,DHA,,Female,17,,178,2.0
female/104/1_DHA_17_2_178.jpg,104,DHA,,Female,17,,178,2.0
female/104/1_DHA_17_2_178.jpg,104,DHA,,Female,17,,178,2.0
female/104/1_DHA_17_2_178.jpg,104,DHA,,Female,17,,178,2.0
female/104/1_DHA_17_2_178.jpg,104,DHA,,Female,17,,178,2.0
female/104/1_DHA_17_2_178.jpg,104,DHA,,Female,17,,178,2.0
female/104/1_DHA_17_2_178.jpg,104,DHA,,Female,17,,178,2.0
female/104/1_DHA_17_2_178.jpg,104,DHA,,Female,17,,178,2.0
female/104/1_DHA_17_2_178.jpg,104,DHA,,Female,17,,178,2.0
female/104/1_DHA_17_2_178.jpg,104,DHA,,Female,17,,178,2.0
female/104/1_DHA_17_2_178.jpg,104,DHA,,Female,17,,178,2.0
female/104/1_DHA_17_2_178.jpg,104,DHA,,Female,17,,178,2.0
female/104/1_DHA_17_2_178.jpg,104,DHA,,Female,17,,178,2.0
female/104/1_DHA_17_2_178.jpg,104,DHA,,Female,17,,178,2.0
female/104/1_DHA_17_2_178.jpg,104,DHA,,Female,17,,178,2.0
female/104/1_DHA_17_2_178.jpg,104,DHA,,Female,17,,178,2.0
female/104/1_DHA_17_2_178.jpg,104,DHA,,Female,17,,178,2.0
female/104/1_DHA_17_2_178.jpg,104,DHA,,Female,17,,178,2.0
female/104/1_DHA_17_2_178.jpg,104,DHA,,Female,17,,178,2.0
female/104/1_DHA_17_2_178.jpg,104,DHA,,Female,17,,178,2.0
female/104/1_DHA_17_2_178.jpg,104,DHA,,Female,17,,178,2.0
female/104/1_DHA_17_2_178.jpg,104,DHA,,Female,17,,178,2.0
female/104/1_DHA_17_2_178.jpg,104,DHA,,Female,17,,178,2.0
female/104/1_DHA_17_2_178.jpg,104,DHA,,Female,17,,178,2.0
female/104/1_DHA_17_2_178.jpg,104,DHA,,Female,17,,178,2.0
female/104/1_DHA_17_2_178.jpg,104,DHA,,Female,17,,178,2.0
female/104/1_DHA_17_2_178.jpg,104,DHA,,Female,17,,178,2.0
female/104/1_DHA_17_2_178.jpg,104,DHA,,Female,17,,178,2.0
female/104/1_DHA_17_2_178.jpg,104,DHA,,Female,17,,178,2.0
female/104/1_DHA_17_2_178.jpg,104,DHA,,Female,17,,178,2.0
female/104/1_DHA_17_2_178.jpg,104,DHA,,Female,17,,178,2.0
female/104/1_DHA_17_2_178.jpg,104,DHA,,Female,17,,178,2.0
female/104/1_DHA_17_2_178.jpg,104,DHA,,Female,17,,178,2.0
female/104/1_DHA_17_2_178.jpg,104,DHA,,Female,17,,178,2.0
female/104/1_DHA_17_2_178.jpg,104,DHA,,Female,17,,178,2.0
female/104/1_DHA_17_2_178.jpg,104,DHA,,Female,17,,178,2.0
female/104/1_DHA_17_2_178.jpg,104,DHA,,Female,17,,178,2.0
female/104/1_DHA_17_2_178.jpg,104,DHA,,Female,17,,178,2.0
female/104/1_DHA_17_2_178.jpg,104,DHA,,Female,17,,178,2.0
female/104/1_DHA_17_2_178.jpg,104,DHA,,Female,17,,178,2.0
female/104/1_DHA_17_2_178.jpg,104,DHA,,Female,17,,178,2.0
female/104/1_DHA_17_2_178.jpg,104,DHA,,Female,17,,178,2.0
female/104/1_DHA_17_2_178.jpg,104,DHA,,Female,17,,178,2.0
female/104/1_DHA_17_2_178.jpg,104,DHA,,Female,17,,178,2.0
female/104/1_DHA_17_2_178.jpg,104,DHA,,Female,17,,178,2.0
female/104/1_DHA_17_2_178.jpg,104,DHA,,Female,17,,178,2.0
female/104/1_DHA_17_2_178.jpg,104,DHA,,Female,17,,178,2.0
female/104/1_DHA_17_2_178.jpg,104,DHA,,Female,17,,178,2.0
female/104/1_DHA_17_2_178.jpg,104,DHA,,Female,17,,178,2.0
female/104/1_DHA_17_2_178.jpg,104,DHA,,Female,17,,178,2.0
female/104/1_DHA_17_2_178.jpg,104,DHA,,Female,17,,178,2.0
female/104/1_DHA_17_2_178.jpg,104,DHA,,Female,17,,178,2.0
female/104/1_DHA_17_2_178.jpg,104,DHA,,Female,17,,178,2.0
female/104/1_DHA_17_2_178.jpg,104,DHA,,Female,17,,178,2.0
female/104/1_DHA_17_2_178.jpg,104,DHA,,Female,17,,178,2.0
female/104/1_DHA_17_2_178.jpg,104,DHA,,Female,17,,178,2.0
female/104/1_DHA_17_2_178.jpg,104,DHA,,Female,17,,178,2.0
female/104/1_DHA_17_2_178.jpg,104,DHA,,Female,17,,178,2.0
female/104/1_DHA_17_2_178.jpg,104,DHA,,Female,17,,178,2.0
female/104/1_DHA_17_2_178.jpg,104,DHA,,Female,17,,178,2.0
female/104/1_DHA_17_2_178.jpg,104,DHA,,Female,17,,178,2.0
female/104/1_DHA_17_2_178.jpg,104,DHA,,Female,17,,178,2.0
female/104/1_DHA_17_2_178.jpg,104,DHA,,Female,17,,178,2.0
female/104/1_DHA_17_2_178.jpg,104,DHA,,Female,17,,178,2.0
female/104/1_DHA_17_2_178.jpg,104,DHA,,Female,17,,178,2.0
female/104/1_DHA_17_2_178.jpg,104,DHA,,Female,17,,178,2.0
female/104/1_DHA_17_2_178.jpg,104,DHA,,Female,17,,178,2.0
female/104/1_DHA_17_2_178.jpg,104,DHA,,Female,17,,178,2.0
female/104/1_DHA_17_2_178.jpg,104,DHA,,Female,17,,178,2.0
female/104/1_DHA_17_2_178.jpg,104,DHA,,Female,17,,178,2.0
female/104/1_DHA_17_2_178.jpg,104,DHA,,Female,17,,178,2.0
female/104/1_DHA_17_2_178.jpg,104,DHA,,Female,17,,178,2.0
female/104/1_DHA_17_2_178.jpg,104,DHA,,Female,17,,178,2.0
female/104/1_DHA_17_2_178.jpg,104,DHA,,Female,17,,178,2.0
female/104/1_DHA_17_2_178.jpg,104,DHA,,Female,17,,178,2.0
female/104/1_DHA_17_2_178.jpg,104,DHA,,Female,17,,178,2.0
female/104/1_DHA_17_2_178.jpg,104,DHA,,Female,17,,178,2.0
female/104/1_DHA_17_2_178.jpg,104,DHA,,Female,17,,178,2.0
female/104/1_DHA_17_2_178.jpg,104,DHA,,Female,17,,178,2.0
female/104/1_DHA_17_2_178.jpg,104,DHA,,Female,17,,178,2.0
female/104/1_DHA_17_2_197.jpg,104,DHA,,Female,17,,197,2.0
female/104/1_DHA_17_2_197.jpg,104,DHA,,Female,17,,197,2.0
female/104/1_DHA_17_2_197.jpg,104,DHA,,Female,17,,197,2.0
female/104/1_DHA_17_2_197.jpg,104,DHA,,Female,17,,197,2.0
female/104/1_DHA_17_2_197.jpg,104,DHA,,Female,17,,197,2.0
female/104/1_DHA_17_2_197.jpg,104,DHA,,Female,17,,197,2.0
female/104/1_DHA_17_2_197.jpg,104,DHA,,Female,17,,197,2.0
female/104/1_DHA_17_2_197.jpg,104,DHA,,Female,17,,197,2.0
female/104/1_DHA_17_2_197.jpg,104,DHA,,Female,17,,197,2.0
female/104/1_DHA_17_2_197.jpg,104,DHA,,Female,17,,197,2.0
female/104/1_DHA_17_2_197.jpg,104,DHA,,Female,17,,197,2.0
female/104/1_DHA_17_2_197.jpg,104,DHA,,Female,17,,197,2.0
female/104/1_DHA_17_2_197.jpg,104,DHA,,Female,17,,197,2.0
female/104/1_DHA_17_2_197.jpg,104,DHA,,Female,17,,197,2.0
female/104/1_DHA_17_2_197.jpg,104,DHA,,Female,17,,197,2.0
female/104/1_DHA_17_2_197.jpg,104,DHA,,Female,17,,197,2.0
female/104/1_DHA_17_2_197.jpg,104,DHA,,Female,17,,197,2.0
female/104/1_DHA_17_2_197.jpg,104,DHA,,Female,17,,197,2.0
female/104/1_DHA_17_2_197.jpg,104,DHA,,Female,17,,197,2.0
female/104/1_DHA_17_2_197.jpg,104,DHA,,Female,17,,197,2.0
female/104/1_DHA_17_2_197.jpg,104,DHA,,Female,17,,197,2.0
female/104/1_DHA_17_2_197.jpg,104,DHA,,Female,17,,197,2.0
female/104/1_DHA_17_2_197.jpg,104,DHA,,Female,17,,197,2.0
female/104/1_DHA_17_2_197.jpg,104,DHA,,Female,17,,197,2.0
female/104/1_DHA_17_2_197.jpg,104,DHA,,Female,17,,197,2.0
female/104/1_DHA_17_2_197.jpg,104,DHA,,Female,17,,197,2.0
female/104/1_DHA_17_2_197.jpg,104,DHA,,Female,17,,197,2.0
female/104/1_DHA_17_2_197.jpg,104,DHA,,Female,17,,197,2.0
female/104/1_DHA_17_2_197.jpg,104,DHA,,Female,17,,197,2.0
female/104/1_DHA_17_2_197.jpg,104,DHA,,Female,17,,197,2.0
female/104/1_DHA_17_2_197.jpg,104,DHA,,Female,17,,197,2.0
female/104/1_DHA_17_2_197.jpg,104,DHA,,Female,17,,197,2.0
female/104/1_DHA_17_2_197.jpg,104,DHA,,Female,17,,197,2.0
female/104/1_DHA_17_2_197.jpg,104,DHA,,Female,17,,197,2.0
female/104/1_DHA_17_2_197.jpg,104,DHA,,Female,17,,197,2.0
female/104/1_DHA_17_2_197.jpg,104,DHA,,Female,17,,197,2.0
female/104/1_DHA_17_2_197.jpg,104,DHA,,Female,17,,197,2.0
female/104/1_DHA_17_2_197.jpg,104,DHA,,Female,17,,197,2.0
female/104/1_DHA_17_2_197.jpg,104,DHA,,Female,17,,197,2.0
female/104/1_DHA_17_2_197.jpg,104,DHA,,Female,17,,197,2.0
female/104/1_DHA_17_2_197.jpg,104,DHA,,Female,17,,197,2.0
female/104/1_DHA_17_2_197.jpg,104,DHA,,Female,17,,197,2.0
female/104/1_DHA_17_2_197.jpg,104,DHA,,Female,17,,197,2.0
female/104/1_DHA_17_2_197.jpg,104,DHA,,Female,17,,197,2.0
female/104/1_DHA_17_2_197.jpg,104,DHA,,Female,17,,197,2.0
female/104/1_DHA_17_2_197.jpg,104,DHA,,Female,17,,197,2.0
female/104/1_DHA_17_2_197.jpg,104,DHA,,Female,17,,197,2.0
female/104/1_DHA_17_2_197.jpg,104,DHA,,Female,17,,197,2.0
female/104/1_DHA_17_2_197.jpg,104,DHA,,Female,17,,197,2.0
female/104/1_DHA_17_2_197.jpg,104,DHA,,Female,17,,197,2.0
female/104/1_DHA_17_2_197.jpg,104,DHA,,Female,17,,197,2.0
female/104/1_DHA_17_2_197.jpg,104,DHA,,Female,17,,197,2.0
female/104/1_DHA_17_2_197.jpg,104,DHA,,Female,17,,197,2.0
female/104/1_DHA_17_2_197.jpg,104,DHA,,Female,17,,197,2.0
female/104/1_DHA_17_2_197.jpg,104,DHA,,Female,17,,197,2.0
female/104/1_DHA_17_2_197.jpg,104,DHA,,Female,17,,197,2.0
female/104/1_DHA_17_2_197.jpg,104,DHA,,Female,17,,197,2.0
female/104/1_DHA_17_2_197.jpg,104,DHA,,Female,17,,197,2.0
female/104/1_DHA_17_2_197.jpg,104,DHA,,Female,17,,197,2.0
female/104/1_DHA_17_2_197.jpg,104,DHA,,Female,17,,197,2.0
female/104/1_DHA_17_2_197.jpg,104,DHA,,Female,17,,197,2.0
female/104/1_DHA_17_2_197.jpg,104,DHA,,Female,17,,197,2.0
female/104/1_DHA_17_2_197.jpg,104,DHA,,Female,17,,197,2.0
female/104/1_DHA_17_2_197.jpg,104,DHA,,Female,17,,197,2.0
female/104/1_DHA_17_2_197.jpg,104,DHA,,Female,17,,197,2.0
female/104/1_DHA_17_2_197.jpg,104,DHA,,Female,17,,197,2.0
female/104/1_DHA_17_2_197.jpg,104,DHA,,Female,17,,197,2.0
female/104/1_DHA_17_2_197.jpg,104,DHA,,Female,17,,197,2.0
female/104/1_DHA_17_2_197.jpg,104,DHA,,Female,17,,197,2.0
female/104/1_DHA_17_2_197.jpg,104,DHA,,Female,17,,197,2.0
female/104/1_DHA_17_2_197.jpg,104,DHA,,Female,17,,197,2.0
female/104/1_DHA_17_2_197.jpg,104,DHA,,Female,17,,197,2.0
female/104/1_DHA_17_2_197.jpg,104,DHA,,Female,17,,197,2.0
female/104/1_DHA_17_2_197.jpg,104,DHA,,Female,17,,197,2.0
female/104/1_DHA_17_2_197.jpg,104,DHA,,Female,17,,197,2.0
female/104/1_DHA_17_2_197.jpg,104,DHA,,Female,17,,197,2.0
female/104/1_DHA_17_2_197.jpg,104,DHA,,Female,17,,197,2.0
female/104/1_DHA_17_2_197.jpg,104,DHA,,Female,17,,197,2.0
female/104/1_DHA_17_2_197.jpg,104,DHA,,Female,17,,197,2.0
female/104/1_DHA_17_2_197.jpg,104,DHA,,Female,17,,197,2.0
female/104/1_DHA_17_2_197.jpg,104,DHA,,Female,17,,197,2.0
female/104/1_DHA_17_2_197.jpg,104,DHA,,Female,17,,197,2.0
female/104/1_DHA_17_2_197.jpg,104,DHA,,Female,17,,197,2.0
female/104/1_DHA_17_2_197.jpg,104,DHA,,Female,17,,197,2.0
female/104/1_DHA_17_2_197.jpg,104,DHA,,Female,17,,197,2.0
female/104/1_DHA_17_2_197.jpg,104,DHA,,Female,17,,197,2.0
female/104/1_DHA_17_2_197.jpg,104,DHA,,Female,17,,197,2.0
female/104/1_DHA_17_2_197.jpg,104,DHA,,Female,17,,197,2.0
female/104/1_DHA_17_2_197.jpg,104,DHA,,Female,17,,197,2.0
female/104/1_DHA_17_2_197.jpg,104,DHA,,Female,17,,197,2.0
female/104/1_DHA_17_2_197.jpg,104,DHA,,Female,17,,197,2.0
female/104/1_DHA_17_2_197.jpg,104,DHA,,Female,17,,197,2.0
female/104/1_DHA_17_2_197.jpg,104,DHA,,Female,17,,197,2.0
female/104/1_DHA_17_2_197.jpg,104,DHA,,Female,17,,197,2.0
female/104/1_DHA_17_2_197.jpg,104,DHA,,Female,17,,197,2.0
female/104/1_DHA_17_2_197.jpg,104,DHA,,Female,17,,197,2.0
female/104/1_DHA_17_2_197.jpg,104,DHA,,Female,17,,197,2.0
female/104/1_DHA_17_2_197.jpg,104,DHA,,Female,17,,197,2.0
female/104/1_DHA_17_2_197.jpg,104,DHA,,Female,17,,197,2.0
female/104/1_DHA_17_2_197.jpg,104,DHA,,Female,17,,197,2.0
female/104/1_DHA_17_2_197.jpg,104,DHA,,Female,17,,197,2.0
female/104/1_DHA_17_2_197.jpg,104,DHA,,Female,17,,197,2.0
female/104/1_DHA_17_2_197.jpg,104,DHA,,Female,17,,197,2.0
female/104/1_DHA_17_2_197.jpg,104,DHA,,Female,17,,197,2.0
female/104/1_DHA_17_2_197.jpg,104,DHA,,Female,17,,197,2.0
female/104/1_DHA_17_2_197.jpg,104,DHA,,Female,17,,197,2.0
female/104/1_DHA_17_2_197.jpg,104,DHA,,Female,17,,197,2.0
female/104/1_DHA_17_2_197.jpg,104,DHA,,Female,17,,197,2.0
female/104/1_DHA_17_2_197.jpg,104,DHA,,Female,17,,197,2.0
female/104/1_DHA_17_2_197.jpg,104,DHA,,Female,17,,197,2.0
female/104/1_DHA_17_2_197.jpg,104,DHA,,Female,17,,197,2.0
female/104/1_DHA_17_2_197.jpg,104,DHA,,Female,17,,197,2.0
female/104/1_DHA_17_2_197.jpg,104,DHA,,Female,17,,197,2.0
female/104/1_DHA_17_2_197.jpg,104,DHA,,Female,17,,197,2.0
female/104/1_DHA_17_2_197.jpg,104,DHA,,Female,17,,197,2.0
female/104/1_DHA_17_2_197.jpg,104,DHA,,Female,17,,197,2.0
female/104/1_DHA_17_2_197.jpg,104,DHA,,Female,17,,197,2.0
female/104/1_DHA_17_2_197.jpg,104,DHA,,Female,17,,197,2.0
female/104/1_DHA_17_2_197.jpg,104,DHA,,Female,17,,197,2.0
female/104/1_DHA_17_2_197.jpg,104,DHA,,Female,17,,197,2.0
female/104/1_DHA_17_2_197.jpg,104,DHA,,Female,17,,197,2.0
female/104/1_DHA_17_2_197.jpg,104,DHA,,Female,17,,197,2.0
female/104/1_DHA_17_2_197.jpg,104,DHA,,Female,17,,197,2.0
female/104/1_DHA_17_2_197.jpg,104,DHA,,Female,17,,197,2.0
female/104/1_DHA_17_2_197.jpg,104,DHA,,Female,17,,197,2.0
female/104/1_DHA_17_2_197.jpg,104,DHA,,Female,17,,197,2.0
female/104/1_DHA_17_2_197.jpg,104,DHA,,Female,17,,197,2.0
female/104/1_DHA_17_2_197.jpg,104,DHA,,Female,17,,197,2.0
female/104/1_DHA_17_2_197.jpg,104,DHA,,Female,17,,197,2.0
female/104/1_DHA_17_2_197.jpg,104,DHA,,Female,17,,197,2.0
female/104/1_DHA_17_2_197.jpg,104,DHA,,Female,17,,197,2.0
female/104/1_DHA_17_2_197.jpg,104,DHA,,Female,17,,197,2.0
female/104/1_DHA_17_2_197.jpg,104,DHA,,Female,17,,197,2.0
female/104/1_DHA_17_2_197.jpg,104,DHA,,Female,17,,197,2.0
female/104/1_DHA_17_2_197.jpg,104,DHA,,Female,17,,197,2.0
female/104/1_DHA_17_2_197.jpg,104,DHA,,Female,17,,197,2.0
female/104/1_DHA_17_2_197.jpg,104,DHA,,Female,17,,197,2.0
female/104/1_DHA_17_2_197.jpg,104,DHA,,Female,17,,197,2.0
female/104/1_DHA_17_2_197.jpg,104,DHA,,Female,17,,197,2.0
female/104/1_DHA_17_2_197.jpg,104,DHA,,Female,17,,197,2.0
female/104/1_DHA_17_2_197.jpg,104,DHA,,Female,17,,197,2.0
female/104/1_DHA_17_2_197.jpg,104,DHA,,Female,17,,197,2.0
female/104/1_DHA_17_2_197.jpg,104,DHA,,Female,17,,197,2.0
female/104/1_DHA_17_2_197.jpg,104,DHA,,Female,17,,197,2.0
female/104/1_DHA_17_2_197.jpg,104,DHA,,Female,17,,197,2.0
female/104/1_DHA_17_2_197.jpg,104,DHA,,Female,17,,197,2.0
female/104/1_DHA_17_2_197.jpg,104,DHA,,Female,17,,197,2.0
female/104/1_DHA_17_2_197.jpg,104,DHA,,Female,17,,197,2.0
female/104/1_DHA_17_2_197.jpg,104,DHA,,Female,17,,197,2.0
female/104/1_DHA_17_2_197.jpg,104,DHA,,Female,17,,197,2.0
female/104/1_DHA_17_2_197.jpg,104,DHA,,Female,17,,197,2.0
female/104/1_DHA_17_2_197.jpg,104,DHA,,Female,17,,197,2.0
female/104/1_DHA_17_2_197.jpg,104,DHA,,Female,17,,197,2.0
female/104/1_DHA_17_2_197.jpg,104,DHA,,Female,17,,197,2.0
female/104/1_DHA_17_2_197.jpg,104,DHA,,Female,17,,197,2.0
female/104/1_DHA_17_2_197.jpg,104,DHA,,Female,17,,197,2.0
female/104/1_DHA_17_2_197.jpg,104,DHA,,Female,17,,197,2.0
female/104/1_DHA_17_2_197.jpg,104,DHA,,Female,17,,197,2.0
female/104/1_DHA_17_2_197.jpg,104,DHA,,Female,17,,197,2.0
female/104/1_DHA_17_2_197.jpg,104,DHA,,Female,17,,197,2.0
female/104/1_DHA_17_2_197.jpg,104,DHA,,Female,17,,197,2.0
female/104/1_DHA_17_2_197.jpg,104,DHA,,Female,17,,197,2.0
female/104/1_DHA_17_2_197.jpg,104,DHA,,Female,17,,197,2.0
female/104/1_DHA_17_2_197.jpg,104,DHA,,Female,17,,197,2.0
female/104/1_DHA_17_2_197.jpg,104,DHA,,Female,17,,197,2.0
female/104/1_DHA_17_2_197.jpg,104,DHA,,Female,17,,197,2.0
female/104/1_DHA_17_2_197.jpg,104,DHA,,Female,17,,197,2.0
female/104/1_DHA_17_2_197.jpg,104,DHA,,Female,17,,197,2.0
female/104/1_DHA_17_2_197.jpg,104,DHA,,Female,17,,197,2.0
female/104/1_DHA_17_2_197.jpg,104,DHA,,Female,17,,197,2.0
female/104/1_DHA_17_2_197.jpg,104,DHA,,Female,17,,197,2.0
female/104/1_DHA_17_2_197.jpg,104,DHA,,Female,17,,197,2.0
female/104/1_DHA_17_2_197.jpg,104,DHA,,Female,17,,197,2.0
female/104/1_DHA_17_2_197.jpg,104,DHA,,Female,17,,197,2.0
female/104/1_DHA_17_2_197.jpg,104,DHA,,Female,17,,197,2.0
female/104/1_DHA_17_2_197.jpg,104,DHA,,Female,17,,197,2.0
female/104/1_DHA_17_2_197.jpg,104,DHA,,Female,17,,197,2.0
female/104/1_DHA_17_2_197.jpg,104,DHA,,Female,17,,197,2.0
female/104/1_DHA_17_2_197.jpg,104,DHA,,Female,17,,197,2.0
female/104/1_DHA_17_2_197.jpg,104,DHA,,Female,17,,197,2.0
female/104/1_DHA_17_2_197.jpg,104,DHA,,Female,17,,197,2.0
female/104/1_DHA_17_2_197.jpg,104,DHA,,Female,17,,197,2.0
female/104/1_DHA_17_2_197.jpg,104,DHA,,Female,17,,197,2.0
female/104/1_DHA_17_2_197.jpg,104,DHA,,Female,17,,197,2.0
female/104/1_DHA_17_2_197.jpg,104,DHA,,Female,17,,197,2.0
female/104/1_DHA_17_2_197.jpg,104,DHA,,Female,17,,197,2.0
female/104/1_DHA_17_2_197.jpg,104,DHA,,Female,17,,197,2.0
female/104/1_DHA_17_2_197.jpg,104,DHA,,Female,17,,197,2.0
female/104/1_DHA_17_2_197.jpg,104,DHA,,Female,17,,197,2.0
female/104/1_DHA_17_2_197.jpg,104,DHA,,Female,17,,197,2.0
female/104/1_DHA_17_2_197.jpg,104,DHA,,Female,17,,197,2.0
female/104/1_DHA_17_2_197.jpg,104,DHA,,Female,17,,197,2.0
female/104/1_DHA_17_2_197.jpg,104,DHA,,Female,17,,197,2.0
female/104/1_DHA_17_2_197.jpg,104,DHA,,Female,17,,197,2.0
female/104/1_DHA_17_2_197.jpg,104,DHA,,Female,17,,197,2.0
female/104/1_DHA_17_2_197.jpg,104,DHA,,Female,17,,197,2.0
female/104/1_DHA_17_2_197.jpg,104,DHA,,Female,17,,197,2.0
female/104/1_DHA_17_2_197.jpg,104,DHA,,Female,17,,197,2.0
female/104/1_DHA_17_2_197.jpg,104,DHA,,Female,17,,197,2.0
female/104/1_DHA_17_2_197.jpg,104,DHA,,Female,17,,197,2.0
female/104/1_DHA_17_2_197.jpg,104,DHA,,Female,17,,197,2.0
female/104/1_DHA_17_2_197.jpg,104,DHA,,Female,17,,197,2.0
female/104/1_DHA_17_2_197.jpg,104,DHA,,Female,17,,197,2.0
female/104/1_DHA_17_2_197.jpg,104,DHA,,Female,17,,197,2.0
female/104/1_DHA_17_2_197.jpg,104,DHA,,Female,17,,197,2.0
female/104/1_DHA_17_2_197.jpg,104,DHA,,Female,17,,197,2.0
female/104/1_DHA_17_2_197.jpg,104,DHA,,Female,17,,197,2.0
female/104/1_DHA_17_2_197.jpg,104,DHA,,Female,17,,197,2.0
female/104/1_DHA_17_2_197.jpg,104,DHA,,Female,17,,197,2.0
female/104/1_DHA_17_2_197.jpg,104,DHA,,Female,17,,197,2.0
female/104/1_DHA_17_2_197.jpg,104,DHA,,Female,17,,197,2.0
female/104/1_DHA_17_2_197.jpg,104,DHA,,Female,17,,197,2.0
female/104/1_DHA_17_2_197.jpg,104,DHA,,Female,17,,197,2.0
female/104/1_DHA_17_2_197.jpg,104,DHA,,Female,17,,197,2.0
female/104/1_DHA_17_2_197.jpg,104,DHA,,Female,17,,197,2.0
female/104/1_DHA_17_2_197.jpg,104,DHA,,Female,17,,197,2.0
female/104/1_DHA_17_2_197.jpg,104,DHA,,Female,17,,197,2.0
female/104/1_DHA_17_2_197.jpg,104,DHA,,Female,17,,197,2.0
female/104/1_DHA_17_2_197.jpg,104,DHA,,Female,17,,197,2.0
female/104/1_DHA_17_2_197.jpg,104,DHA,,Female,17,,197,2.0
female/104/1_DHA_17_2_197.jpg,104,DHA,,Female,17,,197,2.0
female/104/1_DHA_17_2_197.jpg,104,DHA,,Female,17,,197,2.0
female/104/1_DHA_17_2_197.jpg,104,DHA,,Female,17,,197,2.0
female/104/1_DHA_17_2_197.jpg,104,DHA,,Female,17,,197,2.0
female/104/1_DHA_17_2_197.jpg,104,DHA,,Female,17,,197,2.0
female/104/1_DHA_17_2_197.jpg,104,DHA,,Female,17,,197,2.0
female/104/1_DHA_17_2_197.jpg,104,DHA,,Female,17,,197,2.0
female/104/1_DHA_17_2_197.jpg,104,DHA,,Female,17,,197,2.0
female/104/1_DHA_17_2_197.jpg,104,DHA,,Female,17,,197,2.0
female/104/1_DHA_17_2_197.jpg,104,DHA,,Female,17,,197,2.0
female/104/1_DHA_17_2_197.jpg,104,DHA,,Female,17,,197,2.0
female/104/1_DHA_17_2_197.jpg,104,DHA,,Female,17,,197,2.0
female/104/1_DHA_17_2_197.jpg,104,DHA,,Female,17,,197,2.0
female/104/1_DHA_17_2_197.jpg,104,DHA,,Female,17,,197,2.0
female/104/1_DHA_17_2_197.jpg,104,DHA,,Female,17,,197,2.0
female/104/1_DHA_17_2_197.jpg,104,DHA,,Female,17,,197,2.0
female/104/1_DHA_17_2_197.jpg,104,DHA,,Female,17,,197,2.0
female/104/1_DHA_17_2_197.jpg,104,DHA,,Female,17,,197,2.0
female/104/1_DHA_17_2_197.jpg,104,DHA,,Female,17,,197,2.0
female/104/1_DHA_17_2_197.jpg,104,DHA,,Female,17,,197,2.0
female/104/1_DHA_17_2_197.jpg,104,DHA,,Female,17,,197,2.0
female/104/1_DHA_17_2_197.jpg,104,DHA,,Female,17,,197,2.0
female/104/1_DHA_17_2_197.jpg,104,DHA,,Female,17,,197,2.0
female/104/1_DHA_17_2_197.jpg,104,DHA,,Female,17,,197,2.0
female/104/1_DHA_17_2_197.jpg,104,DHA,,Female,17,,197,2.0
female/104/1_DHA_17_2_197.jpg,104,DHA,,Female,17,,197,2.0
female/104/1_DHA_17_2_197.jpg,104,DHA,,Female,17,,197,2.0
female/104/1_DHA_17_2_197.jpg,104,DHA,,Female,17,,197,2.0
female/104/1_DHA_17_2_197.jpg,104,DHA,,Female,17,,197,2.0
female/104/1_DHA_17_2_197.jpg,104,DHA,,Female,17,,197,2.0
female/104/1_DHA_17_2_197.jpg,104,DHA,,Female,17,,197,2.0
female/104/1_DHA_17_2_197.jpg,104,DHA,,Female,17,,197,2.0
female/104/1_DHA_17_2_197.jpg,104,DHA,,Female,17,,197,2.0
female/104/1_DHA_17_2_197.jpg,104,DHA,,Female,17,,197,2.0
female/104/1_DHA_17_2_197.jpg,104,DHA,,Female,17,,197,2.0
female/104/1_DHA_17_2_197.jpg,104,DHA,,Female,17,,197,2.0
female/104/1_DHA_17_2_197.jpg,104,DHA,,Female,17,,197,2.0
female/104/1_DHA_17_2_197.jpg,104,DHA,,Female,17,,197,2.0
female/104/1_DHA_17_2_197.jpg,104,DHA,,Female,17,,197,2.0
female/104/1_DHA_17_2_197.jpg,104,DHA,,Female,17,,197,2.0
female/104/1_DHA_17_2_197.jpg,104,DHA,,Female,17,,197,2.0
female/104/1_DHA_17_2_197.jpg,104,DHA,,Female,17,,197,2.0
female/104/1_DHA_17_2_197.jpg,104,DHA,,Female,17,,197,2.0
female/104/1_DHA_17_2_197.jpg,104,DHA,,Female,17,,197,2.0
female/104/1_DHA_17_2_197.jpg,104,DHA,,Female,17,,197,2.0
female/104/1_DHA_17_2_197.jpg,104,DHA,,Female,17,,197,2.0
female/104/1_DHA_17_2_197.jpg,104,DHA,,Female,17,,197,2.0
female/104/1_DHA_17_2_197.jpg,104,DHA,,Female,17,,197,2.0
female/104/1_DHA_17_2_197.jpg,104,DHA,,Female,17,,197,2.0
female/104/1_DHA_17_2_197.jpg,104,DHA,,Female,17,,197,2.0
female/104/1_DHA_17_2_197.jpg,104,DHA,,Female,17,,197,2.0
female/104/1_DHA_17_2_197.jpg,104,DHA,,Female,17,,197,2.0
female/104/1_DHA_17_2_197.jpg,104,DHA,,Female,17,,197,2.0
female/104/1_DHA_17_2_197.jpg,104,DHA,,Female,17,,197,2.0
female/104/1_DHA_17_2_197.jpg,104,DHA,,Female,17,,197,2.0
female/104/1_DHA_17_2_197.jpg,104,DHA,,Female,17,,197,2.0
female/104/1_DHA_17_2_197.jpg,104,DHA,,Female,17,,197,2.0
female/104/1_DHA_17_2_197.jpg,104,DHA,,Female,17,,197,2.0
female/104/1_DHA_17_2_197.jpg,104,DHA,,Female,17,,197,2.0
female/104/1_DHA_17_2_197.jpg,104,DHA,,Female,17,,197,2.0
female/104/1_DHA_17_2_197.jpg,104,DHA,,Female,17,,197,2.0
female/104/1_DHA_17_2_197.jpg,104,DHA,,Female,17,,197,2.0
female/104/1_DHA_17_2_197.jpg,104,DHA,,Female,17,,197,2.0
female/104/1_DHA_17_2_197.jpg,104,DHA,,Female,17,,197,2.0
female/104/1_DHA_17_2_197.jpg,104,DHA,,Female,17,,197,2.0
female/104/1_DHA_17_2_197.jpg,104,DHA,,Female,17,,197,2.0
female/104/1_DHA_17_2_197.jpg,104,DHA,,Female,17,,197,2.0
female/104/1_DHA_17_2_197.jpg,104,DHA,,Female,17,,197,2.0
female/104/1_DHA_17_2_197.jpg,104,DHA,,Female,17,,197,2.0
female/104/1_DHA_17_2_197.jpg,104,DHA,,Female,17,,197,2.0
female/104/1_DHA_17_2_197.jpg,104,DHA,,Female,17,,197,2.0
female/104/1_DHA_17_2_197.jpg,104,DHA,,Female,17,,197,2.0
female/104/1_DHA_17_2_197.jpg,104,DHA,,Female,17,,197,2.0
female/104/1_DHA_17_2_197.jpg,104,DHA,,Female,17,,197,2.0
female/104/1_DHA_17_2_197.jpg,104,DHA,,Female,17,,197,2.0
female/104/1_DHA_17_2_197.jpg,104,DHA,,Female,17,,197,2.0
female/104/1_DHA_17_2_197.jpg,104,DHA,,Female,17,,197,2.0
female/104/1_DHA_17_2_197.jpg,104,DHA,,Female,17,,197,2.0
female/104/1_DHA_17_2_197.jpg,104,DHA,,Female,17,,197,2.0
female/104/1_DHA_17_2_197.jpg,104,DHA,,Female,17,,197,2.0
female/104/1_DHA_17_2_197.jpg,104,DHA,,Female,17,,197,2.0
female/104/1_DHA_17_2_197.jpg,104,DHA,,Female,17,,197,2.0
female/104/1_DHA_17_2_197.jpg,104,DHA,,Female,17,,197,2.0
female/104/1_DHA_17_2_197.jpg,104,DHA,,Female,17,,197,2.0
female/104/1_DHA_17_2_197.jpg,104,DHA,,Female,17,,197,2.0
female/104/1_DHA_17_2_197.jpg,104,DHA,,Female,17,,197,2.0
female/104/1_DHA_17_2_197.jpg,104,DHA,,Female,17,,197,2.0
female/104/1_DHA_17_2_197.jpg,104,DHA,,Female,17,,197,2.0
female/104/1_DHA_17_2_197.jpg,104,DHA,,Female,17,,197,2.0
female/104/1_DHA_17_2_197.jpg,104,DHA,,Female,17,,197,2.0
female/104/1_DHA_17_2_197.jpg,104,DHA,,Female,17,,197,2.0
female/104/1_DHA_17_2_197.jpg,104,DHA,,Female,17,,197,2.0
female/104/1_DHA_17_2_197.jpg,104,DHA,,Female,17,,197,2.0
female/104/1_DHA_17_2_197.jpg,104,DHA,,Female,17,,197,2.0
female/104/1_DHA_17_2_197.jpg,104,DHA,,Female,17,,197,2.0
female/104/1_DHA_17_2_197.jpg,104,DHA,,Female,17,,197,2.0
female/104/1_DHA_17_2_197.jpg,104,DHA,,Female,17,,197,2.0
female/104/1_DHA_17_2_197.jpg,104,DHA,,Female,17,,197,2.0
female/104/1_DHA_17_2_197.jpg,104,DHA,,Female,17,,197,2.0
female/104/1_DHA_17_2_197.jpg,104,DHA,,Female,17,,197,2.0
female/104/1_DHA_17_2_197.jpg,104,DHA,,Female,17,,197,2.0
female/104/1_DHA_17_2_197.jpg,104,DHA,,Female,17,,197,2.0
female/104/1_DHA_17_2_197.jpg,104,DHA,,Female,17,,197,2.0
female/104/1_DHA_17_2_197.jpg,104,DHA,,Female,17,,197,2.0
female/104/1_DHA_17_2_197.jpg,104,DHA,,Female,17,,197,2.0
female/104/1_DHA_17_2_197.jpg,104,DHA,,Female,17,,197,2.0
female/104/1_DHA_17_2_197.jpg,104,DHA,,Female,17,,197,2.0
female/104/1_DHA_17_2_197.jpg,104,DHA,,Female,17,,197,2.0
female/104/1_DHA_17_2_197.jpg,104,DHA,,Female,17,,197,2.0
female/104/1_DHA_17_2_197.jpg,104,DHA,,Female,17,,197,2.0
female/104/1_DHA_17_2_197.jpg,104,DHA,,Female,17,,197,2.0
female/104/1_DHA_17_2_197.jpg,104,DHA,,Female,17,,197,2.0
female/104/1_DHA_17_2_197.jpg,104,DHA,,Female,17,,197,2.0
female/104/1_DHA_17_2_197.jpg,104,DHA,,Female,17,,197,2.0
female/104/1_DHA_17_2_197.jpg,104,DHA,,Female,17,,197,2.0
female/104/1_DHA_17_2_197.jpg,104,DHA,,Female,17,,197,2.0
female/104/1_DHA_17_2_197.jpg,104,DHA,,Female,17,,197,2.0
female/104/1_DHA_17_2_197.jpg,104,DHA,,Female,17,,197,2.0
female/104/1_DHA_17_2_197.jpg,104,DHA,,Female,17,,197,2.0
female/104/1_DHA_17_2_197.jpg,104,DHA,,Female,17,,197,2.0
female/104/1_DHA_17_2_197.jpg,104,DHA,,Female,17,,197,2.0
female/104/1_DHA_17_2_197.jpg,104,DHA,,Female,17,,197,2.0
female/104/1_DHA_17_2_197.jpg,104,DHA,,Female,17,,197,2.0
female/104/1_DHA_17_2_197.jpg,104,DHA,,Female,17,,197,2.0
female/104/1_DHA_17_2_197.jpg,104,DHA,,Female,17,,197,2.0
female/104/1_DHA_17_2_197.jpg,104,DHA,,Female,17,,197,2.0
female/104/1_DHA_17_2_197.jpg,104,DHA,,Female,17,,197,2.0
female/104/1_DHA_17_2_197.jpg,104,DHA,,Female,17,,197,2.0
female/104/1_DHA_17_2_197.jpg,104,DHA,,Female,17,,197,2.0
female/104/1_DHA_17_2_197.jpg,104,DHA,,Female,17,,197,2.0
female/104/1_DHA_17_2_197.jpg,104,DHA,,Female,17,,197,2.0
female/104/1_DHA_17_2_197.jpg,104,DHA,,Female,17,,197,2.0
female/104/1_DHA_17_2_197.jpg,104,DHA,,Female,17,,197,2.0
female/104/1_DHA_17_2_197.jpg,104,DHA,,Female,17,,197,2.0
female/104/1_DHA_17_2_197.jpg,104,DHA,,Female,17,,197,2.0
female/104/1_DHA_17_2_197.jpg,104,DHA,,Female,17,,197,2.0
female/104/1_DHA_17_2_197.jpg,104,DHA,,Female,17,,197,2.0
female/104/1_DHA_17_2_197.jpg,104,DHA,,Female,17,,197,2.0
female/104/1_DHA_17_2_197.jpg,104,DHA,,Female,17,,197,2.0
female/104/1_DHA_17_2_197.jpg,104,DHA,,Female,17,,197,2.0
female/104/1_DHA_17_2_197.jpg,104,DHA,,Female,17,,197,2.0
female/104/1_DHA_17_2_197.jpg,104,DHA,,Female,17,,197,2.0
female/104/1_DHA_17_2_197.jpg,104,DHA,,Female,17,,197,2.0
female/104/1_DHA_17_2_197.jpg,104,DHA,,Female,17,,197,2.0
female/104/1_DHA_17_2_197.jpg,104,DHA,,Female,17,,197,2.0
female/104/1_DHA_17_2_197.jpg,104,DHA,,Female,17,,197,2.0
female/104/1_DHA_17_2_197.jpg,104,DHA,,Female,17,,197,2.0
female/104/1_DHA_17_2_197.jpg,104,DHA,,Female,17,,197,2.0
female/104/1_DHA_17_2_197.jpg,104,DHA,,Female,17,,197,2.0
female/104/1_DHA_17_2_197.jpg,104,DHA,,Female,17,,197,2.0
female/104/1_DHA_17_2_197.jpg,104,DHA,,Female,17,,197,2.0
female/104/1_DHA_17_2_197.jpg,104,DHA,,Female,17,,197,2.0
female/104/1_DHA_17_2_197.jpg,104,DHA,,Female,17,,197,2.0
female/104/1_DHA_17_2_197.jpg,104,DHA,,Female,17,,197,2.0
female/104/1_DHA_17_2_197.jpg,104,DHA,,Female,17,,197,2.0
female/104/1_DHA_17_2_197.jpg,104,DHA,,Female,17,,197,2.0
female/104/1_DHA_17_2_197.jpg,104,DHA,,Female,17,,197,2.0
female/104/1_DHA_17_2_197.jpg,104,DHA,,Female,17,,197,2.0
female/104/1_DHA_17_2_197.jpg,104,DHA,,Female,17,,197,2.0
female/104/1_DHA_17_2_197.jpg,104,DHA,,Female,17,,197,2.0
female/104/1_DHA_17_2_197.jpg,104,DHA,,Female,17,,197,2.0
female/104/1_DHA_17_2_197.jpg,104,DHA,,Female,17,,197,2.0
female/104/1_DHA_17_2_197.jpg,104,DHA,,Female,17,,197,2.0
female/104/1_DHA_17_2_197.jpg,104,DHA,,Female,17,,197,2.0
female/104/1_DHA_17_2_197.jpg,104,DHA,,Female,17,,197,2.0
female/104/1_DHA_17_2_197.jpg,104,DHA,,Female,17,,197,2.0
female/104/1_DHA_17_2_197.jpg,104,DHA,,Female,17,,197,2.0
female/104/1_DHA_17_2_197.jpg,104,DHA,,Female,17,,197,2.0
female/104/1_DHA_17_2_197.jpg,104,DHA,,Female,17,,197,2.0
female/104/1_DHA_17_2_197.jpg,104,DHA,,Female,17,,197,2.0
female/104/1_DHA_17_2_197.jpg,104,DHA,,Female,17,,197,2.0
female/104/1_DHA_17_2_197.jpg,104,DHA,,Female,17,,197,2.0
female/104/1_DHA_17_2_197.jpg,104,DHA,,Female,17,,197,2.0
female/104/1_DHA_17_2_197.jpg,104,DHA,,Female,17,,197,2.0
female/104/1_DHA_17_2_197.jpg,104,DHA,,Female,17,,197,2.0
female/104/1_DHA_17_2_197.jpg,104,DHA,,Female,17,,197,2.0
female/104/1_DHA_17_2_197.jpg,104,DHA,,Female,17,,197,2.0
female/104/1_DHA_17_2_197.jpg,104,DHA,,Female,17,,197,2.0
female/104/1_DHA_17_2_197.jpg,104,DHA,,Female,17,,197,2.0
female/104/1_DHA_17_2_197.jpg,104,DHA,,Female,17,,197,2.0
female/104/1_DHA_17_2_197.jpg,104,DHA,,Female,17,,197,2.0
female/104/1_DHA_17_2_197.jpg,104,DHA,,Female,17,,197,2.0
female/104/1_DHA_17_2_197.jpg,104,DHA,,Female,17,,197,2.0
female/104/1_DHA_17_2_197.jpg,104,DHA,,Female,17,,197,2.0
female/104/1_DHA_17_2_197.jpg,104,DHA,,Female,17,,197,2.0
female/104/1_DHA_17_2_197.jpg,104,DHA,,Female,17,,197,2.0
female/104/1_DHA_17_2_197.jpg,104,DHA,,Female,17,,197,2.0
female/104/1_DHA_17_2_197.jpg,104,DHA,,Female,17,,197,2.0
female/104/1_DHA_17_2_197.jpg,104,DHA,,Female,17,,197,2.0
female/104/1_DHA_17_2_197.jpg,104,DHA,,Female,17,,197,2.0
female/104/1_DHA_17_2_197.jpg,104,DHA,,Female,17,,197,2.0
female/104/1_DHA_17_2_197.jpg,104,DHA,,Female,17,,197,2.0
female/104/1_DHA_17_2_197.jpg,104,DHA,,Female,17,,197,2.0
female/104/1_DHA_17_2_197.jpg,104,DHA,,Female,17,,197,2.0
female/104/1_DHA_17_2_197.jpg,104,DHA,,Female,17,,197,2.0
female/104/1_DHA_17_2_197.jpg,104,DHA,,Female,17,,197,2.0
female/104/1_DHA_17_2_197.jpg,104,DHA,,Female,17,,197,2.0
female/104/1_DHA_17_2_197.jpg,104,DHA,,Female,17,,197,2.0
female/104/1_DHA_17_2_197.jpg,104,DHA,,Female,17,,197,2.0
female/104/1_DHA_17_2_197.jpg,104,DHA,,Female,17,,197,2.0
female/104/1_DHA_17_2_197.jpg,104,DHA,,Female,17,,197,2.0
female/104/1_DHA_17_2_197.jpg,104,DHA,,Female,17,,197,2.0
female/104/1_DHA_17_2_197.jpg,104,DHA,,Female,17,,197,2.0
female/104/1_DHA_17_2_197.jpg,104,DHA,,Female,17,,197,2.0
female/104/1_DHA_17_2_197.jpg,104,DHA,,Female,17,,197,2.0
female/104/1_DHA_17_2_197.jpg,104,DHA,,Female,17,,197,2.0
female/104/1_DHA_17_2_197.jpg,104,DHA,,Female,17,,197,2.0
female/104/1_DHA_17_2_197.jpg,104,DHA,,Female,17,,197,2.0
female/104/1_DHA_17_2_197.jpg,104,DHA,,Female,17,,197,2.0
female/104/1_DHA_17_2_197.jpg,104,DHA,,Female,17,,197,2.0
female/104/1_DHA_17_2_197.jpg,104,DHA,,Female,17,,197,2.0
female/104/1_DHA_17_2_197.jpg,104,DHA,,Female,17,,197,2.0
female/104/1_DHA_17_2_197.jpg,104,DHA,,Female,17,,197,2.0
female/104/1_DHA_17_2_197.jpg,104,DHA,,Female,17,,197,2.0
female/104/1_DHA_17_2_197.jpg,104,DHA,,Female,17,,197,2.0
female/104/1_DHA_17_2_197.jpg,104,DHA,,Female,17,,197,2.0
female/104/1_DHA_17_2_197.jpg,104,DHA,,Female,17,,197,2.0
female/104/1_DHA_17_2_197.jpg,104,DHA,,Female,17,,197,2.0
female/104/1_DHA_17_2_197.jpg,104,DHA,,Female,17,,197,2.0
female/104/1_DHA_17_2_197.jpg,104,DHA,,Female,17,,197,2.0
female/104/1_DHA_17_2_197.jpg,104,DHA,,Female,17,,197,2.0
female/104/1_DHA_17_2_197.jpg,104,DHA,,Female,17,,197,2.0
female/104/1_DHA_17_2_197.jpg,104,DHA,,Female,17,,197,2.0
female/104/1_DHA_17_2_197.jpg,104,DHA,,Female,17,,197,2.0
female/104/1_DHA_17_2_197.jpg,104,DHA,,Female,17,,197,2.0
female/104/1_DHA_17_2_197.jpg,104,DHA,,Female,17,,197,2.0
female/104/1_DHA_17_2_197.jpg,104,DHA,,Female,17,,197,2.0
female/104/1_DHA_17_2_197.jpg,104,DHA,,Female,17,,197,2.0
female/104/1_DHA_17_2_197.jpg,104,DHA,,Female,17,,197,2.0
female/104/1_DHA_17_2_197.jpg,104,DHA,,Female,17,,197,2.0
female/104/1_DHA_17_2_197.jpg,104,DHA,,Female,17,,197,2.0
female/104/1_DHA_17_2_197.jpg,104,DHA,,Female,17,,197,2.0
female/104/1_DHA_17_2_197.jpg,104,DHA,,Female,17,,197,2.0
female/104/1_DHA_17_2_197.jpg,104,DHA,,Female,17,,197,2.0
female/104/1_DHA_17_2_197.jpg,104,DHA,,Female,17,,197,2.0
female/104/1_DHA_17_2_197.jpg,104,DHA,,Female,17,,197,2.0
female/104/1_DHA_17_2_197.jpg,104,DHA,,Female,17,,197,2.0
female/104/1_DHA_17_2_197.jpg,104,DHA,,Female,17,,197,2.0
female/104/1_DHA_17_2_197.jpg,104,DHA,,Female,17,,197,2.0
female/104/1_DHA_17_2_197.jpg,104,DHA,,Female,17,,197,2.0
female/104/1_DHA_17_2_197.jpg,104,DHA,,Female,17,,197,2.0
female/104/1_DHA_17_2_197.jpg,104,DHA,,Female,17,,197,2.0
female/104/1_DHA_17_2_197.jpg,104,DHA,,Female,17,,197,2.0
female/104/1_DHA_17_2_197.jpg,104,DHA,,Female,17,,197,2.0
female/104/1_DHA_17_2_197.jpg,104,DHA,,Female,17,,197,2.0
female/104/1_DHA_17_2_197.jpg,104,DHA,,Female,17,,197,2.0
female/104/1_DHA_17_2_197.jpg,104,DHA,,Female,17,,197,2.0
female/104/1_DHA_17_2_197.jpg,104,DHA,,Female,17,,197,2.0
female/104/1_DHA_17_2_197.jpg,104,DHA,,Female,17,,197,2.0
female/104/1_DHA_17_2_197.jpg,104,DHA,,Female,17,,197,2.0
female/104/1_DHA_17_2_197.jpg,104,DHA,,Female,17,,197,2.0
female/104/1_DHA_17_2_197.jpg,104,DHA,,Female,17,,197,2.0
female/104/1_DHA_17_2_197.jpg,104,DHA,,Female,17,,197,2.0
female/104/1_DHA_17_2_197.jpg,104,DHA,,Female,17,,197,2.0
female/104/1_DHA_17_2_197.jpg,104,DHA,,Female,17,,197,2.0
female/104/1_DHA_17_2_197.jpg,104,DHA,,Female,17,,197,2.0
female/104/1_DHA_17_2_197.jpg,104,DHA,,Female,17,,197,2.0
female/104/1_DHA_17_2_197.jpg,104,DHA,,Female,17,,197,2.0
female/104/1_DHA_17_2_197.jpg,104,DHA,,Female,17,,197,2.0
female/104/1_DHA_17_2_197.jpg,104,DHA,,Female,17,,197,2.0
female/104/1_DHA_17_2_197.jpg,104,DHA,,Female,17,,197,2.0
female/104/1_DHA_17_2_197.jpg,104,DHA,,Female,17,,197,2.0
female/104/1_DHA_17_2_197.jpg,104,DHA,,Female,17,,197,2.0
female/104/1_DHA_17_2_197.jpg,104,DHA,,Female,17,,197,2.0
female/104/1_DHA_17_2_197.jpg,104,DHA,,Female,17,,197,2.0
female/104/1_DHA_17_2_197.jpg,104,DHA,,Female,17,,197,2.0
female/104/1_DHA_17_2_197.jpg,104,DHA,,Female,17,,197,2.0
female/104/1_DHA_17_2_197.jpg,104,DHA,,Female,17,,197,2.0
female/104/1_DHA_17_2_197.jpg,104,DHA,,Female,17,,197,2.0
female/104/1_DHA_17_2_197.jpg,104,DHA,,Female,17,,197,2.0
female/104/1_DHA_17_2_197.jpg,104,DHA,,Female,17,,197,2.0
female/104/1_DHA_17_2_197.jpg,104,DHA,,Female,17,,197,2.0
female/104/1_DHA_17_2_197.jpg,104,DHA,,Female,17,,197,2.0
female/104/1_DHA_17_2_197.jpg,104,DHA,,Female,17,,197,2.0
female/104/1_DHA_17_2_197.jpg,104,DHA,,Female,17,,197,2.0
female/104/1_DHA_17_2_197.jpg,104,DHA,,Female,17,,197,2.0
female/104/1_DHA_17_2_197.jpg,104,DHA,,Female,17,,197,2.0
female/104/1_DHA_17_2_197.jpg,104,DHA,,Female,17,,197,2.0
female/104/1_DHA_17_2_197.jpg,104,DHA,,Female,17,,197,2.0
female/104/1_DHA_17_2_197.jpg,104,DHA,,Female,17,,197,2.0
female/104/1_DHA_17_2_197.jpg,104,DHA,,Female,17,,197,2.0
female/104/1_DHA_17_2_197.jpg,104,DHA,,Female,17,,197,2.0
female/104/1_DHA_17_2_197.jpg,104,DHA,,Female,17,,197,2.0
female/104/1_DHA_17_2_197.jpg,104,DHA,,Female,17,,197,2.0
female/104/1_DHA_17_2_197.jpg,104,DHA,,Female,17,,197,2.0
female/104/1_DHA_17_2_197.jpg,104,DHA,,Female,17,,197,2.0
female/104/1_DHA_17_2_197.jpg,104,DHA,,Female,17,,197,2.0
female/104/1_DHA_17_2_197.jpg,104,DHA,,Female,17,,197,2.0
female/104/1_DHA_17_2_197.jpg,104,DHA,,Female,17,,197,2.0
female/104/1_DHA_17_2_197.jpg,104,DHA,,Female,17,,197,2.0
female/104/1_DHA_17_2_197.jpg,104,DHA,,Female,17,,197,2.0
female/104/1_DHA_17_2_197.jpg,104,DHA,,Female,17,,197,2.0
female/104/1_DHA_17_2_197.jpg,104,DHA,,Female,17,,197,2.0
female/104/1_DHA_17_2_197.jpg,104,DHA,,Female,17,,197,2.0
female/104/1_DHA_17_2_197.jpg,104,DHA,,Female,17,,197,2.0
female/104/1_DHA_17_2_197.jpg,104,DHA,,Female,17,,197,2.0
female/104/1_DHA_17_2_197.jpg,104,DHA,,Female,17,,197,2.0
female/104/1_DHA_17_2_197.jpg,104,DHA,,Female,17,,197,2.0
female/104/1_DHA_17_2_197.jpg,104,DHA,,Female,17,,197,2.0
female/104/1_DHA_17_2_197.jpg,104,DHA,,Female,17,,197,2.0
female/104/1_DHA_17_2_197.jpg,104,DHA,,Female,17,,197,2.0
female/104/1_DHA_17_2_197.jpg,104,DHA,,Female,17,,197,2.0
female/104/1_DHA_17_2_197.jpg,104,DHA,,Female,17,,197,2.0
female/104/1_DHA_17_2_197.jpg,104,DHA,,Female,17,,197,2.0
female/104/1_DHA_17_2_197.jpg,104,DHA,,Female,17,,197,2.0
female/104/1_DHA_17_2_197.jpg,104,DHA,,Female,17,,197,2.0
female/104/1_DHA_17_2_197.jpg,104,DHA,,Female,17,,197,2.0
female/104/1_DHA_17_2_197.jpg,104,DHA,,Female,17,,197,2.0
female/104/1_DHA_17_2_197.jpg,104,DHA,,Female,17,,197,2.0
female/104/1_DHA_17_2_197.jpg,104,DHA,,Female,17,,197,2.0
female/104/1_DHA_17_2_197.jpg,104,DHA,,Female,17,,197,2.0
female/104/1_DHA_17_2_197.jpg,104,DHA,,Female,17,,197,2.0
female/104/1_DHA_17_2_197.jpg,104,DHA,,Female,17,,197,2.0
female/104/1_DHA_17_2_197.jpg,104,DHA,,Female,17,,197,2.0
female/104/1_DHA_17_2_197.jpg,104,DHA,,Female,17,,197,2.0
female/104/1_DHA_17_2_197.jpg,104,DHA,,Female,17,,197,2.0
female/104/1_DHA_17_2_197.jpg,104,DHA,,Female,17,,197,2.0
female/104/1_DHA_17_2_197.jpg,104,DHA,,Female,17,,197,2.0
female/104/1_DHA_17_2_197.jpg,104,DHA,,Female,17,,197,2.0
female/104/1_DHA_17_2_197.jpg,104,DHA,,Female,17,,197,2.0
female/104/1_DHA_17_2_197.jpg,104,DHA,,Female,17,,197,2.0
female/104/1_DHA_17_2_197.jpg,104,DHA,,Female,17,,197,2.0
female/104/1_DHA_17_2_197.jpg,104,DHA,,Female,17,,197,2.0
female/104/1_DHA_17_2_197.jpg,104,DHA,,Female,17,,197,2.0
female/104/1_DHA_17_2_197.jpg,104,DHA,,Female,17,,197,2.0
female/104/1_DHA_17_2_197.jpg,104,DHA,,Female,17,,197,2.0
female/104/1_DHA_17_2_197.jpg,104,DHA,,Female,17,,197,2.0
female/104/1_DHA_17_2_197.jpg,104,DHA,,Female,17,,197,2.0
female/104/1_DHA_17_2_197.jpg,104,DHA,,Female,17,,197,2.0
female/104/1_DHA_17_2_197.jpg,104,DHA,,Female,17,,197,2.0
female/104/1_DHA_17_2_197.jpg,104,DHA,,Female,17,,197,2.0
female/104/1_DHA_17_2_197.jpg,104,DHA,,Female,17,,197,2.0
female/104/1_DHA_17_2_197.jpg,104,DHA,,Female,17,,197,2.0
female/104/1_DHA_17_2_197.jpg,104,DHA,,Female,17,,197,2.0
female/104/1_DHA_17_2_197.jpg,104,DHA,,Female,17,,197,2.0
female/104/1_DHA_17_2_197.jpg,104,DHA,,Female,17,,197,2.0
female/104/1_DHA_17_2_197.jpg,104,DHA,,Female,17,,197,2.0
female/104/1_DHA_17_2_197.jpg,104,DHA,,Female,17,,197,2.0
female/104/1_DHA_17_2_197.jpg,104,DHA,,Female,17,,197,2.0
female/104/1_DHA_17_2_197.jpg,104,DHA,,Female,17,,197,2.0
female/104/1_DHA_17_2_197.jpg,104,DHA,,Female,17,,197,2.0
female/104/1_DHA_17_2_197.jpg,104,DHA,,Female,17,,197,2.0
female/104/1_DHA_17_2_197.jpg,104,DHA,,Female,17,,197,2.0
female/104/1_DHA_17_2_197.jpg,104,DHA,,Female,17,,197,2.0
female/104/1_DHA_17_2_197.jpg,104,DHA,,Female,17,,197,2.0
female/104/1_DHA_17_2_197.jpg,104,DHA,,Female,17,,197,2.0
female/104/1_DHA_17_2_197.jpg,104,DHA,,Female,17,,197,2.0
female/104/1_DHA_17_2_197.jpg,104,DHA,,Female,17,,197,2.0
female/104/1_DHA_17_2_197.jpg,104,DHA,,Female,17,,197,2.0
female/104/1_DHA_17_2_197.jpg,104,DHA,,Female,17,,197,2.0
female/104/1_DHA_17_2_197.jpg,104,DHA,,Female,17,,197,2.0
female/104/1_DHA_17_2_197.jpg,104,DHA,,Female,17,,197,2.0
female/104/1_DHA_17_2_197.jpg,104,DHA,,Female,17,,197,2.0
female/104/1_DHA_17_2_197.jpg,104,DHA,,Female,17,,197,2.0
female/104/1_DHA_17_2_197.jpg,104,DHA,,Female,17,,197,2.0
female/104/1_DHA_17_2_197.jpg,104,DHA,,Female,17,,197,2.0
female/104/1_DHA_17_2_197.jpg,104,DHA,,Female,17,,197,2.0
female/104/1_DHA_17_2_197.jpg,104,DHA,,Female,17,,197,2.0
female/104/1_DHA_17_2_197.jpg,104,DHA,,Female,17,,197,2.0
female/104/1_DHA_17_2_197.jpg,104,DHA,,Female,17,,197,2.0
female/104/1_DHA_17_2_197.jpg,104,DHA,,Female,17,,197,2.0
female/104/1_DHA_17_2_197.jpg,104,DHA,,Female,17,,197,2.0
female/104/1_DHA_17_2_197.jpg,104,DHA,,Female,17,,197,2.0
female/104/1_DHA_17_2_197.jpg,104,DHA,,Female,17,,197,2.0
female/104/1_DHA_17_2_197.jpg,104,DHA,,Female,17,,197,2.0
female/104/1_DHA_17_2_197.jpg,104,DHA,,Female,17,,197,2.0
female/104/1_DHA_17_2_197.jpg,104,DHA,,Female,17,,197,2.0
female/104/1_DHA_17_2_197.jpg,104,DHA,,Female,17,,197,2.0
female/104/1_DHA_17_2_197.jpg,104,DHA,,Female,17,,197,2.0
female/104/1_DHA_17_2_197.jpg,104,DHA,,Female,17,,197,2.0
female/104/1_DHA_17_2_197.jpg,104,DHA,,Female,17,,197,2.0
female/104/1_DHA_17_2_197.jpg,104,DHA,,Female,17,,197,2.0
female/104/1_DHA_17_2_197.jpg,104,DHA,,Female,17,,197,2.0
female/104/1_DHA_17_2_197.jpg,104,DHA,,Female,17,,197,2.0
female/104/1_DHA_17_2_197.jpg,104,DHA,,Female,17,,197,2.0
female/104/1_DHA_17_2_197.jpg,104,DHA,,Female,17,,197,2.0
female/104/1_DHA_17_2_197.jpg,104,DHA,,Female,17,,197,2.0
female/104/1_DHA_17_2_197.jpg,104,DHA,,Female,17,,197,2.0
female/104/1_DHA_17_2_197.jpg,104,DHA,,Female,17,,197,2.0
female/104/1_DHA_17_2_197.jpg,104,DHA,,Female,17,,197,2.0
female/104/1_DHA_17_2_197.jpg,104,DHA,,Female,17,,197,2.0
female/104/1_DHA_17_2_197.jpg,104,DHA,,Female,17,,197,2.0
female/104/1_DHA_17_2_197.jpg,104,DHA,,Female,17,,197,2.0
female/104/1_DHA_17_2_197.jpg,104,DHA,,Female,17,,197,2.0
female/104/1_DHA_17_2_197.jpg,104,DHA,,Female,17,,197,2.0
female/104/1_DHA_17_2_197.jpg,104,DHA,,Female,17,,197,2.0
female/104/1_DHA_17_2_197.jpg,104,DHA,,Female,17,,197,2.0
female/104/1_DHA_17_2_197.jpg,104,DHA,,Female,17,,197,2.0
female/104/1_DHA_17_2_197.jpg,104,DHA,,Female,17,,197,2.0
female/104/1_DHA_17_2_197.jpg,104,DHA,,Female,17,,197,2.0
female/104/1_DHA_17_2_197.jpg,104,DHA,,Female,17,,197,2.0
female/104/1_DHA_17_2_197.jpg,104,DHA,,Female,17,,197,2.0
female/104/1_DHA_17_2_197.jpg,104,DHA,,Female,17,,197,2.0
female/104/1_DHA_17_2_197.jpg,104,DHA,,Female,17,,197,2.0
female/104/1_DHA_17_2_197.jpg,104,DHA,,Female,17,,197,2.0
female/104/1_DHA_17_2_197.jpg,104,DHA,,Female,17,,197,2.0
female/104/1_DHA_17_2_197.jpg,104,DHA,,Female,17,,197,2.0
female/104/1_DHA_17_2_197.jpg,104,DHA,,Female,17,,197,2.0
female/104/1_DHA_17_2_197.jpg,104,DHA,,Female,17,,197,2.0
female/104/1_DHA_17_2_197.jpg,104,DHA,,Female,17,,197,2.0
female/104/1_DHA_17_2_197.jpg,104,DHA,,Female,17,,197,2.0
female/105/1_BAR_17_2_169.jpg,105,BAR,,Female,17,,169,2.0
female/105/1_BAR_17_2_169.jpg,105,BAR,,Female,17,,169,2.0
female/105/1_BAR_17_2_169.jpg,105,BAR,,Female,17,,169,2.0
female/105/1_BAR_17_2_169.jpg,105,BAR,,Female,17,,169,2.0
female/105/1_BAR_17_2_169.jpg,105,BAR,,Female,17,,169,2.0
female/105/1_BAR_17_2_169.jpg,105,BAR,,Female,17,,169,2.0
female/105/1_BAR_17_2_169.jpg,105,BAR,,Female,17,,169,2.0
female/105/1_BAR_17_2_169.jpg,105,BAR,,Female,17,,169,2.0
female/105/1_BAR_17_2_169.jpg,105,BAR,,Female,17,,169,2.0
female/105/1_BAR_17_2_169.jpg,105,BAR,,Female,17,,169,2.0
female/105/1_BAR_17_2_169.jpg,105,BAR,,Female,17,,169,2.0
female/105/1_BAR_17_2_169.jpg,105,BAR,,Female,17,,169,2.0
female/105/1_BAR_17_2_169.jpg,105,BAR,,Female,17,,169,2.0
female/105/1_BAR_17_2_169.jpg,105,BAR,,Female,17,,169,2.0
female/105/1_BAR_17_2_169.jpg,105,BAR,,Female,17,,169,2.0
female/105/1_BAR_17_2_169.jpg,105,BAR,,Female,17,,169,2.0
female/105/1_BAR_17_2_169.jpg,105,BAR,,Female,17,,169,2.0
female/105/1_BAR_17_2_169.jpg,105,BAR,,Female,17,,169,2.0
female/105/1_BAR_17_2_169.jpg,105,BAR,,Female,17,,169,2.0
female/105/1_BAR_17_2_169.jpg,105,BAR,,Female,17,,169,2.0
female/105/1_BAR_17_2_169.jpg,105,BAR,,Female,17,,169,2.0
female/105/1_BAR_17_2_169.jpg,105,BAR,,Female,17,,169,2.0
female/105/1_BAR_17_2_169.jpg,105,BAR,,Female,17,,169,2.0
female/105/1_BAR_17_2_169.jpg,105,BAR,,Female,17,,169,2.0
female/105/1_BAR_17_2_169.jpg,105,BAR,,Female,17,,169,2.0
female/105/1_BAR_17_2_169.jpg,105,BAR,,Female,17,,169,2.0
female/105/1_BAR_17_2_169.jpg,105,BAR,,Female,17,,169,2.0
female/105/1_BAR_17_2_169.jpg,105,BAR,,Female,17,,169,2.0
female/105/1_BAR_17_2_169.jpg,105,BAR,,Female,17,,169,2.0
female/105/1_BAR_17_2_169.jpg,105,BAR,,Female,17,,169,2.0
female/105/1_BAR_17_2_169.jpg,105,BAR,,Female,17,,169,2.0
female/105/1_BAR_17_2_169.jpg,105,BAR,,Female,17,,169,2.0
female/105/1_BAR_17_2_169.jpg,105,BAR,,Female,17,,169,2.0
female/105/1_BAR_17_2_169.jpg,105,BAR,,Female,17,,169,2.0
female/105/1_BAR_17_2_169.jpg,105,BAR,,Female,17,,169,2.0
female/105/1_BAR_17_2_169.jpg,105,BAR,,Female,17,,169,2.0
female/105/1_BAR_17_2_169.jpg,105,BAR,,Female,17,,169,2.0
female/105/1_BAR_17_2_169.jpg,105,BAR,,Female,17,,169,2.0
female/105/1_BAR_17_2_169.jpg,105,BAR,,Female,17,,169,2.0
female/105/1_BAR_17_2_169.jpg,105,BAR,,Female,17,,169,2.0
female/105/1_BAR_17_2_169.jpg,105,BAR,,Female,17,,169,2.0
female/105/1_BAR_17_2_169.jpg,105,BAR,,Female,17,,169,2.0
female/105/1_BAR_17_2_169.jpg,105,BAR,,Female,17,,169,2.0
female/105/1_BAR_17_2_169.jpg,105,BAR,,Female,17,,169,2.0
female/105/1_BAR_17_2_169.jpg,105,BAR,,Female,17,,169,2.0
female/105/1_BAR_17_2_169.jpg,105,BAR,,Female,17,,169,2.0
female/105/1_BAR_17_2_169.jpg,105,BAR,,Female,17,,169,2.0
female/105/1_BAR_17_2_169.jpg,105,BAR,,Female,17,,169,2.0
female/105/1_BAR_17_2_169.jpg,105,BAR,,Female,17,,169,2.0
female/105/1_BAR_17_2_169.jpg,105,BAR,,Female,17,,169,2.0
female/105/1_BAR_17_2_169.jpg,105,BAR,,Female,17,,169,2.0
female/105/1_BAR_17_2_169.jpg,105,BAR,,Female,17,,169,2.0
female/105/1_BAR_17_2_169.jpg,105,BAR,,Female,17,,169,2.0
female/105/1_BAR_17_2_169.jpg,105,BAR,,Female,17,,169,2.0
female/105/1_BAR_17_2_169.jpg,105,BAR,,Female,17,,169,2.0
female/105/1_BAR_17_2_169.jpg,105,BAR,,Female,17,,169,2.0
female/105/1_BAR_17_2_169.jpg,105,BAR,,Female,17,,169,2.0
female/105/1_BAR_17_2_169.jpg,105,BAR,,Female,17,,169,2.0
female/105/1_BAR_17_2_169.jpg,105,BAR,,Female,17,,169,2.0
female/105/1_BAR_17_2_169.jpg,105,BAR,,Female,17,,169,2.0
female/105/1_BAR_17_2_169.jpg,105,BAR,,Female,17,,169,2.0
female/105/1_BAR_17_2_169.jpg,105,BAR,,Female,17,,169,2.0
female/105/1_BAR_17_2_169.jpg,105,BAR,,Female,17,,169,2.0
female/105/1_BAR_17_2_169.jpg,105,BAR,,Female,17,,169,2.0
female/105/1_BAR_17_2_169.jpg,105,BAR,,Female,17,,169,2.0
female/105/1_BAR_17_2_169.jpg,105,BAR,,Female,17,,169,2.0
female/105/1_BAR_17_2_169.jpg,105,BAR,,Female,17,,169,2.0
female/105/1_BAR_17_2_169.jpg,105,BAR,,Female,17,,169,2.0
female/105/1_BAR_17_2_169.jpg,105,BAR,,Female,17,,169,2.0
female/105/1_BAR_17_2_169.jpg,105,BAR,,Female,17,,169,2.0
female/105/1_BAR_17_2_169.jpg,105,BAR,,Female,17,,169,2.0
female/105/1_BAR_17_2_169.jpg,105,BAR,,Female,17,,169,2.0
female/105/1_BAR_17_2_169.jpg,105,BAR,,Female,17,,169,2.0
female/105/1_BAR_17_2_169.jpg,105,BAR,,Female,17,,169,2.0
female/105/1_BAR_17_2_169.jpg,105,BAR,,Female,17,,169,2.0
female/105/1_BAR_17_2_169.jpg,105,BAR,,Female,17,,169,2.0
female/105/1_BAR_17_2_169.jpg,105,BAR,,Female,17,,169,2.0
female/105/1_BAR_17_2_169.jpg,105,BAR,,Female,17,,169,2.0
female/105/1_BAR_17_2_169.jpg,105,BAR,,Female,17,,169,2.0
female/105/1_BAR_17_2_169.jpg,105,BAR,,Female,17,,169,2.0
female/105/1_BAR_17_2_169.jpg,105,BAR,,Female,17,,169,2.0
female/105/1_BAR_17_2_169.jpg,105,BAR,,Female,17,,169,2.0
female/105/1_BAR_17_2_169.jpg,105,BAR,,Female,17,,169,2.0
female/105/1_BAR_17_2_169.jpg,105,BAR,,Female,17,,169,2.0
female/105/1_BAR_17_2_169.jpg,105,BAR,,Female,17,,169,2.0
female/105/1_BAR_17_2_169.jpg,105,BAR,,Female,17,,169,2.0
female/105/1_BAR_17_2_169.jpg,105,BAR,,Female,17,,169,2.0
female/105/1_BAR_17_2_169.jpg,105,BAR,,Female,17,,169,2.0
female/105/1_BAR_17_2_169.jpg,105,BAR,,Female,17,,169,2.0
female/105/1_BAR_17_2_169.jpg,105,BAR,,Female,17,,169,2.0
female/105/1_BAR_17_2_169.jpg,105,BAR,,Female,17,,169,2.0
female/105/1_BAR_17_2_169.jpg,105,BAR,,Female,17,,169,2.0
female/105/1_BAR_17_2_169.jpg,105,BAR,,Female,17,,169,2.0
female/105/1_BAR_17_2_169.jpg,105,BAR,,Female,17,,169,2.0
female/105/1_BAR_17_2_169.jpg,105,BAR,,Female,17,,169,2.0
female/105/1_BAR_17_2_169.jpg,105,BAR,,Female,17,,169,2.0
female/105/1_BAR_17_2_169.jpg,105,BAR,,Female,17,,169,2.0
female/105/1_BAR_17_2_169.jpg,105,BAR,,Female,17,,169,2.0
female/105/1_BAR_17_2_169.jpg,105,BAR,,Female,17,,169,2.0
female/105/1_BAR_17_2_169.jpg,105,BAR,,Female,17,,169,2.0
female/105/1_BAR_17_2_169.jpg,105,BAR,,Female,17,,169,2.0
female/105/1_BAR_17_2_169.jpg,105,BAR,,Female,17,,169,2.0
female/105/1_BAR_17_2_169.jpg,105,BAR,,Female,17,,169,2.0
female/105/1_BAR_17_2_169.jpg,105,BAR,,Female,17,,169,2.0
female/105/1_BAR_17_2_169.jpg,105,BAR,,Female,17,,169,2.0
female/105/1_BAR_17_2_169.jpg,105,BAR,,Female,17,,169,2.0
female/105/1_BAR_17_2_169.jpg,105,BAR,,Female,17,,169,2.0
female/105/1_BAR_17_2_169.jpg,105,BAR,,Female,17,,169,2.0
female/105/1_BAR_17_2_169.jpg,105,BAR,,Female,17,,169,2.0
female/105/1_BAR_17_2_169.jpg,105,BAR,,Female,17,,169,2.0
female/105/1_BAR_17_2_169.jpg,105,BAR,,Female,17,,169,2.0
female/105/1_BAR_17_2_169.jpg,105,BAR,,Female,17,,169,2.0
female/105/1_BAR_17_2_169.jpg,105,BAR,,Female,17,,169,2.0
female/105/1_BAR_17_2_169.jpg,105,BAR,,Female,17,,169,2.0
female/105/1_BAR_17_2_169.jpg,105,BAR,,Female,17,,169,2.0
female/105/1_BAR_17_2_169.jpg,105,BAR,,Female,17,,169,2.0
female/105/1_BAR_17_2_169.jpg,105,BAR,,Female,17,,169,2.0
female/105/1_BAR_17_2_169.jpg,105,BAR,,Female,17,,169,2.0
female/105/1_BAR_17_2_169.jpg,105,BAR,,Female,17,,169,2.0
female/105/1_BAR_17_2_169.jpg,105,BAR,,Female,17,,169,2.0
female/105/1_BAR_17_2_169.jpg,105,BAR,,Female,17,,169,2.0
female/105/1_BAR_17_2_169.jpg,105,BAR,,Female,17,,169,2.0
female/105/1_BAR_17_2_169.jpg,105,BAR,,Female,17,,169,2.0
female/105/1_BAR_17_2_169.jpg,105,BAR,,Female,17,,169,2.0
female/105/1_BAR_17_2_169.jpg,105,BAR,,Female,17,,169,2.0
female/105/1_BAR_17_2_169.jpg,105,BAR,,Female,17,,169,2.0
female/105/1_BAR_17_2_169.jpg,105,BAR,,Female,17,,169,2.0
female/105/1_BAR_17_2_169.jpg,105,BAR,,Female,17,,169,2.0
female/105/1_BAR_17_2_169.jpg,105,BAR,,Female,17,,169,2.0
female/105/1_BAR_17_2_169.jpg,105,BAR,,Female,17,,169,2.0
female/105/1_BAR_17_2_169.jpg,105,BAR,,Female,17,,169,2.0
female/105/1_BAR_17_2_169.jpg,105,BAR,,Female,17,,169,2.0
female/105/1_BAR_17_2_169.jpg,105,BAR,,Female,17,,169,2.0
female/105/1_BAR_17_2_169.jpg,105,BAR,,Female,17,,169,2.0
female/105/1_BAR_17_2_169.jpg,105,BAR,,Female,17,,169,2.0
female/105/1_BAR_17_2_169.jpg,105,BAR,,Female,17,,169,2.0
female/105/1_BAR_17_2_169.jpg,105,BAR,,Female,17,,169,2.0
female/105/1_BAR_17_2_169.jpg,105,BAR,,Female,17,,169,2.0
female/105/1_BAR_17_2_169.jpg,105,BAR,,Female,17,,169,2.0
female/105/1_BAR_17_2_169.jpg,105,BAR,,Female,17,,169,2.0
female/105/1_BAR_17_2_169.jpg,105,BAR,,Female,17,,169,2.0
female/105/1_BAR_17_2_169.jpg,105,BAR,,Female,17,,169,2.0
female/105/1_BAR_17_2_169.jpg,105,BAR,,Female,17,,169,2.0
female/105/1_BAR_17_2_169.jpg,105,BAR,,Female,17,,169,2.0
female/105/1_BAR_17_2_169.jpg,105,BAR,,Female,17,,169,2.0
female/105/1_BAR_17_2_169.jpg,105,BAR,,Female,17,,169,2.0
female/105/1_BAR_17_2_169.jpg,105,BAR,,Female,17,,169,2.0
female/105/1_BAR_17_2_169.jpg,105,BAR,,Female,17,,169,2.0
female/105/1_BAR_17_2_169.jpg,105,BAR,,Female,17,,169,2.0
female/105/1_BAR_17_2_169.jpg,105,BAR,,Female,17,,169,2.0
female/105/1_BAR_17_2_169.jpg,105,BAR,,Female,17,,169,2.0
female/105/1_BAR_17_2_169.jpg,105,BAR,,Female,17,,169,2.0
female/105/1_BAR_17_2_169.jpg,105,BAR,,Female,17,,169,2.0
female/105/1_BAR_17_2_169.jpg,105,BAR,,Female,17,,169,2.0
female/105/1_BAR_17_2_169.jpg,105,BAR,,Female,17,,169,2.0
female/105/1_BAR_17_2_169.jpg,105,BAR,,Female,17,,169,2.0
female/105/1_BAR_17_2_169.jpg,105,BAR,,Female,17,,169,2.0
female/105/1_BAR_17_2_169.jpg,105,BAR,,Female,17,,169,2.0
female/105/1_BAR_17_2_169.jpg,105,BAR,,Female,17,,169,2.0
female/105/1_BAR_17_2_169.jpg,105,BAR,,Female,17,,169,2.0
female/105/1_BAR_17_2_169.jpg,105,BAR,,Female,17,,169,2.0
female/105/1_BAR_17_2_169.jpg,105,BAR,,Female,17,,169,2.0
female/105/1_BAR_17_2_169.jpg,105,BAR,,Female,17,,169,2.0
female/105/1_BAR_17_2_169.jpg,105,BAR,,Female,17,,169,2.0
female/105/1_BAR_17_2_169.jpg,105,BAR,,Female,17,,169,2.0
female/105/1_BAR_17_2_169.jpg,105,BAR,,Female,17,,169,2.0
female/105/1_BAR_17_2_169.jpg,105,BAR,,Female,17,,169,2.0
female/105/1_BAR_17_2_169.jpg,105,BAR,,Female,17,,169,2.0
female/105/1_BAR_17_2_169.jpg,105,BAR,,Female,17,,169,2.0
female/105/1_BAR_17_2_169.jpg,105,BAR,,Female,17,,169,2.0
female/105/1_BAR_17_2_169.jpg,105,BAR,,Female,17,,169,2.0
female/105/1_BAR_17_2_169.jpg,105,BAR,,Female,17,,169,2.0
female/105/1_BAR_17_2_169.jpg,105,BAR,,Female,17,,169,2.0
female/105/1_BAR_17_2_169.jpg,105,BAR,,Female,17,,169,2.0
female/105/1_BAR_17_2_169.jpg,105,BAR,,Female,17,,169,2.0
female/105/1_BAR_17_2_169.jpg,105,BAR,,Female,17,,169,2.0
female/105/1_BAR_17_2_169.jpg,105,BAR,,Female,17,,169,2.0
female/105/1_BAR_17_2_169.jpg,105,BAR,,Female,17,,169,2.0
female/105/1_BAR_17_2_169.jpg,105,BAR,,Female,17,,169,2.0
female/105/1_BAR_17_2_169.jpg,105,BAR,,Female,17,,169,2.0
female/105/1_BAR_17_2_169.jpg,105,BAR,,Female,17,,169,2.0
female/105/1_BAR_17_2_169.jpg,105,BAR,,Female,17,,169,2.0
female/105/1_BAR_17_2_169.jpg,105,BAR,,Female,17,,169,2.0
female/105/1_BAR_17_2_169.jpg,105,BAR,,Female,17,,169,2.0
female/105/1_BAR_17_2_169.jpg,105,BAR,,Female,17,,169,2.0
female/105/1_BAR_17_2_169.jpg,105,BAR,,Female,17,,169,2.0
female/105/1_BAR_17_2_169.jpg,105,BAR,,Female,17,,169,2.0
female/105/1_BAR_17_2_169.jpg,105,BAR,,Female,17,,169,2.0
female/105/1_BAR_17_2_169.jpg,105,BAR,,Female,17,,169,2.0
female/105/1_BAR_17_2_169.jpg,105,BAR,,Female,17,,169,2.0
female/105/1_BAR_17_2_169.jpg,105,BAR,,Female,17,,169,2.0
female/105/1_BAR_17_2_169.jpg,105,BAR,,Female,17,,169,2.0
female/105/1_BAR_17_2_169.jpg,105,BAR,,Female,17,,169,2.0
female/105/1_BAR_17_2_169.jpg,105,BAR,,Female,17,,169,2.0
female/105/1_BAR_17_2_169.jpg,105,BAR,,Female,17,,169,2.0
female/105/1_BAR_17_2_169.jpg,105,BAR,,Female,17,,169,2.0
female/105/1_BAR_17_2_169.jpg,105,BAR,,Female,17,,169,2.0
female/105/1_BAR_17_2_169.jpg,105,BAR,,Female,17,,169,2.0
female/105/1_BAR_17_2_169.jpg,105,BAR,,Female,17,,169,2.0
female/105/1_BAR_17_2_169.jpg,105,BAR,,Female,17,,169,2.0
female/105/1_BAR_17_2_169.jpg,105,BAR,,Female,17,,169,2.0
female/105/1_BAR_17_2_169.jpg,105,BAR,,Female,17,,169,2.0
female/105/1_BAR_17_2_169.jpg,105,BAR,,Female,17,,169,2.0
female/105/1_BAR_17_2_169.jpg,105,BAR,,Female,17,,169,2.0
female/105/1_BAR_17_2_169.jpg,105,BAR,,Female,17,,169,2.0
female/105/1_BAR_17_2_169.jpg,105,BAR,,Female,17,,169,2.0
female/105/1_BAR_17_2_169.jpg,105,BAR,,Female,17,,169,2.0
female/105/1_BAR_17_2_169.jpg,105,BAR,,Female,17,,169,2.0
female/105/1_BAR_17_2_169.jpg,105,BAR,,Female,17,,169,2.0
female/105/1_BAR_17_2_169.jpg,105,BAR,,Female,17,,169,2.0
female/105/1_BAR_17_2_169.jpg,105,BAR,,Female,17,,169,2.0
female/105/1_BAR_17_2_169.jpg,105,BAR,,Female,17,,169,2.0
female/105/1_BAR_17_2_169.jpg,105,BAR,,Female,17,,169,2.0
female/105/1_BAR_17_2_169.jpg,105,BAR,,Female,17,,169,2.0
female/105/1_BAR_17_2_169.jpg,105,BAR,,Female,17,,169,2.0
female/105/1_BAR_17_2_169.jpg,105,BAR,,Female,17,,169,2.0
female/105/1_BAR_17_2_169.jpg,105,BAR,,Female,17,,169,2.0
female/105/1_BAR_17_2_169.jpg,105,BAR,,Female,17,,169,2.0
female/105/1_BAR_17_2_169.jpg,105,BAR,,Female,17,,169,2.0
female/105/1_BAR_17_2_169.jpg,105,BAR,,Female,17,,169,2.0
female/105/1_BAR_17_2_169.jpg,105,BAR,,Female,17,,169,2.0
female/105/1_BAR_17_2_169.jpg,105,BAR,,Female,17,,169,2.0
female/105/1_BAR_17_2_169.jpg,105,BAR,,Female,17,,169,2.0
female/105/1_BAR_17_2_169.jpg,105,BAR,,Female,17,,169,2.0
female/105/1_BAR_17_2_169.jpg,105,BAR,,Female,17,,169,2.0
female/105/1_BAR_17_2_169.jpg,105,BAR,,Female,17,,169,2.0
female/105/1_BAR_17_2_169.jpg,105,BAR,,Female,17,,169,2.0
female/105/1_BAR_17_2_169.jpg,105,BAR,,Female,17,,169,2.0
female/105/1_BAR_17_2_169.jpg,105,BAR,,Female,17,,169,2.0
female/105/1_BAR_17_2_169.jpg,105,BAR,,Female,17,,169,2.0
female/105/1_BAR_17_2_169.jpg,105,BAR,,Female,17,,169,2.0
female/105/1_BAR_17_2_169.jpg,105,BAR,,Female,17,,169,2.0
female/105/1_BAR_17_2_169.jpg,105,BAR,,Female,17,,169,2.0
female/105/1_BAR_17_2_169.jpg,105,BAR,,Female,17,,169,2.0
female/105/1_BAR_17_2_169.jpg,105,BAR,,Female,17,,169,2.0
female/105/1_BAR_17_2_169.jpg,105,BAR,,Female,17,,169,2.0
female/105/1_BAR_17_2_169.jpg,105,BAR,,Female,17,,169,2.0
female/105/1_BAR_17_2_169.jpg,105,BAR,,Female,17,,169,2.0
female/105/1_BAR_17_2_169.jpg,105,BAR,,Female,17,,169,2.0
female/105/1_BAR_17_2_169.jpg,105,BAR,,Female,17,,169,2.0
female/105/1_BAR_17_2_169.jpg,105,BAR,,Female,17,,169,2.0
female/105/1_BAR_17_2_169.jpg,105,BAR,,Female,17,,169,2.0
female/105/1_BAR_17_2_169.jpg,105,BAR,,Female,17,,169,2.0
female/105/1_BAR_17_2_169.jpg,105,BAR,,Female,17,,169,2.0
female/105/1_BAR_17_2_169.jpg,105,BAR,,Female,17,,169,2.0
female/105/1_BAR_17_2_169.jpg,105,BAR,,Female,17,,169,2.0
female/105/1_BAR_17_2_169.jpg,105,BAR,,Female,17,,169,2.0
female/105/1_BAR_17_2_169.jpg,105,BAR,,Female,17,,169,2.0
female/105/1_BAR_17_2_169.jpg,105,BAR,,Female,17,,169,2.0
female/105/1_BAR_17_2_169.jpg,105,BAR,,Female,17,,169,2.0
female/105/1_BAR_17_2_169.jpg,105,BAR,,Female,17,,169,2.0
female/105/1_BAR_17_2_169.jpg,105,BAR,,Female,17,,169,2.0
female/105/1_BAR_17_2_169.jpg,105,BAR,,Female,17,,169,2.0
female/105/1_BAR_17_2_169.jpg,105,BAR,,Female,17,,169,2.0
female/105/1_BAR_17_2_169.jpg,105,BAR,,Female,17,,169,2.0
female/105/1_BAR_17_2_169.jpg,105,BAR,,Female,17,,169,2.0
female/105/1_BAR_17_2_169.jpg,105,BAR,,Female,17,,169,2.0
female/105/1_BAR_17_2_169.jpg,105,BAR,,Female,17,,169,2.0
female/105/1_BAR_17_2_169.jpg,105,BAR,,Female,17,,169,2.0
female/105/1_BAR_17_2_169.jpg,105,BAR,,Female,17,,169,2.0
female/105/1_BAR_17_2_169.jpg,105,BAR,,Female,17,,169,2.0
female/105/1_BAR_17_2_169.jpg,105,BAR,,Female,17,,169,2.0
female/105/1_BAR_17_2_169.jpg,105,BAR,,Female,17,,169,2.0
female/105/1_BAR_17_2_169.jpg,105,BAR,,Female,17,,169,2.0
female/105/1_BAR_17_2_169.jpg,105,BAR,,Female,17,,169,2.0
female/105/1_BAR_17_2_169.jpg,105,BAR,,Female,17,,169,2.0
female/105/1_BAR_17_2_169.jpg,105,BAR,,Female,17,,169,2.0
female/105/1_BAR_17_2_169.jpg,105,BAR,,Female,17,,169,2.0
female/105/1_BAR_17_2_169.jpg,105,BAR,,Female,17,,169,2.0
female/105/1_BAR_17_2_169.jpg,105,BAR,,Female,17,,169,2.0
female/105/1_BAR_17_2_169.jpg,105,BAR,,Female,17,,169,2.0
female/105/1_BAR_17_2_169.jpg,105,BAR,,Female,17,,169,2.0
female/105/1_BAR_17_2_169.jpg,105,BAR,,Female,17,,169,2.0
female/105/1_BAR_17_2_169.jpg,105,BAR,,Female,17,,169,2.0
female/105/1_BAR_17_2_169.jpg,105,BAR,,Female,17,,169,2.0
female/105/1_BAR_17_2_169.jpg,105,BAR,,Female,17,,169,2.0
female/105/1_BAR_17_2_169.jpg,105,BAR,,Female,17,,169,2.0
female/105/1_BAR_17_2_169.jpg,105,BAR,,Female,17,,169,2.0
female/105/1_BAR_17_2_169.jpg,105,BAR,,Female,17,,169,2.0
female/105/1_BAR_17_2_169.jpg,105,BAR,,Female,17,,169,2.0
female/105/1_BAR_17_2_169.jpg,105,BAR,,Female,17,,169,2.0
female/105/1_BAR_17_2_169.jpg,105,BAR,,Female,17,,169,2.0
female/105/1_BAR_17_2_169.jpg,105,BAR,,Female,17,,169,2.0
female/105/1_BAR_17_2_169.jpg,105,BAR,,Female,17,,169,2.0
female/105/1_BAR_17_2_169.jpg,105,BAR,,Female,17,,169,2.0
female/105/1_BAR_17_2_169.jpg,105,BAR,,Female,17,,169,2.0
female/105/1_BAR_17_2_169.jpg,105,BAR,,Female,17,,169,2.0
female/105/1_BAR_17_2_169.jpg,105,BAR,,Female,17,,169,2.0
female/105/1_BAR_17_2_169.jpg,105,BAR,,Female,17,,169,2.0
female/105/1_BAR_17_2_169.jpg,105,BAR,,Female,17,,169,2.0
female/105/1_BAR_17_2_169.jpg,105,BAR,,Female,17,,169,2.0
female/105/1_BAR_17_2_169.jpg,105,BAR,,Female,17,,169,2.0
female/105/1_BAR_17_2_169.jpg,105,BAR,,Female,17,,169,2.0
female/105/1_BAR_17_2_169.jpg,105,BAR,,Female,17,,169,2.0
female/105/1_BAR_17_2_169.jpg,105,BAR,,Female,17,,169,2.0
female/105/1_BAR_17_2_169.jpg,105,BAR,,Female,17,,169,2.0
female/105/1_BAR_17_2_169.jpg,105,BAR,,Female,17,,169,2.0
female/105/1_BAR_17_2_169.jpg,105,BAR,,Female,17,,169,2.0
female/105/1_BAR_17_2_169.jpg,105,BAR,,Female,17,,169,2.0
female/105/1_BAR_17_2_169.jpg,105,BAR,,Female,17,,169,2.0
female/105/1_BAR_17_2_169.jpg,105,BAR,,Female,17,,169,2.0
female/105/1_BAR_17_2_169.jpg,105,BAR,,Female,17,,169,2.0
female/105/1_BAR_17_2_169.jpg,105,BAR,,Female,17,,169,2.0
female/105/1_BAR_17_2_169.jpg,105,BAR,,Female,17,,169,2.0
female/105/1_BAR_17_2_169.jpg,105,BAR,,Female,17,,169,2.0
female/105/1_BAR_17_2_169.jpg,105,BAR,,Female,17,,169,2.0
female/105/1_BAR_17_2_169.jpg,105,BAR,,Female,17,,169,2.0
female/105/1_BAR_17_2_169.jpg,105,BAR,,Female,17,,169,2.0
female/105/1_BAR_17_2_169.jpg,105,BAR,,Female,17,,169,2.0
female/105/1_BAR_17_2_169.jpg,105,BAR,,Female,17,,169,2.0
female/105/1_BAR_17_2_169.jpg,105,BAR,,Female,17,,169,2.0
female/105/1_BAR_17_2_169.jpg,105,BAR,,Female,17,,169,2.0
female/105/1_BAR_17_2_169.jpg,105,BAR,,Female,17,,169,2.0
female/105/1_BAR_17_2_169.jpg,105,BAR,,Female,17,,169,2.0
female/105/1_BAR_17_2_169.jpg,105,BAR,,Female,17,,169,2.0
female/105/1_BAR_17_2_169.jpg,105,BAR,,Female,17,,169,2.0
female/105/1_BAR_17_2_169.jpg,105,BAR,,Female,17,,169,2.0
female/105/1_BAR_17_2_169.jpg,105,BAR,,Female,17,,169,2.0
female/105/1_BAR_17_2_169.jpg,105,BAR,,Female,17,,169,2.0
female/105/1_BAR_17_2_169.jpg,105,BAR,,Female,17,,169,2.0
female/105/1_BAR_17_2_169.jpg,105,BAR,,Female,17,,169,2.0
female/105/1_BAR_17_2_169.jpg,105,BAR,,Female,17,,169,2.0
female/105/1_BAR_17_2_169.jpg,105,BAR,,Female,17,,169,2.0
female/105/1_BAR_17_2_169.jpg,105,BAR,,Female,17,,169,2.0
female/105/1_BAR_17_2_169.jpg,105,BAR,,Female,17,,169,2.0
female/105/1_BAR_17_2_169.jpg,105,BAR,,Female,17,,169,2.0
female/105/1_BAR_17_2_169.jpg,105,BAR,,Female,17,,169,2.0
female/105/1_BAR_17_2_169.jpg,105,BAR,,Female,17,,169,2.0
female/105/1_BAR_17_2_169.jpg,105,BAR,,Female,17,,169,2.0
female/105/1_BAR_17_2_169.jpg,105,BAR,,Female,17,,169,2.0
female/105/1_BAR_17_2_169.jpg,105,BAR,,Female,17,,169,2.0
female/105/1_BAR_17_2_169.jpg,105,BAR,,Female,17,,169,2.0
female/105/1_BAR_17_2_169.jpg,105,BAR,,Female,17,,169,2.0
female/105/1_BAR_17_2_169.jpg,105,BAR,,Female,17,,169,2.0
female/105/1_BAR_17_2_169.jpg,105,BAR,,Female,17,,169,2.0
female/105/1_BAR_17_2_169.jpg,105,BAR,,Female,17,,169,2.0
female/105/1_BAR_17_2_169.jpg,105,BAR,,Female,17,,169,2.0
female/105/1_BAR_17_2_169.jpg,105,BAR,,Female,17,,169,2.0
female/105/1_BAR_17_2_169.jpg,105,BAR,,Female,17,,169,2.0
female/105/1_BAR_17_2_169.jpg,105,BAR,,Female,17,,169,2.0
female/105/1_BAR_17_2_169.jpg,105,BAR,,Female,17,,169,2.0
female/105/1_BAR_17_2_169.jpg,105,BAR,,Female,17,,169,2.0
female/105/1_BAR_17_2_169.jpg,105,BAR,,Female,17,,169,2.0
female/105/1_BAR_17_2_169.jpg,105,BAR,,Female,17,,169,2.0
female/105/1_BAR_17_2_169.jpg,105,BAR,,Female,17,,169,2.0
female/105/1_BAR_17_2_169.jpg,105,BAR,,Female,17,,169,2.0
female/105/1_BAR_17_2_169.jpg,105,BAR,,Female,17,,169,2.0
female/105/1_BAR_17_2_169.jpg,105,BAR,,Female,17,,169,2.0
female/105/1_BAR_17_2_169.jpg,105,BAR,,Female,17,,169,2.0
female/105/1_BAR_17_2_169.jpg,105,BAR,,Female,17,,169,2.0
female/105/1_BAR_17_2_169.jpg,105,BAR,,Female,17,,169,2.0
female/105/1_BAR_17_2_169.jpg,105,BAR,,Female,17,,169,2.0
female/105/1_BAR_17_2_169.jpg,105,BAR,,Female,17,,169,2.0
female/105/1_BAR_17_2_169.jpg,105,BAR,,Female,17,,169,2.0
female/105/1_BAR_17_2_169.jpg,105,BAR,,Female,17,,169,2.0
female/105/1_BAR_17_2_169.jpg,105,BAR,,Female,17,,169,2.0
female/105/1_BAR_17_2_169.jpg,105,BAR,,Female,17,,169,2.0
female/105/1_BAR_17_2_169.jpg,105,BAR,,Female,17,,169,2.0
female/105/1_BAR_17_2_169.jpg,105,BAR,,Female,17,,169,2.0
female/105/1_BAR_17_2_169.jpg,105,BAR,,Female,17,,169,2.0
female/105/1_BAR_17_2_169.jpg,105,BAR,,Female,17,,169,2.0
female/105/1_BAR_17_2_169.jpg,105,BAR,,Female,17,,169,2.0
female/105/1_BAR_17_2_169.jpg,105,BAR,,Female,17,,169,2.0
female/105/1_BAR_17_2_169.jpg,105,BAR,,Female,17,,169,2.0
female/105/1_BAR_17_2_169.jpg,105,BAR,,Female,17,,169,2.0
female/105/1_BAR_17_2_169.jpg,105,BAR,,Female,17,,169,2.0
female/105/1_BAR_17_2_169.jpg,105,BAR,,Female,17,,169,2.0
female/105/1_BAR_17_2_169.jpg,105,BAR,,Female,17,,169,2.0
female/105/1_BAR_17_2_169.jpg,105,BAR,,Female,17,,169,2.0
female/105/1_BAR_17_2_169.jpg,105,BAR,,Female,17,,169,2.0
female/105/1_BAR_17_2_169.jpg,105,BAR,,Female,17,,169,2.0
female/105/1_BAR_17_2_169.jpg,105,BAR,,Female,17,,169,2.0
female/105/1_BAR_17_2_169.jpg,105,BAR,,Female,17,,169,2.0
female/105/1_BAR_17_2_169.jpg,105,BAR,,Female,17,,169,2.0
female/105/1_BAR_17_2_169.jpg,105,BAR,,Female,17,,169,2.0
female/105/1_BAR_17_2_169.jpg,105,BAR,,Female,17,,169,2.0
female/105/1_BAR_17_2_169.jpg,105,BAR,,Female,17,,169,2.0
female/105/1_BAR_17_2_169.jpg,105,BAR,,Female,17,,169,2.0
female/105/1_BAR_17_2_169.jpg,105,BAR,,Female,17,,169,2.0
female/105/1_BAR_17_2_169.jpg,105,BAR,,Female,17,,169,2.0
female/105/1_BAR_17_2_169.jpg,105,BAR,,Female,17,,169,2.0
female/105/1_BAR_17_2_169.jpg,105,BAR,,Female,17,,169,2.0
female/105/1_BAR_17_2_169.jpg,105,BAR,,Female,17,,169,2.0
female/105/1_BAR_17_2_169.jpg,105,BAR,,Female,17,,169,2.0
female/105/1_BAR_17_2_169.jpg,105,BAR,,Female,17,,169,2.0
female/105/1_BAR_17_2_169.jpg,105,BAR,,Female,17,,169,2.0
female/105/1_BAR_17_2_169.jpg,105,BAR,,Female,17,,169,2.0
female/105/1_BAR_17_2_169.jpg,105,BAR,,Female,17,,169,2.0
female/105/1_BAR_17_2_169.jpg,105,BAR,,Female,17,,169,2.0
female/105/1_BAR_17_2_169.jpg,105,BAR,,Female,17,,169,2.0
female/105/1_BAR_17_2_169.jpg,105,BAR,,Female,17,,169,2.0
female/105/1_BAR_17_2_169.jpg,105,BAR,,Female,17,,169,2.0
female/105/1_BAR_17_2_169.jpg,105,BAR,,Female,17,,169,2.0
female/105/1_BAR_17_2_169.jpg,105,BAR,,Female,17,,169,2.0
female/105/1_BAR_17_2_169.jpg,105,BAR,,Female,17,,169,2.0
female/105/1_BAR_17_2_169.jpg,105,BAR,,Female,17,,169,2.0
female/105/1_BAR_17_2_169.jpg,105,BAR,,Female,17,,169,2.0
female/105/1_BAR_17_2_169.jpg,105,BAR,,Female,17,,169,2.0
female/105/1_BAR_17_2_169.jpg,105,BAR,,Female,17,,169,2.0
female/105/1_BAR_17_2_169.jpg,105,BAR,,Female,17,,169,2.0
female/105/1_BAR_17_2_169.jpg,105,BAR,,Female,17,,169,2.0
female/105/1_BAR_17_2_169.jpg,105,BAR,,Female,17,,169,2.0
female/105/1_BAR_17_2_169.jpg,105,BAR,,Female,17,,169,2.0
female/105/1_BAR_17_2_169.jpg,105,BAR,,Female,17,,169,2.0
female/105/1_BAR_17_2_169.jpg,105,BAR,,Female,17,,169,2.0
female/105/1_BAR_17_2_169.jpg,105,BAR,,Female,17,,169,2.0
female/105/1_BAR_17_2_169.jpg,105,BAR,,Female,17,,169,2.0
female/105/1_BAR_17_2_169.jpg,105,BAR,,Female,17,,169,2.0
female/105/1_BAR_17_2_169.jpg,105,BAR,,Female,17,,169,2.0
female/105/1_BAR_17_2_169.jpg,105,BAR,,Female,17,,169,2.0
female/105/1_BAR_17_2_169.jpg,105,BAR,,Female,17,,169,2.0
female/105/1_BAR_17_2_169.jpg,105,BAR,,Female,17,,169,2.0
female/105/1_BAR_17_2_169.jpg,105,BAR,,Female,17,,169,2.0
female/105/1_BAR_17_2_169.jpg,105,BAR,,Female,17,,169,2.0
female/105/1_BAR_17_2_169.jpg,105,BAR,,Female,17,,169,2.0
female/105/1_BAR_17_2_169.jpg,105,BAR,,Female,17,,169,2.0
female/105/1_BAR_17_2_169.jpg,105,BAR,,Female,17,,169,2.0
female/105/1_BAR_17_2_169.jpg,105,BAR,,Female,17,,169,2.0
female/105/1_BAR_17_2_169.jpg,105,BAR,,Female,17,,169,2.0
female/105/1_BAR_17_2_169.jpg,105,BAR,,Female,17,,169,2.0
female/105/1_BAR_17_2_169.jpg,105,BAR,,Female,17,,169,2.0
female/105/1_BAR_17_2_169.jpg,105,BAR,,Female,17,,169,2.0
female/105/1_BAR_17_2_169.jpg,105,BAR,,Female,17,,169,2.0
female/105/1_BAR_17_2_169.jpg,105,BAR,,Female,17,,169,2.0
female/105/1_BAR_17_2_169.jpg,105,BAR,,Female,17,,169,2.0
female/105/1_BAR_17_2_169.jpg,105,BAR,,Female,17,,169,2.0
female/105/1_BAR_17_2_169.jpg,105,BAR,,Female,17,,169,2.0
female/105/1_BAR_17_2_169.jpg,105,BAR,,Female,17,,169,2.0
female/105/1_BAR_17_2_169.jpg,105,BAR,,Female,17,,169,2.0
female/105/1_BAR_17_2_169.jpg,105,BAR,,Female,17,,169,2.0
female/105/1_BAR_17_2_169.jpg,105,BAR,,Female,17,,169,2.0
female/105/1_BAR_17_2_169.jpg,105,BAR,,Female,17,,169,2.0
female/105/1_BAR_17_2_169.jpg,105,BAR,,Female,17,,169,2.0
female/105/1_BAR_17_2_169.jpg,105,BAR,,Female,17,,169,2.0
female/105/1_BAR_17_2_169.jpg,105,BAR,,Female,17,,169,2.0
female/105/1_BAR_17_2_169.jpg,105,BAR,,Female,17,,169,2.0
female/105/1_BAR_17_2_169.jpg,105,BAR,,Female,17,,169,2.0
female/105/1_BAR_17_2_169.jpg,105,BAR,,Female,17,,169,2.0
female/105/1_BAR_17_2_169.jpg,105,BAR,,Female,17,,169,2.0
female/105/1_BAR_17_2_169.jpg,105,BAR,,Female,17,,169,2.0
female/105/1_BAR_17_2_169.jpg,105,BAR,,Female,17,,169,2.0
female/105/1_BAR_17_2_169.jpg,105,BAR,,Female,17,,169,2.0
female/105/1_BAR_17_2_169.jpg,105,BAR,,Female,17,,169,2.0
female/105/1_BAR_17_2_169.jpg,105,BAR,,Female,17,,169,2.0
female/105/1_BAR_17_2_169.jpg,105,BAR,,Female,17,,169,2.0
female/105/1_BAR_17_2_169.jpg,105,BAR,,Female,17,,169,2.0
female/105/1_BAR_17_2_169.jpg,105,BAR,,Female,17,,169,2.0
female/105/1_BAR_17_2_169.jpg,105,BAR,,Female,17,,169,2.0
female/105/1_BAR_17_2_169.jpg,105,BAR,,Female,17,,169,2.0
female/105/1_BAR_17_2_169.jpg,105,BAR,,Female,17,,169,2.0
female/105/1_BAR_17_2_169.jpg,105,BAR,,Female,17,,169,2.0
female/105/1_BAR_17_2_169.jpg,105,BAR,,Female,17,,169,2.0
female/105/1_BAR_17_2_169.jpg,105,BAR,,Female,17,,169,2.0
female/105/1_BAR_17_2_169.jpg,105,BAR,,Female,17,,169,2.0
female/105/1_BAR_17_2_169.jpg,105,BAR,,Female,17,,169,2.0
female/105/1_BAR_17_2_169.jpg,105,BAR,,Female,17,,169,2.0
female/105/1_BAR_17_2_169.jpg,105,BAR,,Female,17,,169,2.0
female/105/1_BAR_17_2_169.jpg,105,BAR,,Female,17,,169,2.0
female/105/1_BAR_17_2_169.jpg,105,BAR,,Female,17,,169,2.0
female/105/1_BAR_17_2_169.jpg,105,BAR,,Female,17,,169,2.0
female/105/1_BAR_17_2_169.jpg,105,BAR,,Female,17,,169,2.0
female/105/1_BAR_17_2_169.jpg,105,BAR,,Female,17,,169,2.0
female/105/1_BAR_17_2_169.jpg,105,BAR,,Female,17,,169,2.0
female/105/1_BAR_17_2_169.jpg,105,BAR,,Female,17,,169,2.0
female/105/1_BAR_17_2_169.jpg,105,BAR,,Female,17,,169,2.0
female/105/1_BAR_17_2_169.jpg,105,BAR,,Female,17,,169,2.0
female/105/1_BAR_17_2_169.jpg,105,BAR,,Female,17,,169,2.0
female/105/1_BAR_17_2_169.jpg,105,BAR,,Female,17,,169,2.0
female/105/1_BAR_17_2_169.jpg,105,BAR,,Female,17,,169,2.0
female/105/1_BAR_17_2_169.jpg,105,BAR,,Female,17,,169,2.0
female/105/1_BAR_17_2_169.jpg,105,BAR,,Female,17,,169,2.0
female/105/1_BAR_17_2_169.jpg,105,BAR,,Female,17,,169,2.0
female/105/1_BAR_17_2_169.jpg,105,BAR,,Female,17,,169,2.0
female/105/1_BAR_17_2_169.jpg,105,BAR,,Female,17,,169,2.0
female/105/1_BAR_17_2_169.jpg,105,BAR,,Female,17,,169,2.0
female/105/1_BAR_17_2_169.jpg,105,BAR,,Female,17,,169,2.0
female/105/1_BAR_17_2_169.jpg,105,BAR,,Female,17,,169,2.0
female/105/1_BAR_17_2_169.jpg,105,BAR,,Female,17,,169,2.0
female/105/1_BAR_17_2_169.jpg,105,BAR,,Female,17,,169,2.0
female/105/1_BAR_17_2_169.jpg,105,BAR,,Female,17,,169,2.0
female/105/1_BAR_17_2_169.jpg,105,BAR,,Female,17,,169,2.0
female/105/1_BAR_17_2_169.jpg,105,BAR,,Female,17,,169,2.0
female/105/1_BAR_17_2_169.jpg,105,BAR,,Female,17,,169,2.0
female/105/1_BAR_17_2_169.jpg,105,BAR,,Female,17,,169,2.0
female/105/1_BAR_17_2_169.jpg,105,BAR,,Female,17,,169,2.0
female/105/1_BAR_17_2_169.jpg,105,BAR,,Female,17,,169,2.0
female/105/1_BAR_17_2_169.jpg,105,BAR,,Female,17,,169,2.0
female/105/1_BAR_17_2_169.jpg,105,BAR,,Female,17,,169,2.0
female/105/1_BAR_17_2_169.jpg,105,BAR,,Female,17,,169,2.0
female/105/1_BAR_17_2_169.jpg,105,BAR,,Female,17,,169,2.0
female/105/1_BAR_17_2_169.jpg,105,BAR,,Female,17,,169,2.0
female/105/1_BAR_17_2_169.jpg,105,BAR,,Female,17,,169,2.0
female/105/1_BAR_17_2_169.jpg,105,BAR,,Female,17,,169,2.0
female/105/1_BAR_17_2_169.jpg,105,BAR,,Female,17,,169,2.0
female/105/1_BAR_17_2_169.jpg,105,BAR,,Female,17,,169,2.0
female/105/1_BAR_17_2_169.jpg,105,BAR,,Female,17,,169,2.0
female/105/1_BAR_17_2_169.jpg,105,BAR,,Female,17,,169,2.0
female/105/1_BAR_17_2_169.jpg,105,BAR,,Female,17,,169,2.0
female/105/1_BAR_17_2_169.jpg,105,BAR,,Female,17,,169,2.0
female/105/1_BAR_17_2_169.jpg,105,BAR,,Female,17,,169,2.0
female/105/1_BAR_17_2_169.jpg,105,BAR,,Female,17,,169,2.0
female/105/1_BAR_17_2_169.jpg,105,BAR,,Female,17,,169,2.0
female/105/1_BAR_17_2_169.jpg,105,BAR,,Female,17,,169,2.0
female/105/1_BAR_17_2_169.jpg,105,BAR,,Female,17,,169,2.0
female/105/1_BAR_17_2_169.jpg,105,BAR,,Female,17,,169,2.0
female/105/1_BAR_17_2_169.jpg,105,BAR,,Female,17,,169,2.0
female/105/1_BAR_17_2_169.jpg,105,BAR,,Female,17,,169,2.0
female/105/1_BAR_17_2_169.jpg,105,BAR,,Female,17,,169,2.0
female/105/1_BAR_17_2_169.jpg,105,BAR,,Female,17,,169,2.0
female/105/1_BAR_17_2_169.jpg,105,BAR,,Female,17,,169,2.0
female/105/1_BAR_17_2_169.jpg,105,BAR,,Female,17,,169,2.0
female/105/1_BAR_17_2_169.jpg,105,BAR,,Female,17,,169,2.0
female/105/1_BAR_17_2_169.jpg,105,BAR,,Female,17,,169,2.0
female/105/1_BAR_17_2_169.jpg,105,BAR,,Female,17,,169,2.0
female/105/1_BAR_17_2_169.jpg,105,BAR,,Female,17,,169,2.0
female/105/1_BAR_17_2_169.jpg,105,BAR,,Female,17,,169,2.0
female/105/1_BAR_17_2_169.jpg,105,BAR,,Female,17,,169,2.0
female/105/1_BAR_17_2_169.jpg,105,BAR,,Female,17,,169,2.0
female/105/1_BAR_17_2_169.jpg,105,BAR,,Female,17,,169,2.0
female/105/1_BAR_17_2_169.jpg,105,BAR,,Female,17,,169,2.0
female/105/1_BAR_17_2_169.jpg,105,BAR,,Female,17,,169,2.0
female/105/1_BAR_17_2_169.jpg,105,BAR,,Female,17,,169,2.0
female/105/1_BAR_17_2_169.jpg,105,BAR,,Female,17,,169,2.0
female/105/1_BAR_17_2_169.jpg,105,BAR,,Female,17,,169,2.0
female/105/1_BAR_17_2_169.jpg,105,BAR,,Female,17,,169,2.0
female/105/1_BAR_17_2_169.jpg,105,BAR,,Female,17,,169,2.0
female/105/1_BAR_17_2_169.jpg,105,BAR,,Female,17,,169,2.0
female/105/1_BAR_17_2_169.jpg,105,BAR,,Female,17,,169,2.0
female/105/1_BAR_17_2_169.jpg,105,BAR,,Female,17,,169,2.0
female/105/1_BAR_17_2_169.jpg,105,BAR,,Female,17,,169,2.0
female/105/1_BAR_17_2_169.jpg,105,BAR,,Female,17,,169,2.0
female/105/1_BAR_17_2_169.jpg,105,BAR,,Female,17,,169,2.0
female/105/1_BAR_17_2_169.jpg,105,BAR,,Female,17,,169,2.0
female/105/1_BAR_17_2_169.jpg,105,BAR,,Female,17,,169,2.0
female/105/1_BAR_17_2_169.jpg,105,BAR,,Female,17,,169,2.0
female/105/1_BAR_17_2_169.jpg,105,BAR,,Female,17,,169,2.0
female/105/1_BAR_17_2_169.jpg,105,BAR,,Female,17,,169,2.0
female/105/1_BAR_17_2_169.jpg,105,BAR,,Female,17,,169,2.0
female/105/1_BAR_17_2_169.jpg,105,BAR,,Female,17,,169,2.0
female/105/1_BAR_17_2_169.jpg,105,BAR,,Female,17,,169,2.0
female/105/1_BAR_17_2_169.jpg,105,BAR,,Female,17,,169,2.0
female/105/1_BAR_17_2_169.jpg,105,BAR,,Female,17,,169,2.0
female/105/1_BAR_17_2_169.jpg,105,BAR,,Female,17,,169,2.0
female/105/1_BAR_17_2_169.jpg,105,BAR,,Female,17,,169,2.0
female/105/1_BAR_17_2_169.jpg,105,BAR,,Female,17,,169,2.0
female/105/1_BAR_17_2_169.jpg,105,BAR,,Female,17,,169,2.0
female/105/1_BAR_17_2_169.jpg,105,BAR,,Female,17,,169,2.0
female/105/1_BAR_17_2_169.jpg,105,BAR,,Female,17,,169,2.0
female/105/1_BAR_17_2_169.jpg,105,BAR,,Female,17,,169,2.0
female/105/1_BAR_17_2_169.jpg,105,BAR,,Female,17,,169,2.0
female/105/1_BAR_17_2_169.jpg,105,BAR,,Female,17,,169,2.0
female/105/1_BAR_17_2_169.jpg,105,BAR,,Female,17,,169,2.0
female/105/1_BAR_17_2_169.jpg,105,BAR,,Female,17,,169,2.0
female/105/1_BAR_17_2_169.jpg,105,BAR,,Female,17,,169,2.0
female/105/1_BAR_17_2_169.jpg,105,BAR,,Female,17,,169,2.0
female/105/1_BAR_17_2_169.jpg,105,BAR,,Female,17,,169,2.0
female/105/1_BAR_17_2_169.jpg,105,BAR,,Female,17,,169,2.0
female/105/1_BAR_17_2_169.jpg,105,BAR,,Female,17,,169,2.0
female/105/1_BAR_17_2_169.jpg,105,BAR,,Female,17,,169,2.0
female/105/1_BAR_17_2_169.jpg,105,BAR,,Female,17,,169,2.0
female/105/1_BAR_17_2_169.jpg,105,BAR,,Female,17,,169,2.0
female/105/1_BAR_17_2_169.jpg,105,BAR,,Female,17,,169,2.0
female/105/1_BAR_17_2_169.jpg,105,BAR,,Female,17,,169,2.0
female/105/1_BAR_17_2_169.jpg,105,BAR,,Female,17,,169,2.0
female/105/1_BAR_17_2_169.jpg,105,BAR,,Female,17,,169,2.0
female/105/1_BAR_17_2_169.jpg,105,BAR,,Female,17,,169,2.0
female/105/1_BAR_17_2_169.jpg,105,BAR,,Female,17,,169,2.0
female/105/1_BAR_17_2_169.jpg,105,BAR,,Female,17,,169,2.0
female/105/1_BAR_17_2_169.jpg,105,BAR,,Female,17,,169,2.0
female/105/1_BAR_17_2_169.jpg,105,BAR,,Female,17,,169,2.0
female/105/1_BAR_17_2_169.jpg,105,BAR,,Female,17,,169,2.0
female/105/1_BAR_17_2_169.jpg,105,BAR,,Female,17,,169,2.0
female/105/1_BAR_17_2_169.jpg,105,BAR,,Female,17,,169,2.0
female/105/1_BAR_17_2_169.jpg,105,BAR,,Female,17,,169,2.0
female/105/1_BAR_17_2_169.jpg,105,BAR,,Female,17,,169,2.0
female/105/1_BAR_17_2_169.jpg,105,BAR,,Female,17,,169,2.0
female/105/1_BAR_17_2_169.jpg,105,BAR,,Female,17,,169,2.0
female/105/1_BAR_17_2_169.jpg,105,BAR,,Female,17,,169,2.0
female/105/1_BAR_17_2_169.jpg,105,BAR,,Female,17,,169,2.0
female/105/1_BAR_17_2_169.jpg,105,BAR,,Female,17,,169,2.0
female/105/1_BAR_17_2_169.jpg,105,BAR,,Female,17,,169,2.0
female/105/1_BAR_17_2_169.jpg,105,BAR,,Female,17,,169,2.0
female/105/1_BAR_17_2_169.jpg,105,BAR,,Female,17,,169,2.0
female/105/1_BAR_17_2_169.jpg,105,BAR,,Female,17,,169,2.0
female/105/1_BAR_17_2_169.jpg,105,BAR,,Female,17,,169,2.0
female/105/1_BAR_17_2_169.jpg,105,BAR,,Female,17,,169,2.0
female/105/1_BAR_17_2_169.jpg,105,BAR,,Female,17,,169,2.0
female/105/1_BAR_17_2_169.jpg,105,BAR,,Female,17,,169,2.0
female/105/1_BAR_17_2_169.jpg,105,BAR,,Female,17,,169,2.0
female/105/1_BAR_17_2_169.jpg,105,BAR,,Female,17,,169,2.0
female/105/1_BAR_17_2_169.jpg,105,BAR,,Female,17,,169,2.0
female/105/1_BAR_17_2_169.jpg,105,BAR,,Female,17,,169,2.0
female/105/1_BAR_17_2_169.jpg,105,BAR,,Female,17,,169,2.0
female/105/1_BAR_17_2_169.jpg,105,BAR,,Female,17,,169,2.0
female/105/1_BAR_17_2_169.jpg,105,BAR,,Female,17,,169,2.0
female/105/1_BAR_17_2_169.jpg,105,BAR,,Female,17,,169,2.0
female/105/1_BAR_17_2_169.jpg,105,BAR,,Female,17,,169,2.0
female/105/1_BAR_17_2_169.jpg,105,BAR,,Female,17,,169,2.0
female/105/1_BAR_17_2_169.jpg,105,BAR,,Female,17,,169,2.0
female/105/1_BAR_17_2_169.jpg,105,BAR,,Female,17,,169,2.0
female/105/1_BAR_17_2_169.jpg,105,BAR,,Female,17,,169,2.0
female/105/1_BAR_17_2_169.jpg,105,BAR,,Female,17,,169,2.0
female/105/1_BAR_17_2_169.jpg,105,BAR,,Female,17,,169,2.0
female/105/1_BAR_17_2_169.jpg,105,BAR,,Female,17,,169,2.0
female/105/1_BAR_17_2_169.jpg,105,BAR,,Female,17,,169,2.0
female/105/1_BAR_17_2_169.jpg,105,BAR,,Female,17,,169,2.0
female/105/1_BAR_17_2_169.jpg,105,BAR,,Female,17,,169,2.0
female/105/1_BAR_17_2_169.jpg,105,BAR,,Female,17,,169,2.0
female/105/1_BAR_17_2_169.jpg,105,BAR,,Female,17,,169,2.0
female/105/1_BAR_17_2_169.jpg,105,BAR,,Female,17,,169,2.0
female/105/1_BAR_17_2_169.jpg,105,BAR,,Female,17,,169,2.0
female/105/1_BAR_17_2_169.jpg,105,BAR,,Female,17,,169,2.0
female/105/1_BAR_17_2_169.jpg,105,BAR,,Female,17,,169,2.0
female/105/1_BAR_17_2_169.jpg,105,BAR,,Female,17,,169,2.0
female/105/1_BAR_17_2_169.jpg,105,BAR,,Female,17,,169,2.0
female/105/1_BAR_17_2_169.jpg,105,BAR,,Female,17,,169,2.0
female/105/1_BAR_17_2_169.jpg,105,BAR,,Female,17,,169,2.0
female/105/1_BAR_17_2_169.jpg,105,BAR,,Female,17,,169,2.0
female/105/1_BAR_17_2_169.jpg,105,BAR,,Female,17,,169,2.0
female/105/1_BAR_17_2_169.jpg,105,BAR,,Female,17,,169,2.0
female/105/1_BAR_17_2_169.jpg,105,BAR,,Female,17,,169,2.0
female/105/1_BAR_17_2_169.jpg,105,BAR,,Female,17,,169,2.0
female/105/1_BAR_17_2_169.jpg,105,BAR,,Female,17,,169,2.0
female/105/1_BAR_17_2_169.jpg,105,BAR,,Female,17,,169,2.0
female/105/1_BAR_17_2_169.jpg,105,BAR,,Female,17,,169,2.0
female/105/1_BAR_17_2_169.jpg,105,BAR,,Female,17,,169,2.0
female/105/1_BAR_17_2_169.jpg,105,BAR,,Female,17,,169,2.0
female/105/1_BAR_17_2_169.jpg,105,BAR,,Female,17,,169,2.0
female/105/1_BAR_17_2_169.jpg,105,BAR,,Female,17,,169,2.0
female/105/1_BAR_17_2_169.jpg,105,BAR,,Female,17,,169,2.0
female/105/1_BAR_17_2_169.jpg,105,BAR,,Female,17,,169,2.0
female/105/1_BAR_17_2_169.jpg,105,BAR,,Female,17,,169,2.0
female/105/1_BAR_17_2_169.jpg,105,BAR,,Female,17,,169,2.0
female/105/1_BAR_17_2_169.jpg,105,BAR,,Female,17,,169,2.0
female/105/1_BAR_17_2_169.jpg,105,BAR,,Female,17,,169,2.0
female/105/1_DHA_16_2_192.jpg,105,DHA,,Female,16,,192,2.0
female/105/1_DHA_16_2_192.jpg,105,DHA,,Female,16,,192,2.0
female/105/1_DHA_16_2_192.jpg,105,DHA,,Female,16,,192,2.0
female/105/1_DHA_16_2_192.jpg,105,DHA,,Female,16,,192,2.0
female/105/1_DHA_16_2_192.jpg,105,DHA,,Female,16,,192,2.0
female/105/1_DHA_16_2_192.jpg,105,DHA,,Female,16,,192,2.0
female/105/1_DHA_16_2_192.jpg,105,DHA,,Female,16,,192,2.0
female/105/1_DHA_16_2_192.jpg,105,DHA,,Female,16,,192,2.0
female/105/1_DHA_16_2_192.jpg,105,DHA,,Female,16,,192,2.0
female/105/1_DHA_16_2_192.jpg,105,DHA,,Female,16,,192,2.0
female/105/1_DHA_16_2_192.jpg,105,DHA,,Female,16,,192,2.0
female/105/1_DHA_16_2_192.jpg,105,DHA,,Female,16,,192,2.0
female/105/1_DHA_16_2_192.jpg,105,DHA,,Female,16,,192,2.0
female/105/1_DHA_16_2_192.jpg,105,DHA,,Female,16,,192,2.0
female/105/1_DHA_16_2_192.jpg,105,DHA,,Female,16,,192,2.0
female/105/1_DHA_16_2_192.jpg,105,DHA,,Female,16,,192,2.0
female/105/1_DHA_16_2_192.jpg,105,DHA,,Female,16,,192,2.0
female/105/1_DHA_16_2_192.jpg,105,DHA,,Female,16,,192,2.0
female/105/1_DHA_16_2_192.jpg,105,DHA,,Female,16,,192,2.0
female/105/1_DHA_16_2_192.jpg,105,DHA,,Female,16,,192,2.0
female/105/1_DHA_16_2_192.jpg,105,DHA,,Female,16,,192,2.0
female/105/1_DHA_16_2_192.jpg,105,DHA,,Female,16,,192,2.0
female/105/1_DHA_16_2_192.jpg,105,DHA,,Female,16,,192,2.0
female/105/1_DHA_16_2_192.jpg,105,DHA,,Female,16,,192,2.0
female/105/1_DHA_16_2_192.jpg,105,DHA,,Female,16,,192,2.0
female/105/1_DHA_16_2_192.jpg,105,DHA,,Female,16,,192,2.0
female/105/1_DHA_16_2_192.jpg,105,DHA,,Female,16,,192,2.0
female/105/1_DHA_16_2_192.jpg,105,DHA,,Female,16,,192,2.0
female/105/1_DHA_16_2_192.jpg,105,DHA,,Female,16,,192,2.0
female/105/1_DHA_16_2_192.jpg,105,DHA,,Female,16,,192,2.0
female/105/1_DHA_16_2_192.jpg,105,DHA,,Female,16,,192,2.0
female/105/1_DHA_16_2_192.jpg,105,DHA,,Female,16,,192,2.0
female/105/1_DHA_16_2_192.jpg,105,DHA,,Female,16,,192,2.0
female/105/1_DHA_16_2_192.jpg,105,DHA,,Female,16,,192,2.0
female/105/1_DHA_16_2_192.jpg,105,DHA,,Female,16,,192,2.0
female/105/1_DHA_16_2_192.jpg,105,DHA,,Female,16,,192,2.0
female/105/1_DHA_16_2_192.jpg,105,DHA,,Female,16,,192,2.0
female/105/1_DHA_16_2_192.jpg,105,DHA,,Female,16,,192,2.0
female/105/1_DHA_16_2_192.jpg,105,DHA,,Female,16,,192,2.0
female/105/1_DHA_16_2_192.jpg,105,DHA,,Female,16,,192,2.0
female/105/1_DHA_16_2_192.jpg,105,DHA,,Female,16,,192,2.0
female/105/1_DHA_16_2_192.jpg,105,DHA,,Female,16,,192,2.0
female/105/1_DHA_16_2_192.jpg,105,DHA,,Female,16,,192,2.0
female/105/1_DHA_16_2_192.jpg,105,DHA,,Female,16,,192,2.0
female/105/1_DHA_16_2_192.jpg,105,DHA,,Female,16,,192,2.0
female/105/1_DHA_16_2_192.jpg,105,DHA,,Female,16,,192,2.0
female/105/1_DHA_16_2_192.jpg,105,DHA,,Female,16,,192,2.0
female/105/1_DHA_16_2_192.jpg,105,DHA,,Female,16,,192,2.0
female/105/1_DHA_16_2_192.jpg,105,DHA,,Female,16,,192,2.0
female/105/1_DHA_16_2_192.jpg,105,DHA,,Female,16,,192,2.0
female/105/1_DHA_16_2_192.jpg,105,DHA,,Female,16,,192,2.0
female/105/1_DHA_16_2_192.jpg,105,DHA,,Female,16,,192,2.0
female/105/1_DHA_16_2_192.jpg,105,DHA,,Female,16,,192,2.0
female/105/1_DHA_16_2_192.jpg,105,DHA,,Female,16,,192,2.0
female/105/1_DHA_16_2_192.jpg,105,DHA,,Female,16,,192,2.0
female/105/1_DHA_16_2_192.jpg,105,DHA,,Female,16,,192,2.0
female/105/1_DHA_16_2_192.jpg,105,DHA,,Female,16,,192,2.0
female/105/1_DHA_16_2_192.jpg,105,DHA,,Female,16,,192,2.0
female/105/1_DHA_16_2_192.jpg,105,DHA,,Female,16,,192,2.0
female/105/1_DHA_16_2_192.jpg,105,DHA,,Female,16,,192,2.0
female/105/1_DHA_16_2_192.jpg,105,DHA,,Female,16,,192,2.0
female/105/1_DHA_16_2_192.jpg,105,DHA,,Female,16,,192,2.0
female/105/1_DHA_16_2_192.jpg,105,DHA,,Female,16,,192,2.0
female/105/1_DHA_16_2_192.jpg,105,DHA,,Female,16,,192,2.0
female/105/1_DHA_16_2_192.jpg,105,DHA,,Female,16,,192,2.0
female/105/1_DHA_16_2_192.jpg,105,DHA,,Female,16,,192,2.0
female/105/1_DHA_16_2_192.jpg,105,DHA,,Female,16,,192,2.0
female/105/1_DHA_16_2_192.jpg,105,DHA,,Female,16,,192,2.0
female/105/1_DHA_16_2_192.jpg,105,DHA,,Female,16,,192,2.0
female/105/1_DHA_16_2_192.jpg,105,DHA,,Female,16,,192,2.0
female/105/1_DHA_16_2_192.jpg,105,DHA,,Female,16,,192,2.0
female/105/1_DHA_16_2_192.jpg,105,DHA,,Female,16,,192,2.0
female/105/1_DHA_16_2_192.jpg,105,DHA,,Female,16,,192,2.0
female/105/1_DHA_16_2_192.jpg,105,DHA,,Female,16,,192,2.0
female/105/1_DHA_16_2_192.jpg,105,DHA,,Female,16,,192,2.0
female/105/1_DHA_16_2_192.jpg,105,DHA,,Female,16,,192,2.0
female/105/1_DHA_16_2_192.jpg,105,DHA,,Female,16,,192,2.0
female/105/1_DHA_16_2_192.jpg,105,DHA,,Female,16,,192,2.0
female/105/1_DHA_16_2_192.jpg,105,DHA,,Female,16,,192,2.0
female/105/1_DHA_16_2_192.jpg,105,DHA,,Female,16,,192,2.0
female/105/1_DHA_16_2_192.jpg,105,DHA,,Female,16,,192,2.0
female/105/1_DHA_16_2_192.jpg,105,DHA,,Female,16,,192,2.0
female/105/1_DHA_16_2_192.jpg,105,DHA,,Female,16,,192,2.0
female/105/1_DHA_16_2_192.jpg,105,DHA,,Female,16,,192,2.0
female/105/1_DHA_16_2_192.jpg,105,DHA,,Female,16,,192,2.0
female/105/1_DHA_16_2_192.jpg,105,DHA,,Female,16,,192,2.0
female/105/1_DHA_16_2_192.jpg,105,DHA,,Female,16,,192,2.0
female/105/1_DHA_16_2_192.jpg,105,DHA,,Female,16,,192,2.0
female/105/1_DHA_16_2_192.jpg,105,DHA,,Female,16,,192,2.0
female/105/1_DHA_16_2_192.jpg,105,DHA,,Female,16,,192,2.0
female/105/1_DHA_16_2_192.jpg,105,DHA,,Female,16,,192,2.0
female/105/1_DHA_16_2_192.jpg,105,DHA,,Female,16,,192,2.0
female/105/1_DHA_16_2_192.jpg,105,DHA,,Female,16,,192,2.0
female/105/1_DHA_16_2_192.jpg,105,DHA,,Female,16,,192,2.0
female/105/1_DHA_16_2_192.jpg,105,DHA,,Female,16,,192,2.0
female/105/1_DHA_16_2_192.jpg,105,DHA,,Female,16,,192,2.0
female/105/1_DHA_16_2_192.jpg,105,DHA,,Female,16,,192,2.0
female/105/1_DHA_16_2_192.jpg,105,DHA,,Female,16,,192,2.0
female/105/1_DHA_16_2_192.jpg,105,DHA,,Female,16,,192,2.0
female/105/1_DHA_16_2_192.jpg,105,DHA,,Female,16,,192,2.0
female/105/1_DHA_16_2_192.jpg,105,DHA,,Female,16,,192,2.0
female/105/1_DHA_16_2_192.jpg,105,DHA,,Female,16,,192,2.0
female/105/1_DHA_16_2_192.jpg,105,DHA,,Female,16,,192,2.0
female/105/1_DHA_16_2_192.jpg,105,DHA,,Female,16,,192,2.0
female/105/1_DHA_16_2_192.jpg,105,DHA,,Female,16,,192,2.0
female/105/1_DHA_16_2_192.jpg,105,DHA,,Female,16,,192,2.0
female/105/1_DHA_16_2_192.jpg,105,DHA,,Female,16,,192,2.0
female/105/1_DHA_16_2_192.jpg,105,DHA,,Female,16,,192,2.0
female/105/1_DHA_16_2_192.jpg,105,DHA,,Female,16,,192,2.0
female/105/1_DHA_16_2_192.jpg,105,DHA,,Female,16,,192,2.0
female/105/1_DHA_16_2_192.jpg,105,DHA,,Female,16,,192,2.0
female/105/1_DHA_16_2_192.jpg,105,DHA,,Female,16,,192,2.0
female/105/1_DHA_16_2_192.jpg,105,DHA,,Female,16,,192,2.0
female/105/1_DHA_16_2_192.jpg,105,DHA,,Female,16,,192,2.0
female/105/1_DHA_16_2_192.jpg,105,DHA,,Female,16,,192,2.0
female/105/1_DHA_16_2_192.jpg,105,DHA,,Female,16,,192,2.0
female/105/1_DHA_16_2_192.jpg,105,DHA,,Female,16,,192,2.0
female/105/1_DHA_16_2_192.jpg,105,DHA,,Female,16,,192,2.0
female/105/1_DHA_16_2_192.jpg,105,DHA,,Female,16,,192,2.0
female/105/1_DHA_16_2_192.jpg,105,DHA,,Female,16,,192,2.0
female/105/1_DHA_16_2_192.jpg,105,DHA,,Female,16,,192,2.0
female/105/1_DHA_16_2_192.jpg,105,DHA,,Female,16,,192,2.0
female/105/1_DHA_16_2_192.jpg,105,DHA,,Female,16,,192,2.0
female/105/1_DHA_16_2_192.jpg,105,DHA,,Female,16,,192,2.0
female/105/1_DHA_16_2_192.jpg,105,DHA,,Female,16,,192,2.0
female/105/1_DHA_16_2_192.jpg,105,DHA,,Female,16,,192,2.0
female/105/1_DHA_16_2_192.jpg,105,DHA,,Female,16,,192,2.0
female/105/1_DHA_16_2_192.jpg,105,DHA,,Female,16,,192,2.0
female/105/1_DHA_16_2_192.jpg,105,DHA,,Female,16,,192,2.0
female/105/1_DHA_16_2_192.jpg,105,DHA,,Female,16,,192,2.0
female/105/1_DHA_16_2_192.jpg,105,DHA,,Female,16,,192,2.0
female/105/1_DHA_16_2_192.jpg,105,DHA,,Female,16,,192,2.0
female/105/1_DHA_16_2_192.jpg,105,DHA,,Female,16,,192,2.0
female/105/1_DHA_16_2_192.jpg,105,DHA,,Female,16,,192,2.0
female/105/1_DHA_16_2_192.jpg,105,DHA,,Female,16,,192,2.0
female/105/1_DHA_16_2_192.jpg,105,DHA,,Female,16,,192,2.0
female/105/1_DHA_16_2_192.jpg,105,DHA,,Female,16,,192,2.0
female/105/1_DHA_16_2_192.jpg,105,DHA,,Female,16,,192,2.0
female/105/1_DHA_16_2_192.jpg,105,DHA,,Female,16,,192,2.0
female/105/1_DHA_16_2_192.jpg,105,DHA,,Female,16,,192,2.0
female/105/1_DHA_16_2_192.jpg,105,DHA,,Female,16,,192,2.0
female/105/1_DHA_16_2_192.jpg,105,DHA,,Female,16,,192,2.0
female/105/1_DHA_16_2_192.jpg,105,DHA,,Female,16,,192,2.0
female/105/1_DHA_16_2_192.jpg,105,DHA,,Female,16,,192,2.0
female/105/1_DHA_16_2_192.jpg,105,DHA,,Female,16,,192,2.0
female/105/1_DHA_16_2_192.jpg,105,DHA,,Female,16,,192,2.0
female/105/1_DHA_16_2_192.jpg,105,DHA,,Female,16,,192,2.0
female/105/1_DHA_16_2_192.jpg,105,DHA,,Female,16,,192,2.0
female/105/1_DHA_16_2_192.jpg,105,DHA,,Female,16,,192,2.0
female/105/1_DHA_16_2_192.jpg,105,DHA,,Female,16,,192,2.0
female/105/1_DHA_16_2_192.jpg,105,DHA,,Female,16,,192,2.0
female/105/1_DHA_16_2_192.jpg,105,DHA,,Female,16,,192,2.0
female/105/1_DHA_16_2_192.jpg,105,DHA,,Female,16,,192,2.0
female/105/1_DHA_16_2_192.jpg,105,DHA,,Female,16,,192,2.0
female/105/1_DHA_16_2_192.jpg,105,DHA,,Female,16,,192,2.0
female/105/1_DHA_16_2_192.jpg,105,DHA,,Female,16,,192,2.0
female/105/1_DHA_16_2_192.jpg,105,DHA,,Female,16,,192,2.0
female/105/1_DHA_16_2_192.jpg,105,DHA,,Female,16,,192,2.0
female/105/1_DHA_16_2_192.jpg,105,DHA,,Female,16,,192,2.0
female/105/1_DHA_16_2_192.jpg,105,DHA,,Female,16,,192,2.0
female/105/1_DHA_16_2_192.jpg,105,DHA,,Female,16,,192,2.0
female/105/1_DHA_16_2_192.jpg,105,DHA,,Female,16,,192,2.0
female/105/1_DHA_16_2_192.jpg,105,DHA,,Female,16,,192,2.0
female/105/1_DHA_16_2_192.jpg,105,DHA,,Female,16,,192,2.0
female/105/1_DHA_16_2_192.jpg,105,DHA,,Female,16,,192,2.0
female/105/1_DHA_16_2_192.jpg,105,DHA,,Female,16,,192,2.0
female/105/1_DHA_16_2_192.jpg,105,DHA,,Female,16,,192,2.0
female/105/1_DHA_16_2_192.jpg,105,DHA,,Female,16,,192,2.0
female/105/1_DHA_16_2_192.jpg,105,DHA,,Female,16,,192,2.0
female/105/1_DHA_16_2_192.jpg,105,DHA,,Female,16,,192,2.0
female/105/1_DHA_16_2_192.jpg,105,DHA,,Female,16,,192,2.0
female/105/1_DHA_16_2_192.jpg,105,DHA,,Female,16,,192,2.0
female/105/1_DHA_16_2_192.jpg,105,DHA,,Female,16,,192,2.0
female/105/1_DHA_16_2_192.jpg,105,DHA,,Female,16,,192,2.0
female/105/1_DHA_16_2_192.jpg,105,DHA,,Female,16,,192,2.0
female/105/1_DHA_16_2_192.jpg,105,DHA,,Female,16,,192,2.0
female/105/1_DHA_16_2_192.jpg,105,DHA,,Female,16,,192,2.0
female/105/1_DHA_16_2_192.jpg,105,DHA,,Female,16,,192,2.0
female/105/1_DHA_16_2_192.jpg,105,DHA,,Female,16,,192,2.0
female/105/1_DHA_16_2_192.jpg,105,DHA,,Female,16,,192,2.0
female/105/1_DHA_16_2_192.jpg,105,DHA,,Female,16,,192,2.0
female/105/1_DHA_16_2_192.jpg,105,DHA,,Female,16,,192,2.0
female/105/1_DHA_16_2_192.jpg,105,DHA,,Female,16,,192,2.0
female/105/1_DHA_16_2_192.jpg,105,DHA,,Female,16,,192,2.0
female/105/1_DHA_16_2_192.jpg,105,DHA,,Female,16,,192,2.0
female/105/1_DHA_16_2_192.jpg,105,DHA,,Female,16,,192,2.0
female/105/1_DHA_16_2_192.jpg,105,DHA,,Female,16,,192,2.0
female/105/1_DHA_16_2_192.jpg,105,DHA,,Female,16,,192,2.0
female/105/1_DHA_16_2_192.jpg,105,DHA,,Female,16,,192,2.0
female/105/1_DHA_16_2_192.jpg,105,DHA,,Female,16,,192,2.0
female/105/1_DHA_16_2_192.jpg,105,DHA,,Female,16,,192,2.0
female/105/1_DHA_16_2_192.jpg,105,DHA,,Female,16,,192,2.0
female/105/1_DHA_16_2_192.jpg,105,DHA,,Female,16,,192,2.0
female/105/1_DHA_16_2_192.jpg,105,DHA,,Female,16,,192,2.0
female/105/1_DHA_16_2_192.jpg,105,DHA,,Female,16,,192,2.0
female/105/1_DHA_16_2_192.jpg,105,DHA,,Female,16,,192,2.0
female/105/1_DHA_16_2_192.jpg,105,DHA,,Female,16,,192,2.0
female/105/1_DHA_16_2_192.jpg,105,DHA,,Female,16,,192,2.0
female/105/1_DHA_16_2_192.jpg,105,DHA,,Female,16,,192,2.0
female/105/1_DHA_16_2_192.jpg,105,DHA,,Female,16,,192,2.0
female/105/1_DHA_16_2_192.jpg,105,DHA,,Female,16,,192,2.0
female/105/1_DHA_16_2_192.jpg,105,DHA,,Female,16,,192,2.0
female/105/1_DHA_16_2_192.jpg,105,DHA,,Female,16,,192,2.0
female/105/1_DHA_16_2_192.jpg,105,DHA,,Female,16,,192,2.0
female/105/1_DHA_16_2_192.jpg,105,DHA,,Female,16,,192,2.0
female/105/1_DHA_16_2_192.jpg,105,DHA,,Female,16,,192,2.0
female/105/1_DHA_16_2_192.jpg,105,DHA,,Female,16,,192,2.0
female/105/1_DHA_16_2_192.jpg,105,DHA,,Female,16,,192,2.0
female/105/1_DHA_16_2_192.jpg,105,DHA,,Female,16,,192,2.0
female/105/1_DHA_16_2_192.jpg,105,DHA,,Female,16,,192,2.0
female/105/1_DHA_16_2_192.jpg,105,DHA,,Female,16,,192,2.0
female/105/1_DHA_16_2_192.jpg,105,DHA,,Female,16,,192,2.0
female/105/1_DHA_16_2_192.jpg,105,DHA,,Female,16,,192,2.0
female/105/1_DHA_16_2_192.jpg,105,DHA,,Female,16,,192,2.0
female/105/1_DHA_16_2_192.jpg,105,DHA,,Female,16,,192,2.0
female/105/1_DHA_16_2_192.jpg,105,DHA,,Female,16,,192,2.0
female/105/1_DHA_16_2_192.jpg,105,DHA,,Female,16,,192,2.0
female/105/1_DHA_16_2_192.jpg,105,DHA,,Female,16,,192,2.0
female/105/1_DHA_16_2_192.jpg,105,DHA,,Female,16,,192,2.0
female/105/1_DHA_16_2_192.jpg,105,DHA,,Female,16,,192,2.0
female/105/1_DHA_16_2_192.jpg,105,DHA,,Female,16,,192,2.0
female/105/1_DHA_16_2_192.jpg,105,DHA,,Female,16,,192,2.0
female/105/1_DHA_16_2_192.jpg,105,DHA,,Female,16,,192,2.0
female/105/1_DHA_16_2_192.jpg,105,DHA,,Female,16,,192,2.0
female/105/1_DHA_16_2_192.jpg,105,DHA,,Female,16,,192,2.0
female/105/1_DHA_16_2_192.jpg,105,DHA,,Female,16,,192,2.0
female/105/1_DHA_16_2_192.jpg,105,DHA,,Female,16,,192,2.0
female/105/1_DHA_16_2_192.jpg,105,DHA,,Female,16,,192,2.0
female/105/1_DHA_16_2_192.jpg,105,DHA,,Female,16,,192,2.0
female/105/1_DHA_16_2_192.jpg,105,DHA,,Female,16,,192,2.0
female/105/1_DHA_16_2_192.jpg,105,DHA,,Female,16,,192,2.0
female/105/1_DHA_16_2_192.jpg,105,DHA,,Female,16,,192,2.0
female/105/1_DHA_16_2_192.jpg,105,DHA,,Female,16,,192,2.0
female/105/1_DHA_16_2_192.jpg,105,DHA,,Female,16,,192,2.0
female/105/1_DHA_16_2_192.jpg,105,DHA,,Female,16,,192,2.0
female/105/1_DHA_16_2_192.jpg,105,DHA,,Female,16,,192,2.0
female/105/1_DHA_16_2_192.jpg,105,DHA,,Female,16,,192,2.0
female/105/1_DHA_16_2_192.jpg,105,DHA,,Female,16,,192,2.0
female/105/1_DHA_16_2_192.jpg,105,DHA,,Female,16,,192,2.0
female/105/1_DHA_16_2_192.jpg,105,DHA,,Female,16,,192,2.0
female/105/1_DHA_16_2_192.jpg,105,DHA,,Female,16,,192,2.0
female/105/1_DHA_16_2_192.jpg,105,DHA,,Female,16,,192,2.0
female/105/1_DHA_16_2_192.jpg,105,DHA,,Female,16,,192,2.0
female/105/1_DHA_16_2_192.jpg,105,DHA,,Female,16,,192,2.0
female/105/1_DHA_16_2_192.jpg,105,DHA,,Female,16,,192,2.0
female/105/1_DHA_16_2_192.jpg,105,DHA,,Female,16,,192,2.0
female/105/1_DHA_16_2_192.jpg,105,DHA,,Female,16,,192,2.0
female/105/1_DHA_16_2_192.jpg,105,DHA,,Female,16,,192,2.0
female/105/1_DHA_16_2_192.jpg,105,DHA,,Female,16,,192,2.0
female/105/1_DHA_16_2_192.jpg,105,DHA,,Female,16,,192,2.0
female/105/1_DHA_16_2_192.jpg,105,DHA,,Female,16,,192,2.0
female/105/1_DHA_16_2_192.jpg,105,DHA,,Female,16,,192,2.0
female/105/1_DHA_16_2_192.jpg,105,DHA,,Female,16,,192,2.0
female/105/1_DHA_16_2_192.jpg,105,DHA,,Female,16,,192,2.0
female/105/1_DHA_16_2_192.jpg,105,DHA,,Female,16,,192,2.0
female/105/1_DHA_16_2_192.jpg,105,DHA,,Female,16,,192,2.0
female/105/1_DHA_16_2_192.jpg,105,DHA,,Female,16,,192,2.0
female/105/1_DHA_16_2_192.jpg,105,DHA,,Female,16,,192,2.0
female/105/1_DHA_16_2_192.jpg,105,DHA,,Female,16,,192,2.0
female/105/1_DHA_16_2_192.jpg,105,DHA,,Female,16,,192,2.0
female/105/1_DHA_16_2_192.jpg,105,DHA,,Female,16,,192,2.0
female/105/1_DHA_16_2_192.jpg,105,DHA,,Female,16,,192,2.0
female/105/1_DHA_16_2_192.jpg,105,DHA,,Female,16,,192,2.0
female/105/1_DHA_16_2_192.jpg,105,DHA,,Female,16,,192,2.0
female/105/1_DHA_16_2_192.jpg,105,DHA,,Female,16,,192,2.0
female/105/1_DHA_16_2_192.jpg,105,DHA,,Female,16,,192,2.0
female/105/1_DHA_16_2_192.jpg,105,DHA,,Female,16,,192,2.0
female/105/1_DHA_16_2_192.jpg,105,DHA,,Female,16,,192,2.0
female/105/1_DHA_16_2_192.jpg,105,DHA,,Female,16,,192,2.0
female/105/1_DHA_16_2_192.jpg,105,DHA,,Female,16,,192,2.0
female/105/1_DHA_16_2_192.jpg,105,DHA,,Female,16,,192,2.0
female/105/1_DHA_16_2_192.jpg,105,DHA,,Female,16,,192,2.0
female/105/1_DHA_16_2_192.jpg,105,DHA,,Female,16,,192,2.0
female/105/1_DHA_16_2_192.jpg,105,DHA,,Female,16,,192,2.0
female/105/1_DHA_16_2_192.jpg,105,DHA,,Female,16,,192,2.0
female/105/1_DHA_16_2_192.jpg,105,DHA,,Female,16,,192,2.0
female/105/1_DHA_16_2_192.jpg,105,DHA,,Female,16,,192,2.0
female/105/1_DHA_16_2_192.jpg,105,DHA,,Female,16,,192,2.0
female/105/1_DHA_16_2_192.jpg,105,DHA,,Female,16,,192,2.0
female/105/1_DHA_16_2_192.jpg,105,DHA,,Female,16,,192,2.0
female/105/1_DHA_16_2_192.jpg,105,DHA,,Female,16,,192,2.0
female/105/1_DHA_16_2_192.jpg,105,DHA,,Female,16,,192,2.0
female/105/1_DHA_16_2_192.jpg,105,DHA,,Female,16,,192,2.0
female/105/1_DHA_16_2_192.jpg,105,DHA,,Female,16,,192,2.0
female/105/1_DHA_16_2_192.jpg,105,DHA,,Female,16,,192,2.0
female/105/1_DHA_16_2_192.jpg,105,DHA,,Female,16,,192,2.0
female/105/1_DHA_16_2_192.jpg,105,DHA,,Female,16,,192,2.0
female/105/1_DHA_16_2_192.jpg,105,DHA,,Female,16,,192,2.0
female/105/1_DHA_16_2_192.jpg,105,DHA,,Female,16,,192,2.0
female/105/1_DHA_16_2_192.jpg,105,DHA,,Female,16,,192,2.0
female/105/1_DHA_16_2_192.jpg,105,DHA,,Female,16,,192,2.0
female/105/1_DHA_16_2_192.jpg,105,DHA,,Female,16,,192,2.0
female/105/1_DHA_16_2_192.jpg,105,DHA,,Female,16,,192,2.0
female/105/1_DHA_16_2_192.jpg,105,DHA,,Female,16,,192,2.0
female/105/1_DHA_16_2_192.jpg,105,DHA,,Female,16,,192,2.0
female/105/1_DHA_16_2_192.jpg,105,DHA,,Female,16,,192,2.0
female/105/1_DHA_16_2_192.jpg,105,DHA,,Female,16,,192,2.0
female/105/1_DHA_16_2_192.jpg,105,DHA,,Female,16,,192,2.0
female/105/1_DHA_16_2_192.jpg,105,DHA,,Female,16,,192,2.0
female/105/1_DHA_16_2_192.jpg,105,DHA,,Female,16,,192,2.0
female/105/1_DHA_16_2_192.jpg,105,DHA,,Female,16,,192,2.0
female/105/1_DHA_16_2_192.jpg,105,DHA,,Female,16,,192,2.0
female/105/1_DHA_16_2_192.jpg,105,DHA,,Female,16,,192,2.0
female/105/1_DHA_16_2_192.jpg,105,DHA,,Female,16,,192,2.0
female/105/1_DHA_16_2_192.jpg,105,DHA,,Female,16,,192,2.0
female/105/1_DHA_16_2_192.jpg,105,DHA,,Female,16,,192,2.0
female/105/1_DHA_16_2_192.jpg,105,DHA,,Female,16,,192,2.0
female/105/1_DHA_16_2_192.jpg,105,DHA,,Female,16,,192,2.0
female/105/1_DHA_16_2_192.jpg,105,DHA,,Female,16,,192,2.0
female/105/1_DHA_16_2_192.jpg,105,DHA,,Female,16,,192,2.0
female/105/1_DHA_16_2_192.jpg,105,DHA,,Female,16,,192,2.0
female/105/1_DHA_16_2_192.jpg,105,DHA,,Female,16,,192,2.0
female/105/1_DHA_16_2_192.jpg,105,DHA,,Female,16,,192,2.0
female/105/1_DHA_16_2_192.jpg,105,DHA,,Female,16,,192,2.0
female/105/1_DHA_16_2_192.jpg,105,DHA,,Female,16,,192,2.0
female/105/1_DHA_16_2_192.jpg,105,DHA,,Female,16,,192,2.0
female/105/1_DHA_16_2_192.jpg,105,DHA,,Female,16,,192,2.0
female/105/1_DHA_16_2_192.jpg,105,DHA,,Female,16,,192,2.0
female/105/1_DHA_16_2_192.jpg,105,DHA,,Female,16,,192,2.0
female/105/1_DHA_16_2_192.jpg,105,DHA,,Female,16,,192,2.0
female/105/1_DHA_16_2_192.jpg,105,DHA,,Female,16,,192,2.0
female/105/1_DHA_16_2_192.jpg,105,DHA,,Female,16,,192,2.0
female/105/1_DHA_16_2_192.jpg,105,DHA,,Female,16,,192,2.0
female/105/1_DHA_16_2_192.jpg,105,DHA,,Female,16,,192,2.0
female/105/1_DHA_16_2_192.jpg,105,DHA,,Female,16,,192,2.0
female/105/1_DHA_16_2_192.jpg,105,DHA,,Female,16,,192,2.0
female/105/1_DHA_16_2_192.jpg,105,DHA,,Female,16,,192,2.0
female/105/1_DHA_16_2_192.jpg,105,DHA,,Female,16,,192,2.0
female/105/1_DHA_16_2_192.jpg,105,DHA,,Female,16,,192,2.0
female/105/1_DHA_16_2_192.jpg,105,DHA,,Female,16,,192,2.0
female/105/1_DHA_16_2_192.jpg,105,DHA,,Female,16,,192,2.0
female/105/1_DHA_16_2_192.jpg,105,DHA,,Female,16,,192,2.0
female/105/1_DHA_16_2_192.jpg,105,DHA,,Female,16,,192,2.0
female/105/1_DHA_16_2_192.jpg,105,DHA,,Female,16,,192,2.0
female/105/1_DHA_16_2_192.jpg,105,DHA,,Female,16,,192,2.0
female/105/1_DHA_16_2_192.jpg,105,DHA,,Female,16,,192,2.0
female/105/1_DHA_16_2_192.jpg,105,DHA,,Female,16,,192,2.0
female/105/1_DHA_16_2_192.jpg,105,DHA,,Female,16,,192,2.0
female/105/1_DHA_16_2_192.jpg,105,DHA,,Female,16,,192,2.0
female/105/1_DHA_16_2_192.jpg,105,DHA,,Female,16,,192,2.0
female/105/1_DHA_16_2_192.jpg,105,DHA,,Female,16,,192,2.0
female/105/1_DHA_16_2_192.jpg,105,DHA,,Female,16,,192,2.0
female/105/1_DHA_16_2_192.jpg,105,DHA,,Female,16,,192,2.0
female/105/1_DHA_16_2_192.jpg,105,DHA,,Female,16,,192,2.0
female/105/1_DHA_16_2_192.jpg,105,DHA,,Female,16,,192,2.0
female/105/1_DHA_16_2_192.jpg,105,DHA,,Female,16,,192,2.0
female/105/1_DHA_16_2_192.jpg,105,DHA,,Female,16,,192,2.0
female/105/1_DHA_16_2_192.jpg,105,DHA,,Female,16,,192,2.0
female/105/1_DHA_16_2_192.jpg,105,DHA,,Female,16,,192,2.0
female/105/1_DHA_16_2_192.jpg,105,DHA,,Female,16,,192,2.0
female/105/1_DHA_16_2_192.jpg,105,DHA,,Female,16,,192,2.0
female/105/1_DHA_16_2_192.jpg,105,DHA,,Female,16,,192,2.0
female/105/1_DHA_16_2_192.jpg,105,DHA,,Female,16,,192,2.0
female/105/1_DHA_16_2_192.jpg,105,DHA,,Female,16,,192,2.0
female/105/1_DHA_16_2_192.jpg,105,DHA,,Female,16,,192,2.0
female/105/1_DHA_16_2_192.jpg,105,DHA,,Female,16,,192,2.0
female/105/1_DHA_16_2_192.jpg,105,DHA,,Female,16,,192,2.0
female/105/1_DHA_16_2_192.jpg,105,DHA,,Female,16,,192,2.0
female/105/1_DHA_16_2_192.jpg,105,DHA,,Female,16,,192,2.0
female/105/1_DHA_16_2_192.jpg,105,DHA,,Female,16,,192,2.0
female/105/1_DHA_16_2_192.jpg,105,DHA,,Female,16,,192,2.0
female/105/1_DHA_16_2_192.jpg,105,DHA,,Female,16,,192,2.0
female/105/1_DHA_16_2_192.jpg,105,DHA,,Female,16,,192,2.0
female/105/1_DHA_16_2_192.jpg,105,DHA,,Female,16,,192,2.0
female/105/1_DHA_16_2_192.jpg,105,DHA,,Female,16,,192,2.0
female/105/1_DHA_16_2_192.jpg,105,DHA,,Female,16,,192,2.0
female/105/1_DHA_16_2_192.jpg,105,DHA,,Female,16,,192,2.0
female/105/1_DHA_16_2_192.jpg,105,DHA,,Female,16,,192,2.0
female/105/1_DHA_16_2_192.jpg,105,DHA,,Female,16,,192,2.0
female/105/1_DHA_16_2_192.jpg,105,DHA,,Female,16,,192,2.0
female/105/1_DHA_16_2_192.jpg,105,DHA,,Female,16,,192,2.0
female/105/1_DHA_16_2_192.jpg,105,DHA,,Female,16,,192,2.0
female/105/1_DHA_16_2_192.jpg,105,DHA,,Female,16,,192,2.0
female/105/1_DHA_16_2_192.jpg,105,DHA,,Female,16,,192,2.0
female/105/1_DHA_16_2_192.jpg,105,DHA,,Female,16,,192,2.0
female/105/1_DHA_16_2_192.jpg,105,DHA,,Female,16,,192,2.0
female/105/1_DHA_16_2_192.jpg,105,DHA,,Female,16,,192,2.0
female/105/1_DHA_16_2_192.jpg,105,DHA,,Female,16,,192,2.0
female/105/1_DHA_16_2_192.jpg,105,DHA,,Female,16,,192,2.0
female/105/1_DHA_16_2_192.jpg,105,DHA,,Female,16,,192,2.0
female/105/1_DHA_16_2_192.jpg,105,DHA,,Female,16,,192,2.0
female/105/1_DHA_16_2_192.jpg,105,DHA,,Female,16,,192,2.0
female/105/1_DHA_16_2_192.jpg,105,DHA,,Female,16,,192,2.0
female/105/1_DHA_16_2_192.jpg,105,DHA,,Female,16,,192,2.0
female/105/1_DHA_16_2_192.jpg,105,DHA,,Female,16,,192,2.0
female/105/1_DHA_16_2_192.jpg,105,DHA,,Female,16,,192,2.0
female/105/1_DHA_16_2_192.jpg,105,DHA,,Female,16,,192,2.0
female/105/1_DHA_16_2_192.jpg,105,DHA,,Female,16,,192,2.0
female/105/1_DHA_16_2_192.jpg,105,DHA,,Female,16,,192,2.0
female/105/1_DHA_16_2_192.jpg,105,DHA,,Female,16,,192,2.0
female/105/1_DHA_16_2_192.jpg,105,DHA,,Female,16,,192,2.0
female/105/1_DHA_16_2_192.jpg,105,DHA,,Female,16,,192,2.0
female/105/1_DHA_16_2_192.jpg,105,DHA,,Female,16,,192,2.0
female/105/1_DHA_16_2_192.jpg,105,DHA,,Female,16,,192,2.0
female/105/1_DHA_16_2_192.jpg,105,DHA,,Female,16,,192,2.0
female/105/1_DHA_16_2_192.jpg,105,DHA,,Female,16,,192,2.0
female/105/1_DHA_16_2_192.jpg,105,DHA,,Female,16,,192,2.0
female/105/1_DHA_16_2_192.jpg,105,DHA,,Female,16,,192,2.0
female/105/1_DHA_16_2_192.jpg,105,DHA,,Female,16,,192,2.0
female/105/1_DHA_16_2_192.jpg,105,DHA,,Female,16,,192,2.0
female/105/1_DHA_16_2_192.jpg,105,DHA,,Female,16,,192,2.0
female/105/1_DHA_16_2_192.jpg,105,DHA,,Female,16,,192,2.0
female/105/1_DHA_16_2_192.jpg,105,DHA,,Female,16,,192,2.0
female/105/1_DHA_16_2_192.jpg,105,DHA,,Female,16,,192,2.0
female/105/1_DHA_16_2_192.jpg,105,DHA,,Female,16,,192,2.0
female/105/1_DHA_16_2_192.jpg,105,DHA,,Female,16,,192,2.0
female/105/1_DHA_16_2_192.jpg,105,DHA,,Female,16,,192,2.0
female/105/1_DHA_16_2_192.jpg,105,DHA,,Female,16,,192,2.0
female/105/1_DHA_16_2_192.jpg,105,DHA,,Female,16,,192,2.0
female/105/1_DHA_16_2_192.jpg,105,DHA,,Female,16,,192,2.0
female/105/1_DHA_16_2_192.jpg,105,DHA,,Female,16,,192,2.0
female/105/1_DHA_16_2_192.jpg,105,DHA,,Female,16,,192,2.0
female/105/1_DHA_16_2_192.jpg,105,DHA,,Female,16,,192,2.0
female/105/1_DHA_16_2_192.jpg,105,DHA,,Female,16,,192,2.0
female/105/1_DHA_16_2_192.jpg,105,DHA,,Female,16,,192,2.0
female/105/1_DHA_16_2_192.jpg,105,DHA,,Female,16,,192,2.0
female/105/1_DHA_16_2_192.jpg,105,DHA,,Female,16,,192,2.0
female/105/1_DHA_16_2_192.jpg,105,DHA,,Female,16,,192,2.0
female/105/1_DHA_16_2_192.jpg,105,DHA,,Female,16,,192,2.0
female/105/1_DHA_16_2_192.jpg,105,DHA,,Female,16,,192,2.0
female/105/1_DHA_16_2_192.jpg,105,DHA,,Female,16,,192,2.0
female/105/1_DHA_16_2_192.jpg,105,DHA,,Female,16,,192,2.0
female/105/1_DHA_16_2_192.jpg,105,DHA,,Female,16,,192,2.0
female/105/1_DHA_16_2_192.jpg,105,DHA,,Female,16,,192,2.0
female/105/1_DHA_16_2_192.jpg,105,DHA,,Female,16,,192,2.0
female/105/1_DHA_16_2_192.jpg,105,DHA,,Female,16,,192,2.0
female/105/1_DHA_16_2_192.jpg,105,DHA,,Female,16,,192,2.0
female/105/1_DHA_16_2_192.jpg,105,DHA,,Female,16,,192,2.0
female/105/1_DHA_16_2_192.jpg,105,DHA,,Female,16,,192,2.0
female/105/1_DHA_16_2_192.jpg,105,DHA,,Female,16,,192,2.0
female/105/1_DHA_16_2_192.jpg,105,DHA,,Female,16,,192,2.0
female/105/1_DHA_16_2_192.jpg,105,DHA,,Female,16,,192,2.0
female/105/1_DHA_16_2_192.jpg,105,DHA,,Female,16,,192,2.0
female/105/1_DHA_16_2_192.jpg,105,DHA,,Female,16,,192,2.0
female/105/1_DHA_16_2_192.jpg,105,DHA,,Female,16,,192,2.0
female/105/1_DHA_16_2_192.jpg,105,DHA,,Female,16,,192,2.0
female/105/1_DHA_16_2_192.jpg,105,DHA,,Female,16,,192,2.0
female/105/1_DHA_16_2_192.jpg,105,DHA,,Female,16,,192,2.0
female/105/1_DHA_16_2_192.jpg,105,DHA,,Female,16,,192,2.0
female/105/1_DHA_16_2_192.jpg,105,DHA,,Female,16,,192,2.0
female/105/1_DHA_16_2_192.jpg,105,DHA,,Female,16,,192,2.0
female/105/1_DHA_16_2_192.jpg,105,DHA,,Female,16,,192,2.0
female/105/1_DHA_16_2_192.jpg,105,DHA,,Female,16,,192,2.0
female/105/1_DHA_16_2_192.jpg,105,DHA,,Female,16,,192,2.0
female/105/1_DHA_16_2_192.jpg,105,DHA,,Female,16,,192,2.0
female/105/1_DHA_16_2_192.jpg,105,DHA,,Female,16,,192,2.0
female/105/1_DHA_16_2_192.jpg,105,DHA,,Female,16,,192,2.0
female/105/1_DHA_16_2_192.jpg,105,DHA,,Female,16,,192,2.0
female/105/1_DHA_16_2_192.jpg,105,DHA,,Female,16,,192,2.0
female/105/1_DHA_16_2_192.jpg,105,DHA,,Female,16,,192,2.0
female/105/1_DHA_16_2_192.jpg,105,DHA,,Female,16,,192,2.0
female/105/1_DHA_16_2_192.jpg,105,DHA,,Female,16,,192,2.0
female/105/1_DHA_16_2_192.jpg,105,DHA,,Female,16,,192,2.0
female/105/1_DHA_16_2_192.jpg,105,DHA,,Female,16,,192,2.0
female/105/1_DHA_16_2_192.jpg,105,DHA,,Female,16,,192,2.0
female/105/1_DHA_16_2_192.jpg,105,DHA,,Female,16,,192,2.0
female/105/1_DHA_16_2_192.jpg,105,DHA,,Female,16,,192,2.0
female/105/1_DHA_16_2_192.jpg,105,DHA,,Female,16,,192,2.0
female/105/1_DHA_16_2_192.jpg,105,DHA,,Female,16,,192,2.0
female/105/1_DHA_16_2_192.jpg,105,DHA,,Female,16,,192,2.0
female/105/1_DHA_16_2_192.jpg,105,DHA,,Female,16,,192,2.0
female/105/1_DHA_16_2_192.jpg,105,DHA,,Female,16,,192,2.0
female/105/1_DHA_16_2_192.jpg,105,DHA,,Female,16,,192,2.0
female/105/1_DHA_16_2_192.jpg,105,DHA,,Female,16,,192,2.0
female/105/1_DHA_16_2_192.jpg,105,DHA,,Female,16,,192,2.0
female/105/1_DHA_16_2_192.jpg,105,DHA,,Female,16,,192,2.0
female/105/1_DHA_16_2_192.jpg,105,DHA,,Female,16,,192,2.0
female/105/1_DHA_16_2_192.jpg,105,DHA,,Female,16,,192,2.0
female/105/1_DHA_16_2_192.jpg,105,DHA,,Female,16,,192,2.0
female/105/1_DHA_16_2_192.jpg,105,DHA,,Female,16,,192,2.0
female/105/1_DHA_16_2_192.jpg,105,DHA,,Female,16,,192,2.0
female/105/1_DHA_16_2_192.jpg,105,DHA,,Female,16,,192,2.0
female/105/1_DHA_16_2_192.jpg,105,DHA,,Female,16,,192,2.0
female/105/1_DHA_16_2_192.jpg,105,DHA,,Female,16,,192,2.0
female/105/1_DHA_16_2_192.jpg,105,DHA,,Female,16,,192,2.0
female/105/1_DHA_16_2_192.jpg,105,DHA,,Female,16,,192,2.0
female/105/1_DHA_16_2_192.jpg,105,DHA,,Female,16,,192,2.0
female/105/1_DHA_16_2_192.jpg,105,DHA,,Female,16,,192,2.0
female/105/1_DHA_16_2_192.jpg,105,DHA,,Female,16,,192,2.0
female/105/1_DHA_16_2_192.jpg,105,DHA,,Female,16,,192,2.0
female/105/1_DHA_16_2_192.jpg,105,DHA,,Female,16,,192,2.0
female/105/1_DHA_16_2_192.jpg,105,DHA,,Female,16,,192,2.0
female/105/1_DHA_16_2_192.jpg,105,DHA,,Female,16,,192,2.0
female/105/1_DHA_16_2_192.jpg,105,DHA,,Female,16,,192,2.0
female/105/1_DHA_16_2_192.jpg,105,DHA,,Female,16,,192,2.0
female/105/1_DHA_16_2_192.jpg,105,DHA,,Female,16,,192,2.0
female/105/1_DHA_16_2_192.jpg,105,DHA,,Female,16,,192,2.0
female/105/1_DHA_16_2_192.jpg,105,DHA,,Female,16,,192,2.0
female/105/1_DHA_16_2_192.jpg,105,DHA,,Female,16,,192,2.0
female/105/1_DHA_16_2_192.jpg,105,DHA,,Female,16,,192,2.0
female/105/1_DHA_16_2_192.jpg,105,DHA,,Female,16,,192,2.0
female/105/1_DHA_16_2_192.jpg,105,DHA,,Female,16,,192,2.0
female/105/1_DHA_16_2_192.jpg,105,DHA,,Female,16,,192,2.0
female/105/1_DHA_16_2_192.jpg,105,DHA,,Female,16,,192,2.0
female/105/1_DHA_16_2_192.jpg,105,DHA,,Female,16,,192,2.0
female/105/1_DHA_16_2_192.jpg,105,DHA,,Female,16,,192,2.0
female/105/1_DHA_16_2_192.jpg,105,DHA,,Female,16,,192,2.0
female/105/1_DHA_16_2_192.jpg,105,DHA,,Female,16,,192,2.0
female/105/1_DHA_16_2_192.jpg,105,DHA,,Female,16,,192,2.0
female/105/1_DHA_16_2_192.jpg,105,DHA,,Female,16,,192,2.0
female/105/1_DHA_16_2_192.jpg,105,DHA,,Female,16,,192,2.0
female/105/1_DHA_16_2_192.jpg,105,DHA,,Female,16,,192,2.0
female/105/1_DHA_16_2_192.jpg,105,DHA,,Female,16,,192,2.0
female/105/1_DHA_16_2_192.jpg,105,DHA,,Female,16,,192,2.0
female/105/1_DHA_16_2_192.jpg,105,DHA,,Female,16,,192,2.0
female/105/1_DHA_16_2_192.jpg,105,DHA,,Female,16,,192,2.0
female/105/1_DHA_16_2_192.jpg,105,DHA,,Female,16,,192,2.0
female/105/1_DHA_16_2_192.jpg,105,DHA,,Female,16,,192,2.0
female/105/1_DHA_16_2_192.jpg,105,DHA,,Female,16,,192,2.0
female/105/1_DHA_16_2_192.jpg,105,DHA,,Female,16,,192,2.0
female/105/1_DHA_16_2_192.jpg,105,DHA,,Female,16,,192,2.0
female/105/1_DHA_16_2_192.jpg,105,DHA,,Female,16,,192,2.0
female/105/1_DHA_16_2_192.jpg,105,DHA,,Female,16,,192,2.0
female/105/1_DHA_16_2_192.jpg,105,DHA,,Female,16,,192,2.0
female/105/1_DHA_16_2_192.jpg,105,DHA,,Female,16,,192,2.0
female/105/1_DHA_16_2_192.jpg,105,DHA,,Female,16,,192,2.0
female/105/1_DHA_16_2_192.jpg,105,DHA,,Female,16,,192,2.0
female/105/1_DHA_16_2_192.jpg,105,DHA,,Female,16,,192,2.0
female/105/1_DHA_16_2_192.jpg,105,DHA,,Female,16,,192,2.0
female/105/1_DHA_16_2_192.jpg,105,DHA,,Female,16,,192,2.0
female/105/1_DHA_16_2_192.jpg,105,DHA,,Female,16,,192,2.0
female/105/1_DHA_16_2_192.jpg,105,DHA,,Female,16,,192,2.0
female/105/1_DHA_16_2_192.jpg,105,DHA,,Female,16,,192,2.0
female/105/1_DHA_16_2_192.jpg,105,DHA,,Female,16,,192,2.0
female/105/1_DHA_16_2_192.jpg,105,DHA,,Female,16,,192,2.0
female/105/1_DHA_16_2_192.jpg,105,DHA,,Female,16,,192,2.0
female/105/1_DHA_16_2_192.jpg,105,DHA,,Female,16,,192,2.0
female/105/1_DHA_16_2_192.jpg,105,DHA,,Female,16,,192,2.0
female/105/1_DHA_16_2_192.jpg,105,DHA,,Female,16,,192,2.0
female/105/1_DHA_16_2_192.jpg,105,DHA,,Female,16,,192,2.0
female/105/1_DHA_16_2_192.jpg,105,DHA,,Female,16,,192,2.0
female/105/1_DHA_16_2_192.jpg,105,DHA,,Female,16,,192,2.0
female/105/1_DHA_16_2_192.jpg,105,DHA,,Female,16,,192,2.0
female/105/1_DHA_16_2_192.jpg,105,DHA,,Female,16,,192,2.0
female/105/1_DHA_16_2_192.jpg,105,DHA,,Female,16,,192,2.0
female/105/1_DHA_16_2_192.jpg,105,DHA,,Female,16,,192,2.0
female/105/1_DHA_16_2_192.jpg,105,DHA,,Female,16,,192,2.0
female/105/1_DHA_16_2_192.jpg,105,DHA,,Female,16,,192,2.0
female/105/1_DHA_16_2_192.jpg,105,DHA,,Female,16,,192,2.0
female/105/1_DHA_16_2_192.jpg,105,DHA,,Female,16,,192,2.0
female/105/1_DHA_16_2_192.jpg,105,DHA,,Female,16,,192,2.0
female/105/1_DHA_16_2_192.jpg,105,DHA,,Female,16,,192,2.0
female/105/1_DHA_16_2_192.jpg,105,DHA,,Female,16,,192,2.0
female/105/1_DHA_16_2_192.jpg,105,DHA,,Female,16,,192,2.0
female/105/1_DHA_16_2_192.jpg,105,DHA,,Female,16,,192,2.0
female/105/1_DHA_16_2_192.jpg,105,DHA,,Female,16,,192,2.0
female/105/1_DHA_16_2_192.jpg,105,DHA,,Female,16,,192,2.0
female/105/1_DHA_16_2_192.jpg,105,DHA,,Female,16,,192,2.0
female/105/1_DHA_16_2_192.jpg,105,DHA,,Female,16,,192,2.0
female/105/1_DHA_16_2_192.jpg,105,DHA,,Female,16,,192,2.0
female/105/1_DHA_16_2_192.jpg,105,DHA,,Female,16,,192,2.0
female/105/1_DHA_16_2_192.jpg,105,DHA,,Female,16,,192,2.0
female/105/1_DHA_16_2_192.jpg,105,DHA,,Female,16,,192,2.0
female/105/1_DHA_16_2_192.jpg,105,DHA,,Female,16,,192,2.0
female/105/1_DHA_16_2_192.jpg,105,DHA,,Female,16,,192,2.0
female/105/1_DHA_16_2_192.jpg,105,DHA,,Female,16,,192,2.0
female/105/1_DHA_16_2_192.jpg,105,DHA,,Female,16,,192,2.0
female/105/1_DHA_16_2_192.jpg,105,DHA,,Female,16,,192,2.0
female/105/1_DHA_16_2_192.jpg,105,DHA,,Female,16,,192,2.0
female/105/1_DHA_16_2_192.jpg,105,DHA,,Female,16,,192,2.0
female/105/1_DHA_16_2_192.jpg,105,DHA,,Female,16,,192,2.0
female/105/1_DHA_16_2_192.jpg,105,DHA,,Female,16,,192,2.0
female/105/1_DHA_16_2_192.jpg,105,DHA,,Female,16,,192,2.0
female/105/1_DHA_16_2_192.jpg,105,DHA,,Female,16,,192,2.0
female/105/1_DHA_16_2_192.jpg,105,DHA,,Female,16,,192,2.0
female/105/1_DHA_16_2_192.jpg,105,DHA,,Female,16,,192,2.0
female/105/1_DHA_16_2_192.jpg,105,DHA,,Female,16,,192,2.0
female/105/1_DHA_16_2_192.jpg,105,DHA,,Female,16,,192,2.0
female/105/1_DHA_16_2_192.jpg,105,DHA,,Female,16,,192,2.0
female/105/1_DHA_16_2_192.jpg,105,DHA,,Female,16,,192,2.0
female/105/1_DHA_16_2_192.jpg,105,DHA,,Female,16,,192,2.0
female/105/1_DHA_16_2_192.jpg,105,DHA,,Female,16,,192,2.0
female/105/1_DHA_16_2_192.jpg,105,DHA,,Female,16,,192,2.0
female/105/1_DHA_16_2_192.jpg,105,DHA,,Female,16,,192,2.0
female/105/1_DHA_16_2_192.jpg,105,DHA,,Female,16,,192,2.0
female/105/1_DHA_16_2_192.jpg,105,DHA,,Female,16,,192,2.0
female/105/1_DHA_16_2_192.jpg,105,DHA,,Female,16,,192,2.0
female/105/1_DHA_16_2_192.jpg,105,DHA,,Female,16,,192,2.0
female/105/1_DHA_16_2_192.jpg,105,DHA,,Female,16,,192,2.0
female/105/1_DHA_16_2_192.jpg,105,DHA,,Female,16,,192,2.0
female/105/1_DHA_16_2_192.jpg,105,DHA,,Female,16,,192,2.0
female/105/1_DHA_16_2_192.jpg,105,DHA,,Female,16,,192,2.0
female/105/1_DHA_16_2_192.jpg,105,DHA,,Female,16,,192,2.0
female/105/1_DHA_16_2_192.jpg,105,DHA,,Female,16,,192,2.0
female/105/1_DHA_16_2_192.jpg,105,DHA,,Female,16,,192,2.0
female/105/1_DHA_16_2_192.jpg,105,DHA,,Female,16,,192,2.0
female/105/1_DHA_16_2_192.jpg,105,DHA,,Female,16,,192,2.0
female/105/1_DHA_16_2_192.jpg,105,DHA,,Female,16,,192,2.0
female/105/1_DHA_16_2_192.jpg,105,DHA,,Female,16,,192,2.0
female/105/1_DHA_16_2_192.jpg,105,DHA,,Female,16,,192,2.0
female/105/1_DHA_16_2_192.jpg,105,DHA,,Female,16,,192,2.0
female/105/1_DHA_16_2_192.jpg,105,DHA,,Female,16,,192,2.0
female/105/1_DHA_16_2_192.jpg,105,DHA,,Female,16,,192,2.0
female/105/1_DHA_16_2_192.jpg,105,DHA,,Female,16,,192,2.0
female/105/1_DHA_16_2_192.jpg,105,DHA,,Female,16,,192,2.0
female/105/1_DHA_16_2_192.jpg,105,DHA,,Female,16,,192,2.0
female/105/1_DHA_16_2_192.jpg,105,DHA,,Female,16,,192,2.0
female/105/1_DHA_16_2_192.jpg,105,DHA,,Female,16,,192,2.0
female/105/1_DHA_16_2_192.jpg,105,DHA,,Female,16,,192,2.0
female/105/1_DHA_16_2_192.jpg,105,DHA,,Female,16,,192,2.0
female/105/1_DHA_16_2_192.jpg,105,DHA,,Female,16,,192,2.0
female/105/1_DHA_16_2_192.jpg,105,DHA,,Female,16,,192,2.0
female/105/1_DHA_16_2_192.jpg,105,DHA,,Female,16,,192,2.0
female/105/1_DHA_16_2_192.jpg,105,DHA,,Female,16,,192,2.0
female/105/1_DHA_16_2_192.jpg,105,DHA,,Female,16,,192,2.0
female/105/1_DHA_16_2_192.jpg,105,DHA,,Female,16,,192,2.0
female/105/1_DHA_16_2_192.jpg,105,DHA,,Female,16,,192,2.0
female/105/1_DHA_16_2_192.jpg,105,DHA,,Female,16,,192,2.0
female/105/1_DHA_16_2_192.jpg,105,DHA,,Female,16,,192,2.0
female/105/1_DHA_16_2_192.jpg,105,DHA,,Female,16,,192,2.0
female/105/1_DHA_16_2_192.jpg,105,DHA,,Female,16,,192,2.0
female/105/1_DHA_16_2_192.jpg,105,DHA,,Female,16,,192,2.0
female/105/1_DHA_16_2_192.jpg,105,DHA,,Female,16,,192,2.0
female/105/1_DHA_16_2_192.jpg,105,DHA,,Female,16,,192,2.0
female/105/1_DHA_16_2_192.jpg,105,DHA,,Female,16,,192,2.0
female/105/1_DHA_16_2_192.jpg,105,DHA,,Female,16,,192,2.0
female/105/1_DHA_16_2_192.jpg,105,DHA,,Female,16,,192,2.0
female/105/1_DHA_16_2_192.jpg,105,DHA,,Female,16,,192,2.0
female/105/1_DHA_16_2_192.jpg,105,DHA,,Female,16,,192,2.0
female/105/1_DHA_16_2_192.jpg,105,DHA,,Female,16,,192,2.0
female/105/1_DHA_16_2_192.jpg,105,DHA,,Female,16,,192,2.0
female/105/1_DHA_16_2_192.jpg,105,DHA,,Female,16,,192,2.0
female/105/1_DHA_16_2_192.jpg,105,DHA,,Female,16,,192,2.0
female/105/1_DHA_16_2_192.jpg,105,DHA,,Female,16,,192,2.0
female/105/1_DHA_16_2_192.jpg,105,DHA,,Female,16,,192,2.0
female/105/1_DHA_16_2_192.jpg,105,DHA,,Female,16,,192,2.0
female/105/1_DHA_16_2_192.jpg,105,DHA,,Female,16,,192,2.0
female/105/1_DHA_16_2_192.jpg,105,DHA,,Female,16,,192,2.0
female/105/1_DHA_16_2_192.jpg,105,DHA,,Female,16,,192,2.0
female/105/1_DHA_16_2_192.jpg,105,DHA,,Female,16,,192,2.0
female/105/1_DHA_16_2_192.jpg,105,DHA,,Female,16,,192,2.0
female/105/1_DHA_16_2_192.jpg,105,DHA,,Female,16,,192,2.0
female/105/1_DHA_16_2_192.jpg,105,DHA,,Female,16,,192,2.0
female/105/1_DHA_16_2_192.jpg,105,DHA,,Female,16,,192,2.0
female/105/1_DHA_16_2_192.jpg,105,DHA,,Female,16,,192,2.0
female/105/1_DHA_16_2_192.jpg,105,DHA,,Female,16,,192,2.0
female/105/1_DHA_16_2_192.jpg,105,DHA,,Female,16,,192,2.0
female/105/1_DHA_16_2_192.jpg,105,DHA,,Female,16,,192,2.0
female/105/1_DHA_16_2_192.jpg,105,DHA,,Female,16,,192,2.0
female/105/1_DHA_16_2_192.jpg,105,DHA,,Female,16,,192,2.0
female/105/1_DHA_16_2_192.jpg,105,DHA,,Female,16,,192,2.0
female/105/1_DHA_16_2_192.jpg,105,DHA,,Female,16,,192,2.0
female/117/1_DHA_16_2_199.jpg,117,DHA,,Female,16,,199,2.0
female/117/1_DHA_16_2_199.jpg,117,DHA,,Female,16,,199,2.0
female/117/1_DHA_16_2_199.jpg,117,DHA,,Female,16,,199,2.0
female/117/1_DHA_16_2_199.jpg,117,DHA,,Female,16,,199,2.0
female/117/1_DHA_16_2_199.jpg,117,DHA,,Female,16,,199,2.0
female/117/1_DHA_16_2_199.jpg,117,DHA,,Female,16,,199,2.0
female/117/1_DHA_16_2_199.jpg,117,DHA,,Female,16,,199,2.0
female/117/1_DHA_16_2_199.jpg,117,DHA,,Female,16,,199,2.0
female/117/1_DHA_16_2_199.jpg,117,DHA,,Female,16,,199,2.0
female/117/1_DHA_16_2_199.jpg,117,DHA,,Female,16,,199,2.0
female/117/1_DHA_16_2_199.jpg,117,DHA,,Female,16,,199,2.0
female/117/1_DHA_16_2_199.jpg,117,DHA,,Female,16,,199,2.0
female/117/1_DHA_16_2_199.jpg,117,DHA,,Female,16,,199,2.0
female/117/1_DHA_16_2_199.jpg,117,DHA,,Female,16,,199,2.0
female/117/1_DHA_16_2_199.jpg,117,DHA,,Female,16,,199,2.0
female/117/1_DHA_16_2_199.jpg,117,DHA,,Female,16,,199,2.0
female/117/1_DHA_16_2_199.jpg,117,DHA,,Female,16,,199,2.0
female/117/1_DHA_16_2_199.jpg,117,DHA,,Female,16,,199,2.0
female/117/1_DHA_16_2_199.jpg,117,DHA,,Female,16,,199,2.0
female/117/1_DHA_16_2_199.jpg,117,DHA,,Female,16,,199,2.0
female/117/1_DHA_16_2_199.jpg,117,DHA,,Female,16,,199,2.0
female/117/1_DHA_16_2_199.jpg,117,DHA,,Female,16,,199,2.0
female/117/1_DHA_16_2_199.jpg,117,DHA,,Female,16,,199,2.0
female/117/1_DHA_16_2_199.jpg,117,DHA,,Female,16,,199,2.0
female/117/1_DHA_16_2_199.jpg,117,DHA,,Female,16,,199,2.0
female/117/1_DHA_16_2_199.jpg,117,DHA,,Female,16,,199,2.0
female/117/1_DHA_16_2_199.jpg,117,DHA,,Female,16,,199,2.0
female/117/1_DHA_16_2_199.jpg,117,DHA,,Female,16,,199,2.0
female/117/1_DHA_16_2_199.jpg,117,DHA,,Female,16,,199,2.0
female/117/1_DHA_16_2_199.jpg,117,DHA,,Female,16,,199,2.0
female/117/1_DHA_16_2_199.jpg,117,DHA,,Female,16,,199,2.0
female/117/1_DHA_16_2_199.jpg,117,DHA,,Female,16,,199,2.0
female/117/1_DHA_16_2_199.jpg,117,DHA,,Female,16,,199,2.0
female/117/1_DHA_16_2_199.jpg,117,DHA,,Female,16,,199,2.0
female/117/1_DHA_16_2_199.jpg,117,DHA,,Female,16,,199,2.0
female/117/1_DHA_16_2_199.jpg,117,DHA,,Female,16,,199,2.0
female/117/1_DHA_16_2_199.jpg,117,DHA,,Female,16,,199,2.0
female/117/1_DHA_16_2_199.jpg,117,DHA,,Female,16,,199,2.0
female/117/1_DHA_16_2_199.jpg,117,DHA,,Female,16,,199,2.0
female/117/1_DHA_16_2_199.jpg,117,DHA,,Female,16,,199,2.0
female/117/1_DHA_16_2_199.jpg,117,DHA,,Female,16,,199,2.0
female/117/1_DHA_16_2_199.jpg,117,DHA,,Female,16,,199,2.0
female/117/1_DHA_16_2_199.jpg,117,DHA,,Female,16,,199,2.0
female/117/1_DHA_16_2_199.jpg,117,DHA,,Female,16,,199,2.0
female/117/1_DHA_16_2_199.jpg,117,DHA,,Female,16,,199,2.0
female/117/1_DHA_16_2_199.jpg,117,DHA,,Female,16,,199,2.0
female/117/1_DHA_16_2_199.jpg,117,DHA,,Female,16,,199,2.0
female/117/1_DHA_16_2_199.jpg,117,DHA,,Female,16,,199,2.0
female/117/1_DHA_16_2_199.jpg,117,DHA,,Female,16,,199,2.0
female/117/1_DHA_16_2_199.jpg,117,DHA,,Female,16,,199,2.0
female/117/1_DHA_16_2_199.jpg,117,DHA,,Female,16,,199,2.0
female/117/1_DHA_16_2_199.jpg,117,DHA,,Female,16,,199,2.0
female/117/1_DHA_16_2_199.jpg,117,DHA,,Female,16,,199,2.0
female/117/1_DHA_16_2_199.jpg,117,DHA,,Female,16,,199,2.0
female/117/1_DHA_16_2_199.jpg,117,DHA,,Female,16,,199,2.0
female/117/1_DHA_16_2_199.jpg,117,DHA,,Female,16,,199,2.0
female/117/1_DHA_16_2_199.jpg,117,DHA,,Female,16,,199,2.0
female/117/1_DHA_16_2_199.jpg,117,DHA,,Female,16,,199,2.0
female/117/1_DHA_16_2_199.jpg,117,DHA,,Female,16,,199,2.0
female/117/1_DHA_16_2_199.jpg,117,DHA,,Female,16,,199,2.0
female/117/1_DHA_16_2_199.jpg,117,DHA,,Female,16,,199,2.0
female/117/1_DHA_16_2_199.jpg,117,DHA,,Female,16,,199,2.0
female/117/1_DHA_16_2_199.jpg,117,DHA,,Female,16,,199,2.0
female/117/1_DHA_16_2_199.jpg,117,DHA,,Female,16,,199,2.0
female/117/1_DHA_16_2_199.jpg,117,DHA,,Female,16,,199,2.0
female/117/1_DHA_16_2_199.jpg,117,DHA,,Female,16,,199,2.0
female/117/1_DHA_16_2_199.jpg,117,DHA,,Female,16,,199,2.0
female/117/1_DHA_16_2_199.jpg,117,DHA,,Female,16,,199,2.0
female/117/1_DHA_16_2_199.jpg,117,DHA,,Female,16,,199,2.0
female/117/1_DHA_16_2_199.jpg,117,DHA,,Female,16,,199,2.0
female/117/1_DHA_16_2_199.jpg,117,DHA,,Female,16,,199,2.0
female/117/1_DHA_16_2_199.jpg,117,DHA,,Female,16,,199,2.0
female/117/1_DHA_16_2_199.jpg,117,DHA,,Female,16,,199,2.0
female/117/1_DHA_16_2_199.jpg,117,DHA,,Female,16,,199,2.0
female/117/1_DHA_16_2_199.jpg,117,DHA,,Female,16,,199,2.0
female/117/1_DHA_16_2_199.jpg,117,DHA,,Female,16,,199,2.0
female/117/1_DHA_16_2_199.jpg,117,DHA,,Female,16,,199,2.0
female/117/1_DHA_16_2_199.jpg,117,DHA,,Female,16,,199,2.0
female/117/1_DHA_16_2_199.jpg,117,DHA,,Female,16,,199,2.0
female/117/1_DHA_16_2_199.jpg,117,DHA,,Female,16,,199,2.0
female/117/1_DHA_16_2_199.jpg,117,DHA,,Female,16,,199,2.0
female/117/1_DHA_16_2_199.jpg,117,DHA,,Female,16,,199,2.0
female/117/1_DHA_16_2_199.jpg,117,DHA,,Female,16,,199,2.0
female/117/1_DHA_16_2_199.jpg,117,DHA,,Female,16,,199,2.0
female/117/1_DHA_16_2_199.jpg,117,DHA,,Female,16,,199,2.0
female/117/1_DHA_16_2_199.jpg,117,DHA,,Female,16,,199,2.0
female/117/1_DHA_16_2_199.jpg,117,DHA,,Female,16,,199,2.0
female/117/1_DHA_16_2_199.jpg,117,DHA,,Female,16,,199,2.0
female/117/1_DHA_16_2_199.jpg,117,DHA,,Female,16,,199,2.0
female/117/1_DHA_16_2_199.jpg,117,DHA,,Female,16,,199,2.0
female/117/1_DHA_16_2_199.jpg,117,DHA,,Female,16,,199,2.0
female/117/1_DHA_16_2_199.jpg,117,DHA,,Female,16,,199,2.0
female/117/1_DHA_16_2_199.jpg,117,DHA,,Female,16,,199,2.0
female/117/1_DHA_16_2_199.jpg,117,DHA,,Female,16,,199,2.0
female/117/1_DHA_16_2_199.jpg,117,DHA,,Female,16,,199,2.0
female/117/1_DHA_16_2_199.jpg,117,DHA,,Female,16,,199,2.0
female/117/1_DHA_16_2_199.jpg,117,DHA,,Female,16,,199,2.0
female/117/1_DHA_16_2_199.jpg,117,DHA,,Female,16,,199,2.0
female/117/1_DHA_16_2_199.jpg,117,DHA,,Female,16,,199,2.0
female/117/1_DHA_16_2_199.jpg,117,DHA,,Female,16,,199,2.0
female/117/1_DHA_16_2_199.jpg,117,DHA,,Female,16,,199,2.0
female/117/1_DHA_16_2_199.jpg,117,DHA,,Female,16,,199,2.0
female/117/1_DHA_16_2_199.jpg,117,DHA,,Female,16,,199,2.0
female/117/1_DHA_16_2_199.jpg,117,DHA,,Female,16,,199,2.0
female/117/1_DHA_16_2_199.jpg,117,DHA,,Female,16,,199,2.0
female/117/1_DHA_16_2_199.jpg,117,DHA,,Female,16,,199,2.0
female/117/1_DHA_16_2_199.jpg,117,DHA,,Female,16,,199,2.0
female/117/1_DHA_16_2_199.jpg,117,DHA,,Female,16,,199,2.0
female/117/1_DHA_16_2_199.jpg,117,DHA,,Female,16,,199,2.0
female/117/1_DHA_16_2_199.jpg,117,DHA,,Female,16,,199,2.0
female/117/1_DHA_16_2_199.jpg,117,DHA,,Female,16,,199,2.0
female/117/1_DHA_16_2_199.jpg,117,DHA,,Female,16,,199,2.0
female/117/1_DHA_16_2_199.jpg,117,DHA,,Female,16,,199,2.0
female/117/1_DHA_16_2_199.jpg,117,DHA,,Female,16,,199,2.0
female/117/1_DHA_16_2_199.jpg,117,DHA,,Female,16,,199,2.0
female/117/1_DHA_16_2_199.jpg,117,DHA,,Female,16,,199,2.0
female/117/1_DHA_16_2_199.jpg,117,DHA,,Female,16,,199,2.0
female/117/1_DHA_16_2_199.jpg,117,DHA,,Female,16,,199,2.0
female/117/1_DHA_16_2_199.jpg,117,DHA,,Female,16,,199,2.0
female/117/1_DHA_16_2_199.jpg,117,DHA,,Female,16,,199,2.0
female/117/1_DHA_16_2_199.jpg,117,DHA,,Female,16,,199,2.0
female/117/1_DHA_16_2_199.jpg,117,DHA,,Female,16,,199,2.0
female/117/1_DHA_16_2_199.jpg,117,DHA,,Female,16,,199,2.0
female/117/1_DHA_16_2_199.jpg,117,DHA,,Female,16,,199,2.0
female/117/1_DHA_16_2_199.jpg,117,DHA,,Female,16,,199,2.0
female/117/1_DHA_16_2_199.jpg,117,DHA,,Female,16,,199,2.0
female/117/1_DHA_16_2_199.jpg,117,DHA,,Female,16,,199,2.0
female/117/1_DHA_16_2_199.jpg,117,DHA,,Female,16,,199,2.0
female/117/1_DHA_16_2_199.jpg,117,DHA,,Female,16,,199,2.0
female/117/1_DHA_16_2_199.jpg,117,DHA,,Female,16,,199,2.0
female/117/1_DHA_16_2_199.jpg,117,DHA,,Female,16,,199,2.0
female/117/1_DHA_16_2_199.jpg,117,DHA,,Female,16,,199,2.0
female/117/1_DHA_16_2_199.jpg,117,DHA,,Female,16,,199,2.0
female/117/1_DHA_16_2_199.jpg,117,DHA,,Female,16,,199,2.0
female/117/1_DHA_16_2_199.jpg,117,DHA,,Female,16,,199,2.0
female/117/1_DHA_16_2_199.jpg,117,DHA,,Female,16,,199,2.0
female/117/1_DHA_16_2_199.jpg,117,DHA,,Female,16,,199,2.0
female/117/1_DHA_16_2_199.jpg,117,DHA,,Female,16,,199,2.0
female/117/1_DHA_16_2_199.jpg,117,DHA,,Female,16,,199,2.0
female/117/1_DHA_16_2_199.jpg,117,DHA,,Female,16,,199,2.0
female/117/1_DHA_16_2_199.jpg,117,DHA,,Female,16,,199,2.0
female/117/1_DHA_16_2_199.jpg,117,DHA,,Female,16,,199,2.0
female/117/1_DHA_16_2_199.jpg,117,DHA,,Female,16,,199,2.0
female/117/1_DHA_16_2_199.jpg,117,DHA,,Female,16,,199,2.0
female/117/1_DHA_16_2_199.jpg,117,DHA,,Female,16,,199,2.0
female/117/1_DHA_16_2_199.jpg,117,DHA,,Female,16,,199,2.0
female/117/1_DHA_16_2_199.jpg,117,DHA,,Female,16,,199,2.0
female/117/1_DHA_16_2_199.jpg,117,DHA,,Female,16,,199,2.0
female/117/1_DHA_16_2_199.jpg,117,DHA,,Female,16,,199,2.0
female/117/1_DHA_16_2_199.jpg,117,DHA,,Female,16,,199,2.0
female/117/1_DHA_16_2_199.jpg,117,DHA,,Female,16,,199,2.0
female/117/1_DHA_16_2_199.jpg,117,DHA,,Female,16,,199,2.0
female/117/1_DHA_16_2_199.jpg,117,DHA,,Female,16,,199,2.0
female/117/1_DHA_16_2_199.jpg,117,DHA,,Female,16,,199,2.0
female/117/1_DHA_16_2_199.jpg,117,DHA,,Female,16,,199,2.0
female/117/1_DHA_16_2_199.jpg,117,DHA,,Female,16,,199,2.0
female/117/1_DHA_16_2_199.jpg,117,DHA,,Female,16,,199,2.0
female/117/1_DHA_16_2_199.jpg,117,DHA,,Female,16,,199,2.0
female/117/1_DHA_16_2_199.jpg,117,DHA,,Female,16,,199,2.0
female/117/1_DHA_16_2_199.jpg,117,DHA,,Female,16,,199,2.0
female/117/1_DHA_16_2_199.jpg,117,DHA,,Female,16,,199,2.0
female/117/1_DHA_16_2_199.jpg,117,DHA,,Female,16,,199,2.0
female/117/1_DHA_16_2_199.jpg,117,DHA,,Female,16,,199,2.0
female/117/1_DHA_16_2_199.jpg,117,DHA,,Female,16,,199,2.0
female/117/1_DHA_16_2_199.jpg,117,DHA,,Female,16,,199,2.0
female/117/1_DHA_16_2_199.jpg,117,DHA,,Female,16,,199,2.0
female/117/1_DHA_16_2_199.jpg,117,DHA,,Female,16,,199,2.0
female/117/1_DHA_16_2_199.jpg,117,DHA,,Female,16,,199,2.0
female/117/1_DHA_16_2_199.jpg,117,DHA,,Female,16,,199,2.0
female/117/1_DHA_16_2_199.jpg,117,DHA,,Female,16,,199,2.0
female/117/1_DHA_16_2_199.jpg,117,DHA,,Female,16,,199,2.0
female/117/1_DHA_16_2_199.jpg,117,DHA,,Female,16,,199,2.0
female/117/1_DHA_16_2_199.jpg,117,DHA,,Female,16,,199,2.0
female/117/1_DHA_16_2_199.jpg,117,DHA,,Female,16,,199,2.0
female/117/1_DHA_16_2_199.jpg,117,DHA,,Female,16,,199,2.0
female/117/1_DHA_16_2_199.jpg,117,DHA,,Female,16,,199,2.0
female/117/1_DHA_16_2_199.jpg,117,DHA,,Female,16,,199,2.0
female/117/1_DHA_16_2_199.jpg,117,DHA,,Female,16,,199,2.0
female/117/1_DHA_16_2_199.jpg,117,DHA,,Female,16,,199,2.0
female/117/1_DHA_16_2_199.jpg,117,DHA,,Female,16,,199,2.0
female/117/1_DHA_16_2_199.jpg,117,DHA,,Female,16,,199,2.0
female/117/1_DHA_16_2_199.jpg,117,DHA,,Female,16,,199,2.0
female/117/1_DHA_16_2_199.jpg,117,DHA,,Female,16,,199,2.0
female/117/1_DHA_16_2_199.jpg,117,DHA,,Female,16,,199,2.0
female/117/1_DHA_16_2_199.jpg,117,DHA,,Female,16,,199,2.0
female/117/1_DHA_16_2_199.jpg,117,DHA,,Female,16,,199,2.0
female/117/1_DHA_16_2_199.jpg,117,DHA,,Female,16,,199,2.0
female/117/1_DHA_16_2_199.jpg,117,DHA,,Female,16,,199,2.0
female/117/1_DHA_16_2_199.jpg,117,DHA,,Female,16,,199,2.0
female/117/1_DHA_16_2_199.jpg,117,DHA,,Female,16,,199,2.0
female/117/1_DHA_16_2_199.jpg,117,DHA,,Female,16,,199,2.0
female/117/1_DHA_16_2_199.jpg,117,DHA,,Female,16,,199,2.0
female/117/1_DHA_16_2_199.jpg,117,DHA,,Female,16,,199,2.0
female/117/1_DHA_16_2_199.jpg,117,DHA,,Female,16,,199,2.0
female/117/1_DHA_16_2_199.jpg,117,DHA,,Female,16,,199,2.0
female/117/1_DHA_16_2_199.jpg,117,DHA,,Female,16,,199,2.0
female/117/1_DHA_16_2_199.jpg,117,DHA,,Female,16,,199,2.0
female/117/1_DHA_16_2_199.jpg,117,DHA,,Female,16,,199,2.0
female/117/1_DHA_16_2_199.jpg,117,DHA,,Female,16,,199,2.0
female/117/1_DHA_16_2_199.jpg,117,DHA,,Female,16,,199,2.0
female/117/1_DHA_16_2_199.jpg,117,DHA,,Female,16,,199,2.0
female/117/1_DHA_16_2_199.jpg,117,DHA,,Female,16,,199,2.0
female/117/1_DHA_16_2_199.jpg,117,DHA,,Female,16,,199,2.0
female/117/1_DHA_16_2_199.jpg,117,DHA,,Female,16,,199,2.0
female/117/1_DHA_16_2_199.jpg,117,DHA,,Female,16,,199,2.0
female/117/1_DHA_16_2_199.jpg,117,DHA,,Female,16,,199,2.0
female/117/1_DHA_16_2_199.jpg,117,DHA,,Female,16,,199,2.0
female/117/1_DHA_16_2_199.jpg,117,DHA,,Female,16,,199,2.0
female/117/1_DHA_16_2_199.jpg,117,DHA,,Female,16,,199,2.0
female/117/1_DHA_16_2_199.jpg,117,DHA,,Female,16,,199,2.0
female/117/1_DHA_16_2_199.jpg,117,DHA,,Female,16,,199,2.0
female/117/1_DHA_16_2_199.jpg,117,DHA,,Female,16,,199,2.0
female/117/1_DHA_16_2_199.jpg,117,DHA,,Female,16,,199,2.0
female/117/1_DHA_16_2_199.jpg,117,DHA,,Female,16,,199,2.0
female/117/1_DHA_16_2_199.jpg,117,DHA,,Female,16,,199,2.0
female/117/1_DHA_16_2_199.jpg,117,DHA,,Female,16,,199,2.0
female/117/1_DHA_16_2_199.jpg,117,DHA,,Female,16,,199,2.0
female/117/1_DHA_16_2_199.jpg,117,DHA,,Female,16,,199,2.0
female/117/1_DHA_16_2_199.jpg,117,DHA,,Female,16,,199,2.0
female/117/1_DHA_16_2_199.jpg,117,DHA,,Female,16,,199,2.0
female/117/1_DHA_16_2_199.jpg,117,DHA,,Female,16,,199,2.0
female/117/1_DHA_16_2_199.jpg,117,DHA,,Female,16,,199,2.0
female/117/1_DHA_16_2_199.jpg,117,DHA,,Female,16,,199,2.0
female/117/1_DHA_16_2_199.jpg,117,DHA,,Female,16,,199,2.0
female/117/1_DHA_16_2_199.jpg,117,DHA,,Female,16,,199,2.0
female/117/1_DHA_16_2_199.jpg,117,DHA,,Female,16,,199,2.0
female/117/1_DHA_16_2_199.jpg,117,DHA,,Female,16,,199,2.0
female/117/1_DHA_16_2_199.jpg,117,DHA,,Female,16,,199,2.0
female/117/1_DHA_16_2_199.jpg,117,DHA,,Female,16,,199,2.0
female/117/1_DHA_16_2_199.jpg,117,DHA,,Female,16,,199,2.0
female/117/1_DHA_16_2_199.jpg,117,DHA,,Female,16,,199,2.0
female/117/1_DHA_16_2_199.jpg,117,DHA,,Female,16,,199,2.0
female/117/1_DHA_16_2_199.jpg,117,DHA,,Female,16,,199,2.0
female/117/1_DHA_16_2_199.jpg,117,DHA,,Female,16,,199,2.0
female/117/1_DHA_16_2_199.jpg,117,DHA,,Female,16,,199,2.0
female/117/1_DHA_16_2_199.jpg,117,DHA,,Female,16,,199,2.0
female/117/1_DHA_16_2_199.jpg,117,DHA,,Female,16,,199,2.0
female/117/1_DHA_16_2_199.jpg,117,DHA,,Female,16,,199,2.0
female/117/1_DHA_16_2_199.jpg,117,DHA,,Female,16,,199,2.0
female/117/1_DHA_16_2_199.jpg,117,DHA,,Female,16,,199,2.0
female/117/1_DHA_16_2_199.jpg,117,DHA,,Female,16,,199,2.0
female/117/1_DHA_16_2_199.jpg,117,DHA,,Female,16,,199,2.0
female/117/1_DHA_16_2_199.jpg,117,DHA,,Female,16,,199,2.0
female/117/1_DHA_16_2_199.jpg,117,DHA,,Female,16,,199,2.0
female/117/1_DHA_16_2_199.jpg,117,DHA,,Female,16,,199,2.0
female/117/1_DHA_16_2_199.jpg,117,DHA,,Female,16,,199,2.0
female/117/1_DHA_16_2_199.jpg,117,DHA,,Female,16,,199,2.0
female/117/1_DHA_16_2_199.jpg,117,DHA,,Female,16,,199,2.0
female/117/1_DHA_16_2_199.jpg,117,DHA,,Female,16,,199,2.0
female/117/1_DHA_16_2_199.jpg,117,DHA,,Female,16,,199,2.0
female/117/1_DHA_16_2_199.jpg,117,DHA,,Female,16,,199,2.0
female/117/1_DHA_16_2_199.jpg,117,DHA,,Female,16,,199,2.0
female/117/1_DHA_16_2_199.jpg,117,DHA,,Female,16,,199,2.0
female/117/1_DHA_16_2_199.jpg,117,DHA,,Female,16,,199,2.0
female/117/1_DHA_16_2_199.jpg,117,DHA,,Female,16,,199,2.0
female/117/1_DHA_16_2_199.jpg,117,DHA,,Female,16,,199,2.0
female/117/1_DHA_16_2_199.jpg,117,DHA,,Female,16,,199,2.0
female/117/1_DHA_16_2_199.jpg,117,DHA,,Female,16,,199,2.0
female/117/1_DHA_16_2_199.jpg,117,DHA,,Female,16,,199,2.0
female/117/1_DHA_16_2_199.jpg,117,DHA,,Female,16,,199,2.0
female/117/1_DHA_16_2_199.jpg,117,DHA,,Female,16,,199,2.0
female/117/1_DHA_16_2_199.jpg,117,DHA,,Female,16,,199,2.0
female/117/1_DHA_16_2_199.jpg,117,DHA,,Female,16,,199,2.0
female/117/1_DHA_16_2_199.jpg,117,DHA,,Female,16,,199,2.0
female/117/1_DHA_16_2_199.jpg,117,DHA,,Female,16,,199,2.0
female/117/1_DHA_16_2_199.jpg,117,DHA,,Female,16,,199,2.0
female/117/1_DHA_16_2_199.jpg,117,DHA,,Female,16,,199,2.0
female/117/1_DHA_16_2_199.jpg,117,DHA,,Female,16,,199,2.0
female/117/1_DHA_16_2_199.jpg,117,DHA,,Female,16,,199,2.0
female/117/1_DHA_16_2_199.jpg,117,DHA,,Female,16,,199,2.0
female/117/1_DHA_16_2_199.jpg,117,DHA,,Female,16,,199,2.0
female/117/1_DHA_16_2_199.jpg,117,DHA,,Female,16,,199,2.0
female/117/1_DHA_16_2_199.jpg,117,DHA,,Female,16,,199,2.0
female/117/1_DHA_16_2_199.jpg,117,DHA,,Female,16,,199,2.0
female/117/1_DHA_16_2_199.jpg,117,DHA,,Female,16,,199,2.0
female/117/1_DHA_16_2_199.jpg,117,DHA,,Female,16,,199,2.0
female/117/1_DHA_16_2_199.jpg,117,DHA,,Female,16,,199,2.0
female/117/1_DHA_16_2_199.jpg,117,DHA,,Female,16,,199,2.0
female/117/1_DHA_16_2_199.jpg,117,DHA,,Female,16,,199,2.0
female/117/1_DHA_16_2_199.jpg,117,DHA,,Female,16,,199,2.0
female/117/1_DHA_16_2_199.jpg,117,DHA,,Female,16,,199,2.0
female/117/1_DHA_16_2_199.jpg,117,DHA,,Female,16,,199,2.0
female/117/1_DHA_16_2_199.jpg,117,DHA,,Female,16,,199,2.0
female/117/1_DHA_16_2_199.jpg,117,DHA,,Female,16,,199,2.0
female/117/1_DHA_16_2_199.jpg,117,DHA,,Female,16,,199,2.0
female/117/1_DHA_16_2_199.jpg,117,DHA,,Female,16,,199,2.0
female/117/1_DHA_16_2_199.jpg,117,DHA,,Female,16,,199,2.0
female/117/1_DHA_16_2_199.jpg,117,DHA,,Female,16,,199,2.0
female/117/1_DHA_16_2_199.jpg,117,DHA,,Female,16,,199,2.0
female/117/1_DHA_16_2_199.jpg,117,DHA,,Female,16,,199,2.0
female/117/1_DHA_16_2_199.jpg,117,DHA,,Female,16,,199,2.0
female/117/1_DHA_16_2_199.jpg,117,DHA,,Female,16,,199,2.0
female/117/1_DHA_16_2_199.jpg,117,DHA,,Female,16,,199,2.0
female/117/1_DHA_16_2_199.jpg,117,DHA,,Female,16,,199,2.0
female/117/1_DHA_16_2_199.jpg,117,DHA,,Female,16,,199,2.0
female/117/1_DHA_16_2_199.jpg,117,DHA,,Female,16,,199,2.0
female/117/1_DHA_16_2_199.jpg,117,DHA,,Female,16,,199,2.0
female/117/1_DHA_16_2_199.jpg,117,DHA,,Female,16,,199,2.0
female/117/1_DHA_16_2_199.jpg,117,DHA,,Female,16,,199,2.0
female/117/1_DHA_16_2_199.jpg,117,DHA,,Female,16,,199,2.0
female/117/1_DHA_16_2_199.jpg,117,DHA,,Female,16,,199,2.0
female/117/1_DHA_16_2_199.jpg,117,DHA,,Female,16,,199,2.0
female/117/1_DHA_16_2_199.jpg,117,DHA,,Female,16,,199,2.0
female/117/1_DHA_16_2_199.jpg,117,DHA,,Female,16,,199,2.0
female/117/1_DHA_16_2_199.jpg,117,DHA,,Female,16,,199,2.0
female/117/1_DHA_16_2_199.jpg,117,DHA,,Female,16,,199,2.0
female/117/1_DHA_16_2_199.jpg,117,DHA,,Female,16,,199,2.0
female/117/1_DHA_16_2_199.jpg,117,DHA,,Female,16,,199,2.0
female/117/1_DHA_16_2_199.jpg,117,DHA,,Female,16,,199,2.0
female/117/1_DHA_16_2_199.jpg,117,DHA,,Female,16,,199,2.0
female/117/1_DHA_16_2_199.jpg,117,DHA,,Female,16,,199,2.0
female/117/1_DHA_16_2_199.jpg,117,DHA,,Female,16,,199,2.0
female/117/1_DHA_16_2_199.jpg,117,DHA,,Female,16,,199,2.0
female/117/1_DHA_16_2_199.jpg,117,DHA,,Female,16,,199,2.0
female/117/1_DHA_16_2_199.jpg,117,DHA,,Female,16,,199,2.0
female/117/1_DHA_16_2_199.jpg,117,DHA,,Female,16,,199,2.0
female/117/1_DHA_16_2_199.jpg,117,DHA,,Female,16,,199,2.0
female/117/1_DHA_16_2_199.jpg,117,DHA,,Female,16,,199,2.0
female/117/1_DHA_16_2_199.jpg,117,DHA,,Female,16,,199,2.0
female/117/1_DHA_16_2_199.jpg,117,DHA,,Female,16,,199,2.0
female/117/1_DHA_16_2_199.jpg,117,DHA,,Female,16,,199,2.0
female/117/1_DHA_16_2_199.jpg,117,DHA,,Female,16,,199,2.0
female/117/1_DHA_16_2_199.jpg,117,DHA,,Female,16,,199,2.0
female/117/1_DHA_16_2_199.jpg,117,DHA,,Female,16,,199,2.0
female/117/1_DHA_16_2_199.jpg,117,DHA,,Female,16,,199,2.0
female/117/1_DHA_16_2_199.jpg,117,DHA,,Female,16,,199,2.0
female/117/1_DHA_16_2_199.jpg,117,DHA,,Female,16,,199,2.0
female/117/1_DHA_16_2_199.jpg,117,DHA,,Female,16,,199,2.0
female/117/1_DHA_16_2_199.jpg,117,DHA,,Female,16,,199,2.0
female/117/1_DHA_16_2_199.jpg,117,DHA,,Female,16,,199,2.0
female/117/1_DHA_16_2_199.jpg,117,DHA,,Female,16,,199,2.0
female/117/1_DHA_16_2_199.jpg,117,DHA,,Female,16,,199,2.0
female/117/1_DHA_16_2_199.jpg,117,DHA,,Female,16,,199,2.0
female/117/1_DHA_16_2_199.jpg,117,DHA,,Female,16,,199,2.0
female/117/1_DHA_16_2_199.jpg,117,DHA,,Female,16,,199,2.0
female/117/1_DHA_16_2_199.jpg,117,DHA,,Female,16,,199,2.0
female/117/1_DHA_16_2_199.jpg,117,DHA,,Female,16,,199,2.0
female/117/1_DHA_16_2_199.jpg,117,DHA,,Female,16,,199,2.0
female/117/1_DHA_16_2_199.jpg,117,DHA,,Female,16,,199,2.0
female/117/1_DHA_16_2_199.jpg,117,DHA,,Female,16,,199,2.0
female/117/1_DHA_16_2_199.jpg,117,DHA,,Female,16,,199,2.0
female/117/1_DHA_16_2_199.jpg,117,DHA,,Female,16,,199,2.0
female/117/1_DHA_16_2_199.jpg,117,DHA,,Female,16,,199,2.0
female/117/1_DHA_16_2_199.jpg,117,DHA,,Female,16,,199,2.0
female/117/1_DHA_16_2_199.jpg,117,DHA,,Female,16,,199,2.0
female/117/1_DHA_16_2_199.jpg,117,DHA,,Female,16,,199,2.0
female/117/1_DHA_16_2_199.jpg,117,DHA,,Female,16,,199,2.0
female/117/1_DHA_16_2_199.jpg,117,DHA,,Female,16,,199,2.0
female/117/1_DHA_16_2_199.jpg,117,DHA,,Female,16,,199,2.0
female/117/1_DHA_16_2_199.jpg,117,DHA,,Female,16,,199,2.0
female/117/1_DHA_16_2_199.jpg,117,DHA,,Female,16,,199,2.0
female/117/1_DHA_16_2_199.jpg,117,DHA,,Female,16,,199,2.0
female/117/1_DHA_16_2_199.jpg,117,DHA,,Female,16,,199,2.0
female/117/1_DHA_16_2_199.jpg,117,DHA,,Female,16,,199,2.0
female/117/1_DHA_16_2_199.jpg,117,DHA,,Female,16,,199,2.0
female/117/1_DHA_16_2_199.jpg,117,DHA,,Female,16,,199,2.0
female/117/1_DHA_16_2_199.jpg,117,DHA,,Female,16,,199,2.0
female/117/1_DHA_16_2_199.jpg,117,DHA,,Female,16,,199,2.0
female/117/1_DHA_16_2_199.jpg,117,DHA,,Female,16,,199,2.0
female/117/1_DHA_16_2_199.jpg,117,DHA,,Female,16,,199,2.0
female/117/1_DHA_16_2_199.jpg,117,DHA,,Female,16,,199,2.0
female/117/1_DHA_16_2_199.jpg,117,DHA,,Female,16,,199,2.0
female/117/1_DHA_16_2_199.jpg,117,DHA,,Female,16,,199,2.0
female/117/1_DHA_16_2_199.jpg,117,DHA,,Female,16,,199,2.0
female/117/1_DHA_16_2_199.jpg,117,DHA,,Female,16,,199,2.0
female/117/1_DHA_16_2_199.jpg,117,DHA,,Female,16,,199,2.0
female/117/1_DHA_16_2_199.jpg,117,DHA,,Female,16,,199,2.0
female/117/1_DHA_16_2_199.jpg,117,DHA,,Female,16,,199,2.0
female/117/1_DHA_16_2_199.jpg,117,DHA,,Female,16,,199,2.0
female/117/1_DHA_16_2_199.jpg,117,DHA,,Female,16,,199,2.0
female/117/1_DHA_16_2_199.jpg,117,DHA,,Female,16,,199,2.0
female/117/1_DHA_16_2_199.jpg,117,DHA,,Female,16,,199,2.0
female/117/1_DHA_16_2_199.jpg,117,DHA,,Female,16,,199,2.0
female/117/1_DHA_16_2_199.jpg,117,DHA,,Female,16,,199,2.0
female/117/1_DHA_16_2_199.jpg,117,DHA,,Female,16,,199,2.0
female/117/1_DHA_16_2_199.jpg,117,DHA,,Female,16,,199,2.0
female/117/1_DHA_16_2_199.jpg,117,DHA,,Female,16,,199,2.0
female/117/1_DHA_16_2_199.jpg,117,DHA,,Female,16,,199,2.0
female/117/1_DHA_16_2_199.jpg,117,DHA,,Female,16,,199,2.0
female/117/1_DHA_16_2_199.jpg,117,DHA,,Female,16,,199,2.0
female/117/1_DHA_16_2_199.jpg,117,DHA,,Female,16,,199,2.0
female/117/1_DHA_16_2_199.jpg,117,DHA,,Female,16,,199,2.0
female/117/1_DHA_16_2_199.jpg,117,DHA,,Female,16,,199,2.0
female/117/1_DHA_16_2_199.jpg,117,DHA,,Female,16,,199,2.0
female/117/1_DHA_16_2_199.jpg,117,DHA,,Female,16,,199,2.0
female/117/1_DHA_16_2_199.jpg,117,DHA,,Female,16,,199,2.0
female/117/1_DHA_16_2_199.jpg,117,DHA,,Female,16,,199,2.0
female/117/1_DHA_16_2_199.jpg,117,DHA,,Female,16,,199,2.0
female/117/1_DHA_16_2_199.jpg,117,DHA,,Female,16,,199,2.0
female/117/1_DHA_16_2_199.jpg,117,DHA,,Female,16,,199,2.0
female/117/1_DHA_16_2_199.jpg,117,DHA,,Female,16,,199,2.0
female/117/1_DHA_16_2_199.jpg,117,DHA,,Female,16,,199,2.0
female/117/1_DHA_16_2_199.jpg,117,DHA,,Female,16,,199,2.0
female/117/1_DHA_16_2_199.jpg,117,DHA,,Female,16,,199,2.0
female/117/1_DHA_16_2_199.jpg,117,DHA,,Female,16,,199,2.0
female/117/1_DHA_16_2_199.jpg,117,DHA,,Female,16,,199,2.0
female/117/1_DHA_16_2_199.jpg,117,DHA,,Female,16,,199,2.0
female/117/1_DHA_16_2_199.jpg,117,DHA,,Female,16,,199,2.0
female/117/1_DHA_16_2_199.jpg,117,DHA,,Female,16,,199,2.0
female/117/1_DHA_16_2_199.jpg,117,DHA,,Female,16,,199,2.0
female/117/1_DHA_16_2_199.jpg,117,DHA,,Female,16,,199,2.0
female/117/1_DHA_16_2_199.jpg,117,DHA,,Female,16,,199,2.0
female/117/1_DHA_16_2_199.jpg,117,DHA,,Female,16,,199,2.0
female/117/1_DHA_16_2_199.jpg,117,DHA,,Female,16,,199,2.0
female/117/1_DHA_16_2_199.jpg,117,DHA,,Female,16,,199,2.0
female/117/1_DHA_16_2_199.jpg,117,DHA,,Female,16,,199,2.0
female/117/1_DHA_16_2_199.jpg,117,DHA,,Female,16,,199,2.0
female/117/1_DHA_16_2_199.jpg,117,DHA,,Female,16,,199,2.0
female/117/1_DHA_16_2_199.jpg,117,DHA,,Female,16,,199,2.0
female/117/1_DHA_16_2_199.jpg,117,DHA,,Female,16,,199,2.0
female/117/1_DHA_16_2_199.jpg,117,DHA,,Female,16,,199,2.0
female/117/1_DHA_16_2_199.jpg,117,DHA,,Female,16,,199,2.0
female/117/1_DHA_16_2_199.jpg,117,DHA,,Female,16,,199,2.0
female/117/1_DHA_16_2_199.jpg,117,DHA,,Female,16,,199,2.0
female/117/1_DHA_16_2_199.jpg,117,DHA,,Female,16,,199,2.0
female/117/1_DHA_16_2_199.jpg,117,DHA,,Female,16,,199,2.0
female/117/1_DHA_16_2_199.jpg,117,DHA,,Female,16,,199,2.0
female/117/1_DHA_16_2_199.jpg,117,DHA,,Female,16,,199,2.0
female/117/1_DHA_16_2_199.jpg,117,DHA,,Female,16,,199,2.0
female/117/1_DHA_16_2_199.jpg,117,DHA,,Female,16,,199,2.0
female/117/1_DHA_16_2_199.jpg,117,DHA,,Female,16,,199,2.0
female/117/1_DHA_16_2_199.jpg,117,DHA,,Female,16,,199,2.0
female/117/1_DHA_16_2_199.jpg,117,DHA,,Female,16,,199,2.0
female/117/1_DHA_16_2_199.jpg,117,DHA,,Female,16,,199,2.0
female/117/1_DHA_16_2_199.jpg,117,DHA,,Female,16,,199,2.0
female/117/1_DHA_16_2_199.jpg,117,DHA,,Female,16,,199,2.0
female/117/1_DHA_16_2_199.jpg,117,DHA,,Female,16,,199,2.0
female/117/1_DHA_16_2_199.jpg,117,DHA,,Female,16,,199,2.0
female/117/1_DHA_16_2_199.jpg,117,DHA,,Female,16,,199,2.0
female/117/1_DHA_16_2_199.jpg,117,DHA,,Female,16,,199,2.0
female/117/1_DHA_16_2_199.jpg,117,DHA,,Female,16,,199,2.0
female/117/1_DHA_16_2_199.jpg,117,DHA,,Female,16,,199,2.0
female/117/1_DHA_16_2_199.jpg,117,DHA,,Female,16,,199,2.0
female/117/1_DHA_16_2_199.jpg,117,DHA,,Female,16,,199,2.0
female/117/1_DHA_16_2_199.jpg,117,DHA,,Female,16,,199,2.0
female/117/1_DHA_16_2_199.jpg,117,DHA,,Female,16,,199,2.0
female/117/1_DHA_16_2_199.jpg,117,DHA,,Female,16,,199,2.0
female/117/1_DHA_16_2_199.jpg,117,DHA,,Female,16,,199,2.0
female/117/1_DHA_16_2_199.jpg,117,DHA,,Female,16,,199,2.0
female/117/1_DHA_16_2_199.jpg,117,DHA,,Female,16,,199,2.0
female/117/1_DHA_16_2_199.jpg,117,DHA,,Female,16,,199,2.0
female/117/1_DHA_16_2_199.jpg,117,DHA,,Female,16,,199,2.0
female/117/1_DHA_16_2_199.jpg,117,DHA,,Female,16,,199,2.0
female/117/1_DHA_16_2_199.jpg,117,DHA,,Female,16,,199,2.0
female/117/1_DHA_16_2_199.jpg,117,DHA,,Female,16,,199,2.0
female/117/1_DHA_16_2_199.jpg,117,DHA,,Female,16,,199,2.0
female/117/1_DHA_16_2_199.jpg,117,DHA,,Female,16,,199,2.0
female/117/1_DHA_16_2_199.jpg,117,DHA,,Female,16,,199,2.0
female/117/1_DHA_16_2_199.jpg,117,DHA,,Female,16,,199,2.0
female/117/1_DHA_16_2_199.jpg,117,DHA,,Female,16,,199,2.0
female/117/1_DHA_16_2_199.jpg,117,DHA,,Female,16,,199,2.0
female/117/1_DHA_16_2_199.jpg,117,DHA,,Female,16,,199,2.0
female/117/1_DHA_16_2_199.jpg,117,DHA,,Female,16,,199,2.0
female/117/1_DHA_16_2_199.jpg,117,DHA,,Female,16,,199,2.0
female/117/1_DHA_16_2_199.jpg,117,DHA,,Female,16,,199,2.0
female/117/1_DHA_16_2_199.jpg,117,DHA,,Female,16,,199,2.0
female/117/1_DHA_16_2_199.jpg,117,DHA,,Female,16,,199,2.0
female/117/1_DHA_16_2_199.jpg,117,DHA,,Female,16,,199,2.0
female/117/1_DHA_16_2_199.jpg,117,DHA,,Female,16,,199,2.0
female/117/1_DHA_16_2_199.jpg,117,DHA,,Female,16,,199,2.0
female/117/1_DHA_16_2_199.jpg,117,DHA,,Female,16,,199,2.0
female/117/1_DHA_16_2_199.jpg,117,DHA,,Female,16,,199,2.0
female/117/1_DHA_16_2_199.jpg,117,DHA,,Female,16,,199,2.0
female/117/1_DHA_16_2_199.jpg,117,DHA,,Female,16,,199,2.0
female/117/1_DHA_16_2_199.jpg,117,DHA,,Female,16,,199,2.0
female/117/1_DHA_16_2_199.jpg,117,DHA,,Female,16,,199,2.0
female/117/1_DHA_16_2_199.jpg,117,DHA,,Female,16,,199,2.0
female/117/1_DHA_16_2_199.jpg,117,DHA,,Female,16,,199,2.0
female/117/1_DHA_16_2_199.jpg,117,DHA,,Female,16,,199,2.0
female/117/1_DHA_16_2_199.jpg,117,DHA,,Female,16,,199,2.0
female/117/1_DHA_16_2_199.jpg,117,DHA,,Female,16,,199,2.0
female/117/1_DHA_16_2_199.jpg,117,DHA,,Female,16,,199,2.0
female/117/1_DHA_16_2_199.jpg,117,DHA,,Female,16,,199,2.0
female/117/1_DHA_16_2_199.jpg,117,DHA,,Female,16,,199,2.0
female/117/1_DHA_16_2_199.jpg,117,DHA,,Female,16,,199,2.0
female/117/1_DHA_16_2_199.jpg,117,DHA,,Female,16,,199,2.0
female/117/1_DHA_16_2_199.jpg,117,DHA,,Female,16,,199,2.0
female/117/1_DHA_16_2_199.jpg,117,DHA,,Female,16,,199,2.0
female/117/1_DHA_16_2_199.jpg,117,DHA,,Female,16,,199,2.0
female/117/1_DHA_16_2_199.jpg,117,DHA,,Female,16,,199,2.0
female/117/1_DHA_16_2_199.jpg,117,DHA,,Female,16,,199,2.0
female/117/1_DHA_16_2_199.jpg,117,DHA,,Female,16,,199,2.0
female/117/1_DHA_16_2_199.jpg,117,DHA,,Female,16,,199,2.0
female/117/1_DHA_16_2_199.jpg,117,DHA,,Female,16,,199,2.0
female/117/1_DHA_16_2_199.jpg,117,DHA,,Female,16,,199,2.0
female/117/1_DHA_16_2_199.jpg,117,DHA,,Female,16,,199,2.0
female/117/1_DHA_16_2_199.jpg,117,DHA,,Female,16,,199,2.0
female/117/1_DHA_16_2_199.jpg,117,DHA,,Female,16,,199,2.0
female/117/1_DHA_16_2_199.jpg,117,DHA,,Female,16,,199,2.0
female/117/1_DHA_16_2_199.jpg,117,DHA,,Female,16,,199,2.0
female/117/1_DHA_16_2_199.jpg,117,DHA,,Female,16,,199,2.0
female/117/1_DHA_16_2_199.jpg,117,DHA,,Female,16,,199,2.0
female/117/1_DHA_16_2_199.jpg,117,DHA,,Female,16,,199,2.0
female/117/1_DHA_16_2_199.jpg,117,DHA,,Female,16,,199,2.0
female/117/1_DHA_16_2_199.jpg,117,DHA,,Female,16,,199,2.0
female/117/1_DHA_16_2_199.jpg,117,DHA,,Female,16,,199,2.0
female/117/1_DHA_16_2_199.jpg,117,DHA,,Female,16,,199,2.0
female/117/1_DHA_16_2_199.jpg,117,DHA,,Female,16,,199,2.0
female/117/1_DHA_16_2_199.jpg,117,DHA,,Female,16,,199,2.0
female/117/1_DHA_16_2_199.jpg,117,DHA,,Female,16,,199,2.0
female/117/1_DHA_16_2_199.jpg,117,DHA,,Female,16,,199,2.0
female/117/1_DHA_16_2_199.jpg,117,DHA,,Female,16,,199,2.0
female/117/1_DHA_16_2_199.jpg,117,DHA,,Female,16,,199,2.0
female/117/1_DHA_16_2_199.jpg,117,DHA,,Female,16,,199,2.0
female/117/1_DHA_16_2_199.jpg,117,DHA,,Female,16,,199,2.0
female/117/1_DHA_16_2_199.jpg,117,DHA,,Female,16,,199,2.0
female/117/1_DHA_16_2_199.jpg,117,DHA,,Female,16,,199,2.0
female/117/1_DHA_16_2_199.jpg,117,DHA,,Female,16,,199,2.0
female/117/1_DHA_16_2_199.jpg,117,DHA,,Female,16,,199,2.0
female/117/1_DHA_16_2_199.jpg,117,DHA,,Female,16,,199,2.0
female/117/1_DHA_16_2_199.jpg,117,DHA,,Female,16,,199,2.0
female/117/1_DHA_16_2_199.jpg,117,DHA,,Female,16,,199,2.0
female/117/1_DHA_16_2_199.jpg,117,DHA,,Female,16,,199,2.0
female/117/1_DHA_16_2_199.jpg,117,DHA,,Female,16,,199,2.0
female/117/1_DHA_16_2_199.jpg,117,DHA,,Female,16,,199,2.0
female/117/1_DHA_16_2_199.jpg,117,DHA,,Female,16,,199,2.0
female/117/1_DHA_16_2_199.jpg,117,DHA,,Female,16,,199,2.0
female/117/1_DHA_16_2_199.jpg,117,DHA,,Female,16,,199,2.0
female/117/1_DHA_16_2_199.jpg,117,DHA,,Female,16,,199,2.0
female/117/1_DHA_16_2_199.jpg,117,DHA,,Female,16,,199,2.0
female/117/1_DHA_16_2_199.jpg,117,DHA,,Female,16,,199,2.0
female/117/1_DHA_16_2_199.jpg,117,DHA,,Female,16,,199,2.0
female/117/1_DHA_16_2_199.jpg,117,DHA,,Female,16,,199,2.0
female/117/1_DHA_16_2_199.jpg,117,DHA,,Female,16,,199,2.0
female/117/1_DHA_16_2_199.jpg,117,DHA,,Female,16,,199,2.0
female/117/1_DHA_16_2_199.jpg,117,DHA,,Female,16,,199,2.0
female/117/1_DHA_16_2_199.jpg,117,DHA,,Female,16,,199,2.0
female/117/1_DHA_16_2_199.jpg,117,DHA,,Female,16,,199,2.0
female/117/1_DHA_16_2_199.jpg,117,DHA,,Female,16,,199,2.0
female/117/1_DHA_16_2_199.jpg,117,DHA,,Female,16,,199,2.0
female/117/1_DHA_16_2_199.jpg,117,DHA,,Female,16,,199,2.0
female/117/1_DHA_16_2_199.jpg,117,DHA,,Female,16,,199,2.0
female/117/1_DHA_16_2_199.jpg,117,DHA,,Female,16,,199,2.0
female/117/1_DHA_16_2_199.jpg,117,DHA,,Female,16,,199,2.0
female/117/1_DHA_16_2_199.jpg,117,DHA,,Female,16,,199,2.0
female/117/1_DHA_16_2_199.jpg,117,DHA,,Female,16,,199,2.0
female/117/1_DHA_16_2_199.jpg,117,DHA,,Female,16,,199,2.0
female/117/1_DHA_16_2_199.jpg,117,DHA,,Female,16,,199,2.0
female/117/1_DHA_16_2_199.jpg,117,DHA,,Female,16,,199,2.0
female/117/1_DHA_16_2_199.jpg,117,DHA,,Female,16,,199,2.0
female/117/1_DHA_16_2_199.jpg,117,DHA,,Female,16,,199,2.0
female/117/1_DHA_16_2_199.jpg,117,DHA,,Female,16,,199,2.0
female/117/1_DHA_16_2_199.jpg,117,DHA,,Female,16,,199,2.0
female/117/1_DHA_16_2_199.jpg,117,DHA,,Female,16,,199,2.0
female/117/1_DHA_16_2_199.jpg,117,DHA,,Female,16,,199,2.0
female/117/1_DHA_16_2_199.jpg,117,DHA,,Female,16,,199,2.0
female/117/1_DHA_16_2_199.jpg,117,DHA,,Female,16,,199,2.0
female/117/1_DHA_16_2_199.jpg,117,DHA,,Female,16,,199,2.0
female/117/1_DHA_16_2_199.jpg,117,DHA,,Female,16,,199,2.0
female/117/1_DHA_16_2_199.jpg,117,DHA,,Female,16,,199,2.0
female/117/1_DHA_16_2_199.jpg,117,DHA,,Female,16,,199,2.0
female/117/1_DHA_16_2_199.jpg,117,DHA,,Female,16,,199,2.0
female/117/1_DHA_16_2_199.jpg,117,DHA,,Female,16,,199,2.0
female/117/1_DHA_16_2_199.jpg,117,DHA,,Female,16,,199,2.0
female/117/1_DHA_16_2_199.jpg,117,DHA,,Female,16,,199,2.0
female/117/1_DHA_16_2_199.jpg,117,DHA,,Female,16,,199,2.0
female/117/1_DHA_16_2_199.jpg,117,DHA,,Female,16,,199,2.0
female/117/1_DHA_16_2_199.jpg,117,DHA,,Female,16,,199,2.0
female/117/1_DHA_16_2_199.jpg,117,DHA,,Female,16,,199,2.0
female/117/1_DHA_16_2_199.jpg,117,DHA,,Female,16,,199,2.0
female/117/1_DHA_16_2_199.jpg,117,DHA,,Female,16,,199,2.0
female/117/1_DHA_16_2_199.jpg,117,DHA,,Female,16,,199,2.0
female/117/1_DHA_16_2_199.jpg,117,DHA,,Female,16,,199,2.0
female/117/1_DHA_16_2_199.jpg,117,DHA,,Female,16,,199,2.0
female/117/1_DHA_16_2_199.jpg,117,DHA,,Female,16,,199,2.0
female/117/1_DHA_16_2_199.jpg,117,DHA,,Female,16,,199,2.0
female/117/1_DHA_16_2_199.jpg,117,DHA,,Female,16,,199,2.0
female/117/1_DHA_16_2_199.jpg,117,DHA,,Female,16,,199,2.0
female/117/1_DHA_16_2_199.jpg,117,DHA,,Female,16,,199,2.0
female/117/1_DHA_16_2_199.jpg,117,DHA,,Female,16,,199,2.0
female/117/1_DHA_16_2_199.jpg,117,DHA,,Female,16,,199,2.0
female/117/1_DHA_16_2_199.jpg,117,DHA,,Female,16,,199,2.0
female/117/1_DHA_16_2_199.jpg,117,DHA,,Female,16,,199,2.0
female/117/1_DHA_16_2_199.jpg,117,DHA,,Female,16,,199,2.0
female/117/1_DHA_16_2_199.jpg,117,DHA,,Female,16,,199,2.0
female/117/1_DHA_16_2_199.jpg,117,DHA,,Female,16,,199,2.0
female/117/1_DHA_16_2_199.jpg,117,DHA,,Female,16,,199,2.0
female/117/1_DHA_16_2_199.jpg,117,DHA,,Female,16,,199,2.0
female/117/1_DHA_16_2_199.jpg,117,DHA,,Female,16,,199,2.0
female/117/1_DHA_16_2_199.jpg,117,DHA,,Female,16,,199,2.0
female/117/1_DHA_16_2_199.jpg,117,DHA,,Female,16,,199,2.0
female/117/1_DHA_16_2_199.jpg,117,DHA,,Female,16,,199,2.0
female/117/1_DHA_16_2_199.jpg,117,DHA,,Female,16,,199,2.0
female/117/1_DHA_16_2_199.jpg,117,DHA,,Female,16,,199,2.0
female/117/1_DHA_16_2_199.jpg,117,DHA,,Female,16,,199,2.0
female/117/1_DHA_16_2_199.jpg,117,DHA,,Female,16,,199,2.0
female/117/1_DHA_16_2_199.jpg,117,DHA,,Female,16,,199,2.0
female/117/1_DHA_16_2_199.jpg,117,DHA,,Female,16,,199,2.0
female/117/1_DHA_16_2_199.jpg,117,DHA,,Female,16,,199,2.0
female/117/1_DHA_16_2_199.jpg,117,DHA,,Female,16,,199,2.0
female/117/1_DHA_16_2_199.jpg,117,DHA,,Female,16,,199,2.0
female/117/1_DHA_16_2_199.jpg,117,DHA,,Female,16,,199,2.0
female/117/1_DHA_16_2_199.jpg,117,DHA,,Female,16,,199,2.0
female/117/1_DHA_16_2_199.jpg,117,DHA,,Female,16,,199,2.0
female/117/1_DHA_16_2_199.jpg,117,DHA,,Female,16,,199,2.0
female/117/1_DHA_16_2_199.jpg,117,DHA,,Female,16,,199,2.0
female/117/1_DHA_16_2_199.jpg,117,DHA,,Female,16,,199,2.0
female/117/1_DHA_16_2_199.jpg,117,DHA,,Female,16,,199,2.0
female/117/1_DHA_16_2_199.jpg,117,DHA,,Female,16,,199,2.0
female/117/1_DHA_16_2_199.jpg,117,DHA,,Female,16,,199,2.0
female/117/1_DHA_16_2_199.jpg,117,DHA,,Female,16,,199,2.0
female/117/1_DHA_16_2_199.jpg,117,DHA,,Female,16,,199,2.0
female/117/1_DHA_16_2_199.jpg,117,DHA,,Female,16,,199,2.0
female/117/1_DHA_16_2_199.jpg,117,DHA,,Female,16,,199,2.0
female/117/1_DHA_16_2_199.jpg,117,DHA,,Female,16,,199,2.0
female/117/1_DHA_16_2_199.jpg,117,DHA,,Female,16,,199,2.0
female/117/1_DHA_16_2_199.jpg,117,DHA,,Female,16,,199,2.0
female/117/1_DHA_16_2_199.jpg,117,DHA,,Female,16,,199,2.0
female/117/1_DHA_16_2_199.jpg,117,DHA,,Female,16,,199,2.0
female/117/1_DHA_16_2_199.jpg,117,DHA,,Female,16,,199,2.0
female/117/1_DHA_16_2_199.jpg,117,DHA,,Female,16,,199,2.0
female/117/1_DHA_16_2_199.jpg,117,DHA,,Female,16,,199,2.0
female/117/1_DHA_16_2_199.jpg,117,DHA,,Female,16,,199,2.0
female/117/1_DHA_16_2_199.jpg,117,DHA,,Female,16,,199,2.0
female/117/1_DHA_16_2_199.jpg,117,DHA,,Female,16,,199,2.0
female/117/1_DHA_16_2_199.jpg,117,DHA,,Female,16,,199,2.0
female/117/1_DHA_16_2_199.jpg,117,DHA,,Female,16,,199,2.0
female/117/1_DHA_16_2_199.jpg,117,DHA,,Female,16,,199,2.0
female/117/1_DHA_16_2_199.jpg,117,DHA,,Female,16,,199,2.0
female/117/1_DHA_16_2_199.jpg,117,DHA,,Female,16,,199,2.0
female/117/1_DHA_16_2_199.jpg,117,DHA,,Female,16,,199,2.0
female/117/1_DHA_16_2_199.jpg,117,DHA,,Female,16,,199,2.0
female/117/1_DHA_16_2_199.jpg,117,DHA,,Female,16,,199,2.0
female/117/1_DHA_16_2_199.jpg,117,DHA,,Female,16,,199,2.0
female/117/1_DHA_16_2_199.jpg,117,DHA,,Female,16,,199,2.0
female/117/1_DHA_16_2_199.jpg,117,DHA,,Female,16,,199,2.0
female/117/1_DHA_16_2_199.jpg,117,DHA,,Female,16,,199,2.0
female/117/1_DHA_16_2_199.jpg,117,DHA,,Female,16,,199,2.0
female/117/1_DHA_16_2_199.jpg,117,DHA,,Female,16,,199,2.0
female/117/1_DHA_16_2_199.jpg,117,DHA,,Female,16,,199,2.0
female/117/1_DHA_16_2_199.jpg,117,DHA,,Female,16,,199,2.0
female/117/1_DHA_16_2_199.jpg,117,DHA,,Female,16,,199,2.0
female/117/1_DHA_16_2_199.jpg,117,DHA,,Female,16,,199,2.0
female/117/1_DHA_16_2_199.jpg,117,DHA,,Female,16,,199,2.0
female/117/1_DHA_16_2_199.jpg,117,DHA,,Female,16,,199,2.0
female/117/1_DHA_16_2_199.jpg,117,DHA,,Female,16,,199,2.0
female/117/1_DHA_16_2_199.jpg,117,DHA,,Female,16,,199,2.0
female/117/1_DHA_16_2_199.jpg,117,DHA,,Female,16,,199,2.0
female/117/1_DHA_16_2_199.jpg,117,DHA,,Female,16,,199,2.0
female/117/1_DHA_16_2_199.jpg,117,DHA,,Female,16,,199,2.0
female/117/1_DHA_16_2_199.jpg,117,DHA,,Female,16,,199,2.0
female/117/1_DHA_16_2_199.jpg,117,DHA,,Female,16,,199,2.0
female/117/1_DHA_16_2_199.jpg,117,DHA,,Female,16,,199,2.0
female/117/1_DHA_16_2_199.jpg,117,DHA,,Female,16,,199,2.0
female/117/1_DHA_16_2_199.jpg,117,DHA,,Female,16,,199,2.0
female/117/1_DHA_16_2_199.jpg,117,DHA,,Female,16,,199,2.0
female/117/1_DHA_16_2_199.jpg,117,DHA,,Female,16,,199,2.0
female/117/1_DHA_16_2_199.jpg,117,DHA,,Female,16,,199,2.0
female/117/1_DHA_16_2_199.jpg,117,DHA,,Female,16,,199,2.0
female/117/1_DHA_16_2_199.jpg,117,DHA,,Female,16,,199,2.0
female/117/1_DHA_16_2_199.jpg,117,DHA,,Female,16,,199,2.0
female/117/1_DHA_16_2_199.jpg,117,DHA,,Female,16,,199,2.0
female/117/1_DHA_16_2_199.jpg,117,DHA,,Female,16,,199,2.0
female/117/1_DHA_16_2_199.jpg,117,DHA,,Female,16,,199,2.0
female/117/1_DHA_16_2_199.jpg,117,DHA,,Female,16,,199,2.0
female/117/1_DHA_16_2_199.jpg,117,DHA,,Female,16,,199,2.0
female/117/1_DHA_16_2_199.jpg,117,DHA,,Female,16,,199,2.0
female/117/1_DHA_16_2_199.jpg,117,DHA,,Female,16,,199,2.0
female/117/1_DHA_16_2_199.jpg,117,DHA,,Female,16,,199,2.0
female/117/1_DHA_16_2_199.jpg,117,DHA,,Female,16,,199,2.0
female/117/1_DHA_16_2_199.jpg,117,DHA,,Female,16,,199,2.0
female/117/1_DHA_16_2_199.jpg,117,DHA,,Female,16,,199,2.0
female/117/1_DHA_16_2_199.jpg,117,DHA,,Female,16,,199,2.0
female/117/1_DHA_16_2_199.jpg,117,DHA,,Female,16,,199,2.0
female/117/1_DHA_16_2_199.jpg,117,DHA,,Female,16,,199,2.0
female/117/1_DHA_16_2_199.jpg,117,DHA,,Female,16,,199,2.0
female/117/1_DHA_16_2_199.jpg,117,DHA,,Female,16,,199,2.0
female/117/1_DHA_16_2_199.jpg,117,DHA,,Female,16,,199,2.0
female/117/1_DHA_16_2_199.jpg,117,DHA,,Female,16,,199,2.0
female/117/1_DHA_16_2_199.jpg,117,DHA,,Female,16,,199,2.0
female/117/1_DHA_16_2_199.jpg,117,DHA,,Female,16,,199,2.0
female/117/1_DHA_16_2_199.jpg,117,DHA,,Female,16,,199,2.0
female/117/1_DHA_16_2_199.jpg,117,DHA,,Female,16,,199,2.0
female/117/1_DHA_16_2_199.jpg,117,DHA,,Female,16,,199,2.0
female/117/1_DHA_16_2_199.jpg,117,DHA,,Female,16,,199,2.0
female/117/1_DHA_16_2_199.jpg,117,DHA,,Female,16,,199,2.0
female/117/1_DHA_16_2_199.jpg,117,DHA,,Female,16,,199,2.0
female/117/1_DHA_16_2_199.jpg,117,DHA,,Female,16,,199,2.0
female/117/1_DHA_16_2_199.jpg,117,DHA,,Female,16,,199,2.0
female/117/1_DHA_16_2_199.jpg,117,DHA,,Female,16,,199,2.0
female/117/1_DHA_16_2_199.jpg,117,DHA,,Female,16,,199,2.0
female/117/1_DHA_16_2_199.jpg,117,DHA,,Female,16,,199,2.0
female/117/1_DHA_16_2_199.jpg,117,DHA,,Female,16,,199,2.0
female/117/1_DHA_16_2_199.jpg,117,DHA,,Female,16,,199,2.0
female/117/1_DHA_16_2_199.jpg,117,DHA,,Female,16,,199,2.0
female/117/1_DHA_16_2_199.jpg,117,DHA,,Female,16,,199,2.0
female/117/1_DHA_16_2_199.jpg,117,DHA,,Female,16,,199,2.0
female/117/1_DHA_16_2_199.jpg,117,DHA,,Female,16,,199,2.0
female/117/1_DHA_16_2_199.jpg,117,DHA,,Female,16,,199,2.0
female/117/1_DHA_16_2_199.jpg,117,DHA,,Female,16,,199,2.0
female/117/1_DHA_16_2_199.jpg,117,DHA,,Female,16,,199,2.0
female/117/1_DHA_16_2_199.jpg,117,DHA,,Female,16,,199,2.0
female/117/1_DHA_16_2_199.jpg,117,DHA,,Female,16,,199,2.0
female/117/1_DHA_16_2_199.jpg,117,DHA,,Female,16,,199,2.0
female/117/1_DHA_16_2_199.jpg,117,DHA,,Female,16,,199,2.0
female/117/1_DHA_16_2_199.jpg,117,DHA,,Female,16,,199,2.0
female/117/1_DHA_16_2_199.jpg,117,DHA,,Female,16,,199,2.0
female/117/1_DHA_16_2_199.jpg,117,DHA,,Female,16,,199,2.0
female/117/1_DHA_16_2_199.jpg,117,DHA,,Female,16,,199,2.0
female/117/1_DHA_16_2_199.jpg,117,DHA,,Female,16,,199,2.0
female/117/1_DHA_16_2_199.jpg,117,DHA,,Female,16,,199,2.0
female/117/1_DHA_16_2_199.jpg,117,DHA,,Female,16,,199,2.0
female/117/1_DHA_16_2_199.jpg,117,DHA,,Female,16,,199,2.0
female/117/1_DHA_16_2_199.jpg,117,DHA,,Female,16,,199,2.0
female/117/1_DHA_16_2_199.jpg,117,DHA,,Female,16,,199,2.0
female/117/1_DHA_16_2_199.jpg,117,DHA,,Female,16,,199,2.0
female/117/1_DHA_16_2_199.jpg,117,DHA,,Female,16,,199,2.0
female/117/1_DHA_16_2_199.jpg,117,DHA,,Female,16,,199,2.0
female/117/1_DHA_16_2_199.jpg,117,DHA,,Female,16,,199,2.0
female/117/1_DHA_16_2_199.jpg,117,DHA,,Female,16,,199,2.0
female/117/1_DHA_16_2_199.jpg,117,DHA,,Female,16,,199,2.0
female/117/1_DHA_16_2_199.jpg,117,DHA,,Female,16,,199,2.0
female/117/1_DHA_16_2_199.jpg,117,DHA,,Female,16,,199,2.0
female/117/1_DHA_16_2_199.jpg,117,DHA,,Female,16,,199,2.0
female/117/1_DHA_16_2_199.jpg,117,DHA,,Female,16,,199,2.0
female/117/1_DHA_16_2_199.jpg,117,DHA,,Female,16,,199,2.0
female/117/1_DHA_16_2_199.jpg,117,DHA,,Female,16,,199,2.0
female/117/1_DHA_16_2_199.jpg,117,DHA,,Female,16,,199,2.0
female/117/1_DHA_16_2_199.jpg,117,DHA,,Female,16,,199,2.0
female/117/1_DHA_16_2_199.jpg,117,DHA,,Female,16,,199,2.0
female/117/1_DHA_16_2_199.jpg,117,DHA,,Female,16,,199,2.0
female/117/1_DHA_16_2_199.jpg,117,DHA,,Female,16,,199,2.0
female/117/1_DHA_16_2_199.jpg,117,DHA,,Female,16,,199,2.0
female/117/1_DHA_16_2_199.jpg,117,DHA,,Female,16,,199,2.0
female/117/1_DHA_16_2_199.jpg,117,DHA,,Female,16,,199,2.0
female/117/1_DHA_16_2_199.jpg,117,DHA,,Female,16,,199,2.0
female/117/1_DHA_16_2_199.jpg,117,DHA,,Female,16,,199,2.0
female/117/1_DHA_16_2_199.jpg,117,DHA,,Female,16,,199,2.0
female/117/1_DHA_16_2_199.jpg,117,DHA,,Female,16,,199,2.0
female/117/1_DHA_16_2_199.jpg,117,DHA,,Female,16,,199,2.0
female/117/1_DHA_16_2_199.jpg,117,DHA,,Female,16,,199,2.0
female/117/1_DHA_16_2_199.jpg,117,DHA,,Female,16,,199,2.0
female/117/1_DHA_16_2_199.jpg,117,DHA,,Female,16,,199,2.0
female/117/1_DHA_16_2_199.jpg,117,DHA,,Female,16,,199,2.0
female/117/1_DHA_16_2_199.jpg,117,DHA,,Female,16,,199,2.0
female/117/1_DHA_16_2_199.jpg,117,DHA,,Female,16,,199,2.0
female/117/1_DHA_16_2_199.jpg,117,DHA,,Female,16,,199,2.0
female/117/1_DHA_16_2_199.jpg,117,DHA,,Female,16,,199,2.0
female/117/1_DHA_16_2_199.jpg,117,DHA,,Female,16,,199,2.0
female/117/1_DHA_16_2_199.jpg,117,DHA,,Female,16,,199,2.0
female/117/1_DHA_16_2_199.jpg,117,DHA,,Female,16,,199,2.0
female/117/1_DHA_16_2_199.jpg,117,DHA,,Female,16,,199,2.0
female/117/1_DHA_16_2_199.jpg,117,DHA,,Female,16,,199,2.0
female/117/1_DHA_16_2_199.jpg,117,DHA,,Female,16,,199,2.0
female/117/1_DHA_16_2_199.jpg,117,DHA,,Female,16,,199,2.0
female/117/1_DHA_16_2_199.jpg,117,DHA,,Female,16,,199,2.0
female/117/1_DHA_16_2_199.jpg,117,DHA,,Female,16,,199,2.0
female/117/1_DHA_16_2_199.jpg,117,DHA,,Female,16,,199,2.0
female/117/1_DHA_16_2_199.jpg,117,DHA,,Female,16,,199,2.0
female/117/1_DHA_16_2_199.jpg,117,DHA,,Female,16,,199,2.0
female/117/1_DHA_16_2_199.jpg,117,DHA,,Female,16,,199,2.0
female/117/1_DHA_16_2_199.jpg,117,DHA,,Female,16,,199,2.0
female/117/1_DHA_16_2_199.jpg,117,DHA,,Female,16,,199,2.0
female/117/1_DHA_16_2_199.jpg,117,DHA,,Female,16,,199,2.0
female/117/1_DHA_16_2_199.jpg,117,DHA,,Female,16,,199,2.0
female/117/1_DHA_16_2_199.jpg,117,DHA,,Female,16,,199,2.0
female/117/1_DHA_16_2_199.jpg,117,DHA,,Female,16,,199,2.0
female/117/1_DHA_16_2_199.jpg,117,DHA,,Female,16,,199,2.0
female/117/1_DHA_16_2_199.jpg,117,DHA,,Female,16,,199,2.0
female/117/1_DHA_16_2_199.jpg,117,DHA,,Female,16,,199,2.0
female/117/1_DHA_16_2_199.jpg,117,DHA,,Female,16,,199,2.0
female/117/1_DHA_16_2_199.jpg,117,DHA,,Female,16,,199,2.0
female/117/1_DHA_16_2_199.jpg,117,DHA,,Female,16,,199,2.0
female/117/1_DHA_16_2_199.jpg,117,DHA,,Female,16,,199,2.0
female/117/1_DHA_16_2_199.jpg,117,DHA,,Female,16,,199,2.0
female/117/1_DHA_16_2_199.jpg,117,DHA,,Female,16,,199,2.0
female/117/1_DHA_16_2_199.jpg,117,DHA,,Female,16,,199,2.0
female/117/1_DHA_16_2_199.jpg,117,DHA,,Female,16,,199,2.0
female/117/1_DHA_16_2_199.jpg,117,DHA,,Female,16,,199,2.0
female/117/1_DHA_16_2_199.jpg,117,DHA,,Female,16,,199,2.0
female/117/1_DHA_16_2_199.jpg,117,DHA,,Female,16,,199,2.0
female/117/1_DHA_16_2_199.jpg,117,DHA,,Female,16,,199,2.0
female/117/1_DHA_16_2_199.jpg,117,DHA,,Female,16,,199,2.0
female/117/1_DHA_16_2_199.jpg,117,DHA,,Female,16,,199,2.0
female/117/1_DHA_16_2_199.jpg,117,DHA,,Female,16,,199,2.0
female/117/1_DHA_16_2_199.jpg,117,DHA,,Female,16,,199,2.0
female/117/1_DHA_16_2_199.jpg,117,DHA,,Female,16,,199,2.0
female/117/1_DHA_16_2_199.jpg,117,DHA,,Female,16,,199,2.0
female/117/1_DHA_16_2_199.jpg,117,DHA,,Female,16,,199,2.0
female/117/1_DHA_16_2_199.jpg,117,DHA,,Female,16,,199,2.0
female/117/1_DHA_16_2_199.jpg,117,DHA,,Female,16,,199,2.0
female/117/1_DHA_16_2_199.jpg,117,DHA,,Female,16,,199,2.0
female/117/1_DHA_16_2_199.jpg,117,DHA,,Female,16,,199,2.0
female/117/1_DHA_16_2_199.jpg,117,DHA,,Female,16,,199,2.0
female/117/1_DHA_16_2_199.jpg,117,DHA,,Female,16,,199,2.0
female/117/1_DHA_16_2_199.jpg,117,DHA,,Female,16,,199,2.0
female/117/1_DHA_16_2_199.jpg,117,DHA,,Female,16,,199,2.0
female/117/1_DHA_16_2_199.jpg,117,DHA,,Female,16,,199,2.0
female/117/1_DHA_16_2_199.jpg,117,DHA,,Female,16,,199,2.0
female/117/1_DHA_16_2_199.jpg,117,DHA,,Female,16,,199,2.0
female/117/1_DHA_16_2_199.jpg,117,DHA,,Female,16,,199,2.0
female/117/1_DHA_16_2_199.jpg,117,DHA,,Female,16,,199,2.0
female/117/1_DHA_16_2_199.jpg,117,DHA,,Female,16,,199,2.0
female/117/1_DHA_16_2_199.jpg,117,DHA,,Female,16,,199,2.0
female/117/1_DHA_16_2_199.jpg,117,DHA,,Female,16,,199,2.0
female/117/1_DHA_16_2_199.jpg,117,DHA,,Female,16,,199,2.0
female/117/1_DHA_16_2_199.jpg,117,DHA,,Female,16,,199,2.0
female/117/1_DHA_16_2_199.jpg,117,DHA,,Female,16,,199,2.0
female/117/1_DHA_16_2_199.jpg,117,DHA,,Female,16,,199,2.0
female/117/1_DHA_16_2_199.jpg,117,DHA,,Female,16,,199,2.0
female/117/1_DHA_16_2_199.jpg,117,DHA,,Female,16,,199,2.0
female/117/1_DHA_16_2_199.jpg,117,DHA,,Female,16,,199,2.0
female/117/1_DHA_16_2_199.jpg,117,DHA,,Female,16,,199,2.0
female/117/1_DHA_16_2_199.jpg,117,DHA,,Female,16,,199,2.0
female/117/1_DHA_16_2_199.jpg,117,DHA,,Female,16,,199,2.0
female/117/1_DHA_16_2_199.jpg,117,DHA,,Female,16,,199,2.0
female/117/1_DHA_16_2_199.jpg,117,DHA,,Female,16,,199,2.0
female/117/1_DHA_16_2_199.jpg,117,DHA,,Female,16,,199,2.0
female/117/1_DHA_16_2_199.jpg,117,DHA,,Female,16,,199,2.0
female/117/1_DHA_16_2_199.jpg,117,DHA,,Female,16,,199,2.0
female/117/1_DHA_16_2_199.jpg,117,DHA,,Female,16,,199,2.0
female/117/1_DHA_16_2_199.jpg,117,DHA,,Female,16,,199,2.0
female/117/1_DHA_16_2_199.jpg,117,DHA,,Female,16,,199,2.0
female/117/1_DHA_16_2_199.jpg,117,DHA,,Female,16,,199,2.0
female/117/1_DHA_16_2_199.jpg,117,DHA,,Female,16,,199,2.0
female/117/1_DHA_16_2_199.jpg,117,DHA,,Female,16,,199,2.0
female/117/1_DHA_16_2_199.jpg,117,DHA,,Female,16,,199,2.0
female/117/1_DHA_16_2_199.jpg,117,DHA,,Female,16,,199,2.0
female/117/1_DHA_16_2_199.jpg,117,DHA,,Female,16,,199,2.0
female/117/1_DHA_16_2_199.jpg,117,DHA,,Female,16,,199,2.0
female/117/1_DHA_16_2_199.jpg,117,DHA,,Female,16,,199,2.0
female/117/1_DHA_16_2_199.jpg,117,DHA,,Female,16,,199,2.0
female/117/1_DHA_16_2_199.jpg,117,DHA,,Female,16,,199,2.0
female/117/1_DHA_16_2_199.jpg,117,DHA,,Female,16,,199,2.0
female/117/1_DHA_16_2_199.jpg,117,DHA,,Female,16,,199,2.0
female/117/1_DHA_16_2_199.jpg,117,DHA,,Female,16,,199,2.0
female/117/1_DHA_16_2_199.jpg,117,DHA,,Female,16,,199,2.0
female/117/1_DHA_16_2_199.jpg,117,DHA,,Female,16,,199,2.0
female/117/1_DHA_16_2_199.jpg,117,DHA,,Female,16,,199,2.0
female/117/1_DHA_16_2_199.jpg,117,DHA,,Female,16,,199,2.0
female/117/1_DHA_16_2_199.jpg,117,DHA,,Female,16,,199,2.0
female/117/1_DHA_16_2_199.jpg,117,DHA,,Female,16,,199,2.0
female/117/1_DHA_16_2_199.jpg,117,DHA,,Female,16,,199,2.0
female/117/1_DHA_16_2_199.jpg,117,DHA,,Female,16,,199,2.0
female/117/1_DHA_16_2_199.jpg,117,DHA,,Female,16,,199,2.0
female/117/1_DHA_16_2_199.jpg,117,DHA,,Female,16,,199,2.0
female/117/1_DHA_16_2_199.jpg,117,DHA,,Female,16,,199,2.0
female/117/1_DHA_16_2_199.jpg,117,DHA,,Female,16,,199,2.0
female/117/1_DHA_16_2_199.jpg,117,DHA,,Female,16,,199,2.0
female/117/1_DHA_16_2_199.jpg,117,DHA,,Female,16,,199,2.0
female/117/1_DHA_16_2_199.jpg,117,DHA,,Female,16,,199,2.0
female/117/1_DHA_16_2_199.jpg,117,DHA,,Female,16,,199,2.0
female/117/1_DHA_16_2_199.jpg,117,DHA,,Female,16,,199,2.0
female/117/1_DHA_16_2_199.jpg,117,DHA,,Female,16,,199,2.0
female/117/1_DHA_16_2_199.jpg,117,DHA,,Female,16,,199,2.0
female/117/1_DHA_16_2_199.jpg,117,DHA,,Female,16,,199,2.0
female/117/1_DHA_16_2_199.jpg,117,DHA,,Female,16,,199,2.0
female/117/1_DHA_16_2_199.jpg,117,DHA,,Female,16,,199,2.0
female/117/1_DHA_16_2_199.jpg,117,DHA,,Female,16,,199,2.0
female/117/1_DHA_16_2_199.jpg,117,DHA,,Female,16,,199,2.0
female/117/1_DHA_16_2_199.jpg,117,DHA,,Female,16,,199,2.0
female/117/1_DHA_16_2_199.jpg,117,DHA,,Female,16,,199,2.0
female/117/1_DHA_16_2_199.jpg,117,DHA,,Female,16,,199,2.0
female/117/1_DHA_16_2_199.jpg,117,DHA,,Female,16,,199,2.0
female/117/1_DHA_16_2_199.jpg,117,DHA,,Female,16,,199,2.0
female/117/1_DHA_16_2_199.jpg,117,DHA,,Female,16,,199,2.0
female/117/1_DHA_16_2_199.jpg,117,DHA,,Female,16,,199,2.0
female/117/1_DHA_16_2_199.jpg,117,DHA,,Female,16,,199,2.0
female/117/1_DHA_16_2_199.jpg,117,DHA,,Female,16,,199,2.0
female/117/1_DHA_16_2_199.jpg,117,DHA,,Female,16,,199,2.0
female/117/1_DHA_16_2_199.jpg,117,DHA,,Female,16,,199,2.0
female/117/1_DHA_16_2_199.jpg,117,DHA,,Female,16,,199,2.0
female/117/1_DHA_16_2_199.jpg,117,DHA,,Female,16,,199,2.0
female/117/1_DHA_16_2_199.jpg,117,DHA,,Female,16,,199,2.0
female/117/1_DHA_16_2_199.jpg,117,DHA,,Female,16,,199,2.0
female/117/1_DHA_16_2_199.jpg,117,DHA,,Female,16,,199,2.0
female/117/1_DHA_16_2_199.jpg,117,DHA,,Female,16,,199,2.0
female/117/1_DHA_16_2_199.jpg,117,DHA,,Female,16,,199,2.0
female/117/1_DHA_16_2_199.jpg,117,DHA,,Female,16,,199,2.0
female/117/1_DHA_16_2_199.jpg,117,DHA,,Female,16,,199,2.0
female/117/1_DHA_16_2_199.jpg,117,DHA,,Female,16,,199,2.0
female/117/1_DHA_16_2_199.jpg,117,DHA,,Female,16,,199,2.0
female/117/1_DHA_16_2_199.jpg,117,DHA,,Female,16,,199,2.0
female/117/1_DHA_16_2_199.jpg,117,DHA,,Female,16,,199,2.0
female/117/1_DHA_16_2_199.jpg,117,DHA,,Female,16,,199,2.0
female/117/1_DHA_16_2_199.jpg,117,DHA,,Female,16,,199,2.0
female/117/1_DHA_16_2_199.jpg,117,DHA,,Female,16,,199,2.0
female/117/1_DHA_16_2_199.jpg,117,DHA,,Female,16,,199,2.0
female/117/1_DHA_16_2_199.jpg,117,DHA,,Female,16,,199,2.0
female/117/1_DHA_16_2_199.jpg,117,DHA,,Female,16,,199,2.0
female/117/1_DHA_16_2_199.jpg,117,DHA,,Female,16,,199,2.0
female/117/1_DHA_16_2_199.jpg,117,DHA,,Female,16,,199,2.0
female/117/1_DHA_16_2_199.jpg,117,DHA,,Female,16,,199,2.0
female/117/1_DHA_16_2_199.jpg,117,DHA,,Female,16,,199,2.0
female/117/1_DHA_16_2_199.jpg,117,DHA,,Female,16,,199,2.0
female/117/1_DHA_16_2_199.jpg,117,DHA,,Female,16,,199,2.0
female/117/1_DHA_16_2_199.jpg,117,DHA,,Female,16,,199,2.0
female/117/1_DHA_16_2_199.jpg,117,DHA,,Female,16,,199,2.0
female/117/1_DHA_16_2_199.jpg,117,DHA,,Female,16,,199,2.0
female/117/1_DHA_16_2_199.jpg,117,DHA,,Female,16,,199,2.0
female/117/1_DHA_16_2_199.jpg,117,DHA,,Female,16,,199,2.0
female/117/1_DHA_16_2_199.jpg,117,DHA,,Female,16,,199,2.0
female/117/1_DHA_16_2_199.jpg,117,DHA,,Female,16,,199,2.0
female/117/1_DHA_16_2_199.jpg,117,DHA,,Female,16,,199,2.0
female/117/1_DHA_16_2_199.jpg,117,DHA,,Female,16,,199,2.0
female/117/1_DHA_16_2_199.jpg,117,DHA,,Female,16,,199,2.0
female/117/1_DHA_16_2_199.jpg,117,DHA,,Female,16,,199,2.0
female/117/1_DHA_16_2_199.jpg,117,DHA,,Female,16,,199,2.0
female/117/1_DHA_16_2_199.jpg,117,DHA,,Female,16,,199,2.0
female/117/1_DHA_16_2_199.jpg,117,DHA,,Female,16,,199,2.0
female/117/1_DHA_16_2_199.jpg,117,DHA,,Female,16,,199,2.0
female/117/1_DHA_16_2_199.jpg,117,DHA,,Female,16,,199,2.0
female/117/1_DHA_16_2_199.jpg,117,DHA,,Female,16,,199,2.0
female/117/1_DHA_16_2_199.jpg,117,DHA,,Female,16,,199,2.0
female/117/1_DHA_16_2_199.jpg,117,DHA,,Female,16,,199,2.0
female/117/1_DHA_16_2_199.jpg,117,DHA,,Female,16,,199,2.0
female/117/1_DHA_16_2_199.jpg,117,DHA,,Female,16,,199,2.0
female/117/1_DHA_16_2_199.jpg,117,DHA,,Female,16,,199,2.0
female/117/1_DHA_16_2_199.jpg,117,DHA,,Female,16,,199,2.0
female/117/1_DHA_16_2_199.jpg,117,DHA,,Female,16,,199,2.0
female/117/1_DHA_16_2_199.jpg,117,DHA,,Female,16,,199,2.0
female/117/1_DHA_16_2_199.jpg,117,DHA,,Female,16,,199,2.0
female/117/1_DHA_16_2_199.jpg,117,DHA,,Female,16,,199,2.0
female/117/1_DHA_16_2_199.jpg,117,DHA,,Female,16,,199,2.0
female/117/1_DHA_16_2_199.jpg,117,DHA,,Female,16,,199,2.0
female/117/1_DHA_16_2_199.jpg,117,DHA,,Female,16,,199,2.0
female/117/1_DHA_16_2_199.jpg,117,DHA,,Female,16,,199,2.0
female/117/1_DHA_16_2_199.jpg,117,DHA,,Female,16,,199,2.0
female/117/1_DHA_16_2_199.jpg,117,DHA,,Female,16,,199,2.0
female/117/1_DHA_16_2_199.jpg,117,DHA,,Female,16,,199,2.0
female/117/1_DHA_16_2_199.jpg,117,DHA,,Female,16,,199,2.0
female/117/1_DHA_16_2_199.jpg,117,DHA,,Female,16,,199,2.0
female/117/1_DHA_16_2_199.jpg,117,DHA,,Female,16,,199,2.0
female/117/1_DHA_16_2_199.jpg,117,DHA,,Female,16,,199,2.0
female/117/1_DHA_16_2_199.jpg,117,DHA,,Female,16,,199,2.0
female/117/1_DHA_16_2_199.jpg,117,DHA,,Female,16,,199,2.0
female/117/1_DHA_16_2_199.jpg,117,DHA,,Female,16,,199,2.0
female/117/1_DHA_16_2_199.jpg,117,DHA,,Female,16,,199,2.0
female/117/1_DHA_16_2_199.jpg,117,DHA,,Female,16,,199,2.0
female/117/1_DHA_16_2_199.jpg,117,DHA,,Female,16,,199,2.0
female/117/1_DHA_16_2_199.jpg,117,DHA,,Female,16,,199,2.0
female/117/1_DHA_16_2_199.jpg,117,DHA,,Female,16,,199,2.0
female/117/1_DHA_16_2_199.jpg,117,DHA,,Female,16,,199,2.0
female/117/1_DHA_16_2_199.jpg,117,DHA,,Female,16,,199,2.0
female/117/1_DHA_16_2_199.jpg,117,DHA,,Female,16,,199,2.0
female/117/1_DHA_16_2_199.jpg,117,DHA,,Female,16,,199,2.0
female/117/1_DHA_16_2_199.jpg,117,DHA,,Female,16,,199,2.0
female/117/1_DHA_16_2_199.jpg,117,DHA,,Female,16,,199,2.0
female/117/1_DHA_16_2_199.jpg,117,DHA,,Female,16,,199,2.0
female/117/1_DHA_16_2_199.jpg,117,DHA,,Female,16,,199,2.0
female/117/1_DHA_16_2_199.jpg,117,DHA,,Female,16,,199,2.0
female/117/1_DHA_16_2_199.jpg,117,DHA,,Female,16,,199,2.0
female/117/1_DHA_16_2_199.jpg,117,DHA,,Female,16,,199,2.0
female/117/1_DHA_16_2_199.jpg,117,DHA,,Female,16,,199,2.0
female/117/1_DHA_16_2_199.jpg,117,DHA,,Female,16,,199,2.0
female/117/1_DHA_16_2_199.jpg,117,DHA,,Female,16,,199,2.0
female/117/1_DHA_16_2_199.jpg,117,DHA,,Female,16,,199,2.0
female/117/1_DHA_16_2_199.jpg,117,DHA,,Female,16,,199,2.0
female/117/1_DHA_16_2_199.jpg,117,DHA,,Female,16,,199,2.0
female/117/1_DHA_16_2_199.jpg,117,DHA,,Female,16,,199,2.0
female/117/1_DHA_16_2_199.jpg,117,DHA,,Female,16,,199,2.0
female/117/1_DHA_16_2_199.jpg,117,DHA,,Female,16,,199,2.0
female/117/1_DHA_16_2_199.jpg,117,DHA,,Female,16,,199,2.0
female/117/1_DHA_16_2_199.jpg,117,DHA,,Female,16,,199,2.0
female/117/1_DHA_16_2_199.jpg,117,DHA,,Female,16,,199,2.0
female/117/1_DHA_16_2_199.jpg,117,DHA,,Female,16,,199,2.0
female/117/1_DHA_16_2_199.jpg,117,DHA,,Female,16,,199,2.0
female/117/1_DHA_16_2_199.jpg,117,DHA,,Female,16,,199,2.0
female/117/1_DHA_16_2_199.jpg,117,DHA,,Female,16,,199,2.0
female/117/1_DHA_16_2_199.jpg,117,DHA,,Female,16,,199,2.0
female/117/1_DHA_16_2_199.jpg,117,DHA,,Female,16,,199,2.0
female/117/1_DHA_16_2_199.jpg,117,DHA,,Female,16,,199,2.0
female/117/1_DHA_16_2_199.jpg,117,DHA,,Female,16,,199,2.0
female/117/1_DHA_16_2_199.jpg,117,DHA,,Female,16,,199,2.0
female/117/1_DHA_16_2_199.jpg,117,DHA,,Female,16,,199,2.0
female/117/1_DHA_16_2_199.jpg,117,DHA,,Female,16,,199,2.0
female/117/1_DHA_16_2_199.jpg,117,DHA,,Female,16,,199,2.0
female/117/1_DHA_16_2_199.jpg,117,DHA,,Female,16,,199,2.0
female/117/1_DHA_16_2_199.jpg,117,DHA,,Female,16,,199,2.0
female/117/1_DHA_16_2_199.jpg,117,DHA,,Female,16,,199,2.0
female/117/1_DHA_16_2_199.jpg,117,DHA,,Female,16,,199,2.0
female/117/1_DHA_16_2_199.jpg,117,DHA,,Female,16,,199,2.0
female/117/1_DHA_16_2_199.jpg,117,DHA,,Female,16,,199,2.0
female/117/1_DHA_16_2_199.jpg,117,DHA,,Female,16,,199,2.0
female/117/1_DHA_16_2_199.jpg,117,DHA,,Female,16,,199,2.0
female/117/1_DHA_16_2_199.jpg,117,DHA,,Female,16,,199,2.0
female/117/1_DHA_16_2_199.jpg,117,DHA,,Female,16,,199,2.0
female/117/1_DHA_16_2_199.jpg,117,DHA,,Female,16,,199,2.0
female/117/1_DHA_16_2_199.jpg,117,DHA,,Female,16,,199,2.0
female/117/1_DHA_16_2_199.jpg,117,DHA,,Female,16,,199,2.0
female/117/1_DHA_16_2_199.jpg,117,DHA,,Female,16,,199,2.0
female/117/1_DHA_16_2_199.jpg,117,DHA,,Female,16,,199,2.0
female/117/1_DHA_16_2_199.jpg,117,DHA,,Female,16,,199,2.0
female/117/1_DHA_16_2_199.jpg,117,DHA,,Female,16,,199,2.0
female/117/1_DHA_16_2_199.jpg,117,DHA,,Female,16,,199,2.0
female/117/1_DHA_16_2_199.jpg,117,DHA,,Female,16,,199,2.0
female/117/1_DHA_16_2_199.jpg,117,DHA,,Female,16,,199,2.0
female/117/1_DHA_16_2_199.jpg,117,DHA,,Female,16,,199,2.0
female/117/1_DHA_16_2_199.jpg,117,DHA,,Female,16,,199,2.0
female/117/1_DHA_16_2_199.jpg,117,DHA,,Female,16,,199,2.0
female/117/1_DHA_16_2_199.jpg,117,DHA,,Female,16,,199,2.0
female/117/1_DHA_16_2_199.jpg,117,DHA,,Female,16,,199,2.0
female/117/1_DHA_16_2_199.jpg,117,DHA,,Female,16,,199,2.0
female/117/1_DHA_16_2_199.jpg,117,DHA,,Female,16,,199,2.0
female/117/1_DHA_16_2_199.jpg,117,DHA,,Female,16,,199,2.0
female/117/1_DHA_16_2_199.jpg,117,DHA,,Female,16,,199,2.0
female/117/1_DHA_16_2_199.jpg,117,DHA,,Female,16,,199,2.0
female/117/1_DHA_16_2_199.jpg,117,DHA,,Female,16,,199,2.0
female/117/1_DHA_16_2_199.jpg,117,DHA,,Female,16,,199,2.0
female/117/1_DHA_16_2_199.jpg,117,DHA,,Female,16,,199,2.0
female/117/1_DHA_16_2_199.jpg,117,DHA,,Female,16,,199,2.0
female/117/1_DHA_16_2_199.jpg,117,DHA,,Female,16,,199,2.0
female/117/1_DHA_16_2_199.jpg,117,DHA,,Female,16,,199,2.0
female/117/1_DHA_16_2_199.jpg,117,DHA,,Female,16,,199,2.0
female/117/1_DHA_16_2_199.jpg,117,DHA,,Female,16,,199,2.0
female/117/1_DHA_16_2_199.jpg,117,DHA,,Female,16,,199,2.0
female/117/1_DHA_16_2_199.jpg,117,DHA,,Female,16,,199,2.0
female/117/1_DHA_16_2_199.jpg,117,DHA,,Female,16,,199,2.0
female/117/1_DHA_16_2_199.jpg,117,DHA,,Female,16,,199,2.0
female/117/1_DHA_16_2_199.jpg,117,DHA,,Female,16,,199,2.0
female/117/1_DHA_16_2_199.jpg,117,DHA,,Female,16,,199,2.0
female/117/1_DHA_16_2_199.jpg,117,DHA,,Female,16,,199,2.0
female/117/1_DHA_16_2_199.jpg,117,DHA,,Female,16,,199,2.0
female/117/1_DHA_16_2_199.jpg,117,DHA,,Female,16,,199,2.0
female/117/1_DHA_16_2_199.jpg,117,DHA,,Female,16,,199,2.0
female/117/1_DHA_16_2_199.jpg,117,DHA,,Female,16,,199,2.0
female/117/1_DHA_16_2_199.jpg,117,DHA,,Female,16,,199,2.0
female/117/1_DHA_16_2_199.jpg,117,DHA,,Female,16,,199,2.0
female/117/1_DHA_16_2_199.jpg,117,DHA,,Female,16,,199,2.0
female/117/1_DHA_16_2_199.jpg,117,DHA,,Female,16,,199,2.0
female/117/1_DHA_16_2_199.jpg,117,DHA,,Female,16,,199,2.0
female/117/1_DHA_16_2_199.jpg,117,DHA,,Female,16,,199,2.0
female/117/1_DHA_16_2_199.jpg,117,DHA,,Female,16,,199,2.0
female/117/1_DHA_16_2_199.jpg,117,DHA,,Female,16,,199,2.0
female/117/1_DHA_16_2_199.jpg,117,DHA,,Female,16,,199,2.0
female/117/1_DHA_16_2_199.jpg,117,DHA,,Female,16,,199,2.0
female/117/1_DHA_16_2_199.jpg,117,DHA,,Female,16,,199,2.0
female/117/1_DHA_16_2_199.jpg,117,DHA,,Female,16,,199,2.0
female/117/1_DHA_16_2_199.jpg,117,DHA,,Female,16,,199,2.0
female/117/1_DHA_16_2_199.jpg,117,DHA,,Female,16,,199,2.0
female/117/1_DHA_16_2_199.jpg,117,DHA,,Female,16,,199,2.0
female/117/1_DHA_16_2_199.jpg,117,DHA,,Female,16,,199,2.0
female/117/1_DHA_16_2_199.jpg,117,DHA,,Female,16,,199,2.0
female/117/1_DHA_16_2_199.jpg,117,DHA,,Female,16,,199,2.0
female/117/1_DHA_16_2_199.jpg,117,DHA,,Female,16,,199,2.0
female/117/1_DHA_16_2_199.jpg,117,DHA,,Female,16,,199,2.0
female/117/1_DHA_16_2_199.jpg,117,DHA,,Female,16,,199,2.0
female/117/1_DHA_16_2_199.jpg,117,DHA,,Female,16,,199,2.0
female/117/1_DHA_16_2_199.jpg,117,DHA,,Female,16,,199,2.0
female/117/1_DHA_16_2_199.jpg,117,DHA,,Female,16,,199,2.0
female/117/1_DHA_16_2_199.jpg,117,DHA,,Female,16,,199,2.0
female/117/1_DHA_16_2_199.jpg,117,DHA,,Female,16,,199,2.0
female/117/1_DHA_16_2_199.jpg,117,DHA,,Female,16,,199,2.0
female/117/1_DHA_16_2_199.jpg,117,DHA,,Female,16,,199,2.0
female/117/1_DHA_16_2_199.jpg,117,DHA,,Female,16,,199,2.0
female/117/1_DHA_16_2_199.jpg,117,DHA,,Female,16,,199,2.0
female/117/1_DHA_16_2_199.jpg,117,DHA,,Female,16,,199,2.0
female/117/1_DHA_16_2_199.jpg,117,DHA,,Female,16,,199,2.0
female/117/1_DHA_16_2_199.jpg,117,DHA,,Female,16,,199,2.0
female/117/1_DHA_16_2_199.jpg,117,DHA,,Female,16,,199,2.0
female/117/1_DHA_16_2_199.jpg,117,DHA,,Female,16,,199,2.0
female/117/1_DHA_16_2_199.jpg,117,DHA,,Female,16,,199,2.0
female/117/1_DHA_16_2_199.jpg,117,DHA,,Female,16,,199,2.0
female/117/1_DHA_16_2_199.jpg,117,DHA,,Female,16,,199,2.0
female/117/1_DHA_16_2_199.jpg,117,DHA,,Female,16,,199,2.0
female/117/1_DHA_16_2_199.jpg,117,DHA,,Female,16,,199,2.0
female/117/1_DHA_16_2_199.jpg,117,DHA,,Female,16,,199,2.0
female/117/1_DHA_16_2_199.jpg,117,DHA,,Female,16,,199,2.0
female/117/1_DHA_16_2_199.jpg,117,DHA,,Female,16,,199,2.0
female/117/1_DHA_16_2_199.jpg,117,DHA,,Female,16,,199,2.0
female/117/1_DHA_16_2_199.jpg,117,DHA,,Female,16,,199,2.0
female/117/1_DHA_16_2_199.jpg,117,DHA,,Female,16,,199,2.0
female/117/1_DHA_16_2_199.jpg,117,DHA,,Female,16,,199,2.0
female/117/1_DHA_16_2_199.jpg,117,DHA,,Female,16,,199,2.0
female/117/1_DHA_16_2_199.jpg,117,DHA,,Female,16,,199,2.0
female/117/1_DHA_16_2_199.jpg,117,DHA,,Female,16,,199,2.0
female/117/1_DHA_16_2_199.jpg,117,DHA,,Female,16,,199,2.0
female/117/1_DHA_16_2_199.jpg,117,DHA,,Female,16,,199,2.0
female/117/1_DHA_16_2_199.jpg,117,DHA,,Female,16,,199,2.0
female/117/1_DHA_16_2_199.jpg,117,DHA,,Female,16,,199,2.0
female/117/1_DHA_16_2_199.jpg,117,DHA,,Female,16,,199,2.0
female/117/1_DHA_16_2_199.jpg,117,DHA,,Female,16,,199,2.0
female/117/1_DHA_16_2_199.jpg,117,DHA,,Female,16,,199,2.0
female/117/1_DHA_16_2_199.jpg,117,DHA,,Female,16,,199,2.0
female/117/1_DHA_16_2_199.jpg,117,DHA,,Female,16,,199,2.0
female/117/1_DHA_16_2_199.jpg,117,DHA,,Female,16,,199,2.0
female/117/1_DHA_16_2_199.jpg,117,DHA,,Female,16,,199,2.0
female/117/1_DHA_16_2_199.jpg,117,DHA,,Female,16,,199,2.0
female/117/1_DHA_16_2_199.jpg,117,DHA,,Female,16,,199,2.0
female/117/1_DHA_16_2_199.jpg,117,DHA,,Female,16,,199,2.0
female/117/1_DHA_16_2_199.jpg,117,DHA,,Female,16,,199,2.0
female/117/1_DHA_16_2_199.jpg,117,DHA,,Female,16,,199,2.0
female/117/1_DHA_16_2_199.jpg,117,DHA,,Female,16,,199,2.0
female/117/1_DHA_16_2_199.jpg,117,DHA,,Female,16,,199,2.0
female/117/1_DHA_16_2_199.jpg,117,DHA,,Female,16,,199,2.0
female/117/1_DHA_16_2_199.jpg,117,DHA,,Female,16,,199,2.0
female/117/1_DHA_16_2_199.jpg,117,DHA,,Female,16,,199,2.0
female/117/1_DHA_16_2_199.jpg,117,DHA,,Female,16,,199,2.0
female/117/1_DHA_16_2_199.jpg,117,DHA,,Female,16,,199,2.0
female/117/1_DHA_16_2_199.jpg,117,DHA,,Female,16,,199,2.0
female/117/1_DHA_16_2_199.jpg,117,DHA,,Female,16,,199,2.0
female/117/1_DHA_16_2_199.jpg,117,DHA,,Female,16,,199,2.0
female/117/1_DHA_16_2_199.jpg,117,DHA,,Female,16,,199,2.0
female/117/1_DHA_16_2_199.jpg,117,DHA,,Female,16,,199,2.0
female/117/1_DHA_16_2_199.jpg,117,DHA,,Female,16,,199,2.0
female/117/1_DHA_16_2_199.jpg,117,DHA,,Female,16,,199,2.0
female/117/1_DHA_16_2_199.jpg,117,DHA,,Female,16,,199,2.0
female/117/1_DHA_16_2_199.jpg,117,DHA,,Female,16,,199,2.0
female/117/1_DHA_16_2_199.jpg,117,DHA,,Female,16,,199,2.0
female/117/1_DHA_16_2_199.jpg,117,DHA,,Female,16,,199,2.0
female/117/1_DHA_16_2_199.jpg,117,DHA,,Female,16,,199,2.0
female/117/1_DHA_16_2_199.jpg,117,DHA,,Female,16,,199,2.0
female/117/1_DHA_16_2_199.jpg,117,DHA,,Female,16,,199,2.0
female/117/1_DHA_16_2_199.jpg,117,DHA,,Female,16,,199,2.0
female/117/1_DHA_16_2_199.jpg,117,DHA,,Female,16,,199,2.0
female/117/1_DHA_16_2_199.jpg,117,DHA,,Female,16,,199,2.0
female/117/1_DHA_16_2_199.jpg,117,DHA,,Female,16,,199,2.0
female/117/1_DHA_16_2_199.jpg,117,DHA,,Female,16,,199,2.0
female/117/1_DHA_16_2_199.jpg,117,DHA,,Female,16,,199,2.0
female/117/1_DHA_16_2_199.jpg,117,DHA,,Female,16,,199,2.0
female/117/1_DHA_16_2_199.jpg,117,DHA,,Female,16,,199,2.0
female/117/1_DHA_16_2_199.jpg,117,DHA,,Female,16,,199,2.0
female/117/1_DHA_16_2_199.jpg,117,DHA,,Female,16,,199,2.0
female/117/1_DHA_16_2_199.jpg,117,DHA,,Female,16,,199,2.0
female/117/1_DHA_16_2_199.jpg,117,DHA,,Female,16,,199,2.0
female/117/1_DHA_16_2_199.jpg,117,DHA,,Female,16,,199,2.0
female/117/1_DHA_16_2_199.jpg,117,DHA,,Female,16,,199,2.0
female/117/1_DHA_16_2_199.jpg,117,DHA,,Female,16,,199,2.0
female/117/1_DHA_16_2_199.jpg,117,DHA,,Female,16,,199,2.0
female/117/1_DHA_16_2_199.jpg,117,DHA,,Female,16,,199,2.0
female/117/1_DHA_16_2_199.jpg,117,DHA,,Female,16,,199,2.0
female/117/1_DHA_16_2_199.jpg,117,DHA,,Female,16,,199,2.0
female/117/1_DHA_16_2_199.jpg,117,DHA,,Female,16,,199,2.0
female/117/1_DHA_16_2_199.jpg,117,DHA,,Female,16,,199,2.0
female/117/1_DHA_16_2_199.jpg,117,DHA,,Female,16,,199,2.0
female/117/1_DHA_16_2_199.jpg,117,DHA,,Female,16,,199,2.0
female/117/1_DHA_16_2_199.jpg,117,DHA,,Female,16,,199,2.0
female/117/1_DHA_16_2_199.jpg,117,DHA,,Female,16,,199,2.0
female/117/1_DHA_16_2_199.jpg,117,DHA,,Female,16,,199,2.0
female/117/1_DHA_16_2_199.jpg,117,DHA,,Female,16,,199,2.0
female/117/1_DHA_16_2_199.jpg,117,DHA,,Female,16,,199,2.0
female/117/1_DHA_16_2_199.jpg,117,DHA,,Female,16,,199,2.0
female/117/1_DHA_16_2_199.jpg,117,DHA,,Female,16,,199,2.0
female/117/1_DHA_16_2_199.jpg,117,DHA,,Female,16,,199,2.0
female/117/1_DHA_16_2_199.jpg,117,DHA,,Female,16,,199,2.0
female/117/1_DHA_16_2_199.jpg,117,DHA,,Female,16,,199,2.0
female/117/1_DHA_16_2_199.jpg,117,DHA,,Female,16,,199,2.0
female/117/1_DHA_16_2_199.jpg,117,DHA,,Female,16,,199,2.0
female/117/1_DHA_16_2_199.jpg,117,DHA,,Female,16,,199,2.0
female/117/1_DHA_16_2_199.jpg,117,DHA,,Female,16,,199,2.0
female/117/1_DHA_16_2_199.jpg,117,DHA,,Female,16,,199,2.0
female/117/1_DHA_16_2_199.jpg,117,DHA,,Female,16,,199,2.0
female/117/1_DHA_16_2_199.jpg,117,DHA,,Female,16,,199,2.0
female/117/1_DHA_16_2_199.jpg,117,DHA,,Female,16,,199,2.0
female/117/1_DHA_16_2_199.jpg,117,DHA,,Female,16,,199,2.0
female/117/1_DHA_16_2_199.jpg,117,DHA,,Female,16,,199,2.0
female/117/1_DHA_16_2_199.jpg,117,DHA,,Female,16,,199,2.0
female/117/1_DHA_16_2_199.jpg,117,DHA,,Female,16,,199,2.0
female/117/1_DHA_16_2_199.jpg,117,DHA,,Female,16,,199,2.0
female/117/1_DHA_16_2_199.jpg,117,DHA,,Female,16,,199,2.0
female/117/1_DHA_16_2_199.jpg,117,DHA,,Female,16,,199,2.0
female/117/1_DHA_16_2_199.jpg,117,DHA,,Female,16,,199,2.0
female/117/1_DHA_16_2_199.jpg,117,DHA,,Female,16,,199,2.0
female/117/1_DHA_16_2_199.jpg,117,DHA,,Female,16,,199,2.0
female/117/1_DHA_16_2_199.jpg,117,DHA,,Female,16,,199,2.0
female/117/1_DHA_16_2_199.jpg,117,DHA,,Female,16,,199,2.0
female/117/1_DHA_16_2_199.jpg,117,DHA,,Female,16,,199,2.0
female/117/1_DHA_16_2_199.jpg,117,DHA,,Female,16,,199,2.0
female/117/1_DHA_16_2_199.jpg,117,DHA,,Female,16,,199,2.0
female/117/1_DHA_16_2_199.jpg,117,DHA,,Female,16,,199,2.0
female/117/1_DHA_16_2_199.jpg,117,DHA,,Female,16,,199,2.0
female/117/1_DHA_16_2_199.jpg,117,DHA,,Female,16,,199,2.0
female/117/1_DHA_16_2_199.jpg,117,DHA,,Female,16,,199,2.0
female/117/1_DHA_16_2_199.jpg,117,DHA,,Female,16,,199,2.0
female/117/1_DHA_16_2_199.jpg,117,DHA,,Female,16,,199,2.0
female/117/1_DHA_16_2_199.jpg,117,DHA,,Female,16,,199,2.0
female/117/1_DHA_16_2_199.jpg,117,DHA,,Female,16,,199,2.0
female/117/1_DHA_16_2_199.jpg,117,DHA,,Female,16,,199,2.0
female/117/1_DHA_16_2_199.jpg,117,DHA,,Female,16,,199,2.0
female/117/1_DHA_16_2_199.jpg,117,DHA,,Female,16,,199,2.0
female/117/1_DHA_16_2_199.jpg,117,DHA,,Female,16,,199,2.0
female/117/1_DHA_16_2_199.jpg,117,DHA,,Female,16,,199,2.0
female/117/1_DHA_16_2_199.jpg,117,DHA,,Female,16,,199,2.0
female/117/1_DHA_16_2_199.jpg,117,DHA,,Female,16,,199,2.0
female/117/1_DHA_16_2_199.jpg,117,DHA,,Female,16,,199,2.0
female/117/1_DHA_16_2_199.jpg,117,DHA,,Female,16,,199,2.0
female/117/1_DHA_16_2_199.jpg,117,DHA,,Female,16,,199,2.0
female/117/1_DHA_16_2_199.jpg,117,DHA,,Female,16,,199,2.0
female/117/1_DHA_16_2_199.jpg,117,DHA,,Female,16,,199,2.0
female/117/1_DHA_16_2_199.jpg,117,DHA,,Female,16,,199,2.0
female/117/1_DHA_16_2_199.jpg,117,DHA,,Female,16,,199,2.0
female/117/1_DHA_16_2_199.jpg,117,DHA,,Female,16,,199,2.0
female/117/1_DHA_16_2_199.jpg,117,DHA,,Female,16,,199,2.0
female/117/1_DHA_16_2_199.jpg,117,DHA,,Female,16,,199,2.0
female/117/1_DHA_16_2_199.jpg,117,DHA,,Female,16,,199,2.0
female/117/1_DHA_16_2_199.jpg,117,DHA,,Female,16,,199,2.0
female/117/1_DHA_16_2_199.jpg,117,DHA,,Female,16,,199,2.0
female/117/1_DHA_16_2_199.jpg,117,DHA,,Female,16,,199,2.0
female/117/1_DHA_16_2_199.jpg,117,DHA,,Female,16,,199,2.0
female/117/1_DHA_16_2_199.jpg,117,DHA,,Female,16,,199,2.0
female/117/1_DHA_16_2_199.jpg,117,DHA,,Female,16,,199,2.0
female/117/1_DHA_16_2_199.jpg,117,DHA,,Female,16,,199,2.0
female/117/1_DHA_16_2_199.jpg,117,DHA,,Female,16,,199,2.0
female/117/1_DHA_16_2_199.jpg,117,DHA,,Female,16,,199,2.0
female/117/1_DHA_16_2_199.jpg,117,DHA,,Female,16,,199,2.0
female/117/1_DHA_16_2_199.jpg,117,DHA,,Female,16,,199,2.0
female/117/1_DHA_16_2_199.jpg,117,DHA,,Female,16,,199,2.0
female/117/1_DHA_16_2_199.jpg,117,DHA,,Female,16,,199,2.0
female/117/1_DHA_16_2_199.jpg,117,DHA,,Female,16,,199,2.0
female/117/1_DHA_16_2_199.jpg,117,DHA,,Female,16,,199,2.0
female/117/1_DHA_16_2_199.jpg,117,DHA,,Female,16,,199,2.0
female/117/1_DHA_16_2_199.jpg,117,DHA,,Female,16,,199,2.0
female/117/1_DHA_16_2_199.jpg,117,DHA,,Female,16,,199,2.0
female/117/1_DHA_16_2_199.jpg,117,DHA,,Female,16,,199,2.0
female/117/1_DHA_16_2_199.jpg,117,DHA,,Female,16,,199,2.0
female/117/1_DHA_16_2_199.jpg,117,DHA,,Female,16,,199,2.0
female/117/1_DHA_16_2_199.jpg,117,DHA,,Female,16,,199,2.0
female/117/1_DHA_16_2_199.jpg,117,DHA,,Female,16,,199,2.0
female/117/1_DHA_16_2_199.jpg,117,DHA,,Female,16,,199,2.0
female/117/1_DHA_16_2_199.jpg,117,DHA,,Female,16,,199,2.0
female/117/1_DHA_16_2_199.jpg,117,DHA,,Female,16,,199,2.0
female/117/1_DHA_16_2_199.jpg,117,DHA,,Female,16,,199,2.0
female/117/1_DHA_16_2_199.jpg,117,DHA,,Female,16,,199,2.0
female/117/1_DHA_16_2_199.jpg,117,DHA,,Female,16,,199,2.0
female/117/1_DHA_16_2_199.jpg,117,DHA,,Female,16,,199,2.0
female/117/1_DHA_16_2_199.jpg,117,DHA,,Female,16,,199,2.0
female/117/1_DHA_16_2_199.jpg,117,DHA,,Female,16,,199,2.0
female/117/1_DHA_16_2_199.jpg,117,DHA,,Female,16,,199,2.0
female/117/1_DHA_16_2_199.jpg,117,DHA,,Female,16,,199,2.0
female/117/1_DHA_16_2_199.jpg,117,DHA,,Female,16,,199,2.0
female/117/1_DHA_16_2_199.jpg,117,DHA,,Female,16,,199,2.0
female/117/1_DHA_16_2_199.jpg,117,DHA,,Female,16,,199,2.0
female/117/1_DHA_16_2_199.jpg,117,DHA,,Female,16,,199,2.0
female/117/1_DHA_16_2_199.jpg,117,DHA,,Female,16,,199,2.0
female/117/1_DHA_16_2_199.jpg,117,DHA,,Female,16,,199,2.0
female/117/1_DHA_16_2_199.jpg,117,DHA,,Female,16,,199,2.0
female/117/1_DHA_16_2_199.jpg,117,DHA,,Female,16,,199,2.0
female/117/1_DHA_16_2_199.jpg,117,DHA,,Female,16,,199,2.0
female/117/1_DHA_16_2_199.jpg,117,DHA,,Female,16,,199,2.0
female/117/1_DHA_16_2_199.jpg,117,DHA,,Female,16,,199,2.0
female/117/1_DHA_16_2_199.jpg,117,DHA,,Female,16,,199,2.0
female/117/1_DHA_16_2_199.jpg,117,DHA,,Female,16,,199,2.0
female/117/1_DHA_16_2_199.jpg,117,DHA,,Female,16,,199,2.0
female/117/1_DHA_16_2_199.jpg,117,DHA,,Female,16,,199,2.0
female/117/1_DHA_16_2_199.jpg,117,DHA,,Female,16,,199,2.0
female/117/1_DHA_16_2_199.jpg,117,DHA,,Female,16,,199,2.0
female/117/1_DHA_16_2_199.jpg,117,DHA,,Female,16,,199,2.0
female/117/1_DHA_16_2_199.jpg,117,DHA,,Female,16,,199,2.0
female/117/1_DHA_16_2_199.jpg,117,DHA,,Female,16,,199,2.0
female/117/1_DHA_16_2_199.jpg,117,DHA,,Female,16,,199,2.0
female/117/1_DHA_16_2_199.jpg,117,DHA,,Female,16,,199,2.0
female/117/1_DHA_16_2_199.jpg,117,DHA,,Female,16,,199,2.0
female/117/1_DHA_16_2_199.jpg,117,DHA,,Female,16,,199,2.0
female/117/1_DHA_16_2_199.jpg,117,DHA,,Female,16,,199,2.0
female/117/1_DHA_16_2_199.jpg,117,DHA,,Female,16,,199,2.0
female/117/1_DHA_16_2_199.jpg,117,DHA,,Female,16,,199,2.0
female/117/1_DHA_16_2_199.jpg,117,DHA,,Female,16,,199,2.0
female/117/1_DHA_16_2_199.jpg,117,DHA,,Female,16,,199,2.0
female/117/1_DHA_16_2_199.jpg,117,DHA,,Female,16,,199,2.0
female/117/1_DHA_16_2_199.jpg,117,DHA,,Female,16,,199,2.0
female/117/1_DHA_16_2_199.jpg,117,DHA,,Female,16,,199,2.0
female/117/1_DHA_16_2_199.jpg,117,DHA,,Female,16,,199,2.0
female/117/1_DHA_16_2_199.jpg,117,DHA,,Female,16,,199,2.0
female/117/1_DHA_16_2_199.jpg,117,DHA,,Female,16,,199,2.0
female/117/1_DHA_16_2_199.jpg,117,DHA,,Female,16,,199,2.0
female/117/1_DHA_16_2_199.jpg,117,DHA,,Female,16,,199,2.0
female/117/1_DHA_16_2_199.jpg,117,DHA,,Female,16,,199,2.0
female/117/1_DHA_16_2_199.jpg,117,DHA,,Female,16,,199,2.0
female/117/1_DHA_16_2_199.jpg,117,DHA,,Female,16,,199,2.0
female/117/1_DHA_16_2_199.jpg,117,DHA,,Female,16,,199,2.0
female/117/1_DHA_16_2_199.jpg,117,DHA,,Female,16,,199,2.0
female/117/1_DHA_16_2_199.jpg,117,DHA,,Female,16,,199,2.0
female/117/1_DHA_16_2_199.jpg,117,DHA,,Female,16,,199,2.0
female/117/1_DHA_16_2_199.jpg,117,DHA,,Female,16,,199,2.0
female/117/1_DHA_16_2_199.jpg,117,DHA,,Female,16,,199,2.0
female/117/1_DHA_16_2_199.jpg,117,DHA,,Female,16,,199,2.0
female/117/1_DHA_16_2_199.jpg,117,DHA,,Female,16,,199,2.0
female/117/1_DHA_16_2_199.jpg,117,DHA,,Female,16,,199,2.0
female/117/1_DHA_16_2_199.jpg,117,DHA,,Female,16,,199,2.0
female/117/1_DHA_16_2_199.jpg,117,DHA,,Female,16,,199,2.0
female/117/1_DHA_16_2_199.jpg,117,DHA,,Female,16,,199,2.0
female/117/1_DHA_16_2_199.jpg,117,DHA,,Female,16,,199,2.0
female/117/1_DHA_16_2_199.jpg,117,DHA,,Female,16,,199,2.0
female/117/1_DHA_16_2_199.jpg,117,DHA,,Female,16,,199,2.0
female/117/1_DHA_16_2_199.jpg,117,DHA,,Female,16,,199,2.0
female/117/1_DHA_16_2_199.jpg,117,DHA,,Female,16,,199,2.0
female/117/1_DHA_16_2_199.jpg,117,DHA,,Female,16,,199,2.0
